institution_cat,industry_cat,grad_cohort,region_cat,horizon,emp_instate_,emp_n_,state
UH Hilo,Admin/Waste,2004,East North Central,1,0,0,HI
UH Hilo,Admin/Waste,2004,East North Central,5,0,2,HI
UH Hilo,Admin/Waste,2004,East North Central,10,0,3,HI
UH Hilo,Admin/Waste,2004,East South Central,1,0,0,HI
UH Hilo,Admin/Waste,2004,East South Central,5,0,0,HI
UH Hilo,Admin/Waste,2004,East South Central,10,0,0,HI
UH Hilo,Admin/Waste,2004,Middle Atlantic,1,0,3,HI
UH Hilo,Admin/Waste,2004,Middle Atlantic,5,0,2,HI
UH Hilo,Admin/Waste,2004,Middle Atlantic,10,0,3,HI
UH Hilo,Admin/Waste,2004,Mountain,1,0,2,HI
UH Hilo,Admin/Waste,2004,Mountain,5,0,3,HI
UH Hilo,Admin/Waste,2004,Mountain,10,0,1,HI
UH Hilo,Admin/Waste,2004,New England,1,0,3,HI
UH Hilo,Admin/Waste,2004,New England,5,0,0,HI
UH Hilo,Admin/Waste,2004,New England,10,0,0,HI
UH Hilo,Admin/Waste,2004,Pacific,1,6,11,HI
UH Hilo,Admin/Waste,2004,Pacific,5,7,8,HI
UH Hilo,Admin/Waste,2004,Pacific,10,9,17,HI
UH Hilo,Admin/Waste,2004,South Atlantic,1,0,4,HI
UH Hilo,Admin/Waste,2004,South Atlantic,5,0,4,HI
UH Hilo,Admin/Waste,2004,South Atlantic,10,0,4,HI
UH Hilo,Admin/Waste,2004,West North Central,1,0,0,HI
UH Hilo,Admin/Waste,2004,West North Central,5,0,0,HI
UH Hilo,Admin/Waste,2004,West North Central,10,0,0,HI
UH Hilo,Admin/Waste,2004,West South Central,1,0,3,HI
UH Hilo,Admin/Waste,2004,West South Central,5,0,2,HI
UH Hilo,Admin/Waste,2004,West South Central,10,0,5,HI
UH Hilo,Admin/Waste,2007,East North Central,1,0,0,HI
UH Hilo,Admin/Waste,2007,East North Central,5,0,3,HI
UH Hilo,Admin/Waste,2007,East North Central,10,0,3,HI
UH Hilo,Admin/Waste,2007,East South Central,1,0,0,HI
UH Hilo,Admin/Waste,2007,East South Central,5,0,1,HI
UH Hilo,Admin/Waste,2007,East South Central,10,0,0,HI
UH Hilo,Admin/Waste,2007,Middle Atlantic,1,0,0,HI
UH Hilo,Admin/Waste,2007,Middle Atlantic,5,0,2,HI
UH Hilo,Admin/Waste,2007,Middle Atlantic,10,0,2,HI
UH Hilo,Admin/Waste,2007,Mountain,1,0,0,HI
UH Hilo,Admin/Waste,2007,Mountain,5,0,2,HI
UH Hilo,Admin/Waste,2007,Mountain,10,0,1,HI
UH Hilo,Admin/Waste,2007,New England,1,0,0,HI
UH Hilo,Admin/Waste,2007,New England,5,0,1,HI
UH Hilo,Admin/Waste,2007,New England,10,0,0,HI
UH Hilo,Admin/Waste,2007,Pacific,1,10,19,HI
UH Hilo,Admin/Waste,2007,Pacific,5,23,35,HI
UH Hilo,Admin/Waste,2007,Pacific,10,8,16,HI
UH Hilo,Admin/Waste,2007,South Atlantic,1,0,6,HI
UH Hilo,Admin/Waste,2007,South Atlantic,5,0,5,HI
UH Hilo,Admin/Waste,2007,South Atlantic,10,0,5,HI
UH Hilo,Admin/Waste,2007,West North Central,1,0,1,HI
UH Hilo,Admin/Waste,2007,West North Central,5,0,0,HI
UH Hilo,Admin/Waste,2007,West North Central,10,0,0,HI
UH Hilo,Admin/Waste,2007,West South Central,1,0,2,HI
UH Hilo,Admin/Waste,2007,West South Central,5,0,6,HI
UH Hilo,Admin/Waste,2007,West South Central,10,0,2,HI
UH Hilo,Admin/Waste,2010,East North Central,1,0,0,HI
UH Hilo,Admin/Waste,2010,East North Central,5,0,4,HI
UH Hilo,Admin/Waste,2010,East North Central,10,0,0,HI
UH Hilo,Admin/Waste,2010,East South Central,1,0,0,HI
UH Hilo,Admin/Waste,2010,East South Central,5,0,0,HI
UH Hilo,Admin/Waste,2010,East South Central,10,0,0,HI
UH Hilo,Admin/Waste,2010,Middle Atlantic,1,0,0,HI
UH Hilo,Admin/Waste,2010,Middle Atlantic,5,0,0,HI
UH Hilo,Admin/Waste,2010,Middle Atlantic,10,0,5,HI
UH Hilo,Admin/Waste,2010,Mountain,1,0,0,HI
UH Hilo,Admin/Waste,2010,Mountain,5,0,2,HI
UH Hilo,Admin/Waste,2010,Mountain,10,0,2,HI
UH Hilo,Admin/Waste,2010,New England,1,0,0,HI
UH Hilo,Admin/Waste,2010,New England,5,0,0,HI
UH Hilo,Admin/Waste,2010,New England,10,0,0,HI
UH Hilo,Admin/Waste,2010,Pacific,1,29,40,HI
UH Hilo,Admin/Waste,2010,Pacific,5,14,21,HI
UH Hilo,Admin/Waste,2010,Pacific,10,15,21,HI
UH Hilo,Admin/Waste,2010,South Atlantic,1,0,3,HI
UH Hilo,Admin/Waste,2010,South Atlantic,5,0,2,HI
UH Hilo,Admin/Waste,2010,South Atlantic,10,0,5,HI
UH Hilo,Admin/Waste,2010,West North Central,1,0,0,HI
UH Hilo,Admin/Waste,2010,West North Central,5,0,0,HI
UH Hilo,Admin/Waste,2010,West North Central,10,0,1,HI
UH Hilo,Admin/Waste,2010,West South Central,1,0,4,HI
UH Hilo,Admin/Waste,2010,West South Central,5,0,0,HI
UH Hilo,Admin/Waste,2010,West South Central,10,0,3,HI
UH Hilo,Admin/Waste,2013,East North Central,1,0,0,HI
UH Hilo,Admin/Waste,2013,East North Central,5,0,2,HI
UH Hilo,Admin/Waste,2013,East North Central,10,,,HI
UH Hilo,Admin/Waste,2013,East South Central,1,0,1,HI
UH Hilo,Admin/Waste,2013,East South Central,5,0,2,HI
UH Hilo,Admin/Waste,2013,East South Central,10,,,HI
UH Hilo,Admin/Waste,2013,Middle Atlantic,1,0,2,HI
UH Hilo,Admin/Waste,2013,Middle Atlantic,5,0,1,HI
UH Hilo,Admin/Waste,2013,Middle Atlantic,10,,,HI
UH Hilo,Admin/Waste,2013,Mountain,1,0,5,HI
UH Hilo,Admin/Waste,2013,Mountain,5,0,6,HI
UH Hilo,Admin/Waste,2013,Mountain,10,,,HI
UH Hilo,Admin/Waste,2013,New England,1,0,0,HI
UH Hilo,Admin/Waste,2013,New England,5,0,1,HI
UH Hilo,Admin/Waste,2013,New England,10,,,HI
UH Hilo,Admin/Waste,2013,Pacific,1,31,44,HI
UH Hilo,Admin/Waste,2013,Pacific,5,27,47,HI
UH Hilo,Admin/Waste,2013,Pacific,10,,,HI
UH Hilo,Admin/Waste,2013,South Atlantic,1,0,6,HI
UH Hilo,Admin/Waste,2013,South Atlantic,5,0,6,HI
UH Hilo,Admin/Waste,2013,South Atlantic,10,,,HI
UH Hilo,Admin/Waste,2013,West North Central,1,0,0,HI
UH Hilo,Admin/Waste,2013,West North Central,5,0,2,HI
UH Hilo,Admin/Waste,2013,West North Central,10,,,HI
UH Hilo,Admin/Waste,2013,West South Central,1,0,4,HI
UH Hilo,Admin/Waste,2013,West South Central,5,0,4,HI
UH Hilo,Admin/Waste,2013,West South Central,10,,,HI
UH Hilo,Admin/Waste,2016,East North Central,1,0,3,HI
UH Hilo,Admin/Waste,2016,East North Central,5,0,2,HI
UH Hilo,Admin/Waste,2016,East North Central,10,,,HI
UH Hilo,Admin/Waste,2016,East South Central,1,0,0,HI
UH Hilo,Admin/Waste,2016,East South Central,5,0,0,HI
UH Hilo,Admin/Waste,2016,East South Central,10,,,HI
UH Hilo,Admin/Waste,2016,Middle Atlantic,1,0,1,HI
UH Hilo,Admin/Waste,2016,Middle Atlantic,5,0,3,HI
UH Hilo,Admin/Waste,2016,Middle Atlantic,10,,,HI
UH Hilo,Admin/Waste,2016,Mountain,1,0,5,HI
UH Hilo,Admin/Waste,2016,Mountain,5,0,3,HI
UH Hilo,Admin/Waste,2016,Mountain,10,,,HI
UH Hilo,Admin/Waste,2016,New England,1,0,0,HI
UH Hilo,Admin/Waste,2016,New England,5,0,0,HI
UH Hilo,Admin/Waste,2016,New England,10,,,HI
UH Hilo,Admin/Waste,2016,Pacific,1,23,37,HI
UH Hilo,Admin/Waste,2016,Pacific,5,15,31,HI
UH Hilo,Admin/Waste,2016,Pacific,10,,,HI
UH Hilo,Admin/Waste,2016,South Atlantic,1,0,4,HI
UH Hilo,Admin/Waste,2016,South Atlantic,5,0,4,HI
UH Hilo,Admin/Waste,2016,South Atlantic,10,,,HI
UH Hilo,Admin/Waste,2016,West North Central,1,0,1,HI
UH Hilo,Admin/Waste,2016,West North Central,5,0,0,HI
UH Hilo,Admin/Waste,2016,West North Central,10,,,HI
UH Hilo,Admin/Waste,2016,West South Central,1,0,2,HI
UH Hilo,Admin/Waste,2016,West South Central,5,0,0,HI
UH Hilo,Admin/Waste,2016,West South Central,10,,,HI
UH Hilo,Admin/Waste,2019,East North Central,1,0,0,HI
UH Hilo,Admin/Waste,2019,East North Central,5,,,HI
UH Hilo,Admin/Waste,2019,East North Central,10,,,HI
UH Hilo,Admin/Waste,2019,East South Central,1,0,0,HI
UH Hilo,Admin/Waste,2019,East South Central,5,,,HI
UH Hilo,Admin/Waste,2019,East South Central,10,,,HI
UH Hilo,Admin/Waste,2019,Middle Atlantic,1,0,1,HI
UH Hilo,Admin/Waste,2019,Middle Atlantic,5,,,HI
UH Hilo,Admin/Waste,2019,Middle Atlantic,10,,,HI
UH Hilo,Admin/Waste,2019,Mountain,1,0,3,HI
UH Hilo,Admin/Waste,2019,Mountain,5,,,HI
UH Hilo,Admin/Waste,2019,Mountain,10,,,HI
UH Hilo,Admin/Waste,2019,New England,1,0,0,HI
UH Hilo,Admin/Waste,2019,New England,5,,,HI
UH Hilo,Admin/Waste,2019,New England,10,,,HI
UH Hilo,Admin/Waste,2019,Pacific,1,19,29,HI
UH Hilo,Admin/Waste,2019,Pacific,5,,,HI
UH Hilo,Admin/Waste,2019,Pacific,10,,,HI
UH Hilo,Admin/Waste,2019,South Atlantic,1,0,0,HI
UH Hilo,Admin/Waste,2019,South Atlantic,5,,,HI
UH Hilo,Admin/Waste,2019,South Atlantic,10,,,HI
UH Hilo,Admin/Waste,2019,West North Central,1,0,0,HI
UH Hilo,Admin/Waste,2019,West North Central,5,,,HI
UH Hilo,Admin/Waste,2019,West North Central,10,,,HI
UH Hilo,Admin/Waste,2019,West South Central,1,0,4,HI
UH Hilo,Admin/Waste,2019,West South Central,5,,,HI
UH Hilo,Admin/Waste,2019,West South Central,10,,,HI
UH Hilo,Agriculture,2004,East North Central,1,0,0,HI
UH Hilo,Agriculture,2004,East North Central,5,0,0,HI
UH Hilo,Agriculture,2004,East North Central,10,0,0,HI
UH Hilo,Agriculture,2004,East South Central,1,0,0,HI
UH Hilo,Agriculture,2004,East South Central,5,0,0,HI
UH Hilo,Agriculture,2004,East South Central,10,0,0,HI
UH Hilo,Agriculture,2004,Middle Atlantic,1,0,0,HI
UH Hilo,Agriculture,2004,Middle Atlantic,5,0,0,HI
UH Hilo,Agriculture,2004,Middle Atlantic,10,0,0,HI
UH Hilo,Agriculture,2004,Mountain,1,0,0,HI
UH Hilo,Agriculture,2004,Mountain,5,0,1,HI
UH Hilo,Agriculture,2004,Mountain,10,0,0,HI
UH Hilo,Agriculture,2004,New England,1,0,0,HI
UH Hilo,Agriculture,2004,New England,5,0,0,HI
UH Hilo,Agriculture,2004,New England,10,0,0,HI
UH Hilo,Agriculture,2004,Pacific,1,3,5,HI
UH Hilo,Agriculture,2004,Pacific,5,3,6,HI
UH Hilo,Agriculture,2004,Pacific,10,3,7,HI
UH Hilo,Agriculture,2004,South Atlantic,1,0,0,HI
UH Hilo,Agriculture,2004,South Atlantic,5,0,0,HI
UH Hilo,Agriculture,2004,South Atlantic,10,0,0,HI
UH Hilo,Agriculture,2004,West North Central,1,0,0,HI
UH Hilo,Agriculture,2004,West North Central,5,0,0,HI
UH Hilo,Agriculture,2004,West North Central,10,0,0,HI
UH Hilo,Agriculture,2004,West South Central,1,0,0,HI
UH Hilo,Agriculture,2004,West South Central,5,0,0,HI
UH Hilo,Agriculture,2004,West South Central,10,0,0,HI
UH Hilo,Agriculture,2007,East North Central,1,0,0,HI
UH Hilo,Agriculture,2007,East North Central,5,0,0,HI
UH Hilo,Agriculture,2007,East North Central,10,0,0,HI
UH Hilo,Agriculture,2007,East South Central,1,0,0,HI
UH Hilo,Agriculture,2007,East South Central,5,0,0,HI
UH Hilo,Agriculture,2007,East South Central,10,0,0,HI
UH Hilo,Agriculture,2007,Middle Atlantic,1,0,0,HI
UH Hilo,Agriculture,2007,Middle Atlantic,5,0,0,HI
UH Hilo,Agriculture,2007,Middle Atlantic,10,0,0,HI
UH Hilo,Agriculture,2007,Mountain,1,0,0,HI
UH Hilo,Agriculture,2007,Mountain,5,0,0,HI
UH Hilo,Agriculture,2007,Mountain,10,0,0,HI
UH Hilo,Agriculture,2007,New England,1,0,0,HI
UH Hilo,Agriculture,2007,New England,5,0,0,HI
UH Hilo,Agriculture,2007,New England,10,0,0,HI
UH Hilo,Agriculture,2007,Pacific,1,6,15,HI
UH Hilo,Agriculture,2007,Pacific,5,9,10,HI
UH Hilo,Agriculture,2007,Pacific,10,3,6,HI
UH Hilo,Agriculture,2007,South Atlantic,1,0,0,HI
UH Hilo,Agriculture,2007,South Atlantic,5,0,0,HI
UH Hilo,Agriculture,2007,South Atlantic,10,0,0,HI
UH Hilo,Agriculture,2007,West North Central,1,0,0,HI
UH Hilo,Agriculture,2007,West North Central,5,0,0,HI
UH Hilo,Agriculture,2007,West North Central,10,0,0,HI
UH Hilo,Agriculture,2007,West South Central,1,0,0,HI
UH Hilo,Agriculture,2007,West South Central,5,0,0,HI
UH Hilo,Agriculture,2007,West South Central,10,0,0,HI
UH Hilo,Agriculture,2010,East North Central,1,0,0,HI
UH Hilo,Agriculture,2010,East North Central,5,0,0,HI
UH Hilo,Agriculture,2010,East North Central,10,0,0,HI
UH Hilo,Agriculture,2010,East South Central,1,0,0,HI
UH Hilo,Agriculture,2010,East South Central,5,0,0,HI
UH Hilo,Agriculture,2010,East South Central,10,0,0,HI
UH Hilo,Agriculture,2010,Middle Atlantic,1,0,0,HI
UH Hilo,Agriculture,2010,Middle Atlantic,5,0,0,HI
UH Hilo,Agriculture,2010,Middle Atlantic,10,0,0,HI
UH Hilo,Agriculture,2010,Mountain,1,0,1,HI
UH Hilo,Agriculture,2010,Mountain,5,0,0,HI
UH Hilo,Agriculture,2010,Mountain,10,0,0,HI
UH Hilo,Agriculture,2010,New England,1,0,0,HI
UH Hilo,Agriculture,2010,New England,5,0,0,HI
UH Hilo,Agriculture,2010,New England,10,0,0,HI
UH Hilo,Agriculture,2010,Pacific,1,4,7,HI
UH Hilo,Agriculture,2010,Pacific,5,8,13,HI
UH Hilo,Agriculture,2010,Pacific,10,7,11,HI
UH Hilo,Agriculture,2010,South Atlantic,1,0,0,HI
UH Hilo,Agriculture,2010,South Atlantic,5,0,0,HI
UH Hilo,Agriculture,2010,South Atlantic,10,0,0,HI
UH Hilo,Agriculture,2010,West North Central,1,0,0,HI
UH Hilo,Agriculture,2010,West North Central,5,0,0,HI
UH Hilo,Agriculture,2010,West North Central,10,0,0,HI
UH Hilo,Agriculture,2010,West South Central,1,0,3,HI
UH Hilo,Agriculture,2010,West South Central,5,0,0,HI
UH Hilo,Agriculture,2010,West South Central,10,0,0,HI
UH Hilo,Agriculture,2013,East North Central,1,0,0,HI
UH Hilo,Agriculture,2013,East North Central,5,0,0,HI
UH Hilo,Agriculture,2013,East North Central,10,,,HI
UH Hilo,Agriculture,2013,East South Central,1,0,0,HI
UH Hilo,Agriculture,2013,East South Central,5,0,0,HI
UH Hilo,Agriculture,2013,East South Central,10,,,HI
UH Hilo,Agriculture,2013,Middle Atlantic,1,0,0,HI
UH Hilo,Agriculture,2013,Middle Atlantic,5,0,0,HI
UH Hilo,Agriculture,2013,Middle Atlantic,10,,,HI
UH Hilo,Agriculture,2013,Mountain,1,0,0,HI
UH Hilo,Agriculture,2013,Mountain,5,0,0,HI
UH Hilo,Agriculture,2013,Mountain,10,,,HI
UH Hilo,Agriculture,2013,New England,1,0,0,HI
UH Hilo,Agriculture,2013,New England,5,0,0,HI
UH Hilo,Agriculture,2013,New England,10,,,HI
UH Hilo,Agriculture,2013,Pacific,1,3,4,HI
UH Hilo,Agriculture,2013,Pacific,5,15,15,HI
UH Hilo,Agriculture,2013,Pacific,10,,,HI
UH Hilo,Agriculture,2013,South Atlantic,1,0,0,HI
UH Hilo,Agriculture,2013,South Atlantic,5,0,2,HI
UH Hilo,Agriculture,2013,South Atlantic,10,,,HI
UH Hilo,Agriculture,2013,West North Central,1,0,0,HI
UH Hilo,Agriculture,2013,West North Central,5,0,0,HI
UH Hilo,Agriculture,2013,West North Central,10,,,HI
UH Hilo,Agriculture,2013,West South Central,1,0,0,HI
UH Hilo,Agriculture,2013,West South Central,5,0,0,HI
UH Hilo,Agriculture,2013,West South Central,10,,,HI
UH Hilo,Agriculture,2016,East North Central,1,0,0,HI
UH Hilo,Agriculture,2016,East North Central,5,0,0,HI
UH Hilo,Agriculture,2016,East North Central,10,,,HI
UH Hilo,Agriculture,2016,East South Central,1,0,0,HI
UH Hilo,Agriculture,2016,East South Central,5,0,0,HI
UH Hilo,Agriculture,2016,East South Central,10,,,HI
UH Hilo,Agriculture,2016,Middle Atlantic,1,0,0,HI
UH Hilo,Agriculture,2016,Middle Atlantic,5,0,0,HI
UH Hilo,Agriculture,2016,Middle Atlantic,10,,,HI
UH Hilo,Agriculture,2016,Mountain,1,0,0,HI
UH Hilo,Agriculture,2016,Mountain,5,0,0,HI
UH Hilo,Agriculture,2016,Mountain,10,,,HI
UH Hilo,Agriculture,2016,New England,1,0,0,HI
UH Hilo,Agriculture,2016,New England,5,0,0,HI
UH Hilo,Agriculture,2016,New England,10,,,HI
UH Hilo,Agriculture,2016,Pacific,1,10,11,HI
UH Hilo,Agriculture,2016,Pacific,5,5,9,HI
UH Hilo,Agriculture,2016,Pacific,10,,,HI
UH Hilo,Agriculture,2016,South Atlantic,1,0,0,HI
UH Hilo,Agriculture,2016,South Atlantic,5,0,2,HI
UH Hilo,Agriculture,2016,South Atlantic,10,,,HI
UH Hilo,Agriculture,2016,West North Central,1,0,0,HI
UH Hilo,Agriculture,2016,West North Central,5,0,0,HI
UH Hilo,Agriculture,2016,West North Central,10,,,HI
UH Hilo,Agriculture,2016,West South Central,1,0,0,HI
UH Hilo,Agriculture,2016,West South Central,5,0,0,HI
UH Hilo,Agriculture,2016,West South Central,10,,,HI
UH Hilo,Agriculture,2019,East North Central,1,0,0,HI
UH Hilo,Agriculture,2019,East North Central,5,,,HI
UH Hilo,Agriculture,2019,East North Central,10,,,HI
UH Hilo,Agriculture,2019,East South Central,1,0,0,HI
UH Hilo,Agriculture,2019,East South Central,5,,,HI
UH Hilo,Agriculture,2019,East South Central,10,,,HI
UH Hilo,Agriculture,2019,Middle Atlantic,1,0,0,HI
UH Hilo,Agriculture,2019,Middle Atlantic,5,,,HI
UH Hilo,Agriculture,2019,Middle Atlantic,10,,,HI
UH Hilo,Agriculture,2019,Mountain,1,0,0,HI
UH Hilo,Agriculture,2019,Mountain,5,,,HI
UH Hilo,Agriculture,2019,Mountain,10,,,HI
UH Hilo,Agriculture,2019,New England,1,0,0,HI
UH Hilo,Agriculture,2019,New England,5,,,HI
UH Hilo,Agriculture,2019,New England,10,,,HI
UH Hilo,Agriculture,2019,Pacific,1,8,8,HI
UH Hilo,Agriculture,2019,Pacific,5,,,HI
UH Hilo,Agriculture,2019,Pacific,10,,,HI
UH Hilo,Agriculture,2019,South Atlantic,1,0,0,HI
UH Hilo,Agriculture,2019,South Atlantic,5,,,HI
UH Hilo,Agriculture,2019,South Atlantic,10,,,HI
UH Hilo,Agriculture,2019,West North Central,1,0,0,HI
UH Hilo,Agriculture,2019,West North Central,5,,,HI
UH Hilo,Agriculture,2019,West North Central,10,,,HI
UH Hilo,Agriculture,2019,West South Central,1,0,2,HI
UH Hilo,Agriculture,2019,West South Central,5,,,HI
UH Hilo,Agriculture,2019,West South Central,10,,,HI
UH Hilo,Arts/Entertainment,2004,East North Central,1,0,0,HI
UH Hilo,Arts/Entertainment,2004,East North Central,5,0,0,HI
UH Hilo,Arts/Entertainment,2004,East North Central,10,0,0,HI
UH Hilo,Arts/Entertainment,2004,East South Central,1,0,0,HI
UH Hilo,Arts/Entertainment,2004,East South Central,5,0,0,HI
UH Hilo,Arts/Entertainment,2004,East South Central,10,0,0,HI
UH Hilo,Arts/Entertainment,2004,Middle Atlantic,1,0,0,HI
UH Hilo,Arts/Entertainment,2004,Middle Atlantic,5,0,0,HI
UH Hilo,Arts/Entertainment,2004,Middle Atlantic,10,0,0,HI
UH Hilo,Arts/Entertainment,2004,Mountain,1,0,0,HI
UH Hilo,Arts/Entertainment,2004,Mountain,5,0,0,HI
UH Hilo,Arts/Entertainment,2004,Mountain,10,0,0,HI
UH Hilo,Arts/Entertainment,2004,New England,1,0,0,HI
UH Hilo,Arts/Entertainment,2004,New England,5,0,0,HI
UH Hilo,Arts/Entertainment,2004,New England,10,0,0,HI
UH Hilo,Arts/Entertainment,2004,Pacific,1,2,3,HI
UH Hilo,Arts/Entertainment,2004,Pacific,5,8,10,HI
UH Hilo,Arts/Entertainment,2004,Pacific,10,5,10,HI
UH Hilo,Arts/Entertainment,2004,South Atlantic,1,0,1,HI
UH Hilo,Arts/Entertainment,2004,South Atlantic,5,0,1,HI
UH Hilo,Arts/Entertainment,2004,South Atlantic,10,0,0,HI
UH Hilo,Arts/Entertainment,2004,West North Central,1,0,0,HI
UH Hilo,Arts/Entertainment,2004,West North Central,5,0,0,HI
UH Hilo,Arts/Entertainment,2004,West North Central,10,0,0,HI
UH Hilo,Arts/Entertainment,2004,West South Central,1,0,2,HI
UH Hilo,Arts/Entertainment,2004,West South Central,5,0,0,HI
UH Hilo,Arts/Entertainment,2004,West South Central,10,0,1,HI
UH Hilo,Arts/Entertainment,2007,East North Central,1,0,0,HI
UH Hilo,Arts/Entertainment,2007,East North Central,5,0,1,HI
UH Hilo,Arts/Entertainment,2007,East North Central,10,0,1,HI
UH Hilo,Arts/Entertainment,2007,East South Central,1,0,0,HI
UH Hilo,Arts/Entertainment,2007,East South Central,5,0,0,HI
UH Hilo,Arts/Entertainment,2007,East South Central,10,0,0,HI
UH Hilo,Arts/Entertainment,2007,Middle Atlantic,1,0,0,HI
UH Hilo,Arts/Entertainment,2007,Middle Atlantic,5,0,1,HI
UH Hilo,Arts/Entertainment,2007,Middle Atlantic,10,0,0,HI
UH Hilo,Arts/Entertainment,2007,Mountain,1,0,0,HI
UH Hilo,Arts/Entertainment,2007,Mountain,5,0,1,HI
UH Hilo,Arts/Entertainment,2007,Mountain,10,0,0,HI
UH Hilo,Arts/Entertainment,2007,New England,1,0,0,HI
UH Hilo,Arts/Entertainment,2007,New England,5,0,0,HI
UH Hilo,Arts/Entertainment,2007,New England,10,0,0,HI
UH Hilo,Arts/Entertainment,2007,Pacific,1,10,12,HI
UH Hilo,Arts/Entertainment,2007,Pacific,5,7,11,HI
UH Hilo,Arts/Entertainment,2007,Pacific,10,6,11,HI
UH Hilo,Arts/Entertainment,2007,South Atlantic,1,0,0,HI
UH Hilo,Arts/Entertainment,2007,South Atlantic,5,0,2,HI
UH Hilo,Arts/Entertainment,2007,South Atlantic,10,0,1,HI
UH Hilo,Arts/Entertainment,2007,West North Central,1,0,0,HI
UH Hilo,Arts/Entertainment,2007,West North Central,5,0,0,HI
UH Hilo,Arts/Entertainment,2007,West North Central,10,0,0,HI
UH Hilo,Arts/Entertainment,2007,West South Central,1,0,2,HI
UH Hilo,Arts/Entertainment,2007,West South Central,5,0,0,HI
UH Hilo,Arts/Entertainment,2007,West South Central,10,0,0,HI
UH Hilo,Arts/Entertainment,2010,East North Central,1,0,0,HI
UH Hilo,Arts/Entertainment,2010,East North Central,5,0,0,HI
UH Hilo,Arts/Entertainment,2010,East North Central,10,0,1,HI
UH Hilo,Arts/Entertainment,2010,East South Central,1,0,0,HI
UH Hilo,Arts/Entertainment,2010,East South Central,5,0,0,HI
UH Hilo,Arts/Entertainment,2010,East South Central,10,0,0,HI
UH Hilo,Arts/Entertainment,2010,Middle Atlantic,1,0,1,HI
UH Hilo,Arts/Entertainment,2010,Middle Atlantic,5,0,1,HI
UH Hilo,Arts/Entertainment,2010,Middle Atlantic,10,0,1,HI
UH Hilo,Arts/Entertainment,2010,Mountain,1,0,0,HI
UH Hilo,Arts/Entertainment,2010,Mountain,5,0,0,HI
UH Hilo,Arts/Entertainment,2010,Mountain,10,0,1,HI
UH Hilo,Arts/Entertainment,2010,New England,1,0,0,HI
UH Hilo,Arts/Entertainment,2010,New England,5,0,0,HI
UH Hilo,Arts/Entertainment,2010,New England,10,0,0,HI
UH Hilo,Arts/Entertainment,2010,Pacific,1,5,9,HI
UH Hilo,Arts/Entertainment,2010,Pacific,5,7,10,HI
UH Hilo,Arts/Entertainment,2010,Pacific,10,12,16,HI
UH Hilo,Arts/Entertainment,2010,South Atlantic,1,0,0,HI
UH Hilo,Arts/Entertainment,2010,South Atlantic,5,0,0,HI
UH Hilo,Arts/Entertainment,2010,South Atlantic,10,0,1,HI
UH Hilo,Arts/Entertainment,2010,West North Central,1,0,0,HI
UH Hilo,Arts/Entertainment,2010,West North Central,5,0,0,HI
UH Hilo,Arts/Entertainment,2010,West North Central,10,0,0,HI
UH Hilo,Arts/Entertainment,2010,West South Central,1,0,1,HI
UH Hilo,Arts/Entertainment,2010,West South Central,5,0,0,HI
UH Hilo,Arts/Entertainment,2010,West South Central,10,0,0,HI
UH Hilo,Arts/Entertainment,2013,East North Central,1,0,0,HI
UH Hilo,Arts/Entertainment,2013,East North Central,5,0,0,HI
UH Hilo,Arts/Entertainment,2013,East North Central,10,,,HI
UH Hilo,Arts/Entertainment,2013,East South Central,1,0,0,HI
UH Hilo,Arts/Entertainment,2013,East South Central,5,0,0,HI
UH Hilo,Arts/Entertainment,2013,East South Central,10,,,HI
UH Hilo,Arts/Entertainment,2013,Middle Atlantic,1,0,0,HI
UH Hilo,Arts/Entertainment,2013,Middle Atlantic,5,0,0,HI
UH Hilo,Arts/Entertainment,2013,Middle Atlantic,10,,,HI
UH Hilo,Arts/Entertainment,2013,Mountain,1,0,0,HI
UH Hilo,Arts/Entertainment,2013,Mountain,5,0,0,HI
UH Hilo,Arts/Entertainment,2013,Mountain,10,,,HI
UH Hilo,Arts/Entertainment,2013,New England,1,0,0,HI
UH Hilo,Arts/Entertainment,2013,New England,5,0,0,HI
UH Hilo,Arts/Entertainment,2013,New England,10,,,HI
UH Hilo,Arts/Entertainment,2013,Pacific,1,7,9,HI
UH Hilo,Arts/Entertainment,2013,Pacific,5,6,12,HI
UH Hilo,Arts/Entertainment,2013,Pacific,10,,,HI
UH Hilo,Arts/Entertainment,2013,South Atlantic,1,0,0,HI
UH Hilo,Arts/Entertainment,2013,South Atlantic,5,0,4,HI
UH Hilo,Arts/Entertainment,2013,South Atlantic,10,,,HI
UH Hilo,Arts/Entertainment,2013,West North Central,1,0,0,HI
UH Hilo,Arts/Entertainment,2013,West North Central,5,0,0,HI
UH Hilo,Arts/Entertainment,2013,West North Central,10,,,HI
UH Hilo,Arts/Entertainment,2013,West South Central,1,0,1,HI
UH Hilo,Arts/Entertainment,2013,West South Central,5,0,2,HI
UH Hilo,Arts/Entertainment,2013,West South Central,10,,,HI
UH Hilo,Arts/Entertainment,2016,East North Central,1,0,0,HI
UH Hilo,Arts/Entertainment,2016,East North Central,5,0,0,HI
UH Hilo,Arts/Entertainment,2016,East North Central,10,,,HI
UH Hilo,Arts/Entertainment,2016,East South Central,1,0,0,HI
UH Hilo,Arts/Entertainment,2016,East South Central,5,0,0,HI
UH Hilo,Arts/Entertainment,2016,East South Central,10,,,HI
UH Hilo,Arts/Entertainment,2016,Middle Atlantic,1,0,0,HI
UH Hilo,Arts/Entertainment,2016,Middle Atlantic,5,0,0,HI
UH Hilo,Arts/Entertainment,2016,Middle Atlantic,10,,,HI
UH Hilo,Arts/Entertainment,2016,Mountain,1,0,0,HI
UH Hilo,Arts/Entertainment,2016,Mountain,5,0,0,HI
UH Hilo,Arts/Entertainment,2016,Mountain,10,,,HI
UH Hilo,Arts/Entertainment,2016,New England,1,0,0,HI
UH Hilo,Arts/Entertainment,2016,New England,5,0,0,HI
UH Hilo,Arts/Entertainment,2016,New England,10,,,HI
UH Hilo,Arts/Entertainment,2016,Pacific,1,6,16,HI
UH Hilo,Arts/Entertainment,2016,Pacific,5,12,18,HI
UH Hilo,Arts/Entertainment,2016,Pacific,10,,,HI
UH Hilo,Arts/Entertainment,2016,South Atlantic,1,0,0,HI
UH Hilo,Arts/Entertainment,2016,South Atlantic,5,0,1,HI
UH Hilo,Arts/Entertainment,2016,South Atlantic,10,,,HI
UH Hilo,Arts/Entertainment,2016,West North Central,1,0,0,HI
UH Hilo,Arts/Entertainment,2016,West North Central,5,0,0,HI
UH Hilo,Arts/Entertainment,2016,West North Central,10,,,HI
UH Hilo,Arts/Entertainment,2016,West South Central,1,0,0,HI
UH Hilo,Arts/Entertainment,2016,West South Central,5,0,1,HI
UH Hilo,Arts/Entertainment,2016,West South Central,10,,,HI
UH Hilo,Arts/Entertainment,2019,East North Central,1,0,0,HI
UH Hilo,Arts/Entertainment,2019,East North Central,5,,,HI
UH Hilo,Arts/Entertainment,2019,East North Central,10,,,HI
UH Hilo,Arts/Entertainment,2019,East South Central,1,0,0,HI
UH Hilo,Arts/Entertainment,2019,East South Central,5,,,HI
UH Hilo,Arts/Entertainment,2019,East South Central,10,,,HI
UH Hilo,Arts/Entertainment,2019,Middle Atlantic,1,0,0,HI
UH Hilo,Arts/Entertainment,2019,Middle Atlantic,5,,,HI
UH Hilo,Arts/Entertainment,2019,Middle Atlantic,10,,,HI
UH Hilo,Arts/Entertainment,2019,Mountain,1,0,0,HI
UH Hilo,Arts/Entertainment,2019,Mountain,5,,,HI
UH Hilo,Arts/Entertainment,2019,Mountain,10,,,HI
UH Hilo,Arts/Entertainment,2019,New England,1,0,0,HI
UH Hilo,Arts/Entertainment,2019,New England,5,,,HI
UH Hilo,Arts/Entertainment,2019,New England,10,,,HI
UH Hilo,Arts/Entertainment,2019,Pacific,1,9,13,HI
UH Hilo,Arts/Entertainment,2019,Pacific,5,,,HI
UH Hilo,Arts/Entertainment,2019,Pacific,10,,,HI
UH Hilo,Arts/Entertainment,2019,South Atlantic,1,0,0,HI
UH Hilo,Arts/Entertainment,2019,South Atlantic,5,,,HI
UH Hilo,Arts/Entertainment,2019,South Atlantic,10,,,HI
UH Hilo,Arts/Entertainment,2019,West North Central,1,0,0,HI
UH Hilo,Arts/Entertainment,2019,West North Central,5,,,HI
UH Hilo,Arts/Entertainment,2019,West North Central,10,,,HI
UH Hilo,Arts/Entertainment,2019,West South Central,1,0,0,HI
UH Hilo,Arts/Entertainment,2019,West South Central,5,,,HI
UH Hilo,Arts/Entertainment,2019,West South Central,10,,,HI
UH Hilo,Construction,2004,East North Central,1,0,0,HI
UH Hilo,Construction,2004,East North Central,5,0,1,HI
UH Hilo,Construction,2004,East North Central,10,0,0,HI
UH Hilo,Construction,2004,East South Central,1,0,0,HI
UH Hilo,Construction,2004,East South Central,5,0,0,HI
UH Hilo,Construction,2004,East South Central,10,0,0,HI
UH Hilo,Construction,2004,Middle Atlantic,1,0,1,HI
UH Hilo,Construction,2004,Middle Atlantic,5,0,0,HI
UH Hilo,Construction,2004,Middle Atlantic,10,0,0,HI
UH Hilo,Construction,2004,Mountain,1,0,2,HI
UH Hilo,Construction,2004,Mountain,5,0,2,HI
UH Hilo,Construction,2004,Mountain,10,0,2,HI
UH Hilo,Construction,2004,New England,1,0,0,HI
UH Hilo,Construction,2004,New England,5,0,0,HI
UH Hilo,Construction,2004,New England,10,0,0,HI
UH Hilo,Construction,2004,Pacific,1,9,12,HI
UH Hilo,Construction,2004,Pacific,5,3,3,HI
UH Hilo,Construction,2004,Pacific,10,7,13,HI
UH Hilo,Construction,2004,South Atlantic,1,0,5,HI
UH Hilo,Construction,2004,South Atlantic,5,0,3,HI
UH Hilo,Construction,2004,South Atlantic,10,0,1,HI
UH Hilo,Construction,2004,West North Central,1,0,0,HI
UH Hilo,Construction,2004,West North Central,5,0,0,HI
UH Hilo,Construction,2004,West North Central,10,0,0,HI
UH Hilo,Construction,2004,West South Central,1,0,3,HI
UH Hilo,Construction,2004,West South Central,5,0,2,HI
UH Hilo,Construction,2004,West South Central,10,0,1,HI
UH Hilo,Construction,2007,East North Central,1,0,0,HI
UH Hilo,Construction,2007,East North Central,5,0,0,HI
UH Hilo,Construction,2007,East North Central,10,0,0,HI
UH Hilo,Construction,2007,East South Central,1,0,0,HI
UH Hilo,Construction,2007,East South Central,5,0,0,HI
UH Hilo,Construction,2007,East South Central,10,0,0,HI
UH Hilo,Construction,2007,Middle Atlantic,1,0,0,HI
UH Hilo,Construction,2007,Middle Atlantic,5,0,3,HI
UH Hilo,Construction,2007,Middle Atlantic,10,0,3,HI
UH Hilo,Construction,2007,Mountain,1,0,0,HI
UH Hilo,Construction,2007,Mountain,5,0,0,HI
UH Hilo,Construction,2007,Mountain,10,0,0,HI
UH Hilo,Construction,2007,New England,1,0,0,HI
UH Hilo,Construction,2007,New England,5,0,0,HI
UH Hilo,Construction,2007,New England,10,0,0,HI
UH Hilo,Construction,2007,Pacific,1,6,7,HI
UH Hilo,Construction,2007,Pacific,5,9,16,HI
UH Hilo,Construction,2007,Pacific,10,4,8,HI
UH Hilo,Construction,2007,South Atlantic,1,0,1,HI
UH Hilo,Construction,2007,South Atlantic,5,0,0,HI
UH Hilo,Construction,2007,South Atlantic,10,0,1,HI
UH Hilo,Construction,2007,West North Central,1,0,0,HI
UH Hilo,Construction,2007,West North Central,5,0,0,HI
UH Hilo,Construction,2007,West North Central,10,0,0,HI
UH Hilo,Construction,2007,West South Central,1,0,0,HI
UH Hilo,Construction,2007,West South Central,5,0,0,HI
UH Hilo,Construction,2007,West South Central,10,0,1,HI
UH Hilo,Construction,2010,East North Central,1,0,0,HI
UH Hilo,Construction,2010,East North Central,5,0,0,HI
UH Hilo,Construction,2010,East North Central,10,0,1,HI
UH Hilo,Construction,2010,East South Central,1,0,0,HI
UH Hilo,Construction,2010,East South Central,5,0,0,HI
UH Hilo,Construction,2010,East South Central,10,0,0,HI
UH Hilo,Construction,2010,Middle Atlantic,1,0,0,HI
UH Hilo,Construction,2010,Middle Atlantic,5,0,1,HI
UH Hilo,Construction,2010,Middle Atlantic,10,0,0,HI
UH Hilo,Construction,2010,Mountain,1,0,2,HI
UH Hilo,Construction,2010,Mountain,5,0,1,HI
UH Hilo,Construction,2010,Mountain,10,0,1,HI
UH Hilo,Construction,2010,New England,1,0,2,HI
UH Hilo,Construction,2010,New England,5,0,0,HI
UH Hilo,Construction,2010,New England,10,0,0,HI
UH Hilo,Construction,2010,Pacific,1,4,11,HI
UH Hilo,Construction,2010,Pacific,5,9,11,HI
UH Hilo,Construction,2010,Pacific,10,7,11,HI
UH Hilo,Construction,2010,South Atlantic,1,0,2,HI
UH Hilo,Construction,2010,South Atlantic,5,0,3,HI
UH Hilo,Construction,2010,South Atlantic,10,0,3,HI
UH Hilo,Construction,2010,West North Central,1,0,0,HI
UH Hilo,Construction,2010,West North Central,5,0,0,HI
UH Hilo,Construction,2010,West North Central,10,0,0,HI
UH Hilo,Construction,2010,West South Central,1,0,2,HI
UH Hilo,Construction,2010,West South Central,5,0,1,HI
UH Hilo,Construction,2010,West South Central,10,0,3,HI
UH Hilo,Construction,2013,East North Central,1,0,0,HI
UH Hilo,Construction,2013,East North Central,5,0,0,HI
UH Hilo,Construction,2013,East North Central,10,,,HI
UH Hilo,Construction,2013,East South Central,1,0,0,HI
UH Hilo,Construction,2013,East South Central,5,0,0,HI
UH Hilo,Construction,2013,East South Central,10,,,HI
UH Hilo,Construction,2013,Middle Atlantic,1,0,0,HI
UH Hilo,Construction,2013,Middle Atlantic,5,0,0,HI
UH Hilo,Construction,2013,Middle Atlantic,10,,,HI
UH Hilo,Construction,2013,Mountain,1,0,0,HI
UH Hilo,Construction,2013,Mountain,5,0,3,HI
UH Hilo,Construction,2013,Mountain,10,,,HI
UH Hilo,Construction,2013,New England,1,0,3,HI
UH Hilo,Construction,2013,New England,5,0,0,HI
UH Hilo,Construction,2013,New England,10,,,HI
UH Hilo,Construction,2013,Pacific,1,5,9,HI
UH Hilo,Construction,2013,Pacific,5,11,12,HI
UH Hilo,Construction,2013,Pacific,10,,,HI
UH Hilo,Construction,2013,South Atlantic,1,0,1,HI
UH Hilo,Construction,2013,South Atlantic,5,0,1,HI
UH Hilo,Construction,2013,South Atlantic,10,,,HI
UH Hilo,Construction,2013,West North Central,1,0,0,HI
UH Hilo,Construction,2013,West North Central,5,0,0,HI
UH Hilo,Construction,2013,West North Central,10,,,HI
UH Hilo,Construction,2013,West South Central,1,0,0,HI
UH Hilo,Construction,2013,West South Central,5,0,3,HI
UH Hilo,Construction,2013,West South Central,10,,,HI
UH Hilo,Construction,2016,East North Central,1,0,0,HI
UH Hilo,Construction,2016,East North Central,5,0,1,HI
UH Hilo,Construction,2016,East North Central,10,,,HI
UH Hilo,Construction,2016,East South Central,1,0,0,HI
UH Hilo,Construction,2016,East South Central,5,0,0,HI
UH Hilo,Construction,2016,East South Central,10,,,HI
UH Hilo,Construction,2016,Middle Atlantic,1,0,0,HI
UH Hilo,Construction,2016,Middle Atlantic,5,0,2,HI
UH Hilo,Construction,2016,Middle Atlantic,10,,,HI
UH Hilo,Construction,2016,Mountain,1,0,3,HI
UH Hilo,Construction,2016,Mountain,5,0,3,HI
UH Hilo,Construction,2016,Mountain,10,,,HI
UH Hilo,Construction,2016,New England,1,0,0,HI
UH Hilo,Construction,2016,New England,5,0,0,HI
UH Hilo,Construction,2016,New England,10,,,HI
UH Hilo,Construction,2016,Pacific,1,5,9,HI
UH Hilo,Construction,2016,Pacific,5,11,18,HI
UH Hilo,Construction,2016,Pacific,10,,,HI
UH Hilo,Construction,2016,South Atlantic,1,0,0,HI
UH Hilo,Construction,2016,South Atlantic,5,0,3,HI
UH Hilo,Construction,2016,South Atlantic,10,,,HI
UH Hilo,Construction,2016,West North Central,1,0,0,HI
UH Hilo,Construction,2016,West North Central,5,0,0,HI
UH Hilo,Construction,2016,West North Central,10,,,HI
UH Hilo,Construction,2016,West South Central,1,0,0,HI
UH Hilo,Construction,2016,West South Central,5,0,0,HI
UH Hilo,Construction,2016,West South Central,10,,,HI
UH Hilo,Construction,2019,East North Central,1,0,1,HI
UH Hilo,Construction,2019,East North Central,5,,,HI
UH Hilo,Construction,2019,East North Central,10,,,HI
UH Hilo,Construction,2019,East South Central,1,0,0,HI
UH Hilo,Construction,2019,East South Central,5,,,HI
UH Hilo,Construction,2019,East South Central,10,,,HI
UH Hilo,Construction,2019,Middle Atlantic,1,0,0,HI
UH Hilo,Construction,2019,Middle Atlantic,5,,,HI
UH Hilo,Construction,2019,Middle Atlantic,10,,,HI
UH Hilo,Construction,2019,Mountain,1,0,1,HI
UH Hilo,Construction,2019,Mountain,5,,,HI
UH Hilo,Construction,2019,Mountain,10,,,HI
UH Hilo,Construction,2019,New England,1,0,0,HI
UH Hilo,Construction,2019,New England,5,,,HI
UH Hilo,Construction,2019,New England,10,,,HI
UH Hilo,Construction,2019,Pacific,1,7,10,HI
UH Hilo,Construction,2019,Pacific,5,,,HI
UH Hilo,Construction,2019,Pacific,10,,,HI
UH Hilo,Construction,2019,South Atlantic,1,0,1,HI
UH Hilo,Construction,2019,South Atlantic,5,,,HI
UH Hilo,Construction,2019,South Atlantic,10,,,HI
UH Hilo,Construction,2019,West North Central,1,0,0,HI
UH Hilo,Construction,2019,West North Central,5,,,HI
UH Hilo,Construction,2019,West North Central,10,,,HI
UH Hilo,Construction,2019,West South Central,1,0,1,HI
UH Hilo,Construction,2019,West South Central,5,,,HI
UH Hilo,Construction,2019,West South Central,10,,,HI
UH Hilo,Education,2004,East North Central,1,0,4,HI
UH Hilo,Education,2004,East North Central,5,0,6,HI
UH Hilo,Education,2004,East North Central,10,0,4,HI
UH Hilo,Education,2004,East South Central,1,0,0,HI
UH Hilo,Education,2004,East South Central,5,0,4,HI
UH Hilo,Education,2004,East South Central,10,0,5,HI
UH Hilo,Education,2004,Middle Atlantic,1,0,3,HI
UH Hilo,Education,2004,Middle Atlantic,5,0,6,HI
UH Hilo,Education,2004,Middle Atlantic,10,0,6,HI
UH Hilo,Education,2004,Mountain,1,0,11,HI
UH Hilo,Education,2004,Mountain,5,0,8,HI
UH Hilo,Education,2004,Mountain,10,0,9,HI
UH Hilo,Education,2004,New England,1,0,1,HI
UH Hilo,Education,2004,New England,5,0,1,HI
UH Hilo,Education,2004,New England,10,0,1,HI
UH Hilo,Education,2004,Pacific,1,104,119,HI
UH Hilo,Education,2004,Pacific,5,113,125,HI
UH Hilo,Education,2004,Pacific,10,119,141,HI
UH Hilo,Education,2004,South Atlantic,1,0,10,HI
UH Hilo,Education,2004,South Atlantic,5,0,5,HI
UH Hilo,Education,2004,South Atlantic,10,0,17,HI
UH Hilo,Education,2004,West North Central,1,0,1,HI
UH Hilo,Education,2004,West North Central,5,0,3,HI
UH Hilo,Education,2004,West North Central,10,0,0,HI
UH Hilo,Education,2004,West South Central,1,0,2,HI
UH Hilo,Education,2004,West South Central,5,0,11,HI
UH Hilo,Education,2004,West South Central,10,0,3,HI
UH Hilo,Education,2007,East North Central,1,0,9,HI
UH Hilo,Education,2007,East North Central,5,0,3,HI
UH Hilo,Education,2007,East North Central,10,0,10,HI
UH Hilo,Education,2007,East South Central,1,0,1,HI
UH Hilo,Education,2007,East South Central,5,0,2,HI
UH Hilo,Education,2007,East South Central,10,0,0,HI
UH Hilo,Education,2007,Middle Atlantic,1,0,6,HI
UH Hilo,Education,2007,Middle Atlantic,5,0,8,HI
UH Hilo,Education,2007,Middle Atlantic,10,0,6,HI
UH Hilo,Education,2007,Mountain,1,0,14,HI
UH Hilo,Education,2007,Mountain,5,0,13,HI
UH Hilo,Education,2007,Mountain,10,0,8,HI
UH Hilo,Education,2007,New England,1,0,1,HI
UH Hilo,Education,2007,New England,5,0,1,HI
UH Hilo,Education,2007,New England,10,0,3,HI
UH Hilo,Education,2007,Pacific,1,98,108,HI
UH Hilo,Education,2007,Pacific,5,132,164,HI
UH Hilo,Education,2007,Pacific,10,144,161,HI
UH Hilo,Education,2007,South Atlantic,1,0,6,HI
UH Hilo,Education,2007,South Atlantic,5,0,8,HI
UH Hilo,Education,2007,South Atlantic,10,0,20,HI
UH Hilo,Education,2007,West North Central,1,0,2,HI
UH Hilo,Education,2007,West North Central,5,0,2,HI
UH Hilo,Education,2007,West North Central,10,0,4,HI
UH Hilo,Education,2007,West South Central,1,0,3,HI
UH Hilo,Education,2007,West South Central,5,0,4,HI
UH Hilo,Education,2007,West South Central,10,0,4,HI
UH Hilo,Education,2010,East North Central,1,0,19,HI
UH Hilo,Education,2010,East North Central,5,0,3,HI
UH Hilo,Education,2010,East North Central,10,0,10,HI
UH Hilo,Education,2010,East South Central,1,0,1,HI
UH Hilo,Education,2010,East South Central,5,0,0,HI
UH Hilo,Education,2010,East South Central,10,0,4,HI
UH Hilo,Education,2010,Middle Atlantic,1,0,6,HI
UH Hilo,Education,2010,Middle Atlantic,5,0,7,HI
UH Hilo,Education,2010,Middle Atlantic,10,0,6,HI
UH Hilo,Education,2010,Mountain,1,0,12,HI
UH Hilo,Education,2010,Mountain,5,0,9,HI
UH Hilo,Education,2010,Mountain,10,0,9,HI
UH Hilo,Education,2010,New England,1,0,2,HI
UH Hilo,Education,2010,New England,5,0,1,HI
UH Hilo,Education,2010,New England,10,0,2,HI
UH Hilo,Education,2010,Pacific,1,113,133,HI
UH Hilo,Education,2010,Pacific,5,167,191,HI
UH Hilo,Education,2010,Pacific,10,164,196,HI
UH Hilo,Education,2010,South Atlantic,1,0,15,HI
UH Hilo,Education,2010,South Atlantic,5,0,12,HI
UH Hilo,Education,2010,South Atlantic,10,0,18,HI
UH Hilo,Education,2010,West North Central,1,0,7,HI
UH Hilo,Education,2010,West North Central,5,0,0,HI
UH Hilo,Education,2010,West North Central,10,0,7,HI
UH Hilo,Education,2010,West South Central,1,0,7,HI
UH Hilo,Education,2010,West South Central,5,0,4,HI
UH Hilo,Education,2010,West South Central,10,0,10,HI
UH Hilo,Education,2013,East North Central,1,0,5,HI
UH Hilo,Education,2013,East North Central,5,0,10,HI
UH Hilo,Education,2013,East North Central,10,,,HI
UH Hilo,Education,2013,East South Central,1,0,6,HI
UH Hilo,Education,2013,East South Central,5,0,2,HI
UH Hilo,Education,2013,East South Central,10,,,HI
UH Hilo,Education,2013,Middle Atlantic,1,0,8,HI
UH Hilo,Education,2013,Middle Atlantic,5,0,3,HI
UH Hilo,Education,2013,Middle Atlantic,10,,,HI
UH Hilo,Education,2013,Mountain,1,0,8,HI
UH Hilo,Education,2013,Mountain,5,0,27,HI
UH Hilo,Education,2013,Mountain,10,,,HI
UH Hilo,Education,2013,New England,1,0,6,HI
UH Hilo,Education,2013,New England,5,0,1,HI
UH Hilo,Education,2013,New England,10,,,HI
UH Hilo,Education,2013,Pacific,1,127,136,HI
UH Hilo,Education,2013,Pacific,5,196,220,HI
UH Hilo,Education,2013,Pacific,10,,,HI
UH Hilo,Education,2013,South Atlantic,1,0,12,HI
UH Hilo,Education,2013,South Atlantic,5,0,17,HI
UH Hilo,Education,2013,South Atlantic,10,,,HI
UH Hilo,Education,2013,West North Central,1,0,6,HI
UH Hilo,Education,2013,West North Central,5,0,12,HI
UH Hilo,Education,2013,West North Central,10,,,HI
UH Hilo,Education,2013,West South Central,1,0,6,HI
UH Hilo,Education,2013,West South Central,5,0,6,HI
UH Hilo,Education,2013,West South Central,10,,,HI
UH Hilo,Education,2016,East North Central,1,0,7,HI
UH Hilo,Education,2016,East North Central,5,0,4,HI
UH Hilo,Education,2016,East North Central,10,,,HI
UH Hilo,Education,2016,East South Central,1,0,1,HI
UH Hilo,Education,2016,East South Central,5,0,9,HI
UH Hilo,Education,2016,East South Central,10,,,HI
UH Hilo,Education,2016,Middle Atlantic,1,0,1,HI
UH Hilo,Education,2016,Middle Atlantic,5,0,14,HI
UH Hilo,Education,2016,Middle Atlantic,10,,,HI
UH Hilo,Education,2016,Mountain,1,0,8,HI
UH Hilo,Education,2016,Mountain,5,0,19,HI
UH Hilo,Education,2016,Mountain,10,,,HI
UH Hilo,Education,2016,New England,1,0,2,HI
UH Hilo,Education,2016,New England,5,0,4,HI
UH Hilo,Education,2016,New England,10,,,HI
UH Hilo,Education,2016,Pacific,1,151,175,HI
UH Hilo,Education,2016,Pacific,5,197,220,HI
UH Hilo,Education,2016,Pacific,10,,,HI
UH Hilo,Education,2016,South Atlantic,1,0,12,HI
UH Hilo,Education,2016,South Atlantic,5,0,8,HI
UH Hilo,Education,2016,South Atlantic,10,,,HI
UH Hilo,Education,2016,West North Central,1,0,2,HI
UH Hilo,Education,2016,West North Central,5,0,6,HI
UH Hilo,Education,2016,West North Central,10,,,HI
UH Hilo,Education,2016,West South Central,1,0,11,HI
UH Hilo,Education,2016,West South Central,5,0,10,HI
UH Hilo,Education,2016,West South Central,10,,,HI
UH Hilo,Education,2019,East North Central,1,0,3,HI
UH Hilo,Education,2019,East North Central,5,,,HI
UH Hilo,Education,2019,East North Central,10,,,HI
UH Hilo,Education,2019,East South Central,1,0,0,HI
UH Hilo,Education,2019,East South Central,5,,,HI
UH Hilo,Education,2019,East South Central,10,,,HI
UH Hilo,Education,2019,Middle Atlantic,1,0,7,HI
UH Hilo,Education,2019,Middle Atlantic,5,,,HI
UH Hilo,Education,2019,Middle Atlantic,10,,,HI
UH Hilo,Education,2019,Mountain,1,0,4,HI
UH Hilo,Education,2019,Mountain,5,,,HI
UH Hilo,Education,2019,Mountain,10,,,HI
UH Hilo,Education,2019,New England,1,0,1,HI
UH Hilo,Education,2019,New England,5,,,HI
UH Hilo,Education,2019,New England,10,,,HI
UH Hilo,Education,2019,Pacific,1,134,152,HI
UH Hilo,Education,2019,Pacific,5,,,HI
UH Hilo,Education,2019,Pacific,10,,,HI
UH Hilo,Education,2019,South Atlantic,1,0,12,HI
UH Hilo,Education,2019,South Atlantic,5,,,HI
UH Hilo,Education,2019,South Atlantic,10,,,HI
UH Hilo,Education,2019,West North Central,1,0,1,HI
UH Hilo,Education,2019,West North Central,5,,,HI
UH Hilo,Education,2019,West North Central,10,,,HI
UH Hilo,Education,2019,West South Central,1,0,4,HI
UH Hilo,Education,2019,West South Central,5,,,HI
UH Hilo,Education,2019,West South Central,10,,,HI
UH Hilo,Finance,2004,East North Central,1,0,1,HI
UH Hilo,Finance,2004,East North Central,5,0,0,HI
UH Hilo,Finance,2004,East North Central,10,0,0,HI
UH Hilo,Finance,2004,East South Central,1,0,0,HI
UH Hilo,Finance,2004,East South Central,5,0,0,HI
UH Hilo,Finance,2004,East South Central,10,0,0,HI
UH Hilo,Finance,2004,Middle Atlantic,1,0,0,HI
UH Hilo,Finance,2004,Middle Atlantic,5,0,4,HI
UH Hilo,Finance,2004,Middle Atlantic,10,0,0,HI
UH Hilo,Finance,2004,Mountain,1,0,0,HI
UH Hilo,Finance,2004,Mountain,5,0,1,HI
UH Hilo,Finance,2004,Mountain,10,0,3,HI
UH Hilo,Finance,2004,New England,1,0,1,HI
UH Hilo,Finance,2004,New England,5,0,0,HI
UH Hilo,Finance,2004,New England,10,0,0,HI
UH Hilo,Finance,2004,Pacific,1,5,13,HI
UH Hilo,Finance,2004,Pacific,5,7,11,HI
UH Hilo,Finance,2004,Pacific,10,6,16,HI
UH Hilo,Finance,2004,South Atlantic,1,0,2,HI
UH Hilo,Finance,2004,South Atlantic,5,0,3,HI
UH Hilo,Finance,2004,South Atlantic,10,0,4,HI
UH Hilo,Finance,2004,West North Central,1,0,0,HI
UH Hilo,Finance,2004,West North Central,5,0,1,HI
UH Hilo,Finance,2004,West North Central,10,0,0,HI
UH Hilo,Finance,2004,West South Central,1,0,2,HI
UH Hilo,Finance,2004,West South Central,5,0,0,HI
UH Hilo,Finance,2004,West South Central,10,0,0,HI
UH Hilo,Finance,2007,East North Central,1,0,0,HI
UH Hilo,Finance,2007,East North Central,5,0,0,HI
UH Hilo,Finance,2007,East North Central,10,0,2,HI
UH Hilo,Finance,2007,East South Central,1,0,0,HI
UH Hilo,Finance,2007,East South Central,5,0,0,HI
UH Hilo,Finance,2007,East South Central,10,0,0,HI
UH Hilo,Finance,2007,Middle Atlantic,1,0,0,HI
UH Hilo,Finance,2007,Middle Atlantic,5,0,2,HI
UH Hilo,Finance,2007,Middle Atlantic,10,0,1,HI
UH Hilo,Finance,2007,Mountain,1,0,1,HI
UH Hilo,Finance,2007,Mountain,5,0,0,HI
UH Hilo,Finance,2007,Mountain,10,0,0,HI
UH Hilo,Finance,2007,New England,1,0,0,HI
UH Hilo,Finance,2007,New England,5,0,0,HI
UH Hilo,Finance,2007,New England,10,0,0,HI
UH Hilo,Finance,2007,Pacific,1,9,11,HI
UH Hilo,Finance,2007,Pacific,5,23,29,HI
UH Hilo,Finance,2007,Pacific,10,19,28,HI
UH Hilo,Finance,2007,South Atlantic,1,0,0,HI
UH Hilo,Finance,2007,South Atlantic,5,0,1,HI
UH Hilo,Finance,2007,South Atlantic,10,0,2,HI
UH Hilo,Finance,2007,West North Central,1,0,0,HI
UH Hilo,Finance,2007,West North Central,5,0,0,HI
UH Hilo,Finance,2007,West North Central,10,0,0,HI
UH Hilo,Finance,2007,West South Central,1,0,2,HI
UH Hilo,Finance,2007,West South Central,5,0,0,HI
UH Hilo,Finance,2007,West South Central,10,0,3,HI
UH Hilo,Finance,2010,East North Central,1,0,1,HI
UH Hilo,Finance,2010,East North Central,5,0,0,HI
UH Hilo,Finance,2010,East North Central,10,0,1,HI
UH Hilo,Finance,2010,East South Central,1,0,0,HI
UH Hilo,Finance,2010,East South Central,5,0,0,HI
UH Hilo,Finance,2010,East South Central,10,0,0,HI
UH Hilo,Finance,2010,Middle Atlantic,1,0,2,HI
UH Hilo,Finance,2010,Middle Atlantic,5,0,2,HI
UH Hilo,Finance,2010,Middle Atlantic,10,0,0,HI
UH Hilo,Finance,2010,Mountain,1,0,5,HI
UH Hilo,Finance,2010,Mountain,5,0,2,HI
UH Hilo,Finance,2010,Mountain,10,0,2,HI
UH Hilo,Finance,2010,New England,1,0,1,HI
UH Hilo,Finance,2010,New England,5,0,0,HI
UH Hilo,Finance,2010,New England,10,0,0,HI
UH Hilo,Finance,2010,Pacific,1,19,28,HI
UH Hilo,Finance,2010,Pacific,5,19,21,HI
UH Hilo,Finance,2010,Pacific,10,12,14,HI
UH Hilo,Finance,2010,South Atlantic,1,0,2,HI
UH Hilo,Finance,2010,South Atlantic,5,0,0,HI
UH Hilo,Finance,2010,South Atlantic,10,0,4,HI
UH Hilo,Finance,2010,West North Central,1,0,2,HI
UH Hilo,Finance,2010,West North Central,5,0,0,HI
UH Hilo,Finance,2010,West North Central,10,0,0,HI
UH Hilo,Finance,2010,West South Central,1,0,3,HI
UH Hilo,Finance,2010,West South Central,5,0,1,HI
UH Hilo,Finance,2010,West South Central,10,0,0,HI
UH Hilo,Finance,2013,East North Central,1,0,0,HI
UH Hilo,Finance,2013,East North Central,5,0,1,HI
UH Hilo,Finance,2013,East North Central,10,,,HI
UH Hilo,Finance,2013,East South Central,1,0,0,HI
UH Hilo,Finance,2013,East South Central,5,0,0,HI
UH Hilo,Finance,2013,East South Central,10,,,HI
UH Hilo,Finance,2013,Middle Atlantic,1,0,0,HI
UH Hilo,Finance,2013,Middle Atlantic,5,0,0,HI
UH Hilo,Finance,2013,Middle Atlantic,10,,,HI
UH Hilo,Finance,2013,Mountain,1,0,0,HI
UH Hilo,Finance,2013,Mountain,5,0,4,HI
UH Hilo,Finance,2013,Mountain,10,,,HI
UH Hilo,Finance,2013,New England,1,0,0,HI
UH Hilo,Finance,2013,New England,5,0,0,HI
UH Hilo,Finance,2013,New England,10,,,HI
UH Hilo,Finance,2013,Pacific,1,12,12,HI
UH Hilo,Finance,2013,Pacific,5,27,36,HI
UH Hilo,Finance,2013,Pacific,10,,,HI
UH Hilo,Finance,2013,South Atlantic,1,0,0,HI
UH Hilo,Finance,2013,South Atlantic,5,0,4,HI
UH Hilo,Finance,2013,South Atlantic,10,,,HI
UH Hilo,Finance,2013,West North Central,1,0,0,HI
UH Hilo,Finance,2013,West North Central,5,0,0,HI
UH Hilo,Finance,2013,West North Central,10,,,HI
UH Hilo,Finance,2013,West South Central,1,0,3,HI
UH Hilo,Finance,2013,West South Central,5,0,1,HI
UH Hilo,Finance,2013,West South Central,10,,,HI
UH Hilo,Finance,2016,East North Central,1,0,1,HI
UH Hilo,Finance,2016,East North Central,5,0,0,HI
UH Hilo,Finance,2016,East North Central,10,,,HI
UH Hilo,Finance,2016,East South Central,1,0,0,HI
UH Hilo,Finance,2016,East South Central,5,0,0,HI
UH Hilo,Finance,2016,East South Central,10,,,HI
UH Hilo,Finance,2016,Middle Atlantic,1,0,1,HI
UH Hilo,Finance,2016,Middle Atlantic,5,0,0,HI
UH Hilo,Finance,2016,Middle Atlantic,10,,,HI
UH Hilo,Finance,2016,Mountain,1,0,2,HI
UH Hilo,Finance,2016,Mountain,5,0,1,HI
UH Hilo,Finance,2016,Mountain,10,,,HI
UH Hilo,Finance,2016,New England,1,0,0,HI
UH Hilo,Finance,2016,New England,5,0,0,HI
UH Hilo,Finance,2016,New England,10,,,HI
UH Hilo,Finance,2016,Pacific,1,18,23,HI
UH Hilo,Finance,2016,Pacific,5,17,26,HI
UH Hilo,Finance,2016,Pacific,10,,,HI
UH Hilo,Finance,2016,South Atlantic,1,0,2,HI
UH Hilo,Finance,2016,South Atlantic,5,0,6,HI
UH Hilo,Finance,2016,South Atlantic,10,,,HI
UH Hilo,Finance,2016,West North Central,1,0,2,HI
UH Hilo,Finance,2016,West North Central,5,0,1,HI
UH Hilo,Finance,2016,West North Central,10,,,HI
UH Hilo,Finance,2016,West South Central,1,0,0,HI
UH Hilo,Finance,2016,West South Central,5,0,2,HI
UH Hilo,Finance,2016,West South Central,10,,,HI
UH Hilo,Finance,2019,East North Central,1,0,1,HI
UH Hilo,Finance,2019,East North Central,5,,,HI
UH Hilo,Finance,2019,East North Central,10,,,HI
UH Hilo,Finance,2019,East South Central,1,0,0,HI
UH Hilo,Finance,2019,East South Central,5,,,HI
UH Hilo,Finance,2019,East South Central,10,,,HI
UH Hilo,Finance,2019,Middle Atlantic,1,0,2,HI
UH Hilo,Finance,2019,Middle Atlantic,5,,,HI
UH Hilo,Finance,2019,Middle Atlantic,10,,,HI
UH Hilo,Finance,2019,Mountain,1,0,0,HI
UH Hilo,Finance,2019,Mountain,5,,,HI
UH Hilo,Finance,2019,Mountain,10,,,HI
UH Hilo,Finance,2019,New England,1,0,0,HI
UH Hilo,Finance,2019,New England,5,,,HI
UH Hilo,Finance,2019,New England,10,,,HI
UH Hilo,Finance,2019,Pacific,1,12,13,HI
UH Hilo,Finance,2019,Pacific,5,,,HI
UH Hilo,Finance,2019,Pacific,10,,,HI
UH Hilo,Finance,2019,South Atlantic,1,0,3,HI
UH Hilo,Finance,2019,South Atlantic,5,,,HI
UH Hilo,Finance,2019,South Atlantic,10,,,HI
UH Hilo,Finance,2019,West North Central,1,0,1,HI
UH Hilo,Finance,2019,West North Central,5,,,HI
UH Hilo,Finance,2019,West North Central,10,,,HI
UH Hilo,Finance,2019,West South Central,1,0,0,HI
UH Hilo,Finance,2019,West South Central,5,,,HI
UH Hilo,Finance,2019,West South Central,10,,,HI
UH Hilo,Food/Hospitality,2004,East North Central,1,0,3,HI
UH Hilo,Food/Hospitality,2004,East North Central,5,0,2,HI
UH Hilo,Food/Hospitality,2004,East North Central,10,0,2,HI
UH Hilo,Food/Hospitality,2004,East South Central,1,0,0,HI
UH Hilo,Food/Hospitality,2004,East South Central,5,0,1,HI
UH Hilo,Food/Hospitality,2004,East South Central,10,0,3,HI
UH Hilo,Food/Hospitality,2004,Middle Atlantic,1,0,1,HI
UH Hilo,Food/Hospitality,2004,Middle Atlantic,5,0,1,HI
UH Hilo,Food/Hospitality,2004,Middle Atlantic,10,0,2,HI
UH Hilo,Food/Hospitality,2004,Mountain,1,0,1,HI
UH Hilo,Food/Hospitality,2004,Mountain,5,0,1,HI
UH Hilo,Food/Hospitality,2004,Mountain,10,0,6,HI
UH Hilo,Food/Hospitality,2004,New England,1,0,0,HI
UH Hilo,Food/Hospitality,2004,New England,5,0,0,HI
UH Hilo,Food/Hospitality,2004,New England,10,0,1,HI
UH Hilo,Food/Hospitality,2004,Pacific,1,23,33,HI
UH Hilo,Food/Hospitality,2004,Pacific,5,13,21,HI
UH Hilo,Food/Hospitality,2004,Pacific,10,9,24,HI
UH Hilo,Food/Hospitality,2004,South Atlantic,1,0,0,HI
UH Hilo,Food/Hospitality,2004,South Atlantic,5,0,6,HI
UH Hilo,Food/Hospitality,2004,South Atlantic,10,0,6,HI
UH Hilo,Food/Hospitality,2004,West North Central,1,0,0,HI
UH Hilo,Food/Hospitality,2004,West North Central,5,0,0,HI
UH Hilo,Food/Hospitality,2004,West North Central,10,0,0,HI
UH Hilo,Food/Hospitality,2004,West South Central,1,0,0,HI
UH Hilo,Food/Hospitality,2004,West South Central,5,0,0,HI
UH Hilo,Food/Hospitality,2004,West South Central,10,0,2,HI
UH Hilo,Food/Hospitality,2007,East North Central,1,0,2,HI
UH Hilo,Food/Hospitality,2007,East North Central,5,0,1,HI
UH Hilo,Food/Hospitality,2007,East North Central,10,0,4,HI
UH Hilo,Food/Hospitality,2007,East South Central,1,0,0,HI
UH Hilo,Food/Hospitality,2007,East South Central,5,0,1,HI
UH Hilo,Food/Hospitality,2007,East South Central,10,0,0,HI
UH Hilo,Food/Hospitality,2007,Middle Atlantic,1,0,3,HI
UH Hilo,Food/Hospitality,2007,Middle Atlantic,5,0,6,HI
UH Hilo,Food/Hospitality,2007,Middle Atlantic,10,0,6,HI
UH Hilo,Food/Hospitality,2007,Mountain,1,0,3,HI
UH Hilo,Food/Hospitality,2007,Mountain,5,0,6,HI
UH Hilo,Food/Hospitality,2007,Mountain,10,0,7,HI
UH Hilo,Food/Hospitality,2007,New England,1,0,0,HI
UH Hilo,Food/Hospitality,2007,New England,5,0,1,HI
UH Hilo,Food/Hospitality,2007,New England,10,0,0,HI
UH Hilo,Food/Hospitality,2007,Pacific,1,28,43,HI
UH Hilo,Food/Hospitality,2007,Pacific,5,23,36,HI
UH Hilo,Food/Hospitality,2007,Pacific,10,21,32,HI
UH Hilo,Food/Hospitality,2007,South Atlantic,1,0,1,HI
UH Hilo,Food/Hospitality,2007,South Atlantic,5,0,7,HI
UH Hilo,Food/Hospitality,2007,South Atlantic,10,0,8,HI
UH Hilo,Food/Hospitality,2007,West North Central,1,0,0,HI
UH Hilo,Food/Hospitality,2007,West North Central,5,0,0,HI
UH Hilo,Food/Hospitality,2007,West North Central,10,0,0,HI
UH Hilo,Food/Hospitality,2007,West South Central,1,0,4,HI
UH Hilo,Food/Hospitality,2007,West South Central,5,0,2,HI
UH Hilo,Food/Hospitality,2007,West South Central,10,0,8,HI
UH Hilo,Food/Hospitality,2010,East North Central,1,0,2,HI
UH Hilo,Food/Hospitality,2010,East North Central,5,0,3,HI
UH Hilo,Food/Hospitality,2010,East North Central,10,0,3,HI
UH Hilo,Food/Hospitality,2010,East South Central,1,0,1,HI
UH Hilo,Food/Hospitality,2010,East South Central,5,0,0,HI
UH Hilo,Food/Hospitality,2010,East South Central,10,0,0,HI
UH Hilo,Food/Hospitality,2010,Middle Atlantic,1,0,2,HI
UH Hilo,Food/Hospitality,2010,Middle Atlantic,5,0,4,HI
UH Hilo,Food/Hospitality,2010,Middle Atlantic,10,0,4,HI
UH Hilo,Food/Hospitality,2010,Mountain,1,0,6,HI
UH Hilo,Food/Hospitality,2010,Mountain,5,0,3,HI
UH Hilo,Food/Hospitality,2010,Mountain,10,0,3,HI
UH Hilo,Food/Hospitality,2010,New England,1,0,2,HI
UH Hilo,Food/Hospitality,2010,New England,5,0,0,HI
UH Hilo,Food/Hospitality,2010,New England,10,0,0,HI
UH Hilo,Food/Hospitality,2010,Pacific,1,48,61,HI
UH Hilo,Food/Hospitality,2010,Pacific,5,49,55,HI
UH Hilo,Food/Hospitality,2010,Pacific,10,33,43,HI
UH Hilo,Food/Hospitality,2010,South Atlantic,1,0,5,HI
UH Hilo,Food/Hospitality,2010,South Atlantic,5,0,1,HI
UH Hilo,Food/Hospitality,2010,South Atlantic,10,0,5,HI
UH Hilo,Food/Hospitality,2010,West North Central,1,0,2,HI
UH Hilo,Food/Hospitality,2010,West North Central,5,0,0,HI
UH Hilo,Food/Hospitality,2010,West North Central,10,0,1,HI
UH Hilo,Food/Hospitality,2010,West South Central,1,0,2,HI
UH Hilo,Food/Hospitality,2010,West South Central,5,0,0,HI
UH Hilo,Food/Hospitality,2010,West South Central,10,0,0,HI
UH Hilo,Food/Hospitality,2013,East North Central,1,0,1,HI
UH Hilo,Food/Hospitality,2013,East North Central,5,0,4,HI
UH Hilo,Food/Hospitality,2013,East North Central,10,,,HI
UH Hilo,Food/Hospitality,2013,East South Central,1,0,0,HI
UH Hilo,Food/Hospitality,2013,East South Central,5,0,0,HI
UH Hilo,Food/Hospitality,2013,East South Central,10,,,HI
UH Hilo,Food/Hospitality,2013,Middle Atlantic,1,0,2,HI
UH Hilo,Food/Hospitality,2013,Middle Atlantic,5,0,7,HI
UH Hilo,Food/Hospitality,2013,Middle Atlantic,10,,,HI
UH Hilo,Food/Hospitality,2013,Mountain,1,0,3,HI
UH Hilo,Food/Hospitality,2013,Mountain,5,0,6,HI
UH Hilo,Food/Hospitality,2013,Mountain,10,,,HI
UH Hilo,Food/Hospitality,2013,New England,1,0,0,HI
UH Hilo,Food/Hospitality,2013,New England,5,0,1,HI
UH Hilo,Food/Hospitality,2013,New England,10,,,HI
UH Hilo,Food/Hospitality,2013,Pacific,1,50,65,HI
UH Hilo,Food/Hospitality,2013,Pacific,5,41,47,HI
UH Hilo,Food/Hospitality,2013,Pacific,10,,,HI
UH Hilo,Food/Hospitality,2013,South Atlantic,1,0,2,HI
UH Hilo,Food/Hospitality,2013,South Atlantic,5,0,10,HI
UH Hilo,Food/Hospitality,2013,South Atlantic,10,,,HI
UH Hilo,Food/Hospitality,2013,West North Central,1,0,1,HI
UH Hilo,Food/Hospitality,2013,West North Central,5,0,1,HI
UH Hilo,Food/Hospitality,2013,West North Central,10,,,HI
UH Hilo,Food/Hospitality,2013,West South Central,1,0,1,HI
UH Hilo,Food/Hospitality,2013,West South Central,5,0,5,HI
UH Hilo,Food/Hospitality,2013,West South Central,10,,,HI
UH Hilo,Food/Hospitality,2016,East North Central,1,0,3,HI
UH Hilo,Food/Hospitality,2016,East North Central,5,0,3,HI
UH Hilo,Food/Hospitality,2016,East North Central,10,,,HI
UH Hilo,Food/Hospitality,2016,East South Central,1,0,0,HI
UH Hilo,Food/Hospitality,2016,East South Central,5,0,0,HI
UH Hilo,Food/Hospitality,2016,East South Central,10,,,HI
UH Hilo,Food/Hospitality,2016,Middle Atlantic,1,0,1,HI
UH Hilo,Food/Hospitality,2016,Middle Atlantic,5,0,2,HI
UH Hilo,Food/Hospitality,2016,Middle Atlantic,10,,,HI
UH Hilo,Food/Hospitality,2016,Mountain,1,0,2,HI
UH Hilo,Food/Hospitality,2016,Mountain,5,0,6,HI
UH Hilo,Food/Hospitality,2016,Mountain,10,,,HI
UH Hilo,Food/Hospitality,2016,New England,1,0,1,HI
UH Hilo,Food/Hospitality,2016,New England,5,0,0,HI
UH Hilo,Food/Hospitality,2016,New England,10,,,HI
UH Hilo,Food/Hospitality,2016,Pacific,1,69,80,HI
UH Hilo,Food/Hospitality,2016,Pacific,5,37,54,HI
UH Hilo,Food/Hospitality,2016,Pacific,10,,,HI
UH Hilo,Food/Hospitality,2016,South Atlantic,1,0,5,HI
UH Hilo,Food/Hospitality,2016,South Atlantic,5,0,7,HI
UH Hilo,Food/Hospitality,2016,South Atlantic,10,,,HI
UH Hilo,Food/Hospitality,2016,West North Central,1,0,0,HI
UH Hilo,Food/Hospitality,2016,West North Central,5,0,0,HI
UH Hilo,Food/Hospitality,2016,West North Central,10,,,HI
UH Hilo,Food/Hospitality,2016,West South Central,1,0,2,HI
UH Hilo,Food/Hospitality,2016,West South Central,5,0,0,HI
UH Hilo,Food/Hospitality,2016,West South Central,10,,,HI
UH Hilo,Food/Hospitality,2019,East North Central,1,0,5,HI
UH Hilo,Food/Hospitality,2019,East North Central,5,,,HI
UH Hilo,Food/Hospitality,2019,East North Central,10,,,HI
UH Hilo,Food/Hospitality,2019,East South Central,1,0,1,HI
UH Hilo,Food/Hospitality,2019,East South Central,5,,,HI
UH Hilo,Food/Hospitality,2019,East South Central,10,,,HI
UH Hilo,Food/Hospitality,2019,Middle Atlantic,1,0,1,HI
UH Hilo,Food/Hospitality,2019,Middle Atlantic,5,,,HI
UH Hilo,Food/Hospitality,2019,Middle Atlantic,10,,,HI
UH Hilo,Food/Hospitality,2019,Mountain,1,0,5,HI
UH Hilo,Food/Hospitality,2019,Mountain,5,,,HI
UH Hilo,Food/Hospitality,2019,Mountain,10,,,HI
UH Hilo,Food/Hospitality,2019,New England,1,0,0,HI
UH Hilo,Food/Hospitality,2019,New England,5,,,HI
UH Hilo,Food/Hospitality,2019,New England,10,,,HI
UH Hilo,Food/Hospitality,2019,Pacific,1,52,66,HI
UH Hilo,Food/Hospitality,2019,Pacific,5,,,HI
UH Hilo,Food/Hospitality,2019,Pacific,10,,,HI
UH Hilo,Food/Hospitality,2019,South Atlantic,1,0,6,HI
UH Hilo,Food/Hospitality,2019,South Atlantic,5,,,HI
UH Hilo,Food/Hospitality,2019,South Atlantic,10,,,HI
UH Hilo,Food/Hospitality,2019,West North Central,1,0,0,HI
UH Hilo,Food/Hospitality,2019,West North Central,5,,,HI
UH Hilo,Food/Hospitality,2019,West North Central,10,,,HI
UH Hilo,Food/Hospitality,2019,West South Central,1,0,3,HI
UH Hilo,Food/Hospitality,2019,West South Central,5,,,HI
UH Hilo,Food/Hospitality,2019,West South Central,10,,,HI
UH Hilo,Health Care,2004,East North Central,1,0,4,HI
UH Hilo,Health Care,2004,East North Central,5,0,6,HI
UH Hilo,Health Care,2004,East North Central,10,0,7,HI
UH Hilo,Health Care,2004,East South Central,1,0,3,HI
UH Hilo,Health Care,2004,East South Central,5,0,2,HI
UH Hilo,Health Care,2004,East South Central,10,0,1,HI
UH Hilo,Health Care,2004,Middle Atlantic,1,0,2,HI
UH Hilo,Health Care,2004,Middle Atlantic,5,0,4,HI
UH Hilo,Health Care,2004,Middle Atlantic,10,0,5,HI
UH Hilo,Health Care,2004,Mountain,1,0,7,HI
UH Hilo,Health Care,2004,Mountain,5,0,1,HI
UH Hilo,Health Care,2004,Mountain,10,0,6,HI
UH Hilo,Health Care,2004,New England,1,0,0,HI
UH Hilo,Health Care,2004,New England,5,0,1,HI
UH Hilo,Health Care,2004,New England,10,0,2,HI
UH Hilo,Health Care,2004,Pacific,1,83,89,HI
UH Hilo,Health Care,2004,Pacific,5,73,86,HI
UH Hilo,Health Care,2004,Pacific,10,45,71,HI
UH Hilo,Health Care,2004,South Atlantic,1,0,3,HI
UH Hilo,Health Care,2004,South Atlantic,5,0,7,HI
UH Hilo,Health Care,2004,South Atlantic,10,0,8,HI
UH Hilo,Health Care,2004,West North Central,1,0,1,HI
UH Hilo,Health Care,2004,West North Central,5,0,0,HI
UH Hilo,Health Care,2004,West North Central,10,0,4,HI
UH Hilo,Health Care,2004,West South Central,1,0,0,HI
UH Hilo,Health Care,2004,West South Central,5,0,6,HI
UH Hilo,Health Care,2004,West South Central,10,0,3,HI
UH Hilo,Health Care,2007,East North Central,1,0,6,HI
UH Hilo,Health Care,2007,East North Central,5,0,10,HI
UH Hilo,Health Care,2007,East North Central,10,0,2,HI
UH Hilo,Health Care,2007,East South Central,1,0,1,HI
UH Hilo,Health Care,2007,East South Central,5,0,0,HI
UH Hilo,Health Care,2007,East South Central,10,0,0,HI
UH Hilo,Health Care,2007,Middle Atlantic,1,0,3,HI
UH Hilo,Health Care,2007,Middle Atlantic,5,0,7,HI
UH Hilo,Health Care,2007,Middle Atlantic,10,0,6,HI
UH Hilo,Health Care,2007,Mountain,1,0,3,HI
UH Hilo,Health Care,2007,Mountain,5,0,6,HI
UH Hilo,Health Care,2007,Mountain,10,0,10,HI
UH Hilo,Health Care,2007,New England,1,0,0,HI
UH Hilo,Health Care,2007,New England,5,0,4,HI
UH Hilo,Health Care,2007,New England,10,0,2,HI
UH Hilo,Health Care,2007,Pacific,1,120,136,HI
UH Hilo,Health Care,2007,Pacific,5,125,162,HI
UH Hilo,Health Care,2007,Pacific,10,96,137,HI
UH Hilo,Health Care,2007,South Atlantic,1,0,3,HI
UH Hilo,Health Care,2007,South Atlantic,5,0,6,HI
UH Hilo,Health Care,2007,South Atlantic,10,0,8,HI
UH Hilo,Health Care,2007,West North Central,1,0,3,HI
UH Hilo,Health Care,2007,West North Central,5,0,2,HI
UH Hilo,Health Care,2007,West North Central,10,0,4,HI
UH Hilo,Health Care,2007,West South Central,1,0,3,HI
UH Hilo,Health Care,2007,West South Central,5,0,6,HI
UH Hilo,Health Care,2007,West South Central,10,0,6,HI
UH Hilo,Health Care,2010,East North Central,1,0,9,HI
UH Hilo,Health Care,2010,East North Central,5,0,8,HI
UH Hilo,Health Care,2010,East North Central,10,0,10,HI
UH Hilo,Health Care,2010,East South Central,1,0,1,HI
UH Hilo,Health Care,2010,East South Central,5,0,0,HI
UH Hilo,Health Care,2010,East South Central,10,0,5,HI
UH Hilo,Health Care,2010,Middle Atlantic,1,0,6,HI
UH Hilo,Health Care,2010,Middle Atlantic,5,0,8,HI
UH Hilo,Health Care,2010,Middle Atlantic,10,0,14,HI
UH Hilo,Health Care,2010,Mountain,1,0,12,HI
UH Hilo,Health Care,2010,Mountain,5,0,12,HI
UH Hilo,Health Care,2010,Mountain,10,0,13,HI
UH Hilo,Health Care,2010,New England,1,0,8,HI
UH Hilo,Health Care,2010,New England,5,0,1,HI
UH Hilo,Health Care,2010,New England,10,0,6,HI
UH Hilo,Health Care,2010,Pacific,1,157,181,HI
UH Hilo,Health Care,2010,Pacific,5,178,220,HI
UH Hilo,Health Care,2010,Pacific,10,161,203,HI
UH Hilo,Health Care,2010,South Atlantic,1,0,8,HI
UH Hilo,Health Care,2010,South Atlantic,5,0,9,HI
UH Hilo,Health Care,2010,South Atlantic,10,0,12,HI
UH Hilo,Health Care,2010,West North Central,1,0,6,HI
UH Hilo,Health Care,2010,West North Central,5,0,0,HI
UH Hilo,Health Care,2010,West North Central,10,0,3,HI
UH Hilo,Health Care,2010,West South Central,1,0,14,HI
UH Hilo,Health Care,2010,West South Central,5,0,7,HI
UH Hilo,Health Care,2010,West South Central,10,0,9,HI
UH Hilo,Health Care,2013,East North Central,1,0,8,HI
UH Hilo,Health Care,2013,East North Central,5,0,9,HI
UH Hilo,Health Care,2013,East North Central,10,,,HI
UH Hilo,Health Care,2013,East South Central,1,0,9,HI
UH Hilo,Health Care,2013,East South Central,5,0,3,HI
UH Hilo,Health Care,2013,East South Central,10,,,HI
UH Hilo,Health Care,2013,Middle Atlantic,1,0,5,HI
UH Hilo,Health Care,2013,Middle Atlantic,5,0,12,HI
UH Hilo,Health Care,2013,Middle Atlantic,10,,,HI
UH Hilo,Health Care,2013,Mountain,1,0,22,HI
UH Hilo,Health Care,2013,Mountain,5,0,15,HI
UH Hilo,Health Care,2013,Mountain,10,,,HI
UH Hilo,Health Care,2013,New England,1,0,3,HI
UH Hilo,Health Care,2013,New England,5,0,4,HI
UH Hilo,Health Care,2013,New England,10,,,HI
UH Hilo,Health Care,2013,Pacific,1,168,203,HI
UH Hilo,Health Care,2013,Pacific,5,194,241,HI
UH Hilo,Health Care,2013,Pacific,10,,,HI
UH Hilo,Health Care,2013,South Atlantic,1,0,13,HI
UH Hilo,Health Care,2013,South Atlantic,5,0,8,HI
UH Hilo,Health Care,2013,South Atlantic,10,,,HI
UH Hilo,Health Care,2013,West North Central,1,0,2,HI
UH Hilo,Health Care,2013,West North Central,5,0,4,HI
UH Hilo,Health Care,2013,West North Central,10,,,HI
UH Hilo,Health Care,2013,West South Central,1,0,4,HI
UH Hilo,Health Care,2013,West South Central,5,0,5,HI
UH Hilo,Health Care,2013,West South Central,10,,,HI
UH Hilo,Health Care,2016,East North Central,1,0,4,HI
UH Hilo,Health Care,2016,East North Central,5,0,7,HI
UH Hilo,Health Care,2016,East North Central,10,,,HI
UH Hilo,Health Care,2016,East South Central,1,0,0,HI
UH Hilo,Health Care,2016,East South Central,5,0,5,HI
UH Hilo,Health Care,2016,East South Central,10,,,HI
UH Hilo,Health Care,2016,Middle Atlantic,1,0,9,HI
UH Hilo,Health Care,2016,Middle Atlantic,5,0,15,HI
UH Hilo,Health Care,2016,Middle Atlantic,10,,,HI
UH Hilo,Health Care,2016,Mountain,1,0,14,HI
UH Hilo,Health Care,2016,Mountain,5,0,17,HI
UH Hilo,Health Care,2016,Mountain,10,,,HI
UH Hilo,Health Care,2016,New England,1,0,8,HI
UH Hilo,Health Care,2016,New England,5,0,1,HI
UH Hilo,Health Care,2016,New England,10,,,HI
UH Hilo,Health Care,2016,Pacific,1,214,240,HI
UH Hilo,Health Care,2016,Pacific,5,239,301,HI
UH Hilo,Health Care,2016,Pacific,10,,,HI
UH Hilo,Health Care,2016,South Atlantic,1,0,4,HI
UH Hilo,Health Care,2016,South Atlantic,5,0,13,HI
UH Hilo,Health Care,2016,South Atlantic,10,,,HI
UH Hilo,Health Care,2016,West North Central,1,0,4,HI
UH Hilo,Health Care,2016,West North Central,5,0,8,HI
UH Hilo,Health Care,2016,West North Central,10,,,HI
UH Hilo,Health Care,2016,West South Central,1,0,9,HI
UH Hilo,Health Care,2016,West South Central,5,0,7,HI
UH Hilo,Health Care,2016,West South Central,10,,,HI
UH Hilo,Health Care,2019,East North Central,1,0,3,HI
UH Hilo,Health Care,2019,East North Central,5,,,HI
UH Hilo,Health Care,2019,East North Central,10,,,HI
UH Hilo,Health Care,2019,East South Central,1,0,2,HI
UH Hilo,Health Care,2019,East South Central,5,,,HI
UH Hilo,Health Care,2019,East South Central,10,,,HI
UH Hilo,Health Care,2019,Middle Atlantic,1,0,4,HI
UH Hilo,Health Care,2019,Middle Atlantic,5,,,HI
UH Hilo,Health Care,2019,Middle Atlantic,10,,,HI
UH Hilo,Health Care,2019,Mountain,1,0,14,HI
UH Hilo,Health Care,2019,Mountain,5,,,HI
UH Hilo,Health Care,2019,Mountain,10,,,HI
UH Hilo,Health Care,2019,New England,1,0,1,HI
UH Hilo,Health Care,2019,New England,5,,,HI
UH Hilo,Health Care,2019,New England,10,,,HI
UH Hilo,Health Care,2019,Pacific,1,230,266,HI
UH Hilo,Health Care,2019,Pacific,5,,,HI
UH Hilo,Health Care,2019,Pacific,10,,,HI
UH Hilo,Health Care,2019,South Atlantic,1,0,2,HI
UH Hilo,Health Care,2019,South Atlantic,5,,,HI
UH Hilo,Health Care,2019,South Atlantic,10,,,HI
UH Hilo,Health Care,2019,West North Central,1,0,4,HI
UH Hilo,Health Care,2019,West North Central,5,,,HI
UH Hilo,Health Care,2019,West North Central,10,,,HI
UH Hilo,Health Care,2019,West South Central,1,0,2,HI
UH Hilo,Health Care,2019,West South Central,5,,,HI
UH Hilo,Health Care,2019,West South Central,10,,,HI
UH Hilo,Information,2004,East North Central,1,0,0,HI
UH Hilo,Information,2004,East North Central,5,0,0,HI
UH Hilo,Information,2004,East North Central,10,0,2,HI
UH Hilo,Information,2004,East South Central,1,0,0,HI
UH Hilo,Information,2004,East South Central,5,0,0,HI
UH Hilo,Information,2004,East South Central,10,0,0,HI
UH Hilo,Information,2004,Middle Atlantic,1,0,0,HI
UH Hilo,Information,2004,Middle Atlantic,5,0,1,HI
UH Hilo,Information,2004,Middle Atlantic,10,0,0,HI
UH Hilo,Information,2004,Mountain,1,0,0,HI
UH Hilo,Information,2004,Mountain,5,0,0,HI
UH Hilo,Information,2004,Mountain,10,0,0,HI
UH Hilo,Information,2004,New England,1,0,0,HI
UH Hilo,Information,2004,New England,5,0,0,HI
UH Hilo,Information,2004,New England,10,0,0,HI
UH Hilo,Information,2004,Pacific,1,2,3,HI
UH Hilo,Information,2004,Pacific,5,1,7,HI
UH Hilo,Information,2004,Pacific,10,1,8,HI
UH Hilo,Information,2004,South Atlantic,1,0,0,HI
UH Hilo,Information,2004,South Atlantic,5,0,3,HI
UH Hilo,Information,2004,South Atlantic,10,0,1,HI
UH Hilo,Information,2004,West North Central,1,0,0,HI
UH Hilo,Information,2004,West North Central,5,0,0,HI
UH Hilo,Information,2004,West North Central,10,0,0,HI
UH Hilo,Information,2004,West South Central,1,0,2,HI
UH Hilo,Information,2004,West South Central,5,0,0,HI
UH Hilo,Information,2004,West South Central,10,0,3,HI
UH Hilo,Information,2007,East North Central,1,0,3,HI
UH Hilo,Information,2007,East North Central,5,0,0,HI
UH Hilo,Information,2007,East North Central,10,0,0,HI
UH Hilo,Information,2007,East South Central,1,0,0,HI
UH Hilo,Information,2007,East South Central,5,0,0,HI
UH Hilo,Information,2007,East South Central,10,0,0,HI
UH Hilo,Information,2007,Middle Atlantic,1,0,0,HI
UH Hilo,Information,2007,Middle Atlantic,5,0,2,HI
UH Hilo,Information,2007,Middle Atlantic,10,0,4,HI
UH Hilo,Information,2007,Mountain,1,0,0,HI
UH Hilo,Information,2007,Mountain,5,0,1,HI
UH Hilo,Information,2007,Mountain,10,0,1,HI
UH Hilo,Information,2007,New England,1,0,0,HI
UH Hilo,Information,2007,New England,5,0,0,HI
UH Hilo,Information,2007,New England,10,0,0,HI
UH Hilo,Information,2007,Pacific,1,3,7,HI
UH Hilo,Information,2007,Pacific,5,2,7,HI
UH Hilo,Information,2007,Pacific,10,3,9,HI
UH Hilo,Information,2007,South Atlantic,1,0,0,HI
UH Hilo,Information,2007,South Atlantic,5,0,1,HI
UH Hilo,Information,2007,South Atlantic,10,0,5,HI
UH Hilo,Information,2007,West North Central,1,0,0,HI
UH Hilo,Information,2007,West North Central,5,0,0,HI
UH Hilo,Information,2007,West North Central,10,0,0,HI
UH Hilo,Information,2007,West South Central,1,0,0,HI
UH Hilo,Information,2007,West South Central,5,0,0,HI
UH Hilo,Information,2007,West South Central,10,0,2,HI
UH Hilo,Information,2010,East North Central,1,0,1,HI
UH Hilo,Information,2010,East North Central,5,0,0,HI
UH Hilo,Information,2010,East North Central,10,0,1,HI
UH Hilo,Information,2010,East South Central,1,0,0,HI
UH Hilo,Information,2010,East South Central,5,0,0,HI
UH Hilo,Information,2010,East South Central,10,0,0,HI
UH Hilo,Information,2010,Middle Atlantic,1,0,0,HI
UH Hilo,Information,2010,Middle Atlantic,5,0,0,HI
UH Hilo,Information,2010,Middle Atlantic,10,0,2,HI
UH Hilo,Information,2010,Mountain,1,0,2,HI
UH Hilo,Information,2010,Mountain,5,0,0,HI
UH Hilo,Information,2010,Mountain,10,0,0,HI
UH Hilo,Information,2010,New England,1,0,0,HI
UH Hilo,Information,2010,New England,5,0,0,HI
UH Hilo,Information,2010,New England,10,0,0,HI
UH Hilo,Information,2010,Pacific,1,4,6,HI
UH Hilo,Information,2010,Pacific,5,2,8,HI
UH Hilo,Information,2010,Pacific,10,5,10,HI
UH Hilo,Information,2010,South Atlantic,1,0,1,HI
UH Hilo,Information,2010,South Atlantic,5,0,0,HI
UH Hilo,Information,2010,South Atlantic,10,0,1,HI
UH Hilo,Information,2010,West North Central,1,0,1,HI
UH Hilo,Information,2010,West North Central,5,0,0,HI
UH Hilo,Information,2010,West North Central,10,0,0,HI
UH Hilo,Information,2010,West South Central,1,0,3,HI
UH Hilo,Information,2010,West South Central,5,0,4,HI
UH Hilo,Information,2010,West South Central,10,0,1,HI
UH Hilo,Information,2013,East North Central,1,0,0,HI
UH Hilo,Information,2013,East North Central,5,0,0,HI
UH Hilo,Information,2013,East North Central,10,,,HI
UH Hilo,Information,2013,East South Central,1,0,0,HI
UH Hilo,Information,2013,East South Central,5,0,0,HI
UH Hilo,Information,2013,East South Central,10,,,HI
UH Hilo,Information,2013,Middle Atlantic,1,0,1,HI
UH Hilo,Information,2013,Middle Atlantic,5,0,4,HI
UH Hilo,Information,2013,Middle Atlantic,10,,,HI
UH Hilo,Information,2013,Mountain,1,0,1,HI
UH Hilo,Information,2013,Mountain,5,0,2,HI
UH Hilo,Information,2013,Mountain,10,,,HI
UH Hilo,Information,2013,New England,1,0,0,HI
UH Hilo,Information,2013,New England,5,0,1,HI
UH Hilo,Information,2013,New England,10,,,HI
UH Hilo,Information,2013,Pacific,1,8,13,HI
UH Hilo,Information,2013,Pacific,5,3,8,HI
UH Hilo,Information,2013,Pacific,10,,,HI
UH Hilo,Information,2013,South Atlantic,1,0,6,HI
UH Hilo,Information,2013,South Atlantic,5,0,0,HI
UH Hilo,Information,2013,South Atlantic,10,,,HI
UH Hilo,Information,2013,West North Central,1,0,0,HI
UH Hilo,Information,2013,West North Central,5,0,0,HI
UH Hilo,Information,2013,West North Central,10,,,HI
UH Hilo,Information,2013,West South Central,1,0,0,HI
UH Hilo,Information,2013,West South Central,5,0,3,HI
UH Hilo,Information,2013,West South Central,10,,,HI
UH Hilo,Information,2016,East North Central,1,0,0,HI
UH Hilo,Information,2016,East North Central,5,0,0,HI
UH Hilo,Information,2016,East North Central,10,,,HI
UH Hilo,Information,2016,East South Central,1,0,0,HI
UH Hilo,Information,2016,East South Central,5,0,0,HI
UH Hilo,Information,2016,East South Central,10,,,HI
UH Hilo,Information,2016,Middle Atlantic,1,0,2,HI
UH Hilo,Information,2016,Middle Atlantic,5,0,1,HI
UH Hilo,Information,2016,Middle Atlantic,10,,,HI
UH Hilo,Information,2016,Mountain,1,0,1,HI
UH Hilo,Information,2016,Mountain,5,0,0,HI
UH Hilo,Information,2016,Mountain,10,,,HI
UH Hilo,Information,2016,New England,1,0,0,HI
UH Hilo,Information,2016,New England,5,0,0,HI
UH Hilo,Information,2016,New England,10,,,HI
UH Hilo,Information,2016,Pacific,1,8,10,HI
UH Hilo,Information,2016,Pacific,5,1,7,HI
UH Hilo,Information,2016,Pacific,10,,,HI
UH Hilo,Information,2016,South Atlantic,1,0,0,HI
UH Hilo,Information,2016,South Atlantic,5,0,0,HI
UH Hilo,Information,2016,South Atlantic,10,,,HI
UH Hilo,Information,2016,West North Central,1,0,0,HI
UH Hilo,Information,2016,West North Central,5,0,0,HI
UH Hilo,Information,2016,West North Central,10,,,HI
UH Hilo,Information,2016,West South Central,1,0,2,HI
UH Hilo,Information,2016,West South Central,5,0,0,HI
UH Hilo,Information,2016,West South Central,10,,,HI
UH Hilo,Information,2019,East North Central,1,0,0,HI
UH Hilo,Information,2019,East North Central,5,,,HI
UH Hilo,Information,2019,East North Central,10,,,HI
UH Hilo,Information,2019,East South Central,1,0,0,HI
UH Hilo,Information,2019,East South Central,5,,,HI
UH Hilo,Information,2019,East South Central,10,,,HI
UH Hilo,Information,2019,Middle Atlantic,1,0,4,HI
UH Hilo,Information,2019,Middle Atlantic,5,,,HI
UH Hilo,Information,2019,Middle Atlantic,10,,,HI
UH Hilo,Information,2019,Mountain,1,0,0,HI
UH Hilo,Information,2019,Mountain,5,,,HI
UH Hilo,Information,2019,Mountain,10,,,HI
UH Hilo,Information,2019,New England,1,0,0,HI
UH Hilo,Information,2019,New England,5,,,HI
UH Hilo,Information,2019,New England,10,,,HI
UH Hilo,Information,2019,Pacific,1,5,10,HI
UH Hilo,Information,2019,Pacific,5,,,HI
UH Hilo,Information,2019,Pacific,10,,,HI
UH Hilo,Information,2019,South Atlantic,1,0,3,HI
UH Hilo,Information,2019,South Atlantic,5,,,HI
UH Hilo,Information,2019,South Atlantic,10,,,HI
UH Hilo,Information,2019,West North Central,1,0,0,HI
UH Hilo,Information,2019,West North Central,5,,,HI
UH Hilo,Information,2019,West North Central,10,,,HI
UH Hilo,Information,2019,West South Central,1,0,0,HI
UH Hilo,Information,2019,West South Central,5,,,HI
UH Hilo,Information,2019,West South Central,10,,,HI
UH Hilo,Management,2004,East North Central,1,0,0,HI
UH Hilo,Management,2004,East North Central,5,0,1,HI
UH Hilo,Management,2004,East North Central,10,0,0,HI
UH Hilo,Management,2004,East South Central,1,0,0,HI
UH Hilo,Management,2004,East South Central,5,0,0,HI
UH Hilo,Management,2004,East South Central,10,0,0,HI
UH Hilo,Management,2004,Middle Atlantic,1,0,0,HI
UH Hilo,Management,2004,Middle Atlantic,5,0,0,HI
UH Hilo,Management,2004,Middle Atlantic,10,0,0,HI
UH Hilo,Management,2004,Mountain,1,0,0,HI
UH Hilo,Management,2004,Mountain,5,0,1,HI
UH Hilo,Management,2004,Mountain,10,0,0,HI
UH Hilo,Management,2004,New England,1,0,0,HI
UH Hilo,Management,2004,New England,5,0,0,HI
UH Hilo,Management,2004,New England,10,0,0,HI
UH Hilo,Management,2004,Pacific,1,0,0,HI
UH Hilo,Management,2004,Pacific,5,1,3,HI
UH Hilo,Management,2004,Pacific,10,1,5,HI
UH Hilo,Management,2004,South Atlantic,1,0,0,HI
UH Hilo,Management,2004,South Atlantic,5,0,0,HI
UH Hilo,Management,2004,South Atlantic,10,0,0,HI
UH Hilo,Management,2004,West North Central,1,0,0,HI
UH Hilo,Management,2004,West North Central,5,0,0,HI
UH Hilo,Management,2004,West North Central,10,0,0,HI
UH Hilo,Management,2004,West South Central,1,0,1,HI
UH Hilo,Management,2004,West South Central,5,0,1,HI
UH Hilo,Management,2004,West South Central,10,0,0,HI
UH Hilo,Management,2007,East North Central,1,0,0,HI
UH Hilo,Management,2007,East North Central,5,0,3,HI
UH Hilo,Management,2007,East North Central,10,0,0,HI
UH Hilo,Management,2007,East South Central,1,0,0,HI
UH Hilo,Management,2007,East South Central,5,0,0,HI
UH Hilo,Management,2007,East South Central,10,0,0,HI
UH Hilo,Management,2007,Middle Atlantic,1,0,0,HI
UH Hilo,Management,2007,Middle Atlantic,5,0,1,HI
UH Hilo,Management,2007,Middle Atlantic,10,0,0,HI
UH Hilo,Management,2007,Mountain,1,0,0,HI
UH Hilo,Management,2007,Mountain,5,0,1,HI
UH Hilo,Management,2007,Mountain,10,0,0,HI
UH Hilo,Management,2007,New England,1,0,0,HI
UH Hilo,Management,2007,New England,5,0,0,HI
UH Hilo,Management,2007,New England,10,0,0,HI
UH Hilo,Management,2007,Pacific,1,3,3,HI
UH Hilo,Management,2007,Pacific,5,6,7,HI
UH Hilo,Management,2007,Pacific,10,1,5,HI
UH Hilo,Management,2007,South Atlantic,1,0,0,HI
UH Hilo,Management,2007,South Atlantic,5,0,1,HI
UH Hilo,Management,2007,South Atlantic,10,0,2,HI
UH Hilo,Management,2007,West North Central,1,0,0,HI
UH Hilo,Management,2007,West North Central,5,0,0,HI
UH Hilo,Management,2007,West North Central,10,0,0,HI
UH Hilo,Management,2007,West South Central,1,0,0,HI
UH Hilo,Management,2007,West South Central,5,0,0,HI
UH Hilo,Management,2007,West South Central,10,0,0,HI
UH Hilo,Management,2010,East North Central,1,0,0,HI
UH Hilo,Management,2010,East North Central,5,0,0,HI
UH Hilo,Management,2010,East North Central,10,0,0,HI
UH Hilo,Management,2010,East South Central,1,0,0,HI
UH Hilo,Management,2010,East South Central,5,0,0,HI
UH Hilo,Management,2010,East South Central,10,0,0,HI
UH Hilo,Management,2010,Middle Atlantic,1,0,0,HI
UH Hilo,Management,2010,Middle Atlantic,5,0,0,HI
UH Hilo,Management,2010,Middle Atlantic,10,0,0,HI
UH Hilo,Management,2010,Mountain,1,0,0,HI
UH Hilo,Management,2010,Mountain,5,0,0,HI
UH Hilo,Management,2010,Mountain,10,0,0,HI
UH Hilo,Management,2010,New England,1,0,0,HI
UH Hilo,Management,2010,New England,5,0,0,HI
UH Hilo,Management,2010,New England,10,0,0,HI
UH Hilo,Management,2010,Pacific,1,2,4,HI
UH Hilo,Management,2010,Pacific,5,0,1,HI
UH Hilo,Management,2010,Pacific,10,5,8,HI
UH Hilo,Management,2010,South Atlantic,1,0,0,HI
UH Hilo,Management,2010,South Atlantic,5,0,0,HI
UH Hilo,Management,2010,South Atlantic,10,0,0,HI
UH Hilo,Management,2010,West North Central,1,0,0,HI
UH Hilo,Management,2010,West North Central,5,0,0,HI
UH Hilo,Management,2010,West North Central,10,0,0,HI
UH Hilo,Management,2010,West South Central,1,0,0,HI
UH Hilo,Management,2010,West South Central,5,0,0,HI
UH Hilo,Management,2010,West South Central,10,0,0,HI
UH Hilo,Management,2013,East North Central,1,0,0,HI
UH Hilo,Management,2013,East North Central,5,0,0,HI
UH Hilo,Management,2013,East North Central,10,,,HI
UH Hilo,Management,2013,East South Central,1,0,0,HI
UH Hilo,Management,2013,East South Central,5,0,0,HI
UH Hilo,Management,2013,East South Central,10,,,HI
UH Hilo,Management,2013,Middle Atlantic,1,0,0,HI
UH Hilo,Management,2013,Middle Atlantic,5,0,0,HI
UH Hilo,Management,2013,Middle Atlantic,10,,,HI
UH Hilo,Management,2013,Mountain,1,0,0,HI
UH Hilo,Management,2013,Mountain,5,0,0,HI
UH Hilo,Management,2013,Mountain,10,,,HI
UH Hilo,Management,2013,New England,1,0,0,HI
UH Hilo,Management,2013,New England,5,0,0,HI
UH Hilo,Management,2013,New England,10,,,HI
UH Hilo,Management,2013,Pacific,1,4,5,HI
UH Hilo,Management,2013,Pacific,5,5,11,HI
UH Hilo,Management,2013,Pacific,10,,,HI
UH Hilo,Management,2013,South Atlantic,1,0,0,HI
UH Hilo,Management,2013,South Atlantic,5,0,1,HI
UH Hilo,Management,2013,South Atlantic,10,,,HI
UH Hilo,Management,2013,West North Central,1,0,0,HI
UH Hilo,Management,2013,West North Central,5,0,1,HI
UH Hilo,Management,2013,West North Central,10,,,HI
UH Hilo,Management,2013,West South Central,1,0,0,HI
UH Hilo,Management,2013,West South Central,5,0,0,HI
UH Hilo,Management,2013,West South Central,10,,,HI
UH Hilo,Management,2016,East North Central,1,0,1,HI
UH Hilo,Management,2016,East North Central,5,0,0,HI
UH Hilo,Management,2016,East North Central,10,,,HI
UH Hilo,Management,2016,East South Central,1,0,0,HI
UH Hilo,Management,2016,East South Central,5,0,0,HI
UH Hilo,Management,2016,East South Central,10,,,HI
UH Hilo,Management,2016,Middle Atlantic,1,0,0,HI
UH Hilo,Management,2016,Middle Atlantic,5,0,0,HI
UH Hilo,Management,2016,Middle Atlantic,10,,,HI
UH Hilo,Management,2016,Mountain,1,0,0,HI
UH Hilo,Management,2016,Mountain,5,0,0,HI
UH Hilo,Management,2016,Mountain,10,,,HI
UH Hilo,Management,2016,New England,1,0,0,HI
UH Hilo,Management,2016,New England,5,0,0,HI
UH Hilo,Management,2016,New England,10,,,HI
UH Hilo,Management,2016,Pacific,1,3,5,HI
UH Hilo,Management,2016,Pacific,5,4,7,HI
UH Hilo,Management,2016,Pacific,10,,,HI
UH Hilo,Management,2016,South Atlantic,1,0,4,HI
UH Hilo,Management,2016,South Atlantic,5,0,0,HI
UH Hilo,Management,2016,South Atlantic,10,,,HI
UH Hilo,Management,2016,West North Central,1,0,0,HI
UH Hilo,Management,2016,West North Central,5,0,0,HI
UH Hilo,Management,2016,West North Central,10,,,HI
UH Hilo,Management,2016,West South Central,1,0,0,HI
UH Hilo,Management,2016,West South Central,5,0,2,HI
UH Hilo,Management,2016,West South Central,10,,,HI
UH Hilo,Management,2019,East North Central,1,0,0,HI
UH Hilo,Management,2019,East North Central,5,,,HI
UH Hilo,Management,2019,East North Central,10,,,HI
UH Hilo,Management,2019,East South Central,1,0,0,HI
UH Hilo,Management,2019,East South Central,5,,,HI
UH Hilo,Management,2019,East South Central,10,,,HI
UH Hilo,Management,2019,Middle Atlantic,1,0,0,HI
UH Hilo,Management,2019,Middle Atlantic,5,,,HI
UH Hilo,Management,2019,Middle Atlantic,10,,,HI
UH Hilo,Management,2019,Mountain,1,0,0,HI
UH Hilo,Management,2019,Mountain,5,,,HI
UH Hilo,Management,2019,Mountain,10,,,HI
UH Hilo,Management,2019,New England,1,0,0,HI
UH Hilo,Management,2019,New England,5,,,HI
UH Hilo,Management,2019,New England,10,,,HI
UH Hilo,Management,2019,Pacific,1,4,6,HI
UH Hilo,Management,2019,Pacific,5,,,HI
UH Hilo,Management,2019,Pacific,10,,,HI
UH Hilo,Management,2019,South Atlantic,1,0,0,HI
UH Hilo,Management,2019,South Atlantic,5,,,HI
UH Hilo,Management,2019,South Atlantic,10,,,HI
UH Hilo,Management,2019,West North Central,1,0,0,HI
UH Hilo,Management,2019,West North Central,5,,,HI
UH Hilo,Management,2019,West North Central,10,,,HI
UH Hilo,Management,2019,West South Central,1,0,2,HI
UH Hilo,Management,2019,West South Central,5,,,HI
UH Hilo,Management,2019,West South Central,10,,,HI
UH Hilo,Manufacturing,2004,East North Central,1,0,0,HI
UH Hilo,Manufacturing,2004,East North Central,5,0,4,HI
UH Hilo,Manufacturing,2004,East North Central,10,0,0,HI
UH Hilo,Manufacturing,2004,East South Central,1,0,0,HI
UH Hilo,Manufacturing,2004,East South Central,5,0,1,HI
UH Hilo,Manufacturing,2004,East South Central,10,0,0,HI
UH Hilo,Manufacturing,2004,Middle Atlantic,1,0,1,HI
UH Hilo,Manufacturing,2004,Middle Atlantic,5,0,1,HI
UH Hilo,Manufacturing,2004,Middle Atlantic,10,0,0,HI
UH Hilo,Manufacturing,2004,Mountain,1,0,0,HI
UH Hilo,Manufacturing,2004,Mountain,5,0,1,HI
UH Hilo,Manufacturing,2004,Mountain,10,0,0,HI
UH Hilo,Manufacturing,2004,New England,1,0,0,HI
UH Hilo,Manufacturing,2004,New England,5,0,0,HI
UH Hilo,Manufacturing,2004,New England,10,0,0,HI
UH Hilo,Manufacturing,2004,Pacific,1,2,7,HI
UH Hilo,Manufacturing,2004,Pacific,5,8,13,HI
UH Hilo,Manufacturing,2004,Pacific,10,5,11,HI
UH Hilo,Manufacturing,2004,South Atlantic,1,0,3,HI
UH Hilo,Manufacturing,2004,South Atlantic,5,0,1,HI
UH Hilo,Manufacturing,2004,South Atlantic,10,0,1,HI
UH Hilo,Manufacturing,2004,West North Central,1,0,0,HI
UH Hilo,Manufacturing,2004,West North Central,5,0,0,HI
UH Hilo,Manufacturing,2004,West North Central,10,0,0,HI
UH Hilo,Manufacturing,2004,West South Central,1,0,1,HI
UH Hilo,Manufacturing,2004,West South Central,5,0,3,HI
UH Hilo,Manufacturing,2004,West South Central,10,0,1,HI
UH Hilo,Manufacturing,2007,East North Central,1,0,1,HI
UH Hilo,Manufacturing,2007,East North Central,5,0,3,HI
UH Hilo,Manufacturing,2007,East North Central,10,0,3,HI
UH Hilo,Manufacturing,2007,East South Central,1,0,0,HI
UH Hilo,Manufacturing,2007,East South Central,5,0,3,HI
UH Hilo,Manufacturing,2007,East South Central,10,0,0,HI
UH Hilo,Manufacturing,2007,Middle Atlantic,1,0,0,HI
UH Hilo,Manufacturing,2007,Middle Atlantic,5,0,1,HI
UH Hilo,Manufacturing,2007,Middle Atlantic,10,0,2,HI
UH Hilo,Manufacturing,2007,Mountain,1,0,0,HI
UH Hilo,Manufacturing,2007,Mountain,5,0,2,HI
UH Hilo,Manufacturing,2007,Mountain,10,0,1,HI
UH Hilo,Manufacturing,2007,New England,1,0,0,HI
UH Hilo,Manufacturing,2007,New England,5,0,3,HI
UH Hilo,Manufacturing,2007,New England,10,0,2,HI
UH Hilo,Manufacturing,2007,Pacific,1,10,20,HI
UH Hilo,Manufacturing,2007,Pacific,5,6,16,HI
UH Hilo,Manufacturing,2007,Pacific,10,11,24,HI
UH Hilo,Manufacturing,2007,South Atlantic,1,0,9,HI
UH Hilo,Manufacturing,2007,South Atlantic,5,0,5,HI
UH Hilo,Manufacturing,2007,South Atlantic,10,0,6,HI
UH Hilo,Manufacturing,2007,West North Central,1,0,0,HI
UH Hilo,Manufacturing,2007,West North Central,5,0,3,HI
UH Hilo,Manufacturing,2007,West North Central,10,0,3,HI
UH Hilo,Manufacturing,2007,West South Central,1,0,0,HI
UH Hilo,Manufacturing,2007,West South Central,5,0,2,HI
UH Hilo,Manufacturing,2007,West South Central,10,0,5,HI
UH Hilo,Manufacturing,2010,East North Central,1,0,7,HI
UH Hilo,Manufacturing,2010,East North Central,5,0,1,HI
UH Hilo,Manufacturing,2010,East North Central,10,0,7,HI
UH Hilo,Manufacturing,2010,East South Central,1,0,1,HI
UH Hilo,Manufacturing,2010,East South Central,5,0,1,HI
UH Hilo,Manufacturing,2010,East South Central,10,0,5,HI
UH Hilo,Manufacturing,2010,Middle Atlantic,1,0,2,HI
UH Hilo,Manufacturing,2010,Middle Atlantic,5,0,0,HI
UH Hilo,Manufacturing,2010,Middle Atlantic,10,0,2,HI
UH Hilo,Manufacturing,2010,Mountain,1,0,2,HI
UH Hilo,Manufacturing,2010,Mountain,5,0,0,HI
UH Hilo,Manufacturing,2010,Mountain,10,0,5,HI
UH Hilo,Manufacturing,2010,New England,1,0,0,HI
UH Hilo,Manufacturing,2010,New England,5,0,0,HI
UH Hilo,Manufacturing,2010,New England,10,0,0,HI
UH Hilo,Manufacturing,2010,Pacific,1,6,16,HI
UH Hilo,Manufacturing,2010,Pacific,5,5,14,HI
UH Hilo,Manufacturing,2010,Pacific,10,2,12,HI
UH Hilo,Manufacturing,2010,South Atlantic,1,0,5,HI
UH Hilo,Manufacturing,2010,South Atlantic,5,0,0,HI
UH Hilo,Manufacturing,2010,South Atlantic,10,0,7,HI
UH Hilo,Manufacturing,2010,West North Central,1,0,3,HI
UH Hilo,Manufacturing,2010,West North Central,5,0,0,HI
UH Hilo,Manufacturing,2010,West North Central,10,0,4,HI
UH Hilo,Manufacturing,2010,West South Central,1,0,0,HI
UH Hilo,Manufacturing,2010,West South Central,5,0,2,HI
UH Hilo,Manufacturing,2010,West South Central,10,0,2,HI
UH Hilo,Manufacturing,2013,East North Central,1,0,0,HI
UH Hilo,Manufacturing,2013,East North Central,5,0,0,HI
UH Hilo,Manufacturing,2013,East North Central,10,,,HI
UH Hilo,Manufacturing,2013,East South Central,1,0,1,HI
UH Hilo,Manufacturing,2013,East South Central,5,0,2,HI
UH Hilo,Manufacturing,2013,East South Central,10,,,HI
UH Hilo,Manufacturing,2013,Middle Atlantic,1,0,1,HI
UH Hilo,Manufacturing,2013,Middle Atlantic,5,0,1,HI
UH Hilo,Manufacturing,2013,Middle Atlantic,10,,,HI
UH Hilo,Manufacturing,2013,Mountain,1,0,2,HI
UH Hilo,Manufacturing,2013,Mountain,5,0,1,HI
UH Hilo,Manufacturing,2013,Mountain,10,,,HI
UH Hilo,Manufacturing,2013,New England,1,0,1,HI
UH Hilo,Manufacturing,2013,New England,5,0,0,HI
UH Hilo,Manufacturing,2013,New England,10,,,HI
UH Hilo,Manufacturing,2013,Pacific,1,3,10,HI
UH Hilo,Manufacturing,2013,Pacific,5,14,28,HI
UH Hilo,Manufacturing,2013,Pacific,10,,,HI
UH Hilo,Manufacturing,2013,South Atlantic,1,0,3,HI
UH Hilo,Manufacturing,2013,South Atlantic,5,0,4,HI
UH Hilo,Manufacturing,2013,South Atlantic,10,,,HI
UH Hilo,Manufacturing,2013,West North Central,1,0,2,HI
UH Hilo,Manufacturing,2013,West North Central,5,0,0,HI
UH Hilo,Manufacturing,2013,West North Central,10,,,HI
UH Hilo,Manufacturing,2013,West South Central,1,0,1,HI
UH Hilo,Manufacturing,2013,West South Central,5,0,2,HI
UH Hilo,Manufacturing,2013,West South Central,10,,,HI
UH Hilo,Manufacturing,2016,East North Central,1,0,0,HI
UH Hilo,Manufacturing,2016,East North Central,5,0,3,HI
UH Hilo,Manufacturing,2016,East North Central,10,,,HI
UH Hilo,Manufacturing,2016,East South Central,1,0,1,HI
UH Hilo,Manufacturing,2016,East South Central,5,0,0,HI
UH Hilo,Manufacturing,2016,East South Central,10,,,HI
UH Hilo,Manufacturing,2016,Middle Atlantic,1,0,1,HI
UH Hilo,Manufacturing,2016,Middle Atlantic,5,0,1,HI
UH Hilo,Manufacturing,2016,Middle Atlantic,10,,,HI
UH Hilo,Manufacturing,2016,Mountain,1,0,6,HI
UH Hilo,Manufacturing,2016,Mountain,5,0,1,HI
UH Hilo,Manufacturing,2016,Mountain,10,,,HI
UH Hilo,Manufacturing,2016,New England,1,0,1,HI
UH Hilo,Manufacturing,2016,New England,5,0,0,HI
UH Hilo,Manufacturing,2016,New England,10,,,HI
UH Hilo,Manufacturing,2016,Pacific,1,3,7,HI
UH Hilo,Manufacturing,2016,Pacific,5,5,18,HI
UH Hilo,Manufacturing,2016,Pacific,10,,,HI
UH Hilo,Manufacturing,2016,South Atlantic,1,0,2,HI
UH Hilo,Manufacturing,2016,South Atlantic,5,0,1,HI
UH Hilo,Manufacturing,2016,South Atlantic,10,,,HI
UH Hilo,Manufacturing,2016,West North Central,1,0,1,HI
UH Hilo,Manufacturing,2016,West North Central,5,0,1,HI
UH Hilo,Manufacturing,2016,West North Central,10,,,HI
UH Hilo,Manufacturing,2016,West South Central,1,0,4,HI
UH Hilo,Manufacturing,2016,West South Central,5,0,0,HI
UH Hilo,Manufacturing,2016,West South Central,10,,,HI
UH Hilo,Manufacturing,2019,East North Central,1,0,5,HI
UH Hilo,Manufacturing,2019,East North Central,5,,,HI
UH Hilo,Manufacturing,2019,East North Central,10,,,HI
UH Hilo,Manufacturing,2019,East South Central,1,0,2,HI
UH Hilo,Manufacturing,2019,East South Central,5,,,HI
UH Hilo,Manufacturing,2019,East South Central,10,,,HI
UH Hilo,Manufacturing,2019,Middle Atlantic,1,0,0,HI
UH Hilo,Manufacturing,2019,Middle Atlantic,5,,,HI
UH Hilo,Manufacturing,2019,Middle Atlantic,10,,,HI
UH Hilo,Manufacturing,2019,Mountain,1,0,1,HI
UH Hilo,Manufacturing,2019,Mountain,5,,,HI
UH Hilo,Manufacturing,2019,Mountain,10,,,HI
UH Hilo,Manufacturing,2019,New England,1,0,0,HI
UH Hilo,Manufacturing,2019,New England,5,,,HI
UH Hilo,Manufacturing,2019,New England,10,,,HI
UH Hilo,Manufacturing,2019,Pacific,1,5,12,HI
UH Hilo,Manufacturing,2019,Pacific,5,,,HI
UH Hilo,Manufacturing,2019,Pacific,10,,,HI
UH Hilo,Manufacturing,2019,South Atlantic,1,0,5,HI
UH Hilo,Manufacturing,2019,South Atlantic,5,,,HI
UH Hilo,Manufacturing,2019,South Atlantic,10,,,HI
UH Hilo,Manufacturing,2019,West North Central,1,0,0,HI
UH Hilo,Manufacturing,2019,West North Central,5,,,HI
UH Hilo,Manufacturing,2019,West North Central,10,,,HI
UH Hilo,Manufacturing,2019,West South Central,1,0,0,HI
UH Hilo,Manufacturing,2019,West South Central,5,,,HI
UH Hilo,Manufacturing,2019,West South Central,10,,,HI
UH Hilo,Mining,2004,East North Central,1,0,0,HI
UH Hilo,Mining,2004,East North Central,5,0,0,HI
UH Hilo,Mining,2004,East North Central,10,0,0,HI
UH Hilo,Mining,2004,East South Central,1,0,0,HI
UH Hilo,Mining,2004,East South Central,5,0,0,HI
UH Hilo,Mining,2004,East South Central,10,0,0,HI
UH Hilo,Mining,2004,Middle Atlantic,1,0,0,HI
UH Hilo,Mining,2004,Middle Atlantic,5,0,0,HI
UH Hilo,Mining,2004,Middle Atlantic,10,0,0,HI
UH Hilo,Mining,2004,Mountain,1,0,0,HI
UH Hilo,Mining,2004,Mountain,5,0,0,HI
UH Hilo,Mining,2004,Mountain,10,0,0,HI
UH Hilo,Mining,2004,New England,1,0,0,HI
UH Hilo,Mining,2004,New England,5,0,0,HI
UH Hilo,Mining,2004,New England,10,0,0,HI
UH Hilo,Mining,2004,Pacific,1,0,0,HI
UH Hilo,Mining,2004,Pacific,5,0,3,HI
UH Hilo,Mining,2004,Pacific,10,0,0,HI
UH Hilo,Mining,2004,South Atlantic,1,0,0,HI
UH Hilo,Mining,2004,South Atlantic,5,0,0,HI
UH Hilo,Mining,2004,South Atlantic,10,0,0,HI
UH Hilo,Mining,2004,West North Central,1,0,0,HI
UH Hilo,Mining,2004,West North Central,5,0,0,HI
UH Hilo,Mining,2004,West North Central,10,0,0,HI
UH Hilo,Mining,2004,West South Central,1,0,0,HI
UH Hilo,Mining,2004,West South Central,5,0,0,HI
UH Hilo,Mining,2004,West South Central,10,0,0,HI
UH Hilo,Mining,2007,East North Central,1,0,0,HI
UH Hilo,Mining,2007,East North Central,5,0,0,HI
UH Hilo,Mining,2007,East North Central,10,0,0,HI
UH Hilo,Mining,2007,East South Central,1,0,0,HI
UH Hilo,Mining,2007,East South Central,5,0,0,HI
UH Hilo,Mining,2007,East South Central,10,0,0,HI
UH Hilo,Mining,2007,Middle Atlantic,1,0,0,HI
UH Hilo,Mining,2007,Middle Atlantic,5,0,0,HI
UH Hilo,Mining,2007,Middle Atlantic,10,0,0,HI
UH Hilo,Mining,2007,Mountain,1,0,0,HI
UH Hilo,Mining,2007,Mountain,5,0,0,HI
UH Hilo,Mining,2007,Mountain,10,0,0,HI
UH Hilo,Mining,2007,New England,1,0,0,HI
UH Hilo,Mining,2007,New England,5,0,0,HI
UH Hilo,Mining,2007,New England,10,0,0,HI
UH Hilo,Mining,2007,Pacific,1,0,0,HI
UH Hilo,Mining,2007,Pacific,5,0,0,HI
UH Hilo,Mining,2007,Pacific,10,0,2,HI
UH Hilo,Mining,2007,South Atlantic,1,0,0,HI
UH Hilo,Mining,2007,South Atlantic,5,0,0,HI
UH Hilo,Mining,2007,South Atlantic,10,0,0,HI
UH Hilo,Mining,2007,West North Central,1,0,0,HI
UH Hilo,Mining,2007,West North Central,5,0,0,HI
UH Hilo,Mining,2007,West North Central,10,0,0,HI
UH Hilo,Mining,2007,West South Central,1,0,0,HI
UH Hilo,Mining,2007,West South Central,5,0,0,HI
UH Hilo,Mining,2007,West South Central,10,0,0,HI
UH Hilo,Mining,2010,East North Central,1,0,0,HI
UH Hilo,Mining,2010,East North Central,5,0,0,HI
UH Hilo,Mining,2010,East North Central,10,0,0,HI
UH Hilo,Mining,2010,East South Central,1,0,0,HI
UH Hilo,Mining,2010,East South Central,5,0,0,HI
UH Hilo,Mining,2010,East South Central,10,0,0,HI
UH Hilo,Mining,2010,Middle Atlantic,1,0,0,HI
UH Hilo,Mining,2010,Middle Atlantic,5,0,0,HI
UH Hilo,Mining,2010,Middle Atlantic,10,0,0,HI
UH Hilo,Mining,2010,Mountain,1,0,0,HI
UH Hilo,Mining,2010,Mountain,5,0,0,HI
UH Hilo,Mining,2010,Mountain,10,0,0,HI
UH Hilo,Mining,2010,New England,1,0,0,HI
UH Hilo,Mining,2010,New England,5,0,0,HI
UH Hilo,Mining,2010,New England,10,0,0,HI
UH Hilo,Mining,2010,Pacific,1,0,0,HI
UH Hilo,Mining,2010,Pacific,5,0,0,HI
UH Hilo,Mining,2010,Pacific,10,0,0,HI
UH Hilo,Mining,2010,South Atlantic,1,0,0,HI
UH Hilo,Mining,2010,South Atlantic,5,0,0,HI
UH Hilo,Mining,2010,South Atlantic,10,0,0,HI
UH Hilo,Mining,2010,West North Central,1,0,0,HI
UH Hilo,Mining,2010,West North Central,5,0,0,HI
UH Hilo,Mining,2010,West North Central,10,0,0,HI
UH Hilo,Mining,2010,West South Central,1,0,0,HI
UH Hilo,Mining,2010,West South Central,5,0,0,HI
UH Hilo,Mining,2010,West South Central,10,0,1,HI
UH Hilo,Mining,2013,East North Central,1,0,0,HI
UH Hilo,Mining,2013,East North Central,5,0,0,HI
UH Hilo,Mining,2013,East North Central,10,,,HI
UH Hilo,Mining,2013,East South Central,1,0,0,HI
UH Hilo,Mining,2013,East South Central,5,0,0,HI
UH Hilo,Mining,2013,East South Central,10,,,HI
UH Hilo,Mining,2013,Middle Atlantic,1,0,0,HI
UH Hilo,Mining,2013,Middle Atlantic,5,0,0,HI
UH Hilo,Mining,2013,Middle Atlantic,10,,,HI
UH Hilo,Mining,2013,Mountain,1,0,0,HI
UH Hilo,Mining,2013,Mountain,5,0,0,HI
UH Hilo,Mining,2013,Mountain,10,,,HI
UH Hilo,Mining,2013,New England,1,0,0,HI
UH Hilo,Mining,2013,New England,5,0,0,HI
UH Hilo,Mining,2013,New England,10,,,HI
UH Hilo,Mining,2013,Pacific,1,0,0,HI
UH Hilo,Mining,2013,Pacific,5,0,0,HI
UH Hilo,Mining,2013,Pacific,10,,,HI
UH Hilo,Mining,2013,South Atlantic,1,0,0,HI
UH Hilo,Mining,2013,South Atlantic,5,0,0,HI
UH Hilo,Mining,2013,South Atlantic,10,,,HI
UH Hilo,Mining,2013,West North Central,1,0,0,HI
UH Hilo,Mining,2013,West North Central,5,0,0,HI
UH Hilo,Mining,2013,West North Central,10,,,HI
UH Hilo,Mining,2013,West South Central,1,0,0,HI
UH Hilo,Mining,2013,West South Central,5,0,0,HI
UH Hilo,Mining,2013,West South Central,10,,,HI
UH Hilo,Mining,2016,East North Central,1,0,0,HI
UH Hilo,Mining,2016,East North Central,5,0,0,HI
UH Hilo,Mining,2016,East North Central,10,,,HI
UH Hilo,Mining,2016,East South Central,1,0,0,HI
UH Hilo,Mining,2016,East South Central,5,0,0,HI
UH Hilo,Mining,2016,East South Central,10,,,HI
UH Hilo,Mining,2016,Middle Atlantic,1,0,0,HI
UH Hilo,Mining,2016,Middle Atlantic,5,0,0,HI
UH Hilo,Mining,2016,Middle Atlantic,10,,,HI
UH Hilo,Mining,2016,Mountain,1,0,0,HI
UH Hilo,Mining,2016,Mountain,5,0,0,HI
UH Hilo,Mining,2016,Mountain,10,,,HI
UH Hilo,Mining,2016,New England,1,0,0,HI
UH Hilo,Mining,2016,New England,5,0,0,HI
UH Hilo,Mining,2016,New England,10,,,HI
UH Hilo,Mining,2016,Pacific,1,0,0,HI
UH Hilo,Mining,2016,Pacific,5,0,0,HI
UH Hilo,Mining,2016,Pacific,10,,,HI
UH Hilo,Mining,2016,South Atlantic,1,0,0,HI
UH Hilo,Mining,2016,South Atlantic,5,0,0,HI
UH Hilo,Mining,2016,South Atlantic,10,,,HI
UH Hilo,Mining,2016,West North Central,1,0,0,HI
UH Hilo,Mining,2016,West North Central,5,0,0,HI
UH Hilo,Mining,2016,West North Central,10,,,HI
UH Hilo,Mining,2016,West South Central,1,0,1,HI
UH Hilo,Mining,2016,West South Central,5,0,0,HI
UH Hilo,Mining,2016,West South Central,10,,,HI
UH Hilo,Mining,2019,East North Central,1,0,0,HI
UH Hilo,Mining,2019,East North Central,5,,,HI
UH Hilo,Mining,2019,East North Central,10,,,HI
UH Hilo,Mining,2019,East South Central,1,0,0,HI
UH Hilo,Mining,2019,East South Central,5,,,HI
UH Hilo,Mining,2019,East South Central,10,,,HI
UH Hilo,Mining,2019,Middle Atlantic,1,0,0,HI
UH Hilo,Mining,2019,Middle Atlantic,5,,,HI
UH Hilo,Mining,2019,Middle Atlantic,10,,,HI
UH Hilo,Mining,2019,Mountain,1,0,0,HI
UH Hilo,Mining,2019,Mountain,5,,,HI
UH Hilo,Mining,2019,Mountain,10,,,HI
UH Hilo,Mining,2019,New England,1,0,0,HI
UH Hilo,Mining,2019,New England,5,,,HI
UH Hilo,Mining,2019,New England,10,,,HI
UH Hilo,Mining,2019,Pacific,1,0,0,HI
UH Hilo,Mining,2019,Pacific,5,,,HI
UH Hilo,Mining,2019,Pacific,10,,,HI
UH Hilo,Mining,2019,South Atlantic,1,0,0,HI
UH Hilo,Mining,2019,South Atlantic,5,,,HI
UH Hilo,Mining,2019,South Atlantic,10,,,HI
UH Hilo,Mining,2019,West North Central,1,0,0,HI
UH Hilo,Mining,2019,West North Central,5,,,HI
UH Hilo,Mining,2019,West North Central,10,,,HI
UH Hilo,Mining,2019,West South Central,1,0,1,HI
UH Hilo,Mining,2019,West South Central,5,,,HI
UH Hilo,Mining,2019,West South Central,10,,,HI
UH Hilo,Other Services,2004,East North Central,1,0,0,HI
UH Hilo,Other Services,2004,East North Central,5,0,0,HI
UH Hilo,Other Services,2004,East North Central,10,0,0,HI
UH Hilo,Other Services,2004,East South Central,1,0,0,HI
UH Hilo,Other Services,2004,East South Central,5,0,0,HI
UH Hilo,Other Services,2004,East South Central,10,0,0,HI
UH Hilo,Other Services,2004,Middle Atlantic,1,0,1,HI
UH Hilo,Other Services,2004,Middle Atlantic,5,0,0,HI
UH Hilo,Other Services,2004,Middle Atlantic,10,0,1,HI
UH Hilo,Other Services,2004,Mountain,1,0,0,HI
UH Hilo,Other Services,2004,Mountain,5,0,0,HI
UH Hilo,Other Services,2004,Mountain,10,0,1,HI
UH Hilo,Other Services,2004,New England,1,0,0,HI
UH Hilo,Other Services,2004,New England,5,0,0,HI
UH Hilo,Other Services,2004,New England,10,0,0,HI
UH Hilo,Other Services,2004,Pacific,1,3,5,HI
UH Hilo,Other Services,2004,Pacific,5,6,8,HI
UH Hilo,Other Services,2004,Pacific,10,8,12,HI
UH Hilo,Other Services,2004,South Atlantic,1,0,0,HI
UH Hilo,Other Services,2004,South Atlantic,5,0,1,HI
UH Hilo,Other Services,2004,South Atlantic,10,0,1,HI
UH Hilo,Other Services,2004,West North Central,1,0,0,HI
UH Hilo,Other Services,2004,West North Central,5,0,0,HI
UH Hilo,Other Services,2004,West North Central,10,0,0,HI
UH Hilo,Other Services,2004,West South Central,1,0,0,HI
UH Hilo,Other Services,2004,West South Central,5,0,3,HI
UH Hilo,Other Services,2004,West South Central,10,0,1,HI
UH Hilo,Other Services,2007,East North Central,1,0,0,HI
UH Hilo,Other Services,2007,East North Central,5,0,2,HI
UH Hilo,Other Services,2007,East North Central,10,0,0,HI
UH Hilo,Other Services,2007,East South Central,1,0,0,HI
UH Hilo,Other Services,2007,East South Central,5,0,0,HI
UH Hilo,Other Services,2007,East South Central,10,0,0,HI
UH Hilo,Other Services,2007,Middle Atlantic,1,0,0,HI
UH Hilo,Other Services,2007,Middle Atlantic,5,0,0,HI
UH Hilo,Other Services,2007,Middle Atlantic,10,0,3,HI
UH Hilo,Other Services,2007,Mountain,1,0,0,HI
UH Hilo,Other Services,2007,Mountain,5,0,0,HI
UH Hilo,Other Services,2007,Mountain,10,0,0,HI
UH Hilo,Other Services,2007,New England,1,0,0,HI
UH Hilo,Other Services,2007,New England,5,0,0,HI
UH Hilo,Other Services,2007,New England,10,0,0,HI
UH Hilo,Other Services,2007,Pacific,1,8,10,HI
UH Hilo,Other Services,2007,Pacific,5,2,4,HI
UH Hilo,Other Services,2007,Pacific,10,5,6,HI
UH Hilo,Other Services,2007,South Atlantic,1,0,1,HI
UH Hilo,Other Services,2007,South Atlantic,5,0,0,HI
UH Hilo,Other Services,2007,South Atlantic,10,0,1,HI
UH Hilo,Other Services,2007,West North Central,1,0,0,HI
UH Hilo,Other Services,2007,West North Central,5,0,0,HI
UH Hilo,Other Services,2007,West North Central,10,0,0,HI
UH Hilo,Other Services,2007,West South Central,1,0,0,HI
UH Hilo,Other Services,2007,West South Central,5,0,1,HI
UH Hilo,Other Services,2007,West South Central,10,0,0,HI
UH Hilo,Other Services,2010,East North Central,1,0,0,HI
UH Hilo,Other Services,2010,East North Central,5,0,0,HI
UH Hilo,Other Services,2010,East North Central,10,0,0,HI
UH Hilo,Other Services,2010,East South Central,1,0,0,HI
UH Hilo,Other Services,2010,East South Central,5,0,0,HI
UH Hilo,Other Services,2010,East South Central,10,0,1,HI
UH Hilo,Other Services,2010,Middle Atlantic,1,0,1,HI
UH Hilo,Other Services,2010,Middle Atlantic,5,0,2,HI
UH Hilo,Other Services,2010,Middle Atlantic,10,0,2,HI
UH Hilo,Other Services,2010,Mountain,1,0,0,HI
UH Hilo,Other Services,2010,Mountain,5,0,0,HI
UH Hilo,Other Services,2010,Mountain,10,0,1,HI
UH Hilo,Other Services,2010,New England,1,0,0,HI
UH Hilo,Other Services,2010,New England,5,0,0,HI
UH Hilo,Other Services,2010,New England,10,0,0,HI
UH Hilo,Other Services,2010,Pacific,1,8,11,HI
UH Hilo,Other Services,2010,Pacific,5,6,9,HI
UH Hilo,Other Services,2010,Pacific,10,15,20,HI
UH Hilo,Other Services,2010,South Atlantic,1,0,2,HI
UH Hilo,Other Services,2010,South Atlantic,5,0,0,HI
UH Hilo,Other Services,2010,South Atlantic,10,0,1,HI
UH Hilo,Other Services,2010,West North Central,1,0,0,HI
UH Hilo,Other Services,2010,West North Central,5,0,0,HI
UH Hilo,Other Services,2010,West North Central,10,0,0,HI
UH Hilo,Other Services,2010,West South Central,1,0,2,HI
UH Hilo,Other Services,2010,West South Central,5,0,0,HI
UH Hilo,Other Services,2010,West South Central,10,0,1,HI
UH Hilo,Other Services,2013,East North Central,1,0,0,HI
UH Hilo,Other Services,2013,East North Central,5,0,0,HI
UH Hilo,Other Services,2013,East North Central,10,,,HI
UH Hilo,Other Services,2013,East South Central,1,0,0,HI
UH Hilo,Other Services,2013,East South Central,5,0,0,HI
UH Hilo,Other Services,2013,East South Central,10,,,HI
UH Hilo,Other Services,2013,Middle Atlantic,1,0,1,HI
UH Hilo,Other Services,2013,Middle Atlantic,5,0,3,HI
UH Hilo,Other Services,2013,Middle Atlantic,10,,,HI
UH Hilo,Other Services,2013,Mountain,1,0,3,HI
UH Hilo,Other Services,2013,Mountain,5,0,1,HI
UH Hilo,Other Services,2013,Mountain,10,,,HI
UH Hilo,Other Services,2013,New England,1,0,0,HI
UH Hilo,Other Services,2013,New England,5,0,0,HI
UH Hilo,Other Services,2013,New England,10,,,HI
UH Hilo,Other Services,2013,Pacific,1,9,14,HI
UH Hilo,Other Services,2013,Pacific,5,9,19,HI
UH Hilo,Other Services,2013,Pacific,10,,,HI
UH Hilo,Other Services,2013,South Atlantic,1,0,3,HI
UH Hilo,Other Services,2013,South Atlantic,5,0,4,HI
UH Hilo,Other Services,2013,South Atlantic,10,,,HI
UH Hilo,Other Services,2013,West North Central,1,0,0,HI
UH Hilo,Other Services,2013,West North Central,5,0,0,HI
UH Hilo,Other Services,2013,West North Central,10,,,HI
UH Hilo,Other Services,2013,West South Central,1,0,4,HI
UH Hilo,Other Services,2013,West South Central,5,0,1,HI
UH Hilo,Other Services,2013,West South Central,10,,,HI
UH Hilo,Other Services,2016,East North Central,1,0,1,HI
UH Hilo,Other Services,2016,East North Central,5,0,0,HI
UH Hilo,Other Services,2016,East North Central,10,,,HI
UH Hilo,Other Services,2016,East South Central,1,0,0,HI
UH Hilo,Other Services,2016,East South Central,5,0,0,HI
UH Hilo,Other Services,2016,East South Central,10,,,HI
UH Hilo,Other Services,2016,Middle Atlantic,1,0,5,HI
UH Hilo,Other Services,2016,Middle Atlantic,5,0,0,HI
UH Hilo,Other Services,2016,Middle Atlantic,10,,,HI
UH Hilo,Other Services,2016,Mountain,1,0,0,HI
UH Hilo,Other Services,2016,Mountain,5,0,0,HI
UH Hilo,Other Services,2016,Mountain,10,,,HI
UH Hilo,Other Services,2016,New England,1,0,0,HI
UH Hilo,Other Services,2016,New England,5,0,0,HI
UH Hilo,Other Services,2016,New England,10,,,HI
UH Hilo,Other Services,2016,Pacific,1,12,16,HI
UH Hilo,Other Services,2016,Pacific,5,10,20,HI
UH Hilo,Other Services,2016,Pacific,10,,,HI
UH Hilo,Other Services,2016,South Atlantic,1,0,1,HI
UH Hilo,Other Services,2016,South Atlantic,5,0,0,HI
UH Hilo,Other Services,2016,South Atlantic,10,,,HI
UH Hilo,Other Services,2016,West North Central,1,0,0,HI
UH Hilo,Other Services,2016,West North Central,5,0,0,HI
UH Hilo,Other Services,2016,West North Central,10,,,HI
UH Hilo,Other Services,2016,West South Central,1,0,1,HI
UH Hilo,Other Services,2016,West South Central,5,0,1,HI
UH Hilo,Other Services,2016,West South Central,10,,,HI
UH Hilo,Other Services,2019,East North Central,1,0,0,HI
UH Hilo,Other Services,2019,East North Central,5,,,HI
UH Hilo,Other Services,2019,East North Central,10,,,HI
UH Hilo,Other Services,2019,East South Central,1,0,0,HI
UH Hilo,Other Services,2019,East South Central,5,,,HI
UH Hilo,Other Services,2019,East South Central,10,,,HI
UH Hilo,Other Services,2019,Middle Atlantic,1,0,1,HI
UH Hilo,Other Services,2019,Middle Atlantic,5,,,HI
UH Hilo,Other Services,2019,Middle Atlantic,10,,,HI
UH Hilo,Other Services,2019,Mountain,1,0,0,HI
UH Hilo,Other Services,2019,Mountain,5,,,HI
UH Hilo,Other Services,2019,Mountain,10,,,HI
UH Hilo,Other Services,2019,New England,1,0,0,HI
UH Hilo,Other Services,2019,New England,5,,,HI
UH Hilo,Other Services,2019,New England,10,,,HI
UH Hilo,Other Services,2019,Pacific,1,7,11,HI
UH Hilo,Other Services,2019,Pacific,5,,,HI
UH Hilo,Other Services,2019,Pacific,10,,,HI
UH Hilo,Other Services,2019,South Atlantic,1,0,0,HI
UH Hilo,Other Services,2019,South Atlantic,5,,,HI
UH Hilo,Other Services,2019,South Atlantic,10,,,HI
UH Hilo,Other Services,2019,West North Central,1,0,0,HI
UH Hilo,Other Services,2019,West North Central,5,,,HI
UH Hilo,Other Services,2019,West North Central,10,,,HI
UH Hilo,Other Services,2019,West South Central,1,0,0,HI
UH Hilo,Other Services,2019,West South Central,5,,,HI
UH Hilo,Other Services,2019,West South Central,10,,,HI
UH Hilo,Professional Services,2004,East North Central,1,0,1,HI
UH Hilo,Professional Services,2004,East North Central,5,0,5,HI
UH Hilo,Professional Services,2004,East North Central,10,0,2,HI
UH Hilo,Professional Services,2004,East South Central,1,0,0,HI
UH Hilo,Professional Services,2004,East South Central,5,0,4,HI
UH Hilo,Professional Services,2004,East South Central,10,0,0,HI
UH Hilo,Professional Services,2004,Middle Atlantic,1,0,1,HI
UH Hilo,Professional Services,2004,Middle Atlantic,5,0,1,HI
UH Hilo,Professional Services,2004,Middle Atlantic,10,0,3,HI
UH Hilo,Professional Services,2004,Mountain,1,0,0,HI
UH Hilo,Professional Services,2004,Mountain,5,0,4,HI
UH Hilo,Professional Services,2004,Mountain,10,0,1,HI
UH Hilo,Professional Services,2004,New England,1,0,0,HI
UH Hilo,Professional Services,2004,New England,5,0,0,HI
UH Hilo,Professional Services,2004,New England,10,0,0,HI
UH Hilo,Professional Services,2004,Pacific,1,18,23,HI
UH Hilo,Professional Services,2004,Pacific,5,18,26,HI
UH Hilo,Professional Services,2004,Pacific,10,19,33,HI
UH Hilo,Professional Services,2004,South Atlantic,1,0,1,HI
UH Hilo,Professional Services,2004,South Atlantic,5,0,5,HI
UH Hilo,Professional Services,2004,South Atlantic,10,0,2,HI
UH Hilo,Professional Services,2004,West North Central,1,0,0,HI
UH Hilo,Professional Services,2004,West North Central,5,0,3,HI
UH Hilo,Professional Services,2004,West North Central,10,0,3,HI
UH Hilo,Professional Services,2004,West South Central,1,0,2,HI
UH Hilo,Professional Services,2004,West South Central,5,0,5,HI
UH Hilo,Professional Services,2004,West South Central,10,0,2,HI
UH Hilo,Professional Services,2007,East North Central,1,0,3,HI
UH Hilo,Professional Services,2007,East North Central,5,0,2,HI
UH Hilo,Professional Services,2007,East North Central,10,0,6,HI
UH Hilo,Professional Services,2007,East South Central,1,0,2,HI
UH Hilo,Professional Services,2007,East South Central,5,0,0,HI
UH Hilo,Professional Services,2007,East South Central,10,0,0,HI
UH Hilo,Professional Services,2007,Middle Atlantic,1,0,5,HI
UH Hilo,Professional Services,2007,Middle Atlantic,5,0,1,HI
UH Hilo,Professional Services,2007,Middle Atlantic,10,0,1,HI
UH Hilo,Professional Services,2007,Mountain,1,0,4,HI
UH Hilo,Professional Services,2007,Mountain,5,0,7,HI
UH Hilo,Professional Services,2007,Mountain,10,0,6,HI
UH Hilo,Professional Services,2007,New England,1,0,0,HI
UH Hilo,Professional Services,2007,New England,5,0,0,HI
UH Hilo,Professional Services,2007,New England,10,0,0,HI
UH Hilo,Professional Services,2007,Pacific,1,48,60,HI
UH Hilo,Professional Services,2007,Pacific,5,29,41,HI
UH Hilo,Professional Services,2007,Pacific,10,22,36,HI
UH Hilo,Professional Services,2007,South Atlantic,1,0,10,HI
UH Hilo,Professional Services,2007,South Atlantic,5,0,2,HI
UH Hilo,Professional Services,2007,South Atlantic,10,0,10,HI
UH Hilo,Professional Services,2007,West North Central,1,0,0,HI
UH Hilo,Professional Services,2007,West North Central,5,0,0,HI
UH Hilo,Professional Services,2007,West North Central,10,0,0,HI
UH Hilo,Professional Services,2007,West South Central,1,0,2,HI
UH Hilo,Professional Services,2007,West South Central,5,0,0,HI
UH Hilo,Professional Services,2007,West South Central,10,0,2,HI
UH Hilo,Professional Services,2010,East North Central,1,0,0,HI
UH Hilo,Professional Services,2010,East North Central,5,0,0,HI
UH Hilo,Professional Services,2010,East North Central,10,0,6,HI
UH Hilo,Professional Services,2010,East South Central,1,0,0,HI
UH Hilo,Professional Services,2010,East South Central,5,0,0,HI
UH Hilo,Professional Services,2010,East South Central,10,0,1,HI
UH Hilo,Professional Services,2010,Middle Atlantic,1,0,2,HI
UH Hilo,Professional Services,2010,Middle Atlantic,5,0,3,HI
UH Hilo,Professional Services,2010,Middle Atlantic,10,0,3,HI
UH Hilo,Professional Services,2010,Mountain,1,0,2,HI
UH Hilo,Professional Services,2010,Mountain,5,0,3,HI
UH Hilo,Professional Services,2010,Mountain,10,0,7,HI
UH Hilo,Professional Services,2010,New England,1,0,0,HI
UH Hilo,Professional Services,2010,New England,5,0,0,HI
UH Hilo,Professional Services,2010,New England,10,0,0,HI
UH Hilo,Professional Services,2010,Pacific,1,28,38,HI
UH Hilo,Professional Services,2010,Pacific,5,32,42,HI
UH Hilo,Professional Services,2010,Pacific,10,23,48,HI
UH Hilo,Professional Services,2010,South Atlantic,1,0,3,HI
UH Hilo,Professional Services,2010,South Atlantic,5,0,4,HI
UH Hilo,Professional Services,2010,South Atlantic,10,0,6,HI
UH Hilo,Professional Services,2010,West North Central,1,0,2,HI
UH Hilo,Professional Services,2010,West North Central,5,0,0,HI
UH Hilo,Professional Services,2010,West North Central,10,0,2,HI
UH Hilo,Professional Services,2010,West South Central,1,0,1,HI
UH Hilo,Professional Services,2010,West South Central,5,0,2,HI
UH Hilo,Professional Services,2010,West South Central,10,0,2,HI
UH Hilo,Professional Services,2013,East North Central,1,0,1,HI
UH Hilo,Professional Services,2013,East North Central,5,0,2,HI
UH Hilo,Professional Services,2013,East North Central,10,,,HI
UH Hilo,Professional Services,2013,East South Central,1,0,0,HI
UH Hilo,Professional Services,2013,East South Central,5,0,2,HI
UH Hilo,Professional Services,2013,East South Central,10,,,HI
UH Hilo,Professional Services,2013,Middle Atlantic,1,0,2,HI
UH Hilo,Professional Services,2013,Middle Atlantic,5,0,2,HI
UH Hilo,Professional Services,2013,Middle Atlantic,10,,,HI
UH Hilo,Professional Services,2013,Mountain,1,0,2,HI
UH Hilo,Professional Services,2013,Mountain,5,0,5,HI
UH Hilo,Professional Services,2013,Mountain,10,,,HI
UH Hilo,Professional Services,2013,New England,1,0,1,HI
UH Hilo,Professional Services,2013,New England,5,0,0,HI
UH Hilo,Professional Services,2013,New England,10,,,HI
UH Hilo,Professional Services,2013,Pacific,1,34,47,HI
UH Hilo,Professional Services,2013,Pacific,5,33,48,HI
UH Hilo,Professional Services,2013,Pacific,10,,,HI
UH Hilo,Professional Services,2013,South Atlantic,1,0,8,HI
UH Hilo,Professional Services,2013,South Atlantic,5,0,5,HI
UH Hilo,Professional Services,2013,South Atlantic,10,,,HI
UH Hilo,Professional Services,2013,West North Central,1,0,0,HI
UH Hilo,Professional Services,2013,West North Central,5,0,1,HI
UH Hilo,Professional Services,2013,West North Central,10,,,HI
UH Hilo,Professional Services,2013,West South Central,1,0,3,HI
UH Hilo,Professional Services,2013,West South Central,5,0,1,HI
UH Hilo,Professional Services,2013,West South Central,10,,,HI
UH Hilo,Professional Services,2016,East North Central,1,0,6,HI
UH Hilo,Professional Services,2016,East North Central,5,0,9,HI
UH Hilo,Professional Services,2016,East North Central,10,,,HI
UH Hilo,Professional Services,2016,East South Central,1,0,0,HI
UH Hilo,Professional Services,2016,East South Central,5,0,0,HI
UH Hilo,Professional Services,2016,East South Central,10,,,HI
UH Hilo,Professional Services,2016,Middle Atlantic,1,0,1,HI
UH Hilo,Professional Services,2016,Middle Atlantic,5,0,2,HI
UH Hilo,Professional Services,2016,Middle Atlantic,10,,,HI
UH Hilo,Professional Services,2016,Mountain,1,0,3,HI
UH Hilo,Professional Services,2016,Mountain,5,0,6,HI
UH Hilo,Professional Services,2016,Mountain,10,,,HI
UH Hilo,Professional Services,2016,New England,1,0,0,HI
UH Hilo,Professional Services,2016,New England,5,0,4,HI
UH Hilo,Professional Services,2016,New England,10,,,HI
UH Hilo,Professional Services,2016,Pacific,1,44,57,HI
UH Hilo,Professional Services,2016,Pacific,5,38,57,HI
UH Hilo,Professional Services,2016,Pacific,10,,,HI
UH Hilo,Professional Services,2016,South Atlantic,1,0,1,HI
UH Hilo,Professional Services,2016,South Atlantic,5,0,6,HI
UH Hilo,Professional Services,2016,South Atlantic,10,,,HI
UH Hilo,Professional Services,2016,West North Central,1,0,1,HI
UH Hilo,Professional Services,2016,West North Central,5,0,0,HI
UH Hilo,Professional Services,2016,West North Central,10,,,HI
UH Hilo,Professional Services,2016,West South Central,1,0,2,HI
UH Hilo,Professional Services,2016,West South Central,5,0,4,HI
UH Hilo,Professional Services,2016,West South Central,10,,,HI
UH Hilo,Professional Services,2019,East North Central,1,0,1,HI
UH Hilo,Professional Services,2019,East North Central,5,,,HI
UH Hilo,Professional Services,2019,East North Central,10,,,HI
UH Hilo,Professional Services,2019,East South Central,1,0,0,HI
UH Hilo,Professional Services,2019,East South Central,5,,,HI
UH Hilo,Professional Services,2019,East South Central,10,,,HI
UH Hilo,Professional Services,2019,Middle Atlantic,1,0,3,HI
UH Hilo,Professional Services,2019,Middle Atlantic,5,,,HI
UH Hilo,Professional Services,2019,Middle Atlantic,10,,,HI
UH Hilo,Professional Services,2019,Mountain,1,0,8,HI
UH Hilo,Professional Services,2019,Mountain,5,,,HI
UH Hilo,Professional Services,2019,Mountain,10,,,HI
UH Hilo,Professional Services,2019,New England,1,0,1,HI
UH Hilo,Professional Services,2019,New England,5,,,HI
UH Hilo,Professional Services,2019,New England,10,,,HI
UH Hilo,Professional Services,2019,Pacific,1,33,46,HI
UH Hilo,Professional Services,2019,Pacific,5,,,HI
UH Hilo,Professional Services,2019,Pacific,10,,,HI
UH Hilo,Professional Services,2019,South Atlantic,1,0,3,HI
UH Hilo,Professional Services,2019,South Atlantic,5,,,HI
UH Hilo,Professional Services,2019,South Atlantic,10,,,HI
UH Hilo,Professional Services,2019,West North Central,1,0,0,HI
UH Hilo,Professional Services,2019,West North Central,5,,,HI
UH Hilo,Professional Services,2019,West North Central,10,,,HI
UH Hilo,Professional Services,2019,West South Central,1,0,2,HI
UH Hilo,Professional Services,2019,West South Central,5,,,HI
UH Hilo,Professional Services,2019,West South Central,10,,,HI
UH Hilo,Public Admin,2004,East North Central,1,0,0,HI
UH Hilo,Public Admin,2004,East North Central,5,0,2,HI
UH Hilo,Public Admin,2004,East North Central,10,0,0,HI
UH Hilo,Public Admin,2004,East South Central,1,0,0,HI
UH Hilo,Public Admin,2004,East South Central,5,0,1,HI
UH Hilo,Public Admin,2004,East South Central,10,0,0,HI
UH Hilo,Public Admin,2004,Middle Atlantic,1,0,2,HI
UH Hilo,Public Admin,2004,Middle Atlantic,5,0,1,HI
UH Hilo,Public Admin,2004,Middle Atlantic,10,0,5,HI
UH Hilo,Public Admin,2004,Mountain,1,0,0,HI
UH Hilo,Public Admin,2004,Mountain,5,0,2,HI
UH Hilo,Public Admin,2004,Mountain,10,0,3,HI
UH Hilo,Public Admin,2004,New England,1,0,0,HI
UH Hilo,Public Admin,2004,New England,5,0,0,HI
UH Hilo,Public Admin,2004,New England,10,0,2,HI
UH Hilo,Public Admin,2004,Pacific,1,20,28,HI
UH Hilo,Public Admin,2004,Pacific,5,30,38,HI
UH Hilo,Public Admin,2004,Pacific,10,40,45,HI
UH Hilo,Public Admin,2004,South Atlantic,1,0,4,HI
UH Hilo,Public Admin,2004,South Atlantic,5,0,4,HI
UH Hilo,Public Admin,2004,South Atlantic,10,0,5,HI
UH Hilo,Public Admin,2004,West North Central,1,0,1,HI
UH Hilo,Public Admin,2004,West North Central,5,0,1,HI
UH Hilo,Public Admin,2004,West North Central,10,0,0,HI
UH Hilo,Public Admin,2004,West South Central,1,0,0,HI
UH Hilo,Public Admin,2004,West South Central,5,0,7,HI
UH Hilo,Public Admin,2004,West South Central,10,0,0,HI
UH Hilo,Public Admin,2007,East North Central,1,0,0,HI
UH Hilo,Public Admin,2007,East North Central,5,0,2,HI
UH Hilo,Public Admin,2007,East North Central,10,0,6,HI
UH Hilo,Public Admin,2007,East South Central,1,0,0,HI
UH Hilo,Public Admin,2007,East South Central,5,0,1,HI
UH Hilo,Public Admin,2007,East South Central,10,0,1,HI
UH Hilo,Public Admin,2007,Middle Atlantic,1,0,1,HI
UH Hilo,Public Admin,2007,Middle Atlantic,5,0,2,HI
UH Hilo,Public Admin,2007,Middle Atlantic,10,0,7,HI
UH Hilo,Public Admin,2007,Mountain,1,0,4,HI
UH Hilo,Public Admin,2007,Mountain,5,0,3,HI
UH Hilo,Public Admin,2007,Mountain,10,0,4,HI
UH Hilo,Public Admin,2007,New England,1,0,0,HI
UH Hilo,Public Admin,2007,New England,5,0,0,HI
UH Hilo,Public Admin,2007,New England,10,0,1,HI
UH Hilo,Public Admin,2007,Pacific,1,35,43,HI
UH Hilo,Public Admin,2007,Pacific,5,56,72,HI
UH Hilo,Public Admin,2007,Pacific,10,76,94,HI
UH Hilo,Public Admin,2007,South Atlantic,1,0,2,HI
UH Hilo,Public Admin,2007,South Atlantic,5,0,4,HI
UH Hilo,Public Admin,2007,South Atlantic,10,0,5,HI
UH Hilo,Public Admin,2007,West North Central,1,0,0,HI
UH Hilo,Public Admin,2007,West North Central,5,0,1,HI
UH Hilo,Public Admin,2007,West North Central,10,0,0,HI
UH Hilo,Public Admin,2007,West South Central,1,0,1,HI
UH Hilo,Public Admin,2007,West South Central,5,0,1,HI
UH Hilo,Public Admin,2007,West South Central,10,0,6,HI
UH Hilo,Public Admin,2010,East North Central,1,0,4,HI
UH Hilo,Public Admin,2010,East North Central,5,0,0,HI
UH Hilo,Public Admin,2010,East North Central,10,0,3,HI
UH Hilo,Public Admin,2010,East South Central,1,0,0,HI
UH Hilo,Public Admin,2010,East South Central,5,0,0,HI
UH Hilo,Public Admin,2010,East South Central,10,0,0,HI
UH Hilo,Public Admin,2010,Middle Atlantic,1,0,5,HI
UH Hilo,Public Admin,2010,Middle Atlantic,5,0,2,HI
UH Hilo,Public Admin,2010,Middle Atlantic,10,0,11,HI
UH Hilo,Public Admin,2010,Mountain,1,0,6,HI
UH Hilo,Public Admin,2010,Mountain,5,0,2,HI
UH Hilo,Public Admin,2010,Mountain,10,0,2,HI
UH Hilo,Public Admin,2010,New England,1,0,1,HI
UH Hilo,Public Admin,2010,New England,5,0,0,HI
UH Hilo,Public Admin,2010,New England,10,0,1,HI
UH Hilo,Public Admin,2010,Pacific,1,31,40,HI
UH Hilo,Public Admin,2010,Pacific,5,62,73,HI
UH Hilo,Public Admin,2010,Pacific,10,95,121,HI
UH Hilo,Public Admin,2010,South Atlantic,1,0,10,HI
UH Hilo,Public Admin,2010,South Atlantic,5,0,5,HI
UH Hilo,Public Admin,2010,South Atlantic,10,0,7,HI
UH Hilo,Public Admin,2010,West North Central,1,0,0,HI
UH Hilo,Public Admin,2010,West North Central,5,0,0,HI
UH Hilo,Public Admin,2010,West North Central,10,0,1,HI
UH Hilo,Public Admin,2010,West South Central,1,0,5,HI
UH Hilo,Public Admin,2010,West South Central,5,0,1,HI
UH Hilo,Public Admin,2010,West South Central,10,0,3,HI
UH Hilo,Public Admin,2013,East North Central,1,0,2,HI
UH Hilo,Public Admin,2013,East North Central,5,0,7,HI
UH Hilo,Public Admin,2013,East North Central,10,,,HI
UH Hilo,Public Admin,2013,East South Central,1,0,1,HI
UH Hilo,Public Admin,2013,East South Central,5,0,0,HI
UH Hilo,Public Admin,2013,East South Central,10,,,HI
UH Hilo,Public Admin,2013,Middle Atlantic,1,0,1,HI
UH Hilo,Public Admin,2013,Middle Atlantic,5,0,3,HI
UH Hilo,Public Admin,2013,Middle Atlantic,10,,,HI
UH Hilo,Public Admin,2013,Mountain,1,0,1,HI
UH Hilo,Public Admin,2013,Mountain,5,0,6,HI
UH Hilo,Public Admin,2013,Mountain,10,,,HI
UH Hilo,Public Admin,2013,New England,1,0,1,HI
UH Hilo,Public Admin,2013,New England,5,0,0,HI
UH Hilo,Public Admin,2013,New England,10,,,HI
UH Hilo,Public Admin,2013,Pacific,1,38,46,HI
UH Hilo,Public Admin,2013,Pacific,5,86,98,HI
UH Hilo,Public Admin,2013,Pacific,10,,,HI
UH Hilo,Public Admin,2013,South Atlantic,1,0,4,HI
UH Hilo,Public Admin,2013,South Atlantic,5,0,7,HI
UH Hilo,Public Admin,2013,South Atlantic,10,,,HI
UH Hilo,Public Admin,2013,West North Central,1,0,0,HI
UH Hilo,Public Admin,2013,West North Central,5,0,1,HI
UH Hilo,Public Admin,2013,West North Central,10,,,HI
UH Hilo,Public Admin,2013,West South Central,1,0,2,HI
UH Hilo,Public Admin,2013,West South Central,5,0,6,HI
UH Hilo,Public Admin,2013,West South Central,10,,,HI
UH Hilo,Public Admin,2016,East North Central,1,0,1,HI
UH Hilo,Public Admin,2016,East North Central,5,0,3,HI
UH Hilo,Public Admin,2016,East North Central,10,,,HI
UH Hilo,Public Admin,2016,East South Central,1,0,1,HI
UH Hilo,Public Admin,2016,East South Central,5,0,0,HI
UH Hilo,Public Admin,2016,East South Central,10,,,HI
UH Hilo,Public Admin,2016,Middle Atlantic,1,0,2,HI
UH Hilo,Public Admin,2016,Middle Atlantic,5,0,2,HI
UH Hilo,Public Admin,2016,Middle Atlantic,10,,,HI
UH Hilo,Public Admin,2016,Mountain,1,0,4,HI
UH Hilo,Public Admin,2016,Mountain,5,0,1,HI
UH Hilo,Public Admin,2016,Mountain,10,,,HI
UH Hilo,Public Admin,2016,New England,1,0,0,HI
UH Hilo,Public Admin,2016,New England,5,0,0,HI
UH Hilo,Public Admin,2016,New England,10,,,HI
UH Hilo,Public Admin,2016,Pacific,1,51,58,HI
UH Hilo,Public Admin,2016,Pacific,5,76,89,HI
UH Hilo,Public Admin,2016,Pacific,10,,,HI
UH Hilo,Public Admin,2016,South Atlantic,1,0,6,HI
UH Hilo,Public Admin,2016,South Atlantic,5,0,11,HI
UH Hilo,Public Admin,2016,South Atlantic,10,,,HI
UH Hilo,Public Admin,2016,West North Central,1,0,0,HI
UH Hilo,Public Admin,2016,West North Central,5,0,0,HI
UH Hilo,Public Admin,2016,West North Central,10,,,HI
UH Hilo,Public Admin,2016,West South Central,1,0,2,HI
UH Hilo,Public Admin,2016,West South Central,5,0,4,HI
UH Hilo,Public Admin,2016,West South Central,10,,,HI
UH Hilo,Public Admin,2019,East North Central,1,0,1,HI
UH Hilo,Public Admin,2019,East North Central,5,,,HI
UH Hilo,Public Admin,2019,East North Central,10,,,HI
UH Hilo,Public Admin,2019,East South Central,1,0,0,HI
UH Hilo,Public Admin,2019,East South Central,5,,,HI
UH Hilo,Public Admin,2019,East South Central,10,,,HI
UH Hilo,Public Admin,2019,Middle Atlantic,1,0,4,HI
UH Hilo,Public Admin,2019,Middle Atlantic,5,,,HI
UH Hilo,Public Admin,2019,Middle Atlantic,10,,,HI
UH Hilo,Public Admin,2019,Mountain,1,0,4,HI
UH Hilo,Public Admin,2019,Mountain,5,,,HI
UH Hilo,Public Admin,2019,Mountain,10,,,HI
UH Hilo,Public Admin,2019,New England,1,0,0,HI
UH Hilo,Public Admin,2019,New England,5,,,HI
UH Hilo,Public Admin,2019,New England,10,,,HI
UH Hilo,Public Admin,2019,Pacific,1,43,55,HI
UH Hilo,Public Admin,2019,Pacific,5,,,HI
UH Hilo,Public Admin,2019,Pacific,10,,,HI
UH Hilo,Public Admin,2019,South Atlantic,1,0,4,HI
UH Hilo,Public Admin,2019,South Atlantic,5,,,HI
UH Hilo,Public Admin,2019,South Atlantic,10,,,HI
UH Hilo,Public Admin,2019,West North Central,1,0,0,HI
UH Hilo,Public Admin,2019,West North Central,5,,,HI
UH Hilo,Public Admin,2019,West North Central,10,,,HI
UH Hilo,Public Admin,2019,West South Central,1,0,1,HI
UH Hilo,Public Admin,2019,West South Central,5,,,HI
UH Hilo,Public Admin,2019,West South Central,10,,,HI
UH Hilo,Real Estate,2004,East North Central,1,0,0,HI
UH Hilo,Real Estate,2004,East North Central,5,0,0,HI
UH Hilo,Real Estate,2004,East North Central,10,0,0,HI
UH Hilo,Real Estate,2004,East South Central,1,0,0,HI
UH Hilo,Real Estate,2004,East South Central,5,0,0,HI
UH Hilo,Real Estate,2004,East South Central,10,0,0,HI
UH Hilo,Real Estate,2004,Middle Atlantic,1,0,1,HI
UH Hilo,Real Estate,2004,Middle Atlantic,5,0,2,HI
UH Hilo,Real Estate,2004,Middle Atlantic,10,0,0,HI
UH Hilo,Real Estate,2004,Mountain,1,0,0,HI
UH Hilo,Real Estate,2004,Mountain,5,0,1,HI
UH Hilo,Real Estate,2004,Mountain,10,0,0,HI
UH Hilo,Real Estate,2004,New England,1,0,0,HI
UH Hilo,Real Estate,2004,New England,5,0,0,HI
UH Hilo,Real Estate,2004,New England,10,0,0,HI
UH Hilo,Real Estate,2004,Pacific,1,8,9,HI
UH Hilo,Real Estate,2004,Pacific,5,6,6,HI
UH Hilo,Real Estate,2004,Pacific,10,7,9,HI
UH Hilo,Real Estate,2004,South Atlantic,1,0,0,HI
UH Hilo,Real Estate,2004,South Atlantic,5,0,1,HI
UH Hilo,Real Estate,2004,South Atlantic,10,0,0,HI
UH Hilo,Real Estate,2004,West North Central,1,0,0,HI
UH Hilo,Real Estate,2004,West North Central,5,0,0,HI
UH Hilo,Real Estate,2004,West North Central,10,0,0,HI
UH Hilo,Real Estate,2004,West South Central,1,0,0,HI
UH Hilo,Real Estate,2004,West South Central,5,0,0,HI
UH Hilo,Real Estate,2004,West South Central,10,0,0,HI
UH Hilo,Real Estate,2007,East North Central,1,0,0,HI
UH Hilo,Real Estate,2007,East North Central,5,0,0,HI
UH Hilo,Real Estate,2007,East North Central,10,0,2,HI
UH Hilo,Real Estate,2007,East South Central,1,0,0,HI
UH Hilo,Real Estate,2007,East South Central,5,0,0,HI
UH Hilo,Real Estate,2007,East South Central,10,0,0,HI
UH Hilo,Real Estate,2007,Middle Atlantic,1,0,2,HI
UH Hilo,Real Estate,2007,Middle Atlantic,5,0,1,HI
UH Hilo,Real Estate,2007,Middle Atlantic,10,0,2,HI
UH Hilo,Real Estate,2007,Mountain,1,0,0,HI
UH Hilo,Real Estate,2007,Mountain,5,0,0,HI
UH Hilo,Real Estate,2007,Mountain,10,0,0,HI
UH Hilo,Real Estate,2007,New England,1,0,0,HI
UH Hilo,Real Estate,2007,New England,5,0,0,HI
UH Hilo,Real Estate,2007,New England,10,0,0,HI
UH Hilo,Real Estate,2007,Pacific,1,6,8,HI
UH Hilo,Real Estate,2007,Pacific,5,4,8,HI
UH Hilo,Real Estate,2007,Pacific,10,3,10,HI
UH Hilo,Real Estate,2007,South Atlantic,1,0,0,HI
UH Hilo,Real Estate,2007,South Atlantic,5,0,0,HI
UH Hilo,Real Estate,2007,South Atlantic,10,0,3,HI
UH Hilo,Real Estate,2007,West North Central,1,0,0,HI
UH Hilo,Real Estate,2007,West North Central,5,0,0,HI
UH Hilo,Real Estate,2007,West North Central,10,0,0,HI
UH Hilo,Real Estate,2007,West South Central,1,0,0,HI
UH Hilo,Real Estate,2007,West South Central,5,0,0,HI
UH Hilo,Real Estate,2007,West South Central,10,0,1,HI
UH Hilo,Real Estate,2010,East North Central,1,0,0,HI
UH Hilo,Real Estate,2010,East North Central,5,0,0,HI
UH Hilo,Real Estate,2010,East North Central,10,0,0,HI
UH Hilo,Real Estate,2010,East South Central,1,0,1,HI
UH Hilo,Real Estate,2010,East South Central,5,0,0,HI
UH Hilo,Real Estate,2010,East South Central,10,0,0,HI
UH Hilo,Real Estate,2010,Middle Atlantic,1,0,0,HI
UH Hilo,Real Estate,2010,Middle Atlantic,5,0,0,HI
UH Hilo,Real Estate,2010,Middle Atlantic,10,0,1,HI
UH Hilo,Real Estate,2010,Mountain,1,0,0,HI
UH Hilo,Real Estate,2010,Mountain,5,0,0,HI
UH Hilo,Real Estate,2010,Mountain,10,0,0,HI
UH Hilo,Real Estate,2010,New England,1,0,0,HI
UH Hilo,Real Estate,2010,New England,5,0,0,HI
UH Hilo,Real Estate,2010,New England,10,0,0,HI
UH Hilo,Real Estate,2010,Pacific,1,9,11,HI
UH Hilo,Real Estate,2010,Pacific,5,3,4,HI
UH Hilo,Real Estate,2010,Pacific,10,2,7,HI
UH Hilo,Real Estate,2010,South Atlantic,1,0,2,HI
UH Hilo,Real Estate,2010,South Atlantic,5,0,0,HI
UH Hilo,Real Estate,2010,South Atlantic,10,0,0,HI
UH Hilo,Real Estate,2010,West North Central,1,0,0,HI
UH Hilo,Real Estate,2010,West North Central,5,0,0,HI
UH Hilo,Real Estate,2010,West North Central,10,0,0,HI
UH Hilo,Real Estate,2010,West South Central,1,0,1,HI
UH Hilo,Real Estate,2010,West South Central,5,0,0,HI
UH Hilo,Real Estate,2010,West South Central,10,0,0,HI
UH Hilo,Real Estate,2013,East North Central,1,0,0,HI
UH Hilo,Real Estate,2013,East North Central,5,0,0,HI
UH Hilo,Real Estate,2013,East North Central,10,,,HI
UH Hilo,Real Estate,2013,East South Central,1,0,0,HI
UH Hilo,Real Estate,2013,East South Central,5,0,0,HI
UH Hilo,Real Estate,2013,East South Central,10,,,HI
UH Hilo,Real Estate,2013,Middle Atlantic,1,0,1,HI
UH Hilo,Real Estate,2013,Middle Atlantic,5,0,0,HI
UH Hilo,Real Estate,2013,Middle Atlantic,10,,,HI
UH Hilo,Real Estate,2013,Mountain,1,0,1,HI
UH Hilo,Real Estate,2013,Mountain,5,0,1,HI
UH Hilo,Real Estate,2013,Mountain,10,,,HI
UH Hilo,Real Estate,2013,New England,1,0,0,HI
UH Hilo,Real Estate,2013,New England,5,0,0,HI
UH Hilo,Real Estate,2013,New England,10,,,HI
UH Hilo,Real Estate,2013,Pacific,1,9,12,HI
UH Hilo,Real Estate,2013,Pacific,5,11,16,HI
UH Hilo,Real Estate,2013,Pacific,10,,,HI
UH Hilo,Real Estate,2013,South Atlantic,1,0,1,HI
UH Hilo,Real Estate,2013,South Atlantic,5,0,0,HI
UH Hilo,Real Estate,2013,South Atlantic,10,,,HI
UH Hilo,Real Estate,2013,West North Central,1,0,0,HI
UH Hilo,Real Estate,2013,West North Central,5,0,0,HI
UH Hilo,Real Estate,2013,West North Central,10,,,HI
UH Hilo,Real Estate,2013,West South Central,1,0,4,HI
UH Hilo,Real Estate,2013,West South Central,5,0,3,HI
UH Hilo,Real Estate,2013,West South Central,10,,,HI
UH Hilo,Real Estate,2016,East North Central,1,0,0,HI
UH Hilo,Real Estate,2016,East North Central,5,0,0,HI
UH Hilo,Real Estate,2016,East North Central,10,,,HI
UH Hilo,Real Estate,2016,East South Central,1,0,0,HI
UH Hilo,Real Estate,2016,East South Central,5,0,0,HI
UH Hilo,Real Estate,2016,East South Central,10,,,HI
UH Hilo,Real Estate,2016,Middle Atlantic,1,0,0,HI
UH Hilo,Real Estate,2016,Middle Atlantic,5,0,0,HI
UH Hilo,Real Estate,2016,Middle Atlantic,10,,,HI
UH Hilo,Real Estate,2016,Mountain,1,0,0,HI
UH Hilo,Real Estate,2016,Mountain,5,0,0,HI
UH Hilo,Real Estate,2016,Mountain,10,,,HI
UH Hilo,Real Estate,2016,New England,1,0,0,HI
UH Hilo,Real Estate,2016,New England,5,0,0,HI
UH Hilo,Real Estate,2016,New England,10,,,HI
UH Hilo,Real Estate,2016,Pacific,1,10,12,HI
UH Hilo,Real Estate,2016,Pacific,5,5,5,HI
UH Hilo,Real Estate,2016,Pacific,10,,,HI
UH Hilo,Real Estate,2016,South Atlantic,1,0,0,HI
UH Hilo,Real Estate,2016,South Atlantic,5,0,0,HI
UH Hilo,Real Estate,2016,South Atlantic,10,,,HI
UH Hilo,Real Estate,2016,West North Central,1,0,0,HI
UH Hilo,Real Estate,2016,West North Central,5,0,0,HI
UH Hilo,Real Estate,2016,West North Central,10,,,HI
UH Hilo,Real Estate,2016,West South Central,1,0,0,HI
UH Hilo,Real Estate,2016,West South Central,5,0,0,HI
UH Hilo,Real Estate,2016,West South Central,10,,,HI
UH Hilo,Real Estate,2019,East North Central,1,0,1,HI
UH Hilo,Real Estate,2019,East North Central,5,,,HI
UH Hilo,Real Estate,2019,East North Central,10,,,HI
UH Hilo,Real Estate,2019,East South Central,1,0,0,HI
UH Hilo,Real Estate,2019,East South Central,5,,,HI
UH Hilo,Real Estate,2019,East South Central,10,,,HI
UH Hilo,Real Estate,2019,Middle Atlantic,1,0,4,HI
UH Hilo,Real Estate,2019,Middle Atlantic,5,,,HI
UH Hilo,Real Estate,2019,Middle Atlantic,10,,,HI
UH Hilo,Real Estate,2019,Mountain,1,0,0,HI
UH Hilo,Real Estate,2019,Mountain,5,,,HI
UH Hilo,Real Estate,2019,Mountain,10,,,HI
UH Hilo,Real Estate,2019,New England,1,0,0,HI
UH Hilo,Real Estate,2019,New England,5,,,HI
UH Hilo,Real Estate,2019,New England,10,,,HI
UH Hilo,Real Estate,2019,Pacific,1,10,14,HI
UH Hilo,Real Estate,2019,Pacific,5,,,HI
UH Hilo,Real Estate,2019,Pacific,10,,,HI
UH Hilo,Real Estate,2019,South Atlantic,1,0,1,HI
UH Hilo,Real Estate,2019,South Atlantic,5,,,HI
UH Hilo,Real Estate,2019,South Atlantic,10,,,HI
UH Hilo,Real Estate,2019,West North Central,1,0,0,HI
UH Hilo,Real Estate,2019,West North Central,5,,,HI
UH Hilo,Real Estate,2019,West North Central,10,,,HI
UH Hilo,Real Estate,2019,West South Central,1,0,0,HI
UH Hilo,Real Estate,2019,West South Central,5,,,HI
UH Hilo,Real Estate,2019,West South Central,10,,,HI
UH Hilo,Retail,2004,East North Central,1,0,0,HI
UH Hilo,Retail,2004,East North Central,5,0,2,HI
UH Hilo,Retail,2004,East North Central,10,0,3,HI
UH Hilo,Retail,2004,East South Central,1,0,0,HI
UH Hilo,Retail,2004,East South Central,5,0,2,HI
UH Hilo,Retail,2004,East South Central,10,0,1,HI
UH Hilo,Retail,2004,Middle Atlantic,1,0,2,HI
UH Hilo,Retail,2004,Middle Atlantic,5,0,6,HI
UH Hilo,Retail,2004,Middle Atlantic,10,0,1,HI
UH Hilo,Retail,2004,Mountain,1,0,0,HI
UH Hilo,Retail,2004,Mountain,5,0,3,HI
UH Hilo,Retail,2004,Mountain,10,0,5,HI
UH Hilo,Retail,2004,New England,1,0,0,HI
UH Hilo,Retail,2004,New England,5,0,0,HI
UH Hilo,Retail,2004,New England,10,0,1,HI
UH Hilo,Retail,2004,Pacific,1,36,37,HI
UH Hilo,Retail,2004,Pacific,5,24,26,HI
UH Hilo,Retail,2004,Pacific,10,16,30,HI
UH Hilo,Retail,2004,South Atlantic,1,0,1,HI
UH Hilo,Retail,2004,South Atlantic,5,0,11,HI
UH Hilo,Retail,2004,South Atlantic,10,0,8,HI
UH Hilo,Retail,2004,West North Central,1,0,0,HI
UH Hilo,Retail,2004,West North Central,5,0,3,HI
UH Hilo,Retail,2004,West North Central,10,0,1,HI
UH Hilo,Retail,2004,West South Central,1,0,2,HI
UH Hilo,Retail,2004,West South Central,5,0,1,HI
UH Hilo,Retail,2004,West South Central,10,0,3,HI
UH Hilo,Retail,2007,East North Central,1,0,4,HI
UH Hilo,Retail,2007,East North Central,5,0,1,HI
UH Hilo,Retail,2007,East North Central,10,0,4,HI
UH Hilo,Retail,2007,East South Central,1,0,0,HI
UH Hilo,Retail,2007,East South Central,5,0,1,HI
UH Hilo,Retail,2007,East South Central,10,0,5,HI
UH Hilo,Retail,2007,Middle Atlantic,1,0,5,HI
UH Hilo,Retail,2007,Middle Atlantic,5,0,1,HI
UH Hilo,Retail,2007,Middle Atlantic,10,0,5,HI
UH Hilo,Retail,2007,Mountain,1,0,10,HI
UH Hilo,Retail,2007,Mountain,5,0,7,HI
UH Hilo,Retail,2007,Mountain,10,0,6,HI
UH Hilo,Retail,2007,New England,1,0,0,HI
UH Hilo,Retail,2007,New England,5,0,0,HI
UH Hilo,Retail,2007,New England,10,0,0,HI
UH Hilo,Retail,2007,Pacific,1,45,57,HI
UH Hilo,Retail,2007,Pacific,5,35,48,HI
UH Hilo,Retail,2007,Pacific,10,22,26,HI
UH Hilo,Retail,2007,South Atlantic,1,0,3,HI
UH Hilo,Retail,2007,South Atlantic,5,0,12,HI
UH Hilo,Retail,2007,South Atlantic,10,0,8,HI
UH Hilo,Retail,2007,West North Central,1,0,5,HI
UH Hilo,Retail,2007,West North Central,5,0,2,HI
UH Hilo,Retail,2007,West North Central,10,0,2,HI
UH Hilo,Retail,2007,West South Central,1,0,3,HI
UH Hilo,Retail,2007,West South Central,5,0,1,HI
UH Hilo,Retail,2007,West South Central,10,0,6,HI
UH Hilo,Retail,2010,East North Central,1,0,5,HI
UH Hilo,Retail,2010,East North Central,5,0,2,HI
UH Hilo,Retail,2010,East North Central,10,0,2,HI
UH Hilo,Retail,2010,East South Central,1,0,2,HI
UH Hilo,Retail,2010,East South Central,5,0,2,HI
UH Hilo,Retail,2010,East South Central,10,0,0,HI
UH Hilo,Retail,2010,Middle Atlantic,1,0,7,HI
UH Hilo,Retail,2010,Middle Atlantic,5,0,5,HI
UH Hilo,Retail,2010,Middle Atlantic,10,0,4,HI
UH Hilo,Retail,2010,Mountain,1,0,14,HI
UH Hilo,Retail,2010,Mountain,5,0,11,HI
UH Hilo,Retail,2010,Mountain,10,0,9,HI
UH Hilo,Retail,2010,New England,1,0,3,HI
UH Hilo,Retail,2010,New England,5,0,0,HI
UH Hilo,Retail,2010,New England,10,0,1,HI
UH Hilo,Retail,2010,Pacific,1,83,116,HI
UH Hilo,Retail,2010,Pacific,5,65,102,HI
UH Hilo,Retail,2010,Pacific,10,47,81,HI
UH Hilo,Retail,2010,South Atlantic,1,0,8,HI
UH Hilo,Retail,2010,South Atlantic,5,0,5,HI
UH Hilo,Retail,2010,South Atlantic,10,0,3,HI
UH Hilo,Retail,2010,West North Central,1,0,0,HI
UH Hilo,Retail,2010,West North Central,5,0,0,HI
UH Hilo,Retail,2010,West North Central,10,0,4,HI
UH Hilo,Retail,2010,West South Central,1,0,7,HI
UH Hilo,Retail,2010,West South Central,5,0,3,HI
UH Hilo,Retail,2010,West South Central,10,0,6,HI
UH Hilo,Retail,2013,East North Central,1,0,8,HI
UH Hilo,Retail,2013,East North Central,5,0,7,HI
UH Hilo,Retail,2013,East North Central,10,,,HI
UH Hilo,Retail,2013,East South Central,1,0,1,HI
UH Hilo,Retail,2013,East South Central,5,0,8,HI
UH Hilo,Retail,2013,East South Central,10,,,HI
UH Hilo,Retail,2013,Middle Atlantic,1,0,6,HI
UH Hilo,Retail,2013,Middle Atlantic,5,0,8,HI
UH Hilo,Retail,2013,Middle Atlantic,10,,,HI
UH Hilo,Retail,2013,Mountain,1,0,18,HI
UH Hilo,Retail,2013,Mountain,5,0,19,HI
UH Hilo,Retail,2013,Mountain,10,,,HI
UH Hilo,Retail,2013,New England,1,0,1,HI
UH Hilo,Retail,2013,New England,5,0,2,HI
UH Hilo,Retail,2013,New England,10,,,HI
UH Hilo,Retail,2013,Pacific,1,110,168,HI
UH Hilo,Retail,2013,Pacific,5,78,129,HI
UH Hilo,Retail,2013,Pacific,10,,,HI
UH Hilo,Retail,2013,South Atlantic,1,0,13,HI
UH Hilo,Retail,2013,South Atlantic,5,0,6,HI
UH Hilo,Retail,2013,South Atlantic,10,,,HI
UH Hilo,Retail,2013,West North Central,1,0,10,HI
UH Hilo,Retail,2013,West North Central,5,0,11,HI
UH Hilo,Retail,2013,West North Central,10,,,HI
UH Hilo,Retail,2013,West South Central,1,0,9,HI
UH Hilo,Retail,2013,West South Central,5,0,5,HI
UH Hilo,Retail,2013,West South Central,10,,,HI
UH Hilo,Retail,2016,East North Central,1,0,8,HI
UH Hilo,Retail,2016,East North Central,5,0,14,HI
UH Hilo,Retail,2016,East North Central,10,,,HI
UH Hilo,Retail,2016,East South Central,1,0,3,HI
UH Hilo,Retail,2016,East South Central,5,0,4,HI
UH Hilo,Retail,2016,East South Central,10,,,HI
UH Hilo,Retail,2016,Middle Atlantic,1,0,3,HI
UH Hilo,Retail,2016,Middle Atlantic,5,0,4,HI
UH Hilo,Retail,2016,Middle Atlantic,10,,,HI
UH Hilo,Retail,2016,Mountain,1,0,11,HI
UH Hilo,Retail,2016,Mountain,5,0,20,HI
UH Hilo,Retail,2016,Mountain,10,,,HI
UH Hilo,Retail,2016,New England,1,0,0,HI
UH Hilo,Retail,2016,New England,5,0,4,HI
UH Hilo,Retail,2016,New England,10,,,HI
UH Hilo,Retail,2016,Pacific,1,107,173,HI
UH Hilo,Retail,2016,Pacific,5,76,138,HI
UH Hilo,Retail,2016,Pacific,10,,,HI
UH Hilo,Retail,2016,South Atlantic,1,0,9,HI
UH Hilo,Retail,2016,South Atlantic,5,0,7,HI
UH Hilo,Retail,2016,South Atlantic,10,,,HI
UH Hilo,Retail,2016,West North Central,1,0,1,HI
UH Hilo,Retail,2016,West North Central,5,0,5,HI
UH Hilo,Retail,2016,West North Central,10,,,HI
UH Hilo,Retail,2016,West South Central,1,0,2,HI
UH Hilo,Retail,2016,West South Central,5,0,8,HI
UH Hilo,Retail,2016,West South Central,10,,,HI
UH Hilo,Retail,2019,East North Central,1,0,4,HI
UH Hilo,Retail,2019,East North Central,5,,,HI
UH Hilo,Retail,2019,East North Central,10,,,HI
UH Hilo,Retail,2019,East South Central,1,0,0,HI
UH Hilo,Retail,2019,East South Central,5,,,HI
UH Hilo,Retail,2019,East South Central,10,,,HI
UH Hilo,Retail,2019,Middle Atlantic,1,0,6,HI
UH Hilo,Retail,2019,Middle Atlantic,5,,,HI
UH Hilo,Retail,2019,Middle Atlantic,10,,,HI
UH Hilo,Retail,2019,Mountain,1,0,12,HI
UH Hilo,Retail,2019,Mountain,5,,,HI
UH Hilo,Retail,2019,Mountain,10,,,HI
UH Hilo,Retail,2019,New England,1,0,0,HI
UH Hilo,Retail,2019,New England,5,,,HI
UH Hilo,Retail,2019,New England,10,,,HI
UH Hilo,Retail,2019,Pacific,1,92,134,HI
UH Hilo,Retail,2019,Pacific,5,,,HI
UH Hilo,Retail,2019,Pacific,10,,,HI
UH Hilo,Retail,2019,South Atlantic,1,0,7,HI
UH Hilo,Retail,2019,South Atlantic,5,,,HI
UH Hilo,Retail,2019,South Atlantic,10,,,HI
UH Hilo,Retail,2019,West North Central,1,0,3,HI
UH Hilo,Retail,2019,West North Central,5,,,HI
UH Hilo,Retail,2019,West North Central,10,,,HI
UH Hilo,Retail,2019,West South Central,1,0,4,HI
UH Hilo,Retail,2019,West South Central,5,,,HI
UH Hilo,Retail,2019,West South Central,10,,,HI
UH Hilo,Transportation,2004,East North Central,1,0,0,HI
UH Hilo,Transportation,2004,East North Central,5,0,0,HI
UH Hilo,Transportation,2004,East North Central,10,0,2,HI
UH Hilo,Transportation,2004,East South Central,1,0,0,HI
UH Hilo,Transportation,2004,East South Central,5,0,0,HI
UH Hilo,Transportation,2004,East South Central,10,0,0,HI
UH Hilo,Transportation,2004,Middle Atlantic,1,0,1,HI
UH Hilo,Transportation,2004,Middle Atlantic,5,0,0,HI
UH Hilo,Transportation,2004,Middle Atlantic,10,0,4,HI
UH Hilo,Transportation,2004,Mountain,1,0,0,HI
UH Hilo,Transportation,2004,Mountain,5,0,0,HI
UH Hilo,Transportation,2004,Mountain,10,0,0,HI
UH Hilo,Transportation,2004,New England,1,0,2,HI
UH Hilo,Transportation,2004,New England,5,0,0,HI
UH Hilo,Transportation,2004,New England,10,0,0,HI
UH Hilo,Transportation,2004,Pacific,1,8,13,HI
UH Hilo,Transportation,2004,Pacific,5,2,6,HI
UH Hilo,Transportation,2004,Pacific,10,13,15,HI
UH Hilo,Transportation,2004,South Atlantic,1,0,0,HI
UH Hilo,Transportation,2004,South Atlantic,5,0,2,HI
UH Hilo,Transportation,2004,South Atlantic,10,0,0,HI
UH Hilo,Transportation,2004,West North Central,1,0,0,HI
UH Hilo,Transportation,2004,West North Central,5,0,0,HI
UH Hilo,Transportation,2004,West North Central,10,0,0,HI
UH Hilo,Transportation,2004,West South Central,1,0,0,HI
UH Hilo,Transportation,2004,West South Central,5,0,1,HI
UH Hilo,Transportation,2004,West South Central,10,0,2,HI
UH Hilo,Transportation,2007,East North Central,1,0,0,HI
UH Hilo,Transportation,2007,East North Central,5,0,1,HI
UH Hilo,Transportation,2007,East North Central,10,0,2,HI
UH Hilo,Transportation,2007,East South Central,1,0,0,HI
UH Hilo,Transportation,2007,East South Central,5,0,0,HI
UH Hilo,Transportation,2007,East South Central,10,0,0,HI
UH Hilo,Transportation,2007,Middle Atlantic,1,0,0,HI
UH Hilo,Transportation,2007,Middle Atlantic,5,0,5,HI
UH Hilo,Transportation,2007,Middle Atlantic,10,0,1,HI
UH Hilo,Transportation,2007,Mountain,1,0,0,HI
UH Hilo,Transportation,2007,Mountain,5,0,2,HI
UH Hilo,Transportation,2007,Mountain,10,0,4,HI
UH Hilo,Transportation,2007,New England,1,0,0,HI
UH Hilo,Transportation,2007,New England,5,0,0,HI
UH Hilo,Transportation,2007,New England,10,0,0,HI
UH Hilo,Transportation,2007,Pacific,1,13,14,HI
UH Hilo,Transportation,2007,Pacific,5,7,13,HI
UH Hilo,Transportation,2007,Pacific,10,11,24,HI
UH Hilo,Transportation,2007,South Atlantic,1,0,0,HI
UH Hilo,Transportation,2007,South Atlantic,5,0,1,HI
UH Hilo,Transportation,2007,South Atlantic,10,0,0,HI
UH Hilo,Transportation,2007,West North Central,1,0,0,HI
UH Hilo,Transportation,2007,West North Central,5,0,0,HI
UH Hilo,Transportation,2007,West North Central,10,0,0,HI
UH Hilo,Transportation,2007,West South Central,1,0,2,HI
UH Hilo,Transportation,2007,West South Central,5,0,3,HI
UH Hilo,Transportation,2007,West South Central,10,0,3,HI
UH Hilo,Transportation,2010,East North Central,1,0,2,HI
UH Hilo,Transportation,2010,East North Central,5,0,0,HI
UH Hilo,Transportation,2010,East North Central,10,0,3,HI
UH Hilo,Transportation,2010,East South Central,1,0,1,HI
UH Hilo,Transportation,2010,East South Central,5,0,0,HI
UH Hilo,Transportation,2010,East South Central,10,0,1,HI
UH Hilo,Transportation,2010,Middle Atlantic,1,0,1,HI
UH Hilo,Transportation,2010,Middle Atlantic,5,0,0,HI
UH Hilo,Transportation,2010,Middle Atlantic,10,0,1,HI
UH Hilo,Transportation,2010,Mountain,1,0,1,HI
UH Hilo,Transportation,2010,Mountain,5,0,0,HI
UH Hilo,Transportation,2010,Mountain,10,0,5,HI
UH Hilo,Transportation,2010,New England,1,0,0,HI
UH Hilo,Transportation,2010,New England,5,0,0,HI
UH Hilo,Transportation,2010,New England,10,0,0,HI
UH Hilo,Transportation,2010,Pacific,1,4,7,HI
UH Hilo,Transportation,2010,Pacific,5,6,10,HI
UH Hilo,Transportation,2010,Pacific,10,10,23,HI
UH Hilo,Transportation,2010,South Atlantic,1,0,5,HI
UH Hilo,Transportation,2010,South Atlantic,5,0,0,HI
UH Hilo,Transportation,2010,South Atlantic,10,0,7,HI
UH Hilo,Transportation,2010,West North Central,1,0,0,HI
UH Hilo,Transportation,2010,West North Central,5,0,0,HI
UH Hilo,Transportation,2010,West North Central,10,0,0,HI
UH Hilo,Transportation,2010,West South Central,1,0,1,HI
UH Hilo,Transportation,2010,West South Central,5,0,2,HI
UH Hilo,Transportation,2010,West South Central,10,0,2,HI
UH Hilo,Transportation,2013,East North Central,1,0,0,HI
UH Hilo,Transportation,2013,East North Central,5,0,0,HI
UH Hilo,Transportation,2013,East North Central,10,,,HI
UH Hilo,Transportation,2013,East South Central,1,0,0,HI
UH Hilo,Transportation,2013,East South Central,5,0,0,HI
UH Hilo,Transportation,2013,East South Central,10,,,HI
UH Hilo,Transportation,2013,Middle Atlantic,1,0,0,HI
UH Hilo,Transportation,2013,Middle Atlantic,5,0,3,HI
UH Hilo,Transportation,2013,Middle Atlantic,10,,,HI
UH Hilo,Transportation,2013,Mountain,1,0,1,HI
UH Hilo,Transportation,2013,Mountain,5,0,3,HI
UH Hilo,Transportation,2013,Mountain,10,,,HI
UH Hilo,Transportation,2013,New England,1,0,0,HI
UH Hilo,Transportation,2013,New England,5,0,0,HI
UH Hilo,Transportation,2013,New England,10,,,HI
UH Hilo,Transportation,2013,Pacific,1,8,11,HI
UH Hilo,Transportation,2013,Pacific,5,6,16,HI
UH Hilo,Transportation,2013,Pacific,10,,,HI
UH Hilo,Transportation,2013,South Atlantic,1,0,0,HI
UH Hilo,Transportation,2013,South Atlantic,5,0,3,HI
UH Hilo,Transportation,2013,South Atlantic,10,,,HI
UH Hilo,Transportation,2013,West North Central,1,0,0,HI
UH Hilo,Transportation,2013,West North Central,5,0,0,HI
UH Hilo,Transportation,2013,West North Central,10,,,HI
UH Hilo,Transportation,2013,West South Central,1,0,3,HI
UH Hilo,Transportation,2013,West South Central,5,0,3,HI
UH Hilo,Transportation,2013,West South Central,10,,,HI
UH Hilo,Transportation,2016,East North Central,1,0,0,HI
UH Hilo,Transportation,2016,East North Central,5,0,1,HI
UH Hilo,Transportation,2016,East North Central,10,,,HI
UH Hilo,Transportation,2016,East South Central,1,0,0,HI
UH Hilo,Transportation,2016,East South Central,5,0,3,HI
UH Hilo,Transportation,2016,East South Central,10,,,HI
UH Hilo,Transportation,2016,Middle Atlantic,1,0,6,HI
UH Hilo,Transportation,2016,Middle Atlantic,5,0,2,HI
UH Hilo,Transportation,2016,Middle Atlantic,10,,,HI
UH Hilo,Transportation,2016,Mountain,1,0,0,HI
UH Hilo,Transportation,2016,Mountain,5,0,1,HI
UH Hilo,Transportation,2016,Mountain,10,,,HI
UH Hilo,Transportation,2016,New England,1,0,0,HI
UH Hilo,Transportation,2016,New England,5,0,0,HI
UH Hilo,Transportation,2016,New England,10,,,HI
UH Hilo,Transportation,2016,Pacific,1,8,12,HI
UH Hilo,Transportation,2016,Pacific,5,17,22,HI
UH Hilo,Transportation,2016,Pacific,10,,,HI
UH Hilo,Transportation,2016,South Atlantic,1,0,1,HI
UH Hilo,Transportation,2016,South Atlantic,5,0,3,HI
UH Hilo,Transportation,2016,South Atlantic,10,,,HI
UH Hilo,Transportation,2016,West North Central,1,0,0,HI
UH Hilo,Transportation,2016,West North Central,5,0,0,HI
UH Hilo,Transportation,2016,West North Central,10,,,HI
UH Hilo,Transportation,2016,West South Central,1,0,0,HI
UH Hilo,Transportation,2016,West South Central,5,0,2,HI
UH Hilo,Transportation,2016,West South Central,10,,,HI
UH Hilo,Transportation,2019,East North Central,1,0,3,HI
UH Hilo,Transportation,2019,East North Central,5,,,HI
UH Hilo,Transportation,2019,East North Central,10,,,HI
UH Hilo,Transportation,2019,East South Central,1,0,0,HI
UH Hilo,Transportation,2019,East South Central,5,,,HI
UH Hilo,Transportation,2019,East South Central,10,,,HI
UH Hilo,Transportation,2019,Middle Atlantic,1,0,1,HI
UH Hilo,Transportation,2019,Middle Atlantic,5,,,HI
UH Hilo,Transportation,2019,Middle Atlantic,10,,,HI
UH Hilo,Transportation,2019,Mountain,1,0,1,HI
UH Hilo,Transportation,2019,Mountain,5,,,HI
UH Hilo,Transportation,2019,Mountain,10,,,HI
UH Hilo,Transportation,2019,New England,1,0,0,HI
UH Hilo,Transportation,2019,New England,5,,,HI
UH Hilo,Transportation,2019,New England,10,,,HI
UH Hilo,Transportation,2019,Pacific,1,12,17,HI
UH Hilo,Transportation,2019,Pacific,5,,,HI
UH Hilo,Transportation,2019,Pacific,10,,,HI
UH Hilo,Transportation,2019,South Atlantic,1,0,3,HI
UH Hilo,Transportation,2019,South Atlantic,5,,,HI
UH Hilo,Transportation,2019,South Atlantic,10,,,HI
UH Hilo,Transportation,2019,West North Central,1,0,0,HI
UH Hilo,Transportation,2019,West North Central,5,,,HI
UH Hilo,Transportation,2019,West North Central,10,,,HI
UH Hilo,Transportation,2019,West South Central,1,0,0,HI
UH Hilo,Transportation,2019,West South Central,5,,,HI
UH Hilo,Transportation,2019,West South Central,10,,,HI
UH Hilo,Utilities,2004,East North Central,1,0,0,HI
UH Hilo,Utilities,2004,East North Central,5,0,0,HI
UH Hilo,Utilities,2004,East North Central,10,0,0,HI
UH Hilo,Utilities,2004,East South Central,1,0,0,HI
UH Hilo,Utilities,2004,East South Central,5,0,0,HI
UH Hilo,Utilities,2004,East South Central,10,0,0,HI
UH Hilo,Utilities,2004,Middle Atlantic,1,0,0,HI
UH Hilo,Utilities,2004,Middle Atlantic,5,0,0,HI
UH Hilo,Utilities,2004,Middle Atlantic,10,0,0,HI
UH Hilo,Utilities,2004,Mountain,1,0,0,HI
UH Hilo,Utilities,2004,Mountain,5,0,0,HI
UH Hilo,Utilities,2004,Mountain,10,0,0,HI
UH Hilo,Utilities,2004,New England,1,0,0,HI
UH Hilo,Utilities,2004,New England,5,0,0,HI
UH Hilo,Utilities,2004,New England,10,0,0,HI
UH Hilo,Utilities,2004,Pacific,1,0,1,HI
UH Hilo,Utilities,2004,Pacific,5,0,1,HI
UH Hilo,Utilities,2004,Pacific,10,0,0,HI
UH Hilo,Utilities,2004,South Atlantic,1,0,0,HI
UH Hilo,Utilities,2004,South Atlantic,5,0,0,HI
UH Hilo,Utilities,2004,South Atlantic,10,0,0,HI
UH Hilo,Utilities,2004,West North Central,1,0,0,HI
UH Hilo,Utilities,2004,West North Central,5,0,0,HI
UH Hilo,Utilities,2004,West North Central,10,0,0,HI
UH Hilo,Utilities,2004,West South Central,1,0,0,HI
UH Hilo,Utilities,2004,West South Central,5,0,0,HI
UH Hilo,Utilities,2004,West South Central,10,0,0,HI
UH Hilo,Utilities,2007,East North Central,1,0,0,HI
UH Hilo,Utilities,2007,East North Central,5,0,0,HI
UH Hilo,Utilities,2007,East North Central,10,0,0,HI
UH Hilo,Utilities,2007,East South Central,1,0,0,HI
UH Hilo,Utilities,2007,East South Central,5,0,0,HI
UH Hilo,Utilities,2007,East South Central,10,0,0,HI
UH Hilo,Utilities,2007,Middle Atlantic,1,0,0,HI
UH Hilo,Utilities,2007,Middle Atlantic,5,0,0,HI
UH Hilo,Utilities,2007,Middle Atlantic,10,0,0,HI
UH Hilo,Utilities,2007,Mountain,1,0,0,HI
UH Hilo,Utilities,2007,Mountain,5,0,0,HI
UH Hilo,Utilities,2007,Mountain,10,0,0,HI
UH Hilo,Utilities,2007,New England,1,0,0,HI
UH Hilo,Utilities,2007,New England,5,0,0,HI
UH Hilo,Utilities,2007,New England,10,0,0,HI
UH Hilo,Utilities,2007,Pacific,1,0,2,HI
UH Hilo,Utilities,2007,Pacific,5,1,2,HI
UH Hilo,Utilities,2007,Pacific,10,2,2,HI
UH Hilo,Utilities,2007,South Atlantic,1,0,0,HI
UH Hilo,Utilities,2007,South Atlantic,5,0,0,HI
UH Hilo,Utilities,2007,South Atlantic,10,0,0,HI
UH Hilo,Utilities,2007,West North Central,1,0,0,HI
UH Hilo,Utilities,2007,West North Central,5,0,0,HI
UH Hilo,Utilities,2007,West North Central,10,0,0,HI
UH Hilo,Utilities,2007,West South Central,1,0,0,HI
UH Hilo,Utilities,2007,West South Central,5,0,0,HI
UH Hilo,Utilities,2007,West South Central,10,0,0,HI
UH Hilo,Utilities,2010,East North Central,1,0,0,HI
UH Hilo,Utilities,2010,East North Central,5,0,0,HI
UH Hilo,Utilities,2010,East North Central,10,0,0,HI
UH Hilo,Utilities,2010,East South Central,1,0,0,HI
UH Hilo,Utilities,2010,East South Central,5,0,0,HI
UH Hilo,Utilities,2010,East South Central,10,0,0,HI
UH Hilo,Utilities,2010,Middle Atlantic,1,0,0,HI
UH Hilo,Utilities,2010,Middle Atlantic,5,0,0,HI
UH Hilo,Utilities,2010,Middle Atlantic,10,0,0,HI
UH Hilo,Utilities,2010,Mountain,1,0,0,HI
UH Hilo,Utilities,2010,Mountain,5,0,0,HI
UH Hilo,Utilities,2010,Mountain,10,0,0,HI
UH Hilo,Utilities,2010,New England,1,0,0,HI
UH Hilo,Utilities,2010,New England,5,0,0,HI
UH Hilo,Utilities,2010,New England,10,0,0,HI
UH Hilo,Utilities,2010,Pacific,1,2,4,HI
UH Hilo,Utilities,2010,Pacific,5,0,1,HI
UH Hilo,Utilities,2010,Pacific,10,1,2,HI
UH Hilo,Utilities,2010,South Atlantic,1,0,0,HI
UH Hilo,Utilities,2010,South Atlantic,5,0,0,HI
UH Hilo,Utilities,2010,South Atlantic,10,0,0,HI
UH Hilo,Utilities,2010,West North Central,1,0,0,HI
UH Hilo,Utilities,2010,West North Central,5,0,0,HI
UH Hilo,Utilities,2010,West North Central,10,0,0,HI
UH Hilo,Utilities,2010,West South Central,1,0,0,HI
UH Hilo,Utilities,2010,West South Central,5,0,0,HI
UH Hilo,Utilities,2010,West South Central,10,0,0,HI
UH Hilo,Utilities,2013,East North Central,1,0,0,HI
UH Hilo,Utilities,2013,East North Central,5,0,0,HI
UH Hilo,Utilities,2013,East North Central,10,,,HI
UH Hilo,Utilities,2013,East South Central,1,0,0,HI
UH Hilo,Utilities,2013,East South Central,5,0,0,HI
UH Hilo,Utilities,2013,East South Central,10,,,HI
UH Hilo,Utilities,2013,Middle Atlantic,1,0,0,HI
UH Hilo,Utilities,2013,Middle Atlantic,5,0,0,HI
UH Hilo,Utilities,2013,Middle Atlantic,10,,,HI
UH Hilo,Utilities,2013,Mountain,1,0,0,HI
UH Hilo,Utilities,2013,Mountain,5,0,0,HI
UH Hilo,Utilities,2013,Mountain,10,,,HI
UH Hilo,Utilities,2013,New England,1,0,0,HI
UH Hilo,Utilities,2013,New England,5,0,0,HI
UH Hilo,Utilities,2013,New England,10,,,HI
UH Hilo,Utilities,2013,Pacific,1,7,8,HI
UH Hilo,Utilities,2013,Pacific,5,4,4,HI
UH Hilo,Utilities,2013,Pacific,10,,,HI
UH Hilo,Utilities,2013,South Atlantic,1,0,2,HI
UH Hilo,Utilities,2013,South Atlantic,5,0,0,HI
UH Hilo,Utilities,2013,South Atlantic,10,,,HI
UH Hilo,Utilities,2013,West North Central,1,0,0,HI
UH Hilo,Utilities,2013,West North Central,5,0,0,HI
UH Hilo,Utilities,2013,West North Central,10,,,HI
UH Hilo,Utilities,2013,West South Central,1,0,0,HI
UH Hilo,Utilities,2013,West South Central,5,0,0,HI
UH Hilo,Utilities,2013,West South Central,10,,,HI
UH Hilo,Utilities,2016,East North Central,1,0,0,HI
UH Hilo,Utilities,2016,East North Central,5,0,0,HI
UH Hilo,Utilities,2016,East North Central,10,,,HI
UH Hilo,Utilities,2016,East South Central,1,0,0,HI
UH Hilo,Utilities,2016,East South Central,5,0,0,HI
UH Hilo,Utilities,2016,East South Central,10,,,HI
UH Hilo,Utilities,2016,Middle Atlantic,1,0,0,HI
UH Hilo,Utilities,2016,Middle Atlantic,5,0,0,HI
UH Hilo,Utilities,2016,Middle Atlantic,10,,,HI
UH Hilo,Utilities,2016,Mountain,1,0,0,HI
UH Hilo,Utilities,2016,Mountain,5,0,0,HI
UH Hilo,Utilities,2016,Mountain,10,,,HI
UH Hilo,Utilities,2016,New England,1,0,0,HI
UH Hilo,Utilities,2016,New England,5,0,0,HI
UH Hilo,Utilities,2016,New England,10,,,HI
UH Hilo,Utilities,2016,Pacific,1,0,0,HI
UH Hilo,Utilities,2016,Pacific,5,1,1,HI
UH Hilo,Utilities,2016,Pacific,10,,,HI
UH Hilo,Utilities,2016,South Atlantic,1,0,1,HI
UH Hilo,Utilities,2016,South Atlantic,5,0,0,HI
UH Hilo,Utilities,2016,South Atlantic,10,,,HI
UH Hilo,Utilities,2016,West North Central,1,0,0,HI
UH Hilo,Utilities,2016,West North Central,5,0,0,HI
UH Hilo,Utilities,2016,West North Central,10,,,HI
UH Hilo,Utilities,2016,West South Central,1,0,0,HI
UH Hilo,Utilities,2016,West South Central,5,0,0,HI
UH Hilo,Utilities,2016,West South Central,10,,,HI
UH Hilo,Utilities,2019,East North Central,1,0,0,HI
UH Hilo,Utilities,2019,East North Central,5,,,HI
UH Hilo,Utilities,2019,East North Central,10,,,HI
UH Hilo,Utilities,2019,East South Central,1,0,0,HI
UH Hilo,Utilities,2019,East South Central,5,,,HI
UH Hilo,Utilities,2019,East South Central,10,,,HI
UH Hilo,Utilities,2019,Middle Atlantic,1,0,0,HI
UH Hilo,Utilities,2019,Middle Atlantic,5,,,HI
UH Hilo,Utilities,2019,Middle Atlantic,10,,,HI
UH Hilo,Utilities,2019,Mountain,1,0,0,HI
UH Hilo,Utilities,2019,Mountain,5,,,HI
UH Hilo,Utilities,2019,Mountain,10,,,HI
UH Hilo,Utilities,2019,New England,1,0,0,HI
UH Hilo,Utilities,2019,New England,5,,,HI
UH Hilo,Utilities,2019,New England,10,,,HI
UH Hilo,Utilities,2019,Pacific,1,0,2,HI
UH Hilo,Utilities,2019,Pacific,5,,,HI
UH Hilo,Utilities,2019,Pacific,10,,,HI
UH Hilo,Utilities,2019,South Atlantic,1,0,0,HI
UH Hilo,Utilities,2019,South Atlantic,5,,,HI
UH Hilo,Utilities,2019,South Atlantic,10,,,HI
UH Hilo,Utilities,2019,West North Central,1,0,0,HI
UH Hilo,Utilities,2019,West North Central,5,,,HI
UH Hilo,Utilities,2019,West North Central,10,,,HI
UH Hilo,Utilities,2019,West South Central,1,0,0,HI
UH Hilo,Utilities,2019,West South Central,5,,,HI
UH Hilo,Utilities,2019,West South Central,10,,,HI
UH Hilo,Wholesale,2004,East North Central,1,0,1,HI
UH Hilo,Wholesale,2004,East North Central,5,0,1,HI
UH Hilo,Wholesale,2004,East North Central,10,0,0,HI
UH Hilo,Wholesale,2004,East South Central,1,0,0,HI
UH Hilo,Wholesale,2004,East South Central,5,0,0,HI
UH Hilo,Wholesale,2004,East South Central,10,0,0,HI
UH Hilo,Wholesale,2004,Middle Atlantic,1,0,0,HI
UH Hilo,Wholesale,2004,Middle Atlantic,5,0,0,HI
UH Hilo,Wholesale,2004,Middle Atlantic,10,0,1,HI
UH Hilo,Wholesale,2004,Mountain,1,0,0,HI
UH Hilo,Wholesale,2004,Mountain,5,0,5,HI
UH Hilo,Wholesale,2004,Mountain,10,0,2,HI
UH Hilo,Wholesale,2004,New England,1,0,0,HI
UH Hilo,Wholesale,2004,New England,5,0,0,HI
UH Hilo,Wholesale,2004,New England,10,0,0,HI
UH Hilo,Wholesale,2004,Pacific,1,0,3,HI
UH Hilo,Wholesale,2004,Pacific,5,1,7,HI
UH Hilo,Wholesale,2004,Pacific,10,0,4,HI
UH Hilo,Wholesale,2004,South Atlantic,1,0,1,HI
UH Hilo,Wholesale,2004,South Atlantic,5,0,4,HI
UH Hilo,Wholesale,2004,South Atlantic,10,0,4,HI
UH Hilo,Wholesale,2004,West North Central,1,0,0,HI
UH Hilo,Wholesale,2004,West North Central,5,0,0,HI
UH Hilo,Wholesale,2004,West North Central,10,0,1,HI
UH Hilo,Wholesale,2004,West South Central,1,0,0,HI
UH Hilo,Wholesale,2004,West South Central,5,0,2,HI
UH Hilo,Wholesale,2004,West South Central,10,0,1,HI
UH Hilo,Wholesale,2007,East North Central,1,0,0,HI
UH Hilo,Wholesale,2007,East North Central,5,0,0,HI
UH Hilo,Wholesale,2007,East North Central,10,0,0,HI
UH Hilo,Wholesale,2007,East South Central,1,0,0,HI
UH Hilo,Wholesale,2007,East South Central,5,0,0,HI
UH Hilo,Wholesale,2007,East South Central,10,0,1,HI
UH Hilo,Wholesale,2007,Middle Atlantic,1,0,0,HI
UH Hilo,Wholesale,2007,Middle Atlantic,5,0,0,HI
UH Hilo,Wholesale,2007,Middle Atlantic,10,0,0,HI
UH Hilo,Wholesale,2007,Mountain,1,0,0,HI
UH Hilo,Wholesale,2007,Mountain,5,0,0,HI
UH Hilo,Wholesale,2007,Mountain,10,0,2,HI
UH Hilo,Wholesale,2007,New England,1,0,0,HI
UH Hilo,Wholesale,2007,New England,5,0,0,HI
UH Hilo,Wholesale,2007,New England,10,0,1,HI
UH Hilo,Wholesale,2007,Pacific,1,8,9,HI
UH Hilo,Wholesale,2007,Pacific,5,1,3,HI
UH Hilo,Wholesale,2007,Pacific,10,6,11,HI
UH Hilo,Wholesale,2007,South Atlantic,1,0,0,HI
UH Hilo,Wholesale,2007,South Atlantic,5,0,0,HI
UH Hilo,Wholesale,2007,South Atlantic,10,0,2,HI
UH Hilo,Wholesale,2007,West North Central,1,0,0,HI
UH Hilo,Wholesale,2007,West North Central,5,0,0,HI
UH Hilo,Wholesale,2007,West North Central,10,0,0,HI
UH Hilo,Wholesale,2007,West South Central,1,0,0,HI
UH Hilo,Wholesale,2007,West South Central,5,0,3,HI
UH Hilo,Wholesale,2007,West South Central,10,0,4,HI
UH Hilo,Wholesale,2010,East North Central,1,0,0,HI
UH Hilo,Wholesale,2010,East North Central,5,0,0,HI
UH Hilo,Wholesale,2010,East North Central,10,0,0,HI
UH Hilo,Wholesale,2010,East South Central,1,0,1,HI
UH Hilo,Wholesale,2010,East South Central,5,0,0,HI
UH Hilo,Wholesale,2010,East South Central,10,0,0,HI
UH Hilo,Wholesale,2010,Middle Atlantic,1,0,4,HI
UH Hilo,Wholesale,2010,Middle Atlantic,5,0,2,HI
UH Hilo,Wholesale,2010,Middle Atlantic,10,0,2,HI
UH Hilo,Wholesale,2010,Mountain,1,0,0,HI
UH Hilo,Wholesale,2010,Mountain,5,0,0,HI
UH Hilo,Wholesale,2010,Mountain,10,0,0,HI
UH Hilo,Wholesale,2010,New England,1,0,0,HI
UH Hilo,Wholesale,2010,New England,5,0,0,HI
UH Hilo,Wholesale,2010,New England,10,0,0,HI
UH Hilo,Wholesale,2010,Pacific,1,6,16,HI
UH Hilo,Wholesale,2010,Pacific,5,5,8,HI
UH Hilo,Wholesale,2010,Pacific,10,9,13,HI
UH Hilo,Wholesale,2010,South Atlantic,1,0,3,HI
UH Hilo,Wholesale,2010,South Atlantic,5,0,1,HI
UH Hilo,Wholesale,2010,South Atlantic,10,0,2,HI
UH Hilo,Wholesale,2010,West North Central,1,0,1,HI
UH Hilo,Wholesale,2010,West North Central,5,0,0,HI
UH Hilo,Wholesale,2010,West North Central,10,0,0,HI
UH Hilo,Wholesale,2010,West South Central,1,0,2,HI
UH Hilo,Wholesale,2010,West South Central,5,0,4,HI
UH Hilo,Wholesale,2010,West South Central,10,0,0,HI
UH Hilo,Wholesale,2013,East North Central,1,0,0,HI
UH Hilo,Wholesale,2013,East North Central,5,0,2,HI
UH Hilo,Wholesale,2013,East North Central,10,,,HI
UH Hilo,Wholesale,2013,East South Central,1,0,0,HI
UH Hilo,Wholesale,2013,East South Central,5,0,0,HI
UH Hilo,Wholesale,2013,East South Central,10,,,HI
UH Hilo,Wholesale,2013,Middle Atlantic,1,0,2,HI
UH Hilo,Wholesale,2013,Middle Atlantic,5,0,0,HI
UH Hilo,Wholesale,2013,Middle Atlantic,10,,,HI
UH Hilo,Wholesale,2013,Mountain,1,0,2,HI
UH Hilo,Wholesale,2013,Mountain,5,0,0,HI
UH Hilo,Wholesale,2013,Mountain,10,,,HI
UH Hilo,Wholesale,2013,New England,1,0,0,HI
UH Hilo,Wholesale,2013,New England,5,0,0,HI
UH Hilo,Wholesale,2013,New England,10,,,HI
UH Hilo,Wholesale,2013,Pacific,1,1,5,HI
UH Hilo,Wholesale,2013,Pacific,5,3,10,HI
UH Hilo,Wholesale,2013,Pacific,10,,,HI
UH Hilo,Wholesale,2013,South Atlantic,1,0,0,HI
UH Hilo,Wholesale,2013,South Atlantic,5,0,0,HI
UH Hilo,Wholesale,2013,South Atlantic,10,,,HI
UH Hilo,Wholesale,2013,West North Central,1,0,0,HI
UH Hilo,Wholesale,2013,West North Central,5,0,1,HI
UH Hilo,Wholesale,2013,West North Central,10,,,HI
UH Hilo,Wholesale,2013,West South Central,1,0,0,HI
UH Hilo,Wholesale,2013,West South Central,5,0,3,HI
UH Hilo,Wholesale,2013,West South Central,10,,,HI
UH Hilo,Wholesale,2016,East North Central,1,0,0,HI
UH Hilo,Wholesale,2016,East North Central,5,0,0,HI
UH Hilo,Wholesale,2016,East North Central,10,,,HI
UH Hilo,Wholesale,2016,East South Central,1,0,0,HI
UH Hilo,Wholesale,2016,East South Central,5,0,0,HI
UH Hilo,Wholesale,2016,East South Central,10,,,HI
UH Hilo,Wholesale,2016,Middle Atlantic,1,0,0,HI
UH Hilo,Wholesale,2016,Middle Atlantic,5,0,1,HI
UH Hilo,Wholesale,2016,Middle Atlantic,10,,,HI
UH Hilo,Wholesale,2016,Mountain,1,0,0,HI
UH Hilo,Wholesale,2016,Mountain,5,0,2,HI
UH Hilo,Wholesale,2016,Mountain,10,,,HI
UH Hilo,Wholesale,2016,New England,1,0,0,HI
UH Hilo,Wholesale,2016,New England,5,0,0,HI
UH Hilo,Wholesale,2016,New England,10,,,HI
UH Hilo,Wholesale,2016,Pacific,1,2,11,HI
UH Hilo,Wholesale,2016,Pacific,5,11,16,HI
UH Hilo,Wholesale,2016,Pacific,10,,,HI
UH Hilo,Wholesale,2016,South Atlantic,1,0,0,HI
UH Hilo,Wholesale,2016,South Atlantic,5,0,0,HI
UH Hilo,Wholesale,2016,South Atlantic,10,,,HI
UH Hilo,Wholesale,2016,West North Central,1,0,0,HI
UH Hilo,Wholesale,2016,West North Central,5,0,0,HI
UH Hilo,Wholesale,2016,West North Central,10,,,HI
UH Hilo,Wholesale,2016,West South Central,1,0,1,HI
UH Hilo,Wholesale,2016,West South Central,5,0,0,HI
UH Hilo,Wholesale,2016,West South Central,10,,,HI
UH Hilo,Wholesale,2019,East North Central,1,0,3,HI
UH Hilo,Wholesale,2019,East North Central,5,,,HI
UH Hilo,Wholesale,2019,East North Central,10,,,HI
UH Hilo,Wholesale,2019,East South Central,1,0,0,HI
UH Hilo,Wholesale,2019,East South Central,5,,,HI
UH Hilo,Wholesale,2019,East South Central,10,,,HI
UH Hilo,Wholesale,2019,Middle Atlantic,1,0,0,HI
UH Hilo,Wholesale,2019,Middle Atlantic,5,,,HI
UH Hilo,Wholesale,2019,Middle Atlantic,10,,,HI
UH Hilo,Wholesale,2019,Mountain,1,0,0,HI
UH Hilo,Wholesale,2019,Mountain,5,,,HI
UH Hilo,Wholesale,2019,Mountain,10,,,HI
UH Hilo,Wholesale,2019,New England,1,0,0,HI
UH Hilo,Wholesale,2019,New England,5,,,HI
UH Hilo,Wholesale,2019,New England,10,,,HI
UH Hilo,Wholesale,2019,Pacific,1,1,5,HI
UH Hilo,Wholesale,2019,Pacific,5,,,HI
UH Hilo,Wholesale,2019,Pacific,10,,,HI
UH Hilo,Wholesale,2019,South Atlantic,1,0,0,HI
UH Hilo,Wholesale,2019,South Atlantic,5,,,HI
UH Hilo,Wholesale,2019,South Atlantic,10,,,HI
UH Hilo,Wholesale,2019,West North Central,1,0,0,HI
UH Hilo,Wholesale,2019,West North Central,5,,,HI
UH Hilo,Wholesale,2019,West North Central,10,,,HI
UH Hilo,Wholesale,2019,West South Central,1,0,3,HI
UH Hilo,Wholesale,2019,West South Central,5,,,HI
UH Hilo,Wholesale,2019,West South Central,10,,,HI
UH West Oahu,Admin/Waste,2004,East North Central,1,0,0,HI
UH West Oahu,Admin/Waste,2004,East North Central,5,0,0,HI
UH West Oahu,Admin/Waste,2004,East North Central,10,0,2,HI
UH West Oahu,Admin/Waste,2004,East South Central,1,0,0,HI
UH West Oahu,Admin/Waste,2004,East South Central,5,0,0,HI
UH West Oahu,Admin/Waste,2004,East South Central,10,0,0,HI
UH West Oahu,Admin/Waste,2004,Middle Atlantic,1,0,0,HI
UH West Oahu,Admin/Waste,2004,Middle Atlantic,5,0,0,HI
UH West Oahu,Admin/Waste,2004,Middle Atlantic,10,0,3,HI
UH West Oahu,Admin/Waste,2004,Mountain,1,0,1,HI
UH West Oahu,Admin/Waste,2004,Mountain,5,0,0,HI
UH West Oahu,Admin/Waste,2004,Mountain,10,0,2,HI
UH West Oahu,Admin/Waste,2004,New England,1,0,0,HI
UH West Oahu,Admin/Waste,2004,New England,5,0,0,HI
UH West Oahu,Admin/Waste,2004,New England,10,0,0,HI
UH West Oahu,Admin/Waste,2004,Pacific,1,1,2,HI
UH West Oahu,Admin/Waste,2004,Pacific,5,4,5,HI
UH West Oahu,Admin/Waste,2004,Pacific,10,4,8,HI
UH West Oahu,Admin/Waste,2004,South Atlantic,1,0,0,HI
UH West Oahu,Admin/Waste,2004,South Atlantic,5,0,0,HI
UH West Oahu,Admin/Waste,2004,South Atlantic,10,0,1,HI
UH West Oahu,Admin/Waste,2004,West North Central,1,0,0,HI
UH West Oahu,Admin/Waste,2004,West North Central,5,0,0,HI
UH West Oahu,Admin/Waste,2004,West North Central,10,0,0,HI
UH West Oahu,Admin/Waste,2004,West South Central,1,0,0,HI
UH West Oahu,Admin/Waste,2004,West South Central,5,0,1,HI
UH West Oahu,Admin/Waste,2004,West South Central,10,0,0,HI
UH West Oahu,Admin/Waste,2007,East North Central,1,0,2,HI
UH West Oahu,Admin/Waste,2007,East North Central,5,0,0,HI
UH West Oahu,Admin/Waste,2007,East North Central,10,0,0,HI
UH West Oahu,Admin/Waste,2007,East South Central,1,0,0,HI
UH West Oahu,Admin/Waste,2007,East South Central,5,0,1,HI
UH West Oahu,Admin/Waste,2007,East South Central,10,0,0,HI
UH West Oahu,Admin/Waste,2007,Middle Atlantic,1,0,6,HI
UH West Oahu,Admin/Waste,2007,Middle Atlantic,5,0,0,HI
UH West Oahu,Admin/Waste,2007,Middle Atlantic,10,0,0,HI
UH West Oahu,Admin/Waste,2007,Mountain,1,0,1,HI
UH West Oahu,Admin/Waste,2007,Mountain,5,0,2,HI
UH West Oahu,Admin/Waste,2007,Mountain,10,0,0,HI
UH West Oahu,Admin/Waste,2007,New England,1,0,0,HI
UH West Oahu,Admin/Waste,2007,New England,5,0,1,HI
UH West Oahu,Admin/Waste,2007,New England,10,0,0,HI
UH West Oahu,Admin/Waste,2007,Pacific,1,18,25,HI
UH West Oahu,Admin/Waste,2007,Pacific,5,20,22,HI
UH West Oahu,Admin/Waste,2007,Pacific,10,11,15,HI
UH West Oahu,Admin/Waste,2007,South Atlantic,1,0,4,HI
UH West Oahu,Admin/Waste,2007,South Atlantic,5,0,8,HI
UH West Oahu,Admin/Waste,2007,South Atlantic,10,0,1,HI
UH West Oahu,Admin/Waste,2007,West North Central,1,0,0,HI
UH West Oahu,Admin/Waste,2007,West North Central,5,0,0,HI
UH West Oahu,Admin/Waste,2007,West North Central,10,0,0,HI
UH West Oahu,Admin/Waste,2007,West South Central,1,0,1,HI
UH West Oahu,Admin/Waste,2007,West South Central,5,0,3,HI
UH West Oahu,Admin/Waste,2007,West South Central,10,0,2,HI
UH West Oahu,Admin/Waste,2010,East North Central,1,0,0,HI
UH West Oahu,Admin/Waste,2010,East North Central,5,0,0,HI
UH West Oahu,Admin/Waste,2010,East North Central,10,0,0,HI
UH West Oahu,Admin/Waste,2010,East South Central,1,0,0,HI
UH West Oahu,Admin/Waste,2010,East South Central,5,0,0,HI
UH West Oahu,Admin/Waste,2010,East South Central,10,0,0,HI
UH West Oahu,Admin/Waste,2010,Middle Atlantic,1,0,0,HI
UH West Oahu,Admin/Waste,2010,Middle Atlantic,5,0,0,HI
UH West Oahu,Admin/Waste,2010,Middle Atlantic,10,0,2,HI
UH West Oahu,Admin/Waste,2010,Mountain,1,0,0,HI
UH West Oahu,Admin/Waste,2010,Mountain,5,0,0,HI
UH West Oahu,Admin/Waste,2010,Mountain,10,0,1,HI
UH West Oahu,Admin/Waste,2010,New England,1,0,0,HI
UH West Oahu,Admin/Waste,2010,New England,5,0,0,HI
UH West Oahu,Admin/Waste,2010,New England,10,0,1,HI
UH West Oahu,Admin/Waste,2010,Pacific,1,22,23,HI
UH West Oahu,Admin/Waste,2010,Pacific,5,14,16,HI
UH West Oahu,Admin/Waste,2010,Pacific,10,4,7,HI
UH West Oahu,Admin/Waste,2010,South Atlantic,1,0,1,HI
UH West Oahu,Admin/Waste,2010,South Atlantic,5,0,0,HI
UH West Oahu,Admin/Waste,2010,South Atlantic,10,0,6,HI
UH West Oahu,Admin/Waste,2010,West North Central,1,0,0,HI
UH West Oahu,Admin/Waste,2010,West North Central,5,0,0,HI
UH West Oahu,Admin/Waste,2010,West North Central,10,0,0,HI
UH West Oahu,Admin/Waste,2010,West South Central,1,0,0,HI
UH West Oahu,Admin/Waste,2010,West South Central,5,0,0,HI
UH West Oahu,Admin/Waste,2010,West South Central,10,0,0,HI
UH West Oahu,Admin/Waste,2013,East North Central,1,0,0,HI
UH West Oahu,Admin/Waste,2013,East North Central,5,0,0,HI
UH West Oahu,Admin/Waste,2013,East North Central,10,,,HI
UH West Oahu,Admin/Waste,2013,East South Central,1,0,0,HI
UH West Oahu,Admin/Waste,2013,East South Central,5,0,0,HI
UH West Oahu,Admin/Waste,2013,East South Central,10,,,HI
UH West Oahu,Admin/Waste,2013,Middle Atlantic,1,0,1,HI
UH West Oahu,Admin/Waste,2013,Middle Atlantic,5,0,0,HI
UH West Oahu,Admin/Waste,2013,Middle Atlantic,10,,,HI
UH West Oahu,Admin/Waste,2013,Mountain,1,0,0,HI
UH West Oahu,Admin/Waste,2013,Mountain,5,0,0,HI
UH West Oahu,Admin/Waste,2013,Mountain,10,,,HI
UH West Oahu,Admin/Waste,2013,New England,1,0,1,HI
UH West Oahu,Admin/Waste,2013,New England,5,0,0,HI
UH West Oahu,Admin/Waste,2013,New England,10,,,HI
UH West Oahu,Admin/Waste,2013,Pacific,1,44,46,HI
UH West Oahu,Admin/Waste,2013,Pacific,5,10,12,HI
UH West Oahu,Admin/Waste,2013,Pacific,10,,,HI
UH West Oahu,Admin/Waste,2013,South Atlantic,1,0,6,HI
UH West Oahu,Admin/Waste,2013,South Atlantic,5,0,3,HI
UH West Oahu,Admin/Waste,2013,South Atlantic,10,,,HI
UH West Oahu,Admin/Waste,2013,West North Central,1,0,0,HI
UH West Oahu,Admin/Waste,2013,West North Central,5,0,0,HI
UH West Oahu,Admin/Waste,2013,West North Central,10,,,HI
UH West Oahu,Admin/Waste,2013,West South Central,1,0,1,HI
UH West Oahu,Admin/Waste,2013,West South Central,5,0,0,HI
UH West Oahu,Admin/Waste,2013,West South Central,10,,,HI
UH West Oahu,Admin/Waste,2016,East North Central,1,0,0,HI
UH West Oahu,Admin/Waste,2016,East North Central,5,0,2,HI
UH West Oahu,Admin/Waste,2016,East North Central,10,,,HI
UH West Oahu,Admin/Waste,2016,East South Central,1,0,0,HI
UH West Oahu,Admin/Waste,2016,East South Central,5,0,0,HI
UH West Oahu,Admin/Waste,2016,East South Central,10,,,HI
UH West Oahu,Admin/Waste,2016,Middle Atlantic,1,0,0,HI
UH West Oahu,Admin/Waste,2016,Middle Atlantic,5,0,3,HI
UH West Oahu,Admin/Waste,2016,Middle Atlantic,10,,,HI
UH West Oahu,Admin/Waste,2016,Mountain,1,0,0,HI
UH West Oahu,Admin/Waste,2016,Mountain,5,0,3,HI
UH West Oahu,Admin/Waste,2016,Mountain,10,,,HI
UH West Oahu,Admin/Waste,2016,New England,1,0,0,HI
UH West Oahu,Admin/Waste,2016,New England,5,0,0,HI
UH West Oahu,Admin/Waste,2016,New England,10,,,HI
UH West Oahu,Admin/Waste,2016,Pacific,1,59,64,HI
UH West Oahu,Admin/Waste,2016,Pacific,5,32,39,HI
UH West Oahu,Admin/Waste,2016,Pacific,10,,,HI
UH West Oahu,Admin/Waste,2016,South Atlantic,1,0,1,HI
UH West Oahu,Admin/Waste,2016,South Atlantic,5,0,0,HI
UH West Oahu,Admin/Waste,2016,South Atlantic,10,,,HI
UH West Oahu,Admin/Waste,2016,West North Central,1,0,0,HI
UH West Oahu,Admin/Waste,2016,West North Central,5,0,2,HI
UH West Oahu,Admin/Waste,2016,West North Central,10,,,HI
UH West Oahu,Admin/Waste,2016,West South Central,1,0,0,HI
UH West Oahu,Admin/Waste,2016,West South Central,5,0,0,HI
UH West Oahu,Admin/Waste,2016,West South Central,10,,,HI
UH West Oahu,Admin/Waste,2019,East North Central,1,0,3,HI
UH West Oahu,Admin/Waste,2019,East North Central,5,,,HI
UH West Oahu,Admin/Waste,2019,East North Central,10,,,HI
UH West Oahu,Admin/Waste,2019,East South Central,1,0,0,HI
UH West Oahu,Admin/Waste,2019,East South Central,5,,,HI
UH West Oahu,Admin/Waste,2019,East South Central,10,,,HI
UH West Oahu,Admin/Waste,2019,Middle Atlantic,1,0,1,HI
UH West Oahu,Admin/Waste,2019,Middle Atlantic,5,,,HI
UH West Oahu,Admin/Waste,2019,Middle Atlantic,10,,,HI
UH West Oahu,Admin/Waste,2019,Mountain,1,0,1,HI
UH West Oahu,Admin/Waste,2019,Mountain,5,,,HI
UH West Oahu,Admin/Waste,2019,Mountain,10,,,HI
UH West Oahu,Admin/Waste,2019,New England,1,0,0,HI
UH West Oahu,Admin/Waste,2019,New England,5,,,HI
UH West Oahu,Admin/Waste,2019,New England,10,,,HI
UH West Oahu,Admin/Waste,2019,Pacific,1,58,66,HI
UH West Oahu,Admin/Waste,2019,Pacific,5,,,HI
UH West Oahu,Admin/Waste,2019,Pacific,10,,,HI
UH West Oahu,Admin/Waste,2019,South Atlantic,1,0,4,HI
UH West Oahu,Admin/Waste,2019,South Atlantic,5,,,HI
UH West Oahu,Admin/Waste,2019,South Atlantic,10,,,HI
UH West Oahu,Admin/Waste,2019,West North Central,1,0,1,HI
UH West Oahu,Admin/Waste,2019,West North Central,5,,,HI
UH West Oahu,Admin/Waste,2019,West North Central,10,,,HI
UH West Oahu,Admin/Waste,2019,West South Central,1,0,0,HI
UH West Oahu,Admin/Waste,2019,West South Central,5,,,HI
UH West Oahu,Admin/Waste,2019,West South Central,10,,,HI
UH West Oahu,Agriculture,2004,East North Central,1,0,0,HI
UH West Oahu,Agriculture,2004,East North Central,5,0,0,HI
UH West Oahu,Agriculture,2004,East North Central,10,0,0,HI
UH West Oahu,Agriculture,2004,East South Central,1,0,0,HI
UH West Oahu,Agriculture,2004,East South Central,5,0,0,HI
UH West Oahu,Agriculture,2004,East South Central,10,0,0,HI
UH West Oahu,Agriculture,2004,Middle Atlantic,1,0,0,HI
UH West Oahu,Agriculture,2004,Middle Atlantic,5,0,0,HI
UH West Oahu,Agriculture,2004,Middle Atlantic,10,0,0,HI
UH West Oahu,Agriculture,2004,Mountain,1,0,0,HI
UH West Oahu,Agriculture,2004,Mountain,5,0,0,HI
UH West Oahu,Agriculture,2004,Mountain,10,0,0,HI
UH West Oahu,Agriculture,2004,New England,1,0,0,HI
UH West Oahu,Agriculture,2004,New England,5,0,0,HI
UH West Oahu,Agriculture,2004,New England,10,0,0,HI
UH West Oahu,Agriculture,2004,Pacific,1,0,1,HI
UH West Oahu,Agriculture,2004,Pacific,5,0,0,HI
UH West Oahu,Agriculture,2004,Pacific,10,0,4,HI
UH West Oahu,Agriculture,2004,South Atlantic,1,0,0,HI
UH West Oahu,Agriculture,2004,South Atlantic,5,0,0,HI
UH West Oahu,Agriculture,2004,South Atlantic,10,0,0,HI
UH West Oahu,Agriculture,2004,West North Central,1,0,0,HI
UH West Oahu,Agriculture,2004,West North Central,5,0,0,HI
UH West Oahu,Agriculture,2004,West North Central,10,0,0,HI
UH West Oahu,Agriculture,2004,West South Central,1,0,0,HI
UH West Oahu,Agriculture,2004,West South Central,5,0,0,HI
UH West Oahu,Agriculture,2004,West South Central,10,0,0,HI
UH West Oahu,Agriculture,2007,East North Central,1,0,0,HI
UH West Oahu,Agriculture,2007,East North Central,5,0,0,HI
UH West Oahu,Agriculture,2007,East North Central,10,0,0,HI
UH West Oahu,Agriculture,2007,East South Central,1,0,0,HI
UH West Oahu,Agriculture,2007,East South Central,5,0,0,HI
UH West Oahu,Agriculture,2007,East South Central,10,0,0,HI
UH West Oahu,Agriculture,2007,Middle Atlantic,1,0,1,HI
UH West Oahu,Agriculture,2007,Middle Atlantic,5,0,0,HI
UH West Oahu,Agriculture,2007,Middle Atlantic,10,0,0,HI
UH West Oahu,Agriculture,2007,Mountain,1,0,2,HI
UH West Oahu,Agriculture,2007,Mountain,5,0,0,HI
UH West Oahu,Agriculture,2007,Mountain,10,0,0,HI
UH West Oahu,Agriculture,2007,New England,1,0,0,HI
UH West Oahu,Agriculture,2007,New England,5,0,0,HI
UH West Oahu,Agriculture,2007,New England,10,0,0,HI
UH West Oahu,Agriculture,2007,Pacific,1,0,0,HI
UH West Oahu,Agriculture,2007,Pacific,5,4,4,HI
UH West Oahu,Agriculture,2007,Pacific,10,0,0,HI
UH West Oahu,Agriculture,2007,South Atlantic,1,0,1,HI
UH West Oahu,Agriculture,2007,South Atlantic,5,0,0,HI
UH West Oahu,Agriculture,2007,South Atlantic,10,0,0,HI
UH West Oahu,Agriculture,2007,West North Central,1,0,0,HI
UH West Oahu,Agriculture,2007,West North Central,5,0,0,HI
UH West Oahu,Agriculture,2007,West North Central,10,0,0,HI
UH West Oahu,Agriculture,2007,West South Central,1,0,0,HI
UH West Oahu,Agriculture,2007,West South Central,5,0,0,HI
UH West Oahu,Agriculture,2007,West South Central,10,0,0,HI
UH West Oahu,Agriculture,2010,East North Central,1,0,0,HI
UH West Oahu,Agriculture,2010,East North Central,5,0,0,HI
UH West Oahu,Agriculture,2010,East North Central,10,0,0,HI
UH West Oahu,Agriculture,2010,East South Central,1,0,0,HI
UH West Oahu,Agriculture,2010,East South Central,5,0,0,HI
UH West Oahu,Agriculture,2010,East South Central,10,0,0,HI
UH West Oahu,Agriculture,2010,Middle Atlantic,1,0,0,HI
UH West Oahu,Agriculture,2010,Middle Atlantic,5,0,0,HI
UH West Oahu,Agriculture,2010,Middle Atlantic,10,0,0,HI
UH West Oahu,Agriculture,2010,Mountain,1,0,0,HI
UH West Oahu,Agriculture,2010,Mountain,5,0,0,HI
UH West Oahu,Agriculture,2010,Mountain,10,0,0,HI
UH West Oahu,Agriculture,2010,New England,1,0,0,HI
UH West Oahu,Agriculture,2010,New England,5,0,0,HI
UH West Oahu,Agriculture,2010,New England,10,0,0,HI
UH West Oahu,Agriculture,2010,Pacific,1,0,0,HI
UH West Oahu,Agriculture,2010,Pacific,5,0,1,HI
UH West Oahu,Agriculture,2010,Pacific,10,0,0,HI
UH West Oahu,Agriculture,2010,South Atlantic,1,0,0,HI
UH West Oahu,Agriculture,2010,South Atlantic,5,0,0,HI
UH West Oahu,Agriculture,2010,South Atlantic,10,0,0,HI
UH West Oahu,Agriculture,2010,West North Central,1,0,0,HI
UH West Oahu,Agriculture,2010,West North Central,5,0,0,HI
UH West Oahu,Agriculture,2010,West North Central,10,0,0,HI
UH West Oahu,Agriculture,2010,West South Central,1,0,0,HI
UH West Oahu,Agriculture,2010,West South Central,5,0,0,HI
UH West Oahu,Agriculture,2010,West South Central,10,0,0,HI
UH West Oahu,Agriculture,2013,East North Central,1,0,0,HI
UH West Oahu,Agriculture,2013,East North Central,5,0,0,HI
UH West Oahu,Agriculture,2013,East North Central,10,,,HI
UH West Oahu,Agriculture,2013,East South Central,1,0,0,HI
UH West Oahu,Agriculture,2013,East South Central,5,0,0,HI
UH West Oahu,Agriculture,2013,East South Central,10,,,HI
UH West Oahu,Agriculture,2013,Middle Atlantic,1,0,0,HI
UH West Oahu,Agriculture,2013,Middle Atlantic,5,0,0,HI
UH West Oahu,Agriculture,2013,Middle Atlantic,10,,,HI
UH West Oahu,Agriculture,2013,Mountain,1,0,0,HI
UH West Oahu,Agriculture,2013,Mountain,5,0,0,HI
UH West Oahu,Agriculture,2013,Mountain,10,,,HI
UH West Oahu,Agriculture,2013,New England,1,0,0,HI
UH West Oahu,Agriculture,2013,New England,5,0,0,HI
UH West Oahu,Agriculture,2013,New England,10,,,HI
UH West Oahu,Agriculture,2013,Pacific,1,0,0,HI
UH West Oahu,Agriculture,2013,Pacific,5,0,0,HI
UH West Oahu,Agriculture,2013,Pacific,10,,,HI
UH West Oahu,Agriculture,2013,South Atlantic,1,0,0,HI
UH West Oahu,Agriculture,2013,South Atlantic,5,0,0,HI
UH West Oahu,Agriculture,2013,South Atlantic,10,,,HI
UH West Oahu,Agriculture,2013,West North Central,1,0,0,HI
UH West Oahu,Agriculture,2013,West North Central,5,0,0,HI
UH West Oahu,Agriculture,2013,West North Central,10,,,HI
UH West Oahu,Agriculture,2013,West South Central,1,0,0,HI
UH West Oahu,Agriculture,2013,West South Central,5,0,0,HI
UH West Oahu,Agriculture,2013,West South Central,10,,,HI
UH West Oahu,Agriculture,2016,East North Central,1,0,0,HI
UH West Oahu,Agriculture,2016,East North Central,5,0,0,HI
UH West Oahu,Agriculture,2016,East North Central,10,,,HI
UH West Oahu,Agriculture,2016,East South Central,1,0,0,HI
UH West Oahu,Agriculture,2016,East South Central,5,0,0,HI
UH West Oahu,Agriculture,2016,East South Central,10,,,HI
UH West Oahu,Agriculture,2016,Middle Atlantic,1,0,0,HI
UH West Oahu,Agriculture,2016,Middle Atlantic,5,0,0,HI
UH West Oahu,Agriculture,2016,Middle Atlantic,10,,,HI
UH West Oahu,Agriculture,2016,Mountain,1,0,0,HI
UH West Oahu,Agriculture,2016,Mountain,5,0,0,HI
UH West Oahu,Agriculture,2016,Mountain,10,,,HI
UH West Oahu,Agriculture,2016,New England,1,0,0,HI
UH West Oahu,Agriculture,2016,New England,5,0,0,HI
UH West Oahu,Agriculture,2016,New England,10,,,HI
UH West Oahu,Agriculture,2016,Pacific,1,0,0,HI
UH West Oahu,Agriculture,2016,Pacific,5,0,0,HI
UH West Oahu,Agriculture,2016,Pacific,10,,,HI
UH West Oahu,Agriculture,2016,South Atlantic,1,0,0,HI
UH West Oahu,Agriculture,2016,South Atlantic,5,0,0,HI
UH West Oahu,Agriculture,2016,South Atlantic,10,,,HI
UH West Oahu,Agriculture,2016,West North Central,1,0,0,HI
UH West Oahu,Agriculture,2016,West North Central,5,0,0,HI
UH West Oahu,Agriculture,2016,West North Central,10,,,HI
UH West Oahu,Agriculture,2016,West South Central,1,0,0,HI
UH West Oahu,Agriculture,2016,West South Central,5,0,0,HI
UH West Oahu,Agriculture,2016,West South Central,10,,,HI
UH West Oahu,Agriculture,2019,East North Central,1,0,0,HI
UH West Oahu,Agriculture,2019,East North Central,5,,,HI
UH West Oahu,Agriculture,2019,East North Central,10,,,HI
UH West Oahu,Agriculture,2019,East South Central,1,0,0,HI
UH West Oahu,Agriculture,2019,East South Central,5,,,HI
UH West Oahu,Agriculture,2019,East South Central,10,,,HI
UH West Oahu,Agriculture,2019,Middle Atlantic,1,0,0,HI
UH West Oahu,Agriculture,2019,Middle Atlantic,5,,,HI
UH West Oahu,Agriculture,2019,Middle Atlantic,10,,,HI
UH West Oahu,Agriculture,2019,Mountain,1,0,0,HI
UH West Oahu,Agriculture,2019,Mountain,5,,,HI
UH West Oahu,Agriculture,2019,Mountain,10,,,HI
UH West Oahu,Agriculture,2019,New England,1,0,0,HI
UH West Oahu,Agriculture,2019,New England,5,,,HI
UH West Oahu,Agriculture,2019,New England,10,,,HI
UH West Oahu,Agriculture,2019,Pacific,1,1,1,HI
UH West Oahu,Agriculture,2019,Pacific,5,,,HI
UH West Oahu,Agriculture,2019,Pacific,10,,,HI
UH West Oahu,Agriculture,2019,South Atlantic,1,0,0,HI
UH West Oahu,Agriculture,2019,South Atlantic,5,,,HI
UH West Oahu,Agriculture,2019,South Atlantic,10,,,HI
UH West Oahu,Agriculture,2019,West North Central,1,0,0,HI
UH West Oahu,Agriculture,2019,West North Central,5,,,HI
UH West Oahu,Agriculture,2019,West North Central,10,,,HI
UH West Oahu,Agriculture,2019,West South Central,1,0,0,HI
UH West Oahu,Agriculture,2019,West South Central,5,,,HI
UH West Oahu,Agriculture,2019,West South Central,10,,,HI
UH West Oahu,Arts/Entertainment,2004,East North Central,1,0,0,HI
UH West Oahu,Arts/Entertainment,2004,East North Central,5,0,0,HI
UH West Oahu,Arts/Entertainment,2004,East North Central,10,0,0,HI
UH West Oahu,Arts/Entertainment,2004,East South Central,1,0,0,HI
UH West Oahu,Arts/Entertainment,2004,East South Central,5,0,0,HI
UH West Oahu,Arts/Entertainment,2004,East South Central,10,0,0,HI
UH West Oahu,Arts/Entertainment,2004,Middle Atlantic,1,0,0,HI
UH West Oahu,Arts/Entertainment,2004,Middle Atlantic,5,0,0,HI
UH West Oahu,Arts/Entertainment,2004,Middle Atlantic,10,0,1,HI
UH West Oahu,Arts/Entertainment,2004,Mountain,1,0,0,HI
UH West Oahu,Arts/Entertainment,2004,Mountain,5,0,0,HI
UH West Oahu,Arts/Entertainment,2004,Mountain,10,0,1,HI
UH West Oahu,Arts/Entertainment,2004,New England,1,0,0,HI
UH West Oahu,Arts/Entertainment,2004,New England,5,0,0,HI
UH West Oahu,Arts/Entertainment,2004,New England,10,0,0,HI
UH West Oahu,Arts/Entertainment,2004,Pacific,1,2,2,HI
UH West Oahu,Arts/Entertainment,2004,Pacific,5,2,3,HI
UH West Oahu,Arts/Entertainment,2004,Pacific,10,1,1,HI
UH West Oahu,Arts/Entertainment,2004,South Atlantic,1,0,0,HI
UH West Oahu,Arts/Entertainment,2004,South Atlantic,5,0,0,HI
UH West Oahu,Arts/Entertainment,2004,South Atlantic,10,0,0,HI
UH West Oahu,Arts/Entertainment,2004,West North Central,1,0,0,HI
UH West Oahu,Arts/Entertainment,2004,West North Central,5,0,0,HI
UH West Oahu,Arts/Entertainment,2004,West North Central,10,0,0,HI
UH West Oahu,Arts/Entertainment,2004,West South Central,1,0,0,HI
UH West Oahu,Arts/Entertainment,2004,West South Central,5,0,0,HI
UH West Oahu,Arts/Entertainment,2004,West South Central,10,0,0,HI
UH West Oahu,Arts/Entertainment,2007,East North Central,1,0,0,HI
UH West Oahu,Arts/Entertainment,2007,East North Central,5,0,0,HI
UH West Oahu,Arts/Entertainment,2007,East North Central,10,0,0,HI
UH West Oahu,Arts/Entertainment,2007,East South Central,1,0,0,HI
UH West Oahu,Arts/Entertainment,2007,East South Central,5,0,0,HI
UH West Oahu,Arts/Entertainment,2007,East South Central,10,0,0,HI
UH West Oahu,Arts/Entertainment,2007,Middle Atlantic,1,0,1,HI
UH West Oahu,Arts/Entertainment,2007,Middle Atlantic,5,0,0,HI
UH West Oahu,Arts/Entertainment,2007,Middle Atlantic,10,0,0,HI
UH West Oahu,Arts/Entertainment,2007,Mountain,1,0,1,HI
UH West Oahu,Arts/Entertainment,2007,Mountain,5,0,0,HI
UH West Oahu,Arts/Entertainment,2007,Mountain,10,0,0,HI
UH West Oahu,Arts/Entertainment,2007,New England,1,0,0,HI
UH West Oahu,Arts/Entertainment,2007,New England,5,0,0,HI
UH West Oahu,Arts/Entertainment,2007,New England,10,0,0,HI
UH West Oahu,Arts/Entertainment,2007,Pacific,1,0,3,HI
UH West Oahu,Arts/Entertainment,2007,Pacific,5,0,3,HI
UH West Oahu,Arts/Entertainment,2007,Pacific,10,3,5,HI
UH West Oahu,Arts/Entertainment,2007,South Atlantic,1,0,1,HI
UH West Oahu,Arts/Entertainment,2007,South Atlantic,5,0,1,HI
UH West Oahu,Arts/Entertainment,2007,South Atlantic,10,0,0,HI
UH West Oahu,Arts/Entertainment,2007,West North Central,1,0,0,HI
UH West Oahu,Arts/Entertainment,2007,West North Central,5,0,0,HI
UH West Oahu,Arts/Entertainment,2007,West North Central,10,0,0,HI
UH West Oahu,Arts/Entertainment,2007,West South Central,1,0,2,HI
UH West Oahu,Arts/Entertainment,2007,West South Central,5,0,1,HI
UH West Oahu,Arts/Entertainment,2007,West South Central,10,0,0,HI
UH West Oahu,Arts/Entertainment,2010,East North Central,1,0,0,HI
UH West Oahu,Arts/Entertainment,2010,East North Central,5,0,0,HI
UH West Oahu,Arts/Entertainment,2010,East North Central,10,0,0,HI
UH West Oahu,Arts/Entertainment,2010,East South Central,1,0,0,HI
UH West Oahu,Arts/Entertainment,2010,East South Central,5,0,0,HI
UH West Oahu,Arts/Entertainment,2010,East South Central,10,0,0,HI
UH West Oahu,Arts/Entertainment,2010,Middle Atlantic,1,0,0,HI
UH West Oahu,Arts/Entertainment,2010,Middle Atlantic,5,0,0,HI
UH West Oahu,Arts/Entertainment,2010,Middle Atlantic,10,0,0,HI
UH West Oahu,Arts/Entertainment,2010,Mountain,1,0,0,HI
UH West Oahu,Arts/Entertainment,2010,Mountain,5,0,0,HI
UH West Oahu,Arts/Entertainment,2010,Mountain,10,0,0,HI
UH West Oahu,Arts/Entertainment,2010,New England,1,0,0,HI
UH West Oahu,Arts/Entertainment,2010,New England,5,0,0,HI
UH West Oahu,Arts/Entertainment,2010,New England,10,0,0,HI
UH West Oahu,Arts/Entertainment,2010,Pacific,1,2,2,HI
UH West Oahu,Arts/Entertainment,2010,Pacific,5,0,0,HI
UH West Oahu,Arts/Entertainment,2010,Pacific,10,3,3,HI
UH West Oahu,Arts/Entertainment,2010,South Atlantic,1,0,0,HI
UH West Oahu,Arts/Entertainment,2010,South Atlantic,5,0,0,HI
UH West Oahu,Arts/Entertainment,2010,South Atlantic,10,0,0,HI
UH West Oahu,Arts/Entertainment,2010,West North Central,1,0,0,HI
UH West Oahu,Arts/Entertainment,2010,West North Central,5,0,0,HI
UH West Oahu,Arts/Entertainment,2010,West North Central,10,0,0,HI
UH West Oahu,Arts/Entertainment,2010,West South Central,1,0,0,HI
UH West Oahu,Arts/Entertainment,2010,West South Central,5,0,0,HI
UH West Oahu,Arts/Entertainment,2010,West South Central,10,0,0,HI
UH West Oahu,Arts/Entertainment,2013,East North Central,1,0,0,HI
UH West Oahu,Arts/Entertainment,2013,East North Central,5,0,0,HI
UH West Oahu,Arts/Entertainment,2013,East North Central,10,,,HI
UH West Oahu,Arts/Entertainment,2013,East South Central,1,0,0,HI
UH West Oahu,Arts/Entertainment,2013,East South Central,5,0,0,HI
UH West Oahu,Arts/Entertainment,2013,East South Central,10,,,HI
UH West Oahu,Arts/Entertainment,2013,Middle Atlantic,1,0,0,HI
UH West Oahu,Arts/Entertainment,2013,Middle Atlantic,5,0,0,HI
UH West Oahu,Arts/Entertainment,2013,Middle Atlantic,10,,,HI
UH West Oahu,Arts/Entertainment,2013,Mountain,1,0,0,HI
UH West Oahu,Arts/Entertainment,2013,Mountain,5,0,0,HI
UH West Oahu,Arts/Entertainment,2013,Mountain,10,,,HI
UH West Oahu,Arts/Entertainment,2013,New England,1,0,0,HI
UH West Oahu,Arts/Entertainment,2013,New England,5,0,0,HI
UH West Oahu,Arts/Entertainment,2013,New England,10,,,HI
UH West Oahu,Arts/Entertainment,2013,Pacific,1,8,10,HI
UH West Oahu,Arts/Entertainment,2013,Pacific,5,3,3,HI
UH West Oahu,Arts/Entertainment,2013,Pacific,10,,,HI
UH West Oahu,Arts/Entertainment,2013,South Atlantic,1,0,1,HI
UH West Oahu,Arts/Entertainment,2013,South Atlantic,5,0,0,HI
UH West Oahu,Arts/Entertainment,2013,South Atlantic,10,,,HI
UH West Oahu,Arts/Entertainment,2013,West North Central,1,0,0,HI
UH West Oahu,Arts/Entertainment,2013,West North Central,5,0,0,HI
UH West Oahu,Arts/Entertainment,2013,West North Central,10,,,HI
UH West Oahu,Arts/Entertainment,2013,West South Central,1,0,0,HI
UH West Oahu,Arts/Entertainment,2013,West South Central,5,0,0,HI
UH West Oahu,Arts/Entertainment,2013,West South Central,10,,,HI
UH West Oahu,Arts/Entertainment,2016,East North Central,1,0,0,HI
UH West Oahu,Arts/Entertainment,2016,East North Central,5,0,0,HI
UH West Oahu,Arts/Entertainment,2016,East North Central,10,,,HI
UH West Oahu,Arts/Entertainment,2016,East South Central,1,0,0,HI
UH West Oahu,Arts/Entertainment,2016,East South Central,5,0,0,HI
UH West Oahu,Arts/Entertainment,2016,East South Central,10,,,HI
UH West Oahu,Arts/Entertainment,2016,Middle Atlantic,1,0,0,HI
UH West Oahu,Arts/Entertainment,2016,Middle Atlantic,5,0,0,HI
UH West Oahu,Arts/Entertainment,2016,Middle Atlantic,10,,,HI
UH West Oahu,Arts/Entertainment,2016,Mountain,1,0,0,HI
UH West Oahu,Arts/Entertainment,2016,Mountain,5,0,0,HI
UH West Oahu,Arts/Entertainment,2016,Mountain,10,,,HI
UH West Oahu,Arts/Entertainment,2016,New England,1,0,0,HI
UH West Oahu,Arts/Entertainment,2016,New England,5,0,0,HI
UH West Oahu,Arts/Entertainment,2016,New England,10,,,HI
UH West Oahu,Arts/Entertainment,2016,Pacific,1,10,10,HI
UH West Oahu,Arts/Entertainment,2016,Pacific,5,9,9,HI
UH West Oahu,Arts/Entertainment,2016,Pacific,10,,,HI
UH West Oahu,Arts/Entertainment,2016,South Atlantic,1,0,0,HI
UH West Oahu,Arts/Entertainment,2016,South Atlantic,5,0,0,HI
UH West Oahu,Arts/Entertainment,2016,South Atlantic,10,,,HI
UH West Oahu,Arts/Entertainment,2016,West North Central,1,0,0,HI
UH West Oahu,Arts/Entertainment,2016,West North Central,5,0,0,HI
UH West Oahu,Arts/Entertainment,2016,West North Central,10,,,HI
UH West Oahu,Arts/Entertainment,2016,West South Central,1,0,0,HI
UH West Oahu,Arts/Entertainment,2016,West South Central,5,0,0,HI
UH West Oahu,Arts/Entertainment,2016,West South Central,10,,,HI
UH West Oahu,Arts/Entertainment,2019,East North Central,1,0,0,HI
UH West Oahu,Arts/Entertainment,2019,East North Central,5,,,HI
UH West Oahu,Arts/Entertainment,2019,East North Central,10,,,HI
UH West Oahu,Arts/Entertainment,2019,East South Central,1,0,0,HI
UH West Oahu,Arts/Entertainment,2019,East South Central,5,,,HI
UH West Oahu,Arts/Entertainment,2019,East South Central,10,,,HI
UH West Oahu,Arts/Entertainment,2019,Middle Atlantic,1,0,1,HI
UH West Oahu,Arts/Entertainment,2019,Middle Atlantic,5,,,HI
UH West Oahu,Arts/Entertainment,2019,Middle Atlantic,10,,,HI
UH West Oahu,Arts/Entertainment,2019,Mountain,1,0,0,HI
UH West Oahu,Arts/Entertainment,2019,Mountain,5,,,HI
UH West Oahu,Arts/Entertainment,2019,Mountain,10,,,HI
UH West Oahu,Arts/Entertainment,2019,New England,1,0,0,HI
UH West Oahu,Arts/Entertainment,2019,New England,5,,,HI
UH West Oahu,Arts/Entertainment,2019,New England,10,,,HI
UH West Oahu,Arts/Entertainment,2019,Pacific,1,14,15,HI
UH West Oahu,Arts/Entertainment,2019,Pacific,5,,,HI
UH West Oahu,Arts/Entertainment,2019,Pacific,10,,,HI
UH West Oahu,Arts/Entertainment,2019,South Atlantic,1,0,0,HI
UH West Oahu,Arts/Entertainment,2019,South Atlantic,5,,,HI
UH West Oahu,Arts/Entertainment,2019,South Atlantic,10,,,HI
UH West Oahu,Arts/Entertainment,2019,West North Central,1,0,0,HI
UH West Oahu,Arts/Entertainment,2019,West North Central,5,,,HI
UH West Oahu,Arts/Entertainment,2019,West North Central,10,,,HI
UH West Oahu,Arts/Entertainment,2019,West South Central,1,0,1,HI
UH West Oahu,Arts/Entertainment,2019,West South Central,5,,,HI
UH West Oahu,Arts/Entertainment,2019,West South Central,10,,,HI
UH West Oahu,Construction,2004,East North Central,1,0,0,HI
UH West Oahu,Construction,2004,East North Central,5,0,0,HI
UH West Oahu,Construction,2004,East North Central,10,0,0,HI
UH West Oahu,Construction,2004,East South Central,1,0,0,HI
UH West Oahu,Construction,2004,East South Central,5,0,0,HI
UH West Oahu,Construction,2004,East South Central,10,0,0,HI
UH West Oahu,Construction,2004,Middle Atlantic,1,0,0,HI
UH West Oahu,Construction,2004,Middle Atlantic,5,0,0,HI
UH West Oahu,Construction,2004,Middle Atlantic,10,0,3,HI
UH West Oahu,Construction,2004,Mountain,1,0,1,HI
UH West Oahu,Construction,2004,Mountain,5,0,0,HI
UH West Oahu,Construction,2004,Mountain,10,0,2,HI
UH West Oahu,Construction,2004,New England,1,0,0,HI
UH West Oahu,Construction,2004,New England,5,0,0,HI
UH West Oahu,Construction,2004,New England,10,0,0,HI
UH West Oahu,Construction,2004,Pacific,1,1,1,HI
UH West Oahu,Construction,2004,Pacific,5,4,5,HI
UH West Oahu,Construction,2004,Pacific,10,4,8,HI
UH West Oahu,Construction,2004,South Atlantic,1,0,1,HI
UH West Oahu,Construction,2004,South Atlantic,5,0,0,HI
UH West Oahu,Construction,2004,South Atlantic,10,0,1,HI
UH West Oahu,Construction,2004,West North Central,1,0,0,HI
UH West Oahu,Construction,2004,West North Central,5,0,0,HI
UH West Oahu,Construction,2004,West North Central,10,0,2,HI
UH West Oahu,Construction,2004,West South Central,1,0,0,HI
UH West Oahu,Construction,2004,West South Central,5,0,0,HI
UH West Oahu,Construction,2004,West South Central,10,0,1,HI
UH West Oahu,Construction,2007,East North Central,1,0,2,HI
UH West Oahu,Construction,2007,East North Central,5,0,0,HI
UH West Oahu,Construction,2007,East North Central,10,0,0,HI
UH West Oahu,Construction,2007,East South Central,1,0,0,HI
UH West Oahu,Construction,2007,East South Central,5,0,0,HI
UH West Oahu,Construction,2007,East South Central,10,0,0,HI
UH West Oahu,Construction,2007,Middle Atlantic,1,0,0,HI
UH West Oahu,Construction,2007,Middle Atlantic,5,0,2,HI
UH West Oahu,Construction,2007,Middle Atlantic,10,0,1,HI
UH West Oahu,Construction,2007,Mountain,1,0,1,HI
UH West Oahu,Construction,2007,Mountain,5,0,3,HI
UH West Oahu,Construction,2007,Mountain,10,0,1,HI
UH West Oahu,Construction,2007,New England,1,0,0,HI
UH West Oahu,Construction,2007,New England,5,0,0,HI
UH West Oahu,Construction,2007,New England,10,0,0,HI
UH West Oahu,Construction,2007,Pacific,1,7,7,HI
UH West Oahu,Construction,2007,Pacific,5,11,17,HI
UH West Oahu,Construction,2007,Pacific,10,12,16,HI
UH West Oahu,Construction,2007,South Atlantic,1,0,2,HI
UH West Oahu,Construction,2007,South Atlantic,5,0,2,HI
UH West Oahu,Construction,2007,South Atlantic,10,0,0,HI
UH West Oahu,Construction,2007,West North Central,1,0,0,HI
UH West Oahu,Construction,2007,West North Central,5,0,0,HI
UH West Oahu,Construction,2007,West North Central,10,0,0,HI
UH West Oahu,Construction,2007,West South Central,1,0,1,HI
UH West Oahu,Construction,2007,West South Central,5,0,0,HI
UH West Oahu,Construction,2007,West South Central,10,0,0,HI
UH West Oahu,Construction,2010,East North Central,1,0,0,HI
UH West Oahu,Construction,2010,East North Central,5,0,0,HI
UH West Oahu,Construction,2010,East North Central,10,0,0,HI
UH West Oahu,Construction,2010,East South Central,1,0,0,HI
UH West Oahu,Construction,2010,East South Central,5,0,0,HI
UH West Oahu,Construction,2010,East South Central,10,0,0,HI
UH West Oahu,Construction,2010,Middle Atlantic,1,0,0,HI
UH West Oahu,Construction,2010,Middle Atlantic,5,0,0,HI
UH West Oahu,Construction,2010,Middle Atlantic,10,0,2,HI
UH West Oahu,Construction,2010,Mountain,1,0,0,HI
UH West Oahu,Construction,2010,Mountain,5,0,0,HI
UH West Oahu,Construction,2010,Mountain,10,0,1,HI
UH West Oahu,Construction,2010,New England,1,0,0,HI
UH West Oahu,Construction,2010,New England,5,0,0,HI
UH West Oahu,Construction,2010,New England,10,0,0,HI
UH West Oahu,Construction,2010,Pacific,1,4,5,HI
UH West Oahu,Construction,2010,Pacific,5,8,8,HI
UH West Oahu,Construction,2010,Pacific,10,12,13,HI
UH West Oahu,Construction,2010,South Atlantic,1,0,0,HI
UH West Oahu,Construction,2010,South Atlantic,5,0,0,HI
UH West Oahu,Construction,2010,South Atlantic,10,0,0,HI
UH West Oahu,Construction,2010,West North Central,1,0,0,HI
UH West Oahu,Construction,2010,West North Central,5,0,0,HI
UH West Oahu,Construction,2010,West North Central,10,0,0,HI
UH West Oahu,Construction,2010,West South Central,1,0,0,HI
UH West Oahu,Construction,2010,West South Central,5,0,0,HI
UH West Oahu,Construction,2010,West South Central,10,0,0,HI
UH West Oahu,Construction,2013,East North Central,1,0,0,HI
UH West Oahu,Construction,2013,East North Central,5,0,0,HI
UH West Oahu,Construction,2013,East North Central,10,,,HI
UH West Oahu,Construction,2013,East South Central,1,0,0,HI
UH West Oahu,Construction,2013,East South Central,5,0,0,HI
UH West Oahu,Construction,2013,East South Central,10,,,HI
UH West Oahu,Construction,2013,Middle Atlantic,1,0,0,HI
UH West Oahu,Construction,2013,Middle Atlantic,5,0,0,HI
UH West Oahu,Construction,2013,Middle Atlantic,10,,,HI
UH West Oahu,Construction,2013,Mountain,1,0,0,HI
UH West Oahu,Construction,2013,Mountain,5,0,1,HI
UH West Oahu,Construction,2013,Mountain,10,,,HI
UH West Oahu,Construction,2013,New England,1,0,0,HI
UH West Oahu,Construction,2013,New England,5,0,0,HI
UH West Oahu,Construction,2013,New England,10,,,HI
UH West Oahu,Construction,2013,Pacific,1,21,23,HI
UH West Oahu,Construction,2013,Pacific,5,12,13,HI
UH West Oahu,Construction,2013,Pacific,10,,,HI
UH West Oahu,Construction,2013,South Atlantic,1,0,0,HI
UH West Oahu,Construction,2013,South Atlantic,5,0,0,HI
UH West Oahu,Construction,2013,South Atlantic,10,,,HI
UH West Oahu,Construction,2013,West North Central,1,0,0,HI
UH West Oahu,Construction,2013,West North Central,5,0,0,HI
UH West Oahu,Construction,2013,West North Central,10,,,HI
UH West Oahu,Construction,2013,West South Central,1,0,3,HI
UH West Oahu,Construction,2013,West South Central,5,0,0,HI
UH West Oahu,Construction,2013,West South Central,10,,,HI
UH West Oahu,Construction,2016,East North Central,1,0,0,HI
UH West Oahu,Construction,2016,East North Central,5,0,1,HI
UH West Oahu,Construction,2016,East North Central,10,,,HI
UH West Oahu,Construction,2016,East South Central,1,0,0,HI
UH West Oahu,Construction,2016,East South Central,5,0,0,HI
UH West Oahu,Construction,2016,East South Central,10,,,HI
UH West Oahu,Construction,2016,Middle Atlantic,1,0,0,HI
UH West Oahu,Construction,2016,Middle Atlantic,5,0,0,HI
UH West Oahu,Construction,2016,Middle Atlantic,10,,,HI
UH West Oahu,Construction,2016,Mountain,1,0,1,HI
UH West Oahu,Construction,2016,Mountain,5,0,2,HI
UH West Oahu,Construction,2016,Mountain,10,,,HI
UH West Oahu,Construction,2016,New England,1,0,0,HI
UH West Oahu,Construction,2016,New England,5,0,0,HI
UH West Oahu,Construction,2016,New England,10,,,HI
UH West Oahu,Construction,2016,Pacific,1,20,21,HI
UH West Oahu,Construction,2016,Pacific,5,27,37,HI
UH West Oahu,Construction,2016,Pacific,10,,,HI
UH West Oahu,Construction,2016,South Atlantic,1,0,0,HI
UH West Oahu,Construction,2016,South Atlantic,5,0,1,HI
UH West Oahu,Construction,2016,South Atlantic,10,,,HI
UH West Oahu,Construction,2016,West North Central,1,0,0,HI
UH West Oahu,Construction,2016,West North Central,5,0,0,HI
UH West Oahu,Construction,2016,West North Central,10,,,HI
UH West Oahu,Construction,2016,West South Central,1,0,2,HI
UH West Oahu,Construction,2016,West South Central,5,0,2,HI
UH West Oahu,Construction,2016,West South Central,10,,,HI
UH West Oahu,Construction,2019,East North Central,1,0,0,HI
UH West Oahu,Construction,2019,East North Central,5,,,HI
UH West Oahu,Construction,2019,East North Central,10,,,HI
UH West Oahu,Construction,2019,East South Central,1,0,0,HI
UH West Oahu,Construction,2019,East South Central,5,,,HI
UH West Oahu,Construction,2019,East South Central,10,,,HI
UH West Oahu,Construction,2019,Middle Atlantic,1,0,2,HI
UH West Oahu,Construction,2019,Middle Atlantic,5,,,HI
UH West Oahu,Construction,2019,Middle Atlantic,10,,,HI
UH West Oahu,Construction,2019,Mountain,1,0,1,HI
UH West Oahu,Construction,2019,Mountain,5,,,HI
UH West Oahu,Construction,2019,Mountain,10,,,HI
UH West Oahu,Construction,2019,New England,1,0,0,HI
UH West Oahu,Construction,2019,New England,5,,,HI
UH West Oahu,Construction,2019,New England,10,,,HI
UH West Oahu,Construction,2019,Pacific,1,42,43,HI
UH West Oahu,Construction,2019,Pacific,5,,,HI
UH West Oahu,Construction,2019,Pacific,10,,,HI
UH West Oahu,Construction,2019,South Atlantic,1,0,1,HI
UH West Oahu,Construction,2019,South Atlantic,5,,,HI
UH West Oahu,Construction,2019,South Atlantic,10,,,HI
UH West Oahu,Construction,2019,West North Central,1,0,0,HI
UH West Oahu,Construction,2019,West North Central,5,,,HI
UH West Oahu,Construction,2019,West North Central,10,,,HI
UH West Oahu,Construction,2019,West South Central,1,0,0,HI
UH West Oahu,Construction,2019,West South Central,5,,,HI
UH West Oahu,Construction,2019,West South Central,10,,,HI
UH West Oahu,Education,2004,East North Central,1,0,2,HI
UH West Oahu,Education,2004,East North Central,5,0,0,HI
UH West Oahu,Education,2004,East North Central,10,0,2,HI
UH West Oahu,Education,2004,East South Central,1,0,1,HI
UH West Oahu,Education,2004,East South Central,5,0,0,HI
UH West Oahu,Education,2004,East South Central,10,0,1,HI
UH West Oahu,Education,2004,Middle Atlantic,1,0,1,HI
UH West Oahu,Education,2004,Middle Atlantic,5,0,0,HI
UH West Oahu,Education,2004,Middle Atlantic,10,0,4,HI
UH West Oahu,Education,2004,Mountain,1,0,0,HI
UH West Oahu,Education,2004,Mountain,5,0,1,HI
UH West Oahu,Education,2004,Mountain,10,0,2,HI
UH West Oahu,Education,2004,New England,1,0,0,HI
UH West Oahu,Education,2004,New England,5,0,0,HI
UH West Oahu,Education,2004,New England,10,0,0,HI
UH West Oahu,Education,2004,Pacific,1,26,30,HI
UH West Oahu,Education,2004,Pacific,5,26,26,HI
UH West Oahu,Education,2004,Pacific,10,25,29,HI
UH West Oahu,Education,2004,South Atlantic,1,0,1,HI
UH West Oahu,Education,2004,South Atlantic,5,0,0,HI
UH West Oahu,Education,2004,South Atlantic,10,0,5,HI
UH West Oahu,Education,2004,West North Central,1,0,0,HI
UH West Oahu,Education,2004,West North Central,5,0,0,HI
UH West Oahu,Education,2004,West North Central,10,0,3,HI
UH West Oahu,Education,2004,West South Central,1,0,0,HI
UH West Oahu,Education,2004,West South Central,5,0,1,HI
UH West Oahu,Education,2004,West South Central,10,0,0,HI
UH West Oahu,Education,2007,East North Central,1,0,4,HI
UH West Oahu,Education,2007,East North Central,5,0,9,HI
UH West Oahu,Education,2007,East North Central,10,0,2,HI
UH West Oahu,Education,2007,East South Central,1,0,0,HI
UH West Oahu,Education,2007,East South Central,5,0,2,HI
UH West Oahu,Education,2007,East South Central,10,0,0,HI
UH West Oahu,Education,2007,Middle Atlantic,1,0,4,HI
UH West Oahu,Education,2007,Middle Atlantic,5,0,9,HI
UH West Oahu,Education,2007,Middle Atlantic,10,0,2,HI
UH West Oahu,Education,2007,Mountain,1,0,4,HI
UH West Oahu,Education,2007,Mountain,5,0,3,HI
UH West Oahu,Education,2007,Mountain,10,0,3,HI
UH West Oahu,Education,2007,New England,1,0,3,HI
UH West Oahu,Education,2007,New England,5,0,1,HI
UH West Oahu,Education,2007,New England,10,0,0,HI
UH West Oahu,Education,2007,Pacific,1,47,51,HI
UH West Oahu,Education,2007,Pacific,5,62,64,HI
UH West Oahu,Education,2007,Pacific,10,48,52,HI
UH West Oahu,Education,2007,South Atlantic,1,0,5,HI
UH West Oahu,Education,2007,South Atlantic,5,0,5,HI
UH West Oahu,Education,2007,South Atlantic,10,0,2,HI
UH West Oahu,Education,2007,West North Central,1,0,2,HI
UH West Oahu,Education,2007,West North Central,5,0,3,HI
UH West Oahu,Education,2007,West North Central,10,0,2,HI
UH West Oahu,Education,2007,West South Central,1,0,1,HI
UH West Oahu,Education,2007,West South Central,5,0,8,HI
UH West Oahu,Education,2007,West South Central,10,0,5,HI
UH West Oahu,Education,2010,East North Central,1,0,0,HI
UH West Oahu,Education,2010,East North Central,5,0,0,HI
UH West Oahu,Education,2010,East North Central,10,0,1,HI
UH West Oahu,Education,2010,East South Central,1,0,0,HI
UH West Oahu,Education,2010,East South Central,5,0,0,HI
UH West Oahu,Education,2010,East South Central,10,0,0,HI
UH West Oahu,Education,2010,Middle Atlantic,1,0,1,HI
UH West Oahu,Education,2010,Middle Atlantic,5,0,0,HI
UH West Oahu,Education,2010,Middle Atlantic,10,0,0,HI
UH West Oahu,Education,2010,Mountain,1,0,0,HI
UH West Oahu,Education,2010,Mountain,5,0,0,HI
UH West Oahu,Education,2010,Mountain,10,0,3,HI
UH West Oahu,Education,2010,New England,1,0,0,HI
UH West Oahu,Education,2010,New England,5,0,0,HI
UH West Oahu,Education,2010,New England,10,0,0,HI
UH West Oahu,Education,2010,Pacific,1,61,64,HI
UH West Oahu,Education,2010,Pacific,5,91,94,HI
UH West Oahu,Education,2010,Pacific,10,90,96,HI
UH West Oahu,Education,2010,South Atlantic,1,0,1,HI
UH West Oahu,Education,2010,South Atlantic,5,0,0,HI
UH West Oahu,Education,2010,South Atlantic,10,0,17,HI
UH West Oahu,Education,2010,West North Central,1,0,0,HI
UH West Oahu,Education,2010,West North Central,5,0,0,HI
UH West Oahu,Education,2010,West North Central,10,0,3,HI
UH West Oahu,Education,2010,West South Central,1,0,1,HI
UH West Oahu,Education,2010,West South Central,5,0,1,HI
UH West Oahu,Education,2010,West South Central,10,0,3,HI
UH West Oahu,Education,2013,East North Central,1,0,4,HI
UH West Oahu,Education,2013,East North Central,5,0,3,HI
UH West Oahu,Education,2013,East North Central,10,,,HI
UH West Oahu,Education,2013,East South Central,1,0,0,HI
UH West Oahu,Education,2013,East South Central,5,0,1,HI
UH West Oahu,Education,2013,East South Central,10,,,HI
UH West Oahu,Education,2013,Middle Atlantic,1,0,0,HI
UH West Oahu,Education,2013,Middle Atlantic,5,0,2,HI
UH West Oahu,Education,2013,Middle Atlantic,10,,,HI
UH West Oahu,Education,2013,Mountain,1,0,4,HI
UH West Oahu,Education,2013,Mountain,5,0,3,HI
UH West Oahu,Education,2013,Mountain,10,,,HI
UH West Oahu,Education,2013,New England,1,0,1,HI
UH West Oahu,Education,2013,New England,5,0,1,HI
UH West Oahu,Education,2013,New England,10,,,HI
UH West Oahu,Education,2013,Pacific,1,117,120,HI
UH West Oahu,Education,2013,Pacific,5,100,107,HI
UH West Oahu,Education,2013,Pacific,10,,,HI
UH West Oahu,Education,2013,South Atlantic,1,0,11,HI
UH West Oahu,Education,2013,South Atlantic,5,0,6,HI
UH West Oahu,Education,2013,South Atlantic,10,,,HI
UH West Oahu,Education,2013,West North Central,1,0,2,HI
UH West Oahu,Education,2013,West North Central,5,0,0,HI
UH West Oahu,Education,2013,West North Central,10,,,HI
UH West Oahu,Education,2013,West South Central,1,0,1,HI
UH West Oahu,Education,2013,West South Central,5,0,1,HI
UH West Oahu,Education,2013,West South Central,10,,,HI
UH West Oahu,Education,2016,East North Central,1,0,3,HI
UH West Oahu,Education,2016,East North Central,5,0,2,HI
UH West Oahu,Education,2016,East North Central,10,,,HI
UH West Oahu,Education,2016,East South Central,1,0,2,HI
UH West Oahu,Education,2016,East South Central,5,0,2,HI
UH West Oahu,Education,2016,East South Central,10,,,HI
UH West Oahu,Education,2016,Middle Atlantic,1,0,2,HI
UH West Oahu,Education,2016,Middle Atlantic,5,0,3,HI
UH West Oahu,Education,2016,Middle Atlantic,10,,,HI
UH West Oahu,Education,2016,Mountain,1,0,1,HI
UH West Oahu,Education,2016,Mountain,5,0,12,HI
UH West Oahu,Education,2016,Mountain,10,,,HI
UH West Oahu,Education,2016,New England,1,0,0,HI
UH West Oahu,Education,2016,New England,5,0,5,HI
UH West Oahu,Education,2016,New England,10,,,HI
UH West Oahu,Education,2016,Pacific,1,140,147,HI
UH West Oahu,Education,2016,Pacific,5,152,164,HI
UH West Oahu,Education,2016,Pacific,10,,,HI
UH West Oahu,Education,2016,South Atlantic,1,0,3,HI
UH West Oahu,Education,2016,South Atlantic,5,0,2,HI
UH West Oahu,Education,2016,South Atlantic,10,,,HI
UH West Oahu,Education,2016,West North Central,1,0,0,HI
UH West Oahu,Education,2016,West North Central,5,0,5,HI
UH West Oahu,Education,2016,West North Central,10,,,HI
UH West Oahu,Education,2016,West South Central,1,0,0,HI
UH West Oahu,Education,2016,West South Central,5,0,4,HI
UH West Oahu,Education,2016,West South Central,10,,,HI
UH West Oahu,Education,2019,East North Central,1,0,4,HI
UH West Oahu,Education,2019,East North Central,5,,,HI
UH West Oahu,Education,2019,East North Central,10,,,HI
UH West Oahu,Education,2019,East South Central,1,0,2,HI
UH West Oahu,Education,2019,East South Central,5,,,HI
UH West Oahu,Education,2019,East South Central,10,,,HI
UH West Oahu,Education,2019,Middle Atlantic,1,0,9,HI
UH West Oahu,Education,2019,Middle Atlantic,5,,,HI
UH West Oahu,Education,2019,Middle Atlantic,10,,,HI
UH West Oahu,Education,2019,Mountain,1,0,4,HI
UH West Oahu,Education,2019,Mountain,5,,,HI
UH West Oahu,Education,2019,Mountain,10,,,HI
UH West Oahu,Education,2019,New England,1,0,3,HI
UH West Oahu,Education,2019,New England,5,,,HI
UH West Oahu,Education,2019,New England,10,,,HI
UH West Oahu,Education,2019,Pacific,1,177,185,HI
UH West Oahu,Education,2019,Pacific,5,,,HI
UH West Oahu,Education,2019,Pacific,10,,,HI
UH West Oahu,Education,2019,South Atlantic,1,0,8,HI
UH West Oahu,Education,2019,South Atlantic,5,,,HI
UH West Oahu,Education,2019,South Atlantic,10,,,HI
UH West Oahu,Education,2019,West North Central,1,0,4,HI
UH West Oahu,Education,2019,West North Central,5,,,HI
UH West Oahu,Education,2019,West North Central,10,,,HI
UH West Oahu,Education,2019,West South Central,1,0,2,HI
UH West Oahu,Education,2019,West South Central,5,,,HI
UH West Oahu,Education,2019,West South Central,10,,,HI
UH West Oahu,Finance,2004,East North Central,1,0,2,HI
UH West Oahu,Finance,2004,East North Central,5,0,0,HI
UH West Oahu,Finance,2004,East North Central,10,0,2,HI
UH West Oahu,Finance,2004,East South Central,1,0,0,HI
UH West Oahu,Finance,2004,East South Central,5,0,0,HI
UH West Oahu,Finance,2004,East South Central,10,0,0,HI
UH West Oahu,Finance,2004,Middle Atlantic,1,0,0,HI
UH West Oahu,Finance,2004,Middle Atlantic,5,0,0,HI
UH West Oahu,Finance,2004,Middle Atlantic,10,0,3,HI
UH West Oahu,Finance,2004,Mountain,1,0,0,HI
UH West Oahu,Finance,2004,Mountain,5,0,1,HI
UH West Oahu,Finance,2004,Mountain,10,0,1,HI
UH West Oahu,Finance,2004,New England,1,0,0,HI
UH West Oahu,Finance,2004,New England,5,0,0,HI
UH West Oahu,Finance,2004,New England,10,0,0,HI
UH West Oahu,Finance,2004,Pacific,1,2,2,HI
UH West Oahu,Finance,2004,Pacific,5,11,12,HI
UH West Oahu,Finance,2004,Pacific,10,14,20,HI
UH West Oahu,Finance,2004,South Atlantic,1,0,0,HI
UH West Oahu,Finance,2004,South Atlantic,5,0,0,HI
UH West Oahu,Finance,2004,South Atlantic,10,0,4,HI
UH West Oahu,Finance,2004,West North Central,1,0,0,HI
UH West Oahu,Finance,2004,West North Central,5,0,0,HI
UH West Oahu,Finance,2004,West North Central,10,0,0,HI
UH West Oahu,Finance,2004,West South Central,1,0,0,HI
UH West Oahu,Finance,2004,West South Central,5,0,0,HI
UH West Oahu,Finance,2004,West South Central,10,0,2,HI
UH West Oahu,Finance,2007,East North Central,1,0,1,HI
UH West Oahu,Finance,2007,East North Central,5,0,3,HI
UH West Oahu,Finance,2007,East North Central,10,0,1,HI
UH West Oahu,Finance,2007,East South Central,1,0,2,HI
UH West Oahu,Finance,2007,East South Central,5,0,0,HI
UH West Oahu,Finance,2007,East South Central,10,0,0,HI
UH West Oahu,Finance,2007,Middle Atlantic,1,0,0,HI
UH West Oahu,Finance,2007,Middle Atlantic,5,0,4,HI
UH West Oahu,Finance,2007,Middle Atlantic,10,0,1,HI
UH West Oahu,Finance,2007,Mountain,1,0,1,HI
UH West Oahu,Finance,2007,Mountain,5,0,3,HI
UH West Oahu,Finance,2007,Mountain,10,0,2,HI
UH West Oahu,Finance,2007,New England,1,0,0,HI
UH West Oahu,Finance,2007,New England,5,0,0,HI
UH West Oahu,Finance,2007,New England,10,0,0,HI
UH West Oahu,Finance,2007,Pacific,1,15,15,HI
UH West Oahu,Finance,2007,Pacific,5,17,17,HI
UH West Oahu,Finance,2007,Pacific,10,13,18,HI
UH West Oahu,Finance,2007,South Atlantic,1,0,2,HI
UH West Oahu,Finance,2007,South Atlantic,5,0,0,HI
UH West Oahu,Finance,2007,South Atlantic,10,0,2,HI
UH West Oahu,Finance,2007,West North Central,1,0,0,HI
UH West Oahu,Finance,2007,West North Central,5,0,0,HI
UH West Oahu,Finance,2007,West North Central,10,0,0,HI
UH West Oahu,Finance,2007,West South Central,1,0,1,HI
UH West Oahu,Finance,2007,West South Central,5,0,1,HI
UH West Oahu,Finance,2007,West South Central,10,0,1,HI
UH West Oahu,Finance,2010,East North Central,1,0,0,HI
UH West Oahu,Finance,2010,East North Central,5,0,0,HI
UH West Oahu,Finance,2010,East North Central,10,0,0,HI
UH West Oahu,Finance,2010,East South Central,1,0,0,HI
UH West Oahu,Finance,2010,East South Central,5,0,0,HI
UH West Oahu,Finance,2010,East South Central,10,0,0,HI
UH West Oahu,Finance,2010,Middle Atlantic,1,0,0,HI
UH West Oahu,Finance,2010,Middle Atlantic,5,0,0,HI
UH West Oahu,Finance,2010,Middle Atlantic,10,0,0,HI
UH West Oahu,Finance,2010,Mountain,1,0,0,HI
UH West Oahu,Finance,2010,Mountain,5,0,0,HI
UH West Oahu,Finance,2010,Mountain,10,0,0,HI
UH West Oahu,Finance,2010,New England,1,0,0,HI
UH West Oahu,Finance,2010,New England,5,0,0,HI
UH West Oahu,Finance,2010,New England,10,0,0,HI
UH West Oahu,Finance,2010,Pacific,1,21,21,HI
UH West Oahu,Finance,2010,Pacific,5,15,15,HI
UH West Oahu,Finance,2010,Pacific,10,14,18,HI
UH West Oahu,Finance,2010,South Atlantic,1,0,0,HI
UH West Oahu,Finance,2010,South Atlantic,5,0,0,HI
UH West Oahu,Finance,2010,South Atlantic,10,0,2,HI
UH West Oahu,Finance,2010,West North Central,1,0,0,HI
UH West Oahu,Finance,2010,West North Central,5,0,0,HI
UH West Oahu,Finance,2010,West North Central,10,0,0,HI
UH West Oahu,Finance,2010,West South Central,1,0,0,HI
UH West Oahu,Finance,2010,West South Central,5,0,1,HI
UH West Oahu,Finance,2010,West South Central,10,0,0,HI
UH West Oahu,Finance,2013,East North Central,1,0,0,HI
UH West Oahu,Finance,2013,East North Central,5,0,1,HI
UH West Oahu,Finance,2013,East North Central,10,,,HI
UH West Oahu,Finance,2013,East South Central,1,0,0,HI
UH West Oahu,Finance,2013,East South Central,5,0,0,HI
UH West Oahu,Finance,2013,East South Central,10,,,HI
UH West Oahu,Finance,2013,Middle Atlantic,1,0,0,HI
UH West Oahu,Finance,2013,Middle Atlantic,5,0,0,HI
UH West Oahu,Finance,2013,Middle Atlantic,10,,,HI
UH West Oahu,Finance,2013,Mountain,1,0,0,HI
UH West Oahu,Finance,2013,Mountain,5,0,0,HI
UH West Oahu,Finance,2013,Mountain,10,,,HI
UH West Oahu,Finance,2013,New England,1,0,0,HI
UH West Oahu,Finance,2013,New England,5,0,0,HI
UH West Oahu,Finance,2013,New England,10,,,HI
UH West Oahu,Finance,2013,Pacific,1,36,40,HI
UH West Oahu,Finance,2013,Pacific,5,34,40,HI
UH West Oahu,Finance,2013,Pacific,10,,,HI
UH West Oahu,Finance,2013,South Atlantic,1,0,0,HI
UH West Oahu,Finance,2013,South Atlantic,5,0,0,HI
UH West Oahu,Finance,2013,South Atlantic,10,,,HI
UH West Oahu,Finance,2013,West North Central,1,0,0,HI
UH West Oahu,Finance,2013,West North Central,5,0,0,HI
UH West Oahu,Finance,2013,West North Central,10,,,HI
UH West Oahu,Finance,2013,West South Central,1,0,5,HI
UH West Oahu,Finance,2013,West South Central,5,0,2,HI
UH West Oahu,Finance,2013,West South Central,10,,,HI
UH West Oahu,Finance,2016,East North Central,1,0,0,HI
UH West Oahu,Finance,2016,East North Central,5,0,3,HI
UH West Oahu,Finance,2016,East North Central,10,,,HI
UH West Oahu,Finance,2016,East South Central,1,0,0,HI
UH West Oahu,Finance,2016,East South Central,5,0,0,HI
UH West Oahu,Finance,2016,East South Central,10,,,HI
UH West Oahu,Finance,2016,Middle Atlantic,1,0,2,HI
UH West Oahu,Finance,2016,Middle Atlantic,5,0,1,HI
UH West Oahu,Finance,2016,Middle Atlantic,10,,,HI
UH West Oahu,Finance,2016,Mountain,1,0,0,HI
UH West Oahu,Finance,2016,Mountain,5,0,1,HI
UH West Oahu,Finance,2016,Mountain,10,,,HI
UH West Oahu,Finance,2016,New England,1,0,0,HI
UH West Oahu,Finance,2016,New England,5,0,0,HI
UH West Oahu,Finance,2016,New England,10,,,HI
UH West Oahu,Finance,2016,Pacific,1,45,48,HI
UH West Oahu,Finance,2016,Pacific,5,55,64,HI
UH West Oahu,Finance,2016,Pacific,10,,,HI
UH West Oahu,Finance,2016,South Atlantic,1,0,0,HI
UH West Oahu,Finance,2016,South Atlantic,5,0,6,HI
UH West Oahu,Finance,2016,South Atlantic,10,,,HI
UH West Oahu,Finance,2016,West North Central,1,0,0,HI
UH West Oahu,Finance,2016,West North Central,5,0,0,HI
UH West Oahu,Finance,2016,West North Central,10,,,HI
UH West Oahu,Finance,2016,West South Central,1,0,1,HI
UH West Oahu,Finance,2016,West South Central,5,0,2,HI
UH West Oahu,Finance,2016,West South Central,10,,,HI
UH West Oahu,Finance,2019,East North Central,1,0,1,HI
UH West Oahu,Finance,2019,East North Central,5,,,HI
UH West Oahu,Finance,2019,East North Central,10,,,HI
UH West Oahu,Finance,2019,East South Central,1,0,0,HI
UH West Oahu,Finance,2019,East South Central,5,,,HI
UH West Oahu,Finance,2019,East South Central,10,,,HI
UH West Oahu,Finance,2019,Middle Atlantic,1,0,1,HI
UH West Oahu,Finance,2019,Middle Atlantic,5,,,HI
UH West Oahu,Finance,2019,Middle Atlantic,10,,,HI
UH West Oahu,Finance,2019,Mountain,1,0,5,HI
UH West Oahu,Finance,2019,Mountain,5,,,HI
UH West Oahu,Finance,2019,Mountain,10,,,HI
UH West Oahu,Finance,2019,New England,1,0,2,HI
UH West Oahu,Finance,2019,New England,5,,,HI
UH West Oahu,Finance,2019,New England,10,,,HI
UH West Oahu,Finance,2019,Pacific,1,61,66,HI
UH West Oahu,Finance,2019,Pacific,5,,,HI
UH West Oahu,Finance,2019,Pacific,10,,,HI
UH West Oahu,Finance,2019,South Atlantic,1,0,3,HI
UH West Oahu,Finance,2019,South Atlantic,5,,,HI
UH West Oahu,Finance,2019,South Atlantic,10,,,HI
UH West Oahu,Finance,2019,West North Central,1,0,0,HI
UH West Oahu,Finance,2019,West North Central,5,,,HI
UH West Oahu,Finance,2019,West North Central,10,,,HI
UH West Oahu,Finance,2019,West South Central,1,0,0,HI
UH West Oahu,Finance,2019,West South Central,5,,,HI
UH West Oahu,Finance,2019,West South Central,10,,,HI
UH West Oahu,Food/Hospitality,2004,East North Central,1,0,2,HI
UH West Oahu,Food/Hospitality,2004,East North Central,5,0,0,HI
UH West Oahu,Food/Hospitality,2004,East North Central,10,0,4,HI
UH West Oahu,Food/Hospitality,2004,East South Central,1,0,0,HI
UH West Oahu,Food/Hospitality,2004,East South Central,5,0,0,HI
UH West Oahu,Food/Hospitality,2004,East South Central,10,0,0,HI
UH West Oahu,Food/Hospitality,2004,Middle Atlantic,1,0,0,HI
UH West Oahu,Food/Hospitality,2004,Middle Atlantic,5,0,2,HI
UH West Oahu,Food/Hospitality,2004,Middle Atlantic,10,0,4,HI
UH West Oahu,Food/Hospitality,2004,Mountain,1,0,0,HI
UH West Oahu,Food/Hospitality,2004,Mountain,5,0,1,HI
UH West Oahu,Food/Hospitality,2004,Mountain,10,0,5,HI
UH West Oahu,Food/Hospitality,2004,New England,1,0,0,HI
UH West Oahu,Food/Hospitality,2004,New England,5,0,0,HI
UH West Oahu,Food/Hospitality,2004,New England,10,0,0,HI
UH West Oahu,Food/Hospitality,2004,Pacific,1,21,22,HI
UH West Oahu,Food/Hospitality,2004,Pacific,5,12,17,HI
UH West Oahu,Food/Hospitality,2004,Pacific,10,8,14,HI
UH West Oahu,Food/Hospitality,2004,South Atlantic,1,0,0,HI
UH West Oahu,Food/Hospitality,2004,South Atlantic,5,0,3,HI
UH West Oahu,Food/Hospitality,2004,South Atlantic,10,0,2,HI
UH West Oahu,Food/Hospitality,2004,West North Central,1,0,0,HI
UH West Oahu,Food/Hospitality,2004,West North Central,5,0,0,HI
UH West Oahu,Food/Hospitality,2004,West North Central,10,0,3,HI
UH West Oahu,Food/Hospitality,2004,West South Central,1,0,0,HI
UH West Oahu,Food/Hospitality,2004,West South Central,5,0,1,HI
UH West Oahu,Food/Hospitality,2004,West South Central,10,0,1,HI
UH West Oahu,Food/Hospitality,2007,East North Central,1,0,4,HI
UH West Oahu,Food/Hospitality,2007,East North Central,5,0,1,HI
UH West Oahu,Food/Hospitality,2007,East North Central,10,0,3,HI
UH West Oahu,Food/Hospitality,2007,East South Central,1,0,0,HI
UH West Oahu,Food/Hospitality,2007,East South Central,5,0,0,HI
UH West Oahu,Food/Hospitality,2007,East South Central,10,0,0,HI
UH West Oahu,Food/Hospitality,2007,Middle Atlantic,1,0,1,HI
UH West Oahu,Food/Hospitality,2007,Middle Atlantic,5,0,2,HI
UH West Oahu,Food/Hospitality,2007,Middle Atlantic,10,0,1,HI
UH West Oahu,Food/Hospitality,2007,Mountain,1,0,6,HI
UH West Oahu,Food/Hospitality,2007,Mountain,5,0,3,HI
UH West Oahu,Food/Hospitality,2007,Mountain,10,0,3,HI
UH West Oahu,Food/Hospitality,2007,New England,1,0,0,HI
UH West Oahu,Food/Hospitality,2007,New England,5,0,0,HI
UH West Oahu,Food/Hospitality,2007,New England,10,0,0,HI
UH West Oahu,Food/Hospitality,2007,Pacific,1,26,29,HI
UH West Oahu,Food/Hospitality,2007,Pacific,5,21,29,HI
UH West Oahu,Food/Hospitality,2007,Pacific,10,9,17,HI
UH West Oahu,Food/Hospitality,2007,South Atlantic,1,0,2,HI
UH West Oahu,Food/Hospitality,2007,South Atlantic,5,0,6,HI
UH West Oahu,Food/Hospitality,2007,South Atlantic,10,0,2,HI
UH West Oahu,Food/Hospitality,2007,West North Central,1,0,1,HI
UH West Oahu,Food/Hospitality,2007,West North Central,5,0,2,HI
UH West Oahu,Food/Hospitality,2007,West North Central,10,0,1,HI
UH West Oahu,Food/Hospitality,2007,West South Central,1,0,1,HI
UH West Oahu,Food/Hospitality,2007,West South Central,5,0,1,HI
UH West Oahu,Food/Hospitality,2007,West South Central,10,0,0,HI
UH West Oahu,Food/Hospitality,2010,East North Central,1,0,0,HI
UH West Oahu,Food/Hospitality,2010,East North Central,5,0,0,HI
UH West Oahu,Food/Hospitality,2010,East North Central,10,0,0,HI
UH West Oahu,Food/Hospitality,2010,East South Central,1,0,0,HI
UH West Oahu,Food/Hospitality,2010,East South Central,5,0,0,HI
UH West Oahu,Food/Hospitality,2010,East South Central,10,0,0,HI
UH West Oahu,Food/Hospitality,2010,Middle Atlantic,1,0,0,HI
UH West Oahu,Food/Hospitality,2010,Middle Atlantic,5,0,1,HI
UH West Oahu,Food/Hospitality,2010,Middle Atlantic,10,0,2,HI
UH West Oahu,Food/Hospitality,2010,Mountain,1,0,0,HI
UH West Oahu,Food/Hospitality,2010,Mountain,5,0,0,HI
UH West Oahu,Food/Hospitality,2010,Mountain,10,0,1,HI
UH West Oahu,Food/Hospitality,2010,New England,1,0,0,HI
UH West Oahu,Food/Hospitality,2010,New England,5,0,0,HI
UH West Oahu,Food/Hospitality,2010,New England,10,0,0,HI
UH West Oahu,Food/Hospitality,2010,Pacific,1,34,35,HI
UH West Oahu,Food/Hospitality,2010,Pacific,5,24,25,HI
UH West Oahu,Food/Hospitality,2010,Pacific,10,14,16,HI
UH West Oahu,Food/Hospitality,2010,South Atlantic,1,0,1,HI
UH West Oahu,Food/Hospitality,2010,South Atlantic,5,0,0,HI
UH West Oahu,Food/Hospitality,2010,South Atlantic,10,0,3,HI
UH West Oahu,Food/Hospitality,2010,West North Central,1,0,0,HI
UH West Oahu,Food/Hospitality,2010,West North Central,5,0,0,HI
UH West Oahu,Food/Hospitality,2010,West North Central,10,0,0,HI
UH West Oahu,Food/Hospitality,2010,West South Central,1,0,2,HI
UH West Oahu,Food/Hospitality,2010,West South Central,5,0,0,HI
UH West Oahu,Food/Hospitality,2010,West South Central,10,0,1,HI
UH West Oahu,Food/Hospitality,2013,East North Central,1,0,0,HI
UH West Oahu,Food/Hospitality,2013,East North Central,5,0,0,HI
UH West Oahu,Food/Hospitality,2013,East North Central,10,,,HI
UH West Oahu,Food/Hospitality,2013,East South Central,1,0,0,HI
UH West Oahu,Food/Hospitality,2013,East South Central,5,0,0,HI
UH West Oahu,Food/Hospitality,2013,East South Central,10,,,HI
UH West Oahu,Food/Hospitality,2013,Middle Atlantic,1,0,2,HI
UH West Oahu,Food/Hospitality,2013,Middle Atlantic,5,0,3,HI
UH West Oahu,Food/Hospitality,2013,Middle Atlantic,10,,,HI
UH West Oahu,Food/Hospitality,2013,Mountain,1,0,4,HI
UH West Oahu,Food/Hospitality,2013,Mountain,5,0,1,HI
UH West Oahu,Food/Hospitality,2013,Mountain,10,,,HI
UH West Oahu,Food/Hospitality,2013,New England,1,0,0,HI
UH West Oahu,Food/Hospitality,2013,New England,5,0,1,HI
UH West Oahu,Food/Hospitality,2013,New England,10,,,HI
UH West Oahu,Food/Hospitality,2013,Pacific,1,56,62,HI
UH West Oahu,Food/Hospitality,2013,Pacific,5,28,29,HI
UH West Oahu,Food/Hospitality,2013,Pacific,10,,,HI
UH West Oahu,Food/Hospitality,2013,South Atlantic,1,0,1,HI
UH West Oahu,Food/Hospitality,2013,South Atlantic,5,0,3,HI
UH West Oahu,Food/Hospitality,2013,South Atlantic,10,,,HI
UH West Oahu,Food/Hospitality,2013,West North Central,1,0,2,HI
UH West Oahu,Food/Hospitality,2013,West North Central,5,0,0,HI
UH West Oahu,Food/Hospitality,2013,West North Central,10,,,HI
UH West Oahu,Food/Hospitality,2013,West South Central,1,0,1,HI
UH West Oahu,Food/Hospitality,2013,West South Central,5,0,0,HI
UH West Oahu,Food/Hospitality,2013,West South Central,10,,,HI
UH West Oahu,Food/Hospitality,2016,East North Central,1,0,0,HI
UH West Oahu,Food/Hospitality,2016,East North Central,5,0,0,HI
UH West Oahu,Food/Hospitality,2016,East North Central,10,,,HI
UH West Oahu,Food/Hospitality,2016,East South Central,1,0,0,HI
UH West Oahu,Food/Hospitality,2016,East South Central,5,0,3,HI
UH West Oahu,Food/Hospitality,2016,East South Central,10,,,HI
UH West Oahu,Food/Hospitality,2016,Middle Atlantic,1,0,0,HI
UH West Oahu,Food/Hospitality,2016,Middle Atlantic,5,0,2,HI
UH West Oahu,Food/Hospitality,2016,Middle Atlantic,10,,,HI
UH West Oahu,Food/Hospitality,2016,Mountain,1,0,3,HI
UH West Oahu,Food/Hospitality,2016,Mountain,5,0,7,HI
UH West Oahu,Food/Hospitality,2016,Mountain,10,,,HI
UH West Oahu,Food/Hospitality,2016,New England,1,0,0,HI
UH West Oahu,Food/Hospitality,2016,New England,5,0,0,HI
UH West Oahu,Food/Hospitality,2016,New England,10,,,HI
UH West Oahu,Food/Hospitality,2016,Pacific,1,114,117,HI
UH West Oahu,Food/Hospitality,2016,Pacific,5,67,73,HI
UH West Oahu,Food/Hospitality,2016,Pacific,10,,,HI
UH West Oahu,Food/Hospitality,2016,South Atlantic,1,0,6,HI
UH West Oahu,Food/Hospitality,2016,South Atlantic,5,0,6,HI
UH West Oahu,Food/Hospitality,2016,South Atlantic,10,,,HI
UH West Oahu,Food/Hospitality,2016,West North Central,1,0,0,HI
UH West Oahu,Food/Hospitality,2016,West North Central,5,0,1,HI
UH West Oahu,Food/Hospitality,2016,West North Central,10,,,HI
UH West Oahu,Food/Hospitality,2016,West South Central,1,0,0,HI
UH West Oahu,Food/Hospitality,2016,West South Central,5,0,0,HI
UH West Oahu,Food/Hospitality,2016,West South Central,10,,,HI
UH West Oahu,Food/Hospitality,2019,East North Central,1,0,4,HI
UH West Oahu,Food/Hospitality,2019,East North Central,5,,,HI
UH West Oahu,Food/Hospitality,2019,East North Central,10,,,HI
UH West Oahu,Food/Hospitality,2019,East South Central,1,0,0,HI
UH West Oahu,Food/Hospitality,2019,East South Central,5,,,HI
UH West Oahu,Food/Hospitality,2019,East South Central,10,,,HI
UH West Oahu,Food/Hospitality,2019,Middle Atlantic,1,0,1,HI
UH West Oahu,Food/Hospitality,2019,Middle Atlantic,5,,,HI
UH West Oahu,Food/Hospitality,2019,Middle Atlantic,10,,,HI
UH West Oahu,Food/Hospitality,2019,Mountain,1,0,7,HI
UH West Oahu,Food/Hospitality,2019,Mountain,5,,,HI
UH West Oahu,Food/Hospitality,2019,Mountain,10,,,HI
UH West Oahu,Food/Hospitality,2019,New England,1,0,1,HI
UH West Oahu,Food/Hospitality,2019,New England,5,,,HI
UH West Oahu,Food/Hospitality,2019,New England,10,,,HI
UH West Oahu,Food/Hospitality,2019,Pacific,1,117,124,HI
UH West Oahu,Food/Hospitality,2019,Pacific,5,,,HI
UH West Oahu,Food/Hospitality,2019,Pacific,10,,,HI
UH West Oahu,Food/Hospitality,2019,South Atlantic,1,0,2,HI
UH West Oahu,Food/Hospitality,2019,South Atlantic,5,,,HI
UH West Oahu,Food/Hospitality,2019,South Atlantic,10,,,HI
UH West Oahu,Food/Hospitality,2019,West North Central,1,0,0,HI
UH West Oahu,Food/Hospitality,2019,West North Central,5,,,HI
UH West Oahu,Food/Hospitality,2019,West North Central,10,,,HI
UH West Oahu,Food/Hospitality,2019,West South Central,1,0,1,HI
UH West Oahu,Food/Hospitality,2019,West South Central,5,,,HI
UH West Oahu,Food/Hospitality,2019,West South Central,10,,,HI
UH West Oahu,Health Care,2004,East North Central,1,0,1,HI
UH West Oahu,Health Care,2004,East North Central,5,0,0,HI
UH West Oahu,Health Care,2004,East North Central,10,0,4,HI
UH West Oahu,Health Care,2004,East South Central,1,0,1,HI
UH West Oahu,Health Care,2004,East South Central,5,0,0,HI
UH West Oahu,Health Care,2004,East South Central,10,0,0,HI
UH West Oahu,Health Care,2004,Middle Atlantic,1,0,1,HI
UH West Oahu,Health Care,2004,Middle Atlantic,5,0,2,HI
UH West Oahu,Health Care,2004,Middle Atlantic,10,0,2,HI
UH West Oahu,Health Care,2004,Mountain,1,0,0,HI
UH West Oahu,Health Care,2004,Mountain,5,0,0,HI
UH West Oahu,Health Care,2004,Mountain,10,0,2,HI
UH West Oahu,Health Care,2004,New England,1,0,0,HI
UH West Oahu,Health Care,2004,New England,5,0,2,HI
UH West Oahu,Health Care,2004,New England,10,0,0,HI
UH West Oahu,Health Care,2004,Pacific,1,47,49,HI
UH West Oahu,Health Care,2004,Pacific,5,30,34,HI
UH West Oahu,Health Care,2004,Pacific,10,34,37,HI
UH West Oahu,Health Care,2004,South Atlantic,1,0,6,HI
UH West Oahu,Health Care,2004,South Atlantic,5,0,1,HI
UH West Oahu,Health Care,2004,South Atlantic,10,0,3,HI
UH West Oahu,Health Care,2004,West North Central,1,0,1,HI
UH West Oahu,Health Care,2004,West North Central,5,0,0,HI
UH West Oahu,Health Care,2004,West North Central,10,0,2,HI
UH West Oahu,Health Care,2004,West South Central,1,0,1,HI
UH West Oahu,Health Care,2004,West South Central,5,0,0,HI
UH West Oahu,Health Care,2004,West South Central,10,0,5,HI
UH West Oahu,Health Care,2007,East North Central,1,0,6,HI
UH West Oahu,Health Care,2007,East North Central,5,0,1,HI
UH West Oahu,Health Care,2007,East North Central,10,0,6,HI
UH West Oahu,Health Care,2007,East South Central,1,0,2,HI
UH West Oahu,Health Care,2007,East South Central,5,0,1,HI
UH West Oahu,Health Care,2007,East South Central,10,0,0,HI
UH West Oahu,Health Care,2007,Middle Atlantic,1,0,1,HI
UH West Oahu,Health Care,2007,Middle Atlantic,5,0,7,HI
UH West Oahu,Health Care,2007,Middle Atlantic,10,0,2,HI
UH West Oahu,Health Care,2007,Mountain,1,0,3,HI
UH West Oahu,Health Care,2007,Mountain,5,0,5,HI
UH West Oahu,Health Care,2007,Mountain,10,0,1,HI
UH West Oahu,Health Care,2007,New England,1,0,2,HI
UH West Oahu,Health Care,2007,New England,5,0,1,HI
UH West Oahu,Health Care,2007,New England,10,0,0,HI
UH West Oahu,Health Care,2007,Pacific,1,66,71,HI
UH West Oahu,Health Care,2007,Pacific,5,47,55,HI
UH West Oahu,Health Care,2007,Pacific,10,48,54,HI
UH West Oahu,Health Care,2007,South Atlantic,1,0,4,HI
UH West Oahu,Health Care,2007,South Atlantic,5,0,6,HI
UH West Oahu,Health Care,2007,South Atlantic,10,0,4,HI
UH West Oahu,Health Care,2007,West North Central,1,0,0,HI
UH West Oahu,Health Care,2007,West North Central,5,0,3,HI
UH West Oahu,Health Care,2007,West North Central,10,0,1,HI
UH West Oahu,Health Care,2007,West South Central,1,0,7,HI
UH West Oahu,Health Care,2007,West South Central,5,0,9,HI
UH West Oahu,Health Care,2007,West South Central,10,0,3,HI
UH West Oahu,Health Care,2010,East North Central,1,0,0,HI
UH West Oahu,Health Care,2010,East North Central,5,0,1,HI
UH West Oahu,Health Care,2010,East North Central,10,0,3,HI
UH West Oahu,Health Care,2010,East South Central,1,0,0,HI
UH West Oahu,Health Care,2010,East South Central,5,0,0,HI
UH West Oahu,Health Care,2010,East South Central,10,0,1,HI
UH West Oahu,Health Care,2010,Middle Atlantic,1,0,2,HI
UH West Oahu,Health Care,2010,Middle Atlantic,5,0,0,HI
UH West Oahu,Health Care,2010,Middle Atlantic,10,0,1,HI
UH West Oahu,Health Care,2010,Mountain,1,0,0,HI
UH West Oahu,Health Care,2010,Mountain,5,0,1,HI
UH West Oahu,Health Care,2010,Mountain,10,0,1,HI
UH West Oahu,Health Care,2010,New England,1,0,0,HI
UH West Oahu,Health Care,2010,New England,5,0,0,HI
UH West Oahu,Health Care,2010,New England,10,0,1,HI
UH West Oahu,Health Care,2010,Pacific,1,84,85,HI
UH West Oahu,Health Care,2010,Pacific,5,86,90,HI
UH West Oahu,Health Care,2010,Pacific,10,59,63,HI
UH West Oahu,Health Care,2010,South Atlantic,1,0,1,HI
UH West Oahu,Health Care,2010,South Atlantic,5,0,2,HI
UH West Oahu,Health Care,2010,South Atlantic,10,0,8,HI
UH West Oahu,Health Care,2010,West North Central,1,0,0,HI
UH West Oahu,Health Care,2010,West North Central,5,0,0,HI
UH West Oahu,Health Care,2010,West North Central,10,0,3,HI
UH West Oahu,Health Care,2010,West South Central,1,0,3,HI
UH West Oahu,Health Care,2010,West South Central,5,0,1,HI
UH West Oahu,Health Care,2010,West South Central,10,0,0,HI
UH West Oahu,Health Care,2013,East North Central,1,0,1,HI
UH West Oahu,Health Care,2013,East North Central,5,0,3,HI
UH West Oahu,Health Care,2013,East North Central,10,,,HI
UH West Oahu,Health Care,2013,East South Central,1,0,1,HI
UH West Oahu,Health Care,2013,East South Central,5,0,1,HI
UH West Oahu,Health Care,2013,East South Central,10,,,HI
UH West Oahu,Health Care,2013,Middle Atlantic,1,0,0,HI
UH West Oahu,Health Care,2013,Middle Atlantic,5,0,0,HI
UH West Oahu,Health Care,2013,Middle Atlantic,10,,,HI
UH West Oahu,Health Care,2013,Mountain,1,0,0,HI
UH West Oahu,Health Care,2013,Mountain,5,0,5,HI
UH West Oahu,Health Care,2013,Mountain,10,,,HI
UH West Oahu,Health Care,2013,New England,1,0,0,HI
UH West Oahu,Health Care,2013,New England,5,0,2,HI
UH West Oahu,Health Care,2013,New England,10,,,HI
UH West Oahu,Health Care,2013,Pacific,1,127,132,HI
UH West Oahu,Health Care,2013,Pacific,5,104,112,HI
UH West Oahu,Health Care,2013,Pacific,10,,,HI
UH West Oahu,Health Care,2013,South Atlantic,1,0,1,HI
UH West Oahu,Health Care,2013,South Atlantic,5,0,9,HI
UH West Oahu,Health Care,2013,South Atlantic,10,,,HI
UH West Oahu,Health Care,2013,West North Central,1,0,2,HI
UH West Oahu,Health Care,2013,West North Central,5,0,5,HI
UH West Oahu,Health Care,2013,West North Central,10,,,HI
UH West Oahu,Health Care,2013,West South Central,1,0,0,HI
UH West Oahu,Health Care,2013,West South Central,5,0,1,HI
UH West Oahu,Health Care,2013,West South Central,10,,,HI
UH West Oahu,Health Care,2016,East North Central,1,0,0,HI
UH West Oahu,Health Care,2016,East North Central,5,0,5,HI
UH West Oahu,Health Care,2016,East North Central,10,,,HI
UH West Oahu,Health Care,2016,East South Central,1,0,0,HI
UH West Oahu,Health Care,2016,East South Central,5,0,3,HI
UH West Oahu,Health Care,2016,East South Central,10,,,HI
UH West Oahu,Health Care,2016,Middle Atlantic,1,0,0,HI
UH West Oahu,Health Care,2016,Middle Atlantic,5,0,1,HI
UH West Oahu,Health Care,2016,Middle Atlantic,10,,,HI
UH West Oahu,Health Care,2016,Mountain,1,0,3,HI
UH West Oahu,Health Care,2016,Mountain,5,0,13,HI
UH West Oahu,Health Care,2016,Mountain,10,,,HI
UH West Oahu,Health Care,2016,New England,1,0,1,HI
UH West Oahu,Health Care,2016,New England,5,0,1,HI
UH West Oahu,Health Care,2016,New England,10,,,HI
UH West Oahu,Health Care,2016,Pacific,1,176,183,HI
UH West Oahu,Health Care,2016,Pacific,5,146,157,HI
UH West Oahu,Health Care,2016,Pacific,10,,,HI
UH West Oahu,Health Care,2016,South Atlantic,1,0,2,HI
UH West Oahu,Health Care,2016,South Atlantic,5,0,9,HI
UH West Oahu,Health Care,2016,South Atlantic,10,,,HI
UH West Oahu,Health Care,2016,West North Central,1,0,1,HI
UH West Oahu,Health Care,2016,West North Central,5,0,0,HI
UH West Oahu,Health Care,2016,West North Central,10,,,HI
UH West Oahu,Health Care,2016,West South Central,1,0,0,HI
UH West Oahu,Health Care,2016,West South Central,5,0,3,HI
UH West Oahu,Health Care,2016,West South Central,10,,,HI
UH West Oahu,Health Care,2019,East North Central,1,0,3,HI
UH West Oahu,Health Care,2019,East North Central,5,,,HI
UH West Oahu,Health Care,2019,East North Central,10,,,HI
UH West Oahu,Health Care,2019,East South Central,1,0,0,HI
UH West Oahu,Health Care,2019,East South Central,5,,,HI
UH West Oahu,Health Care,2019,East South Central,10,,,HI
UH West Oahu,Health Care,2019,Middle Atlantic,1,0,2,HI
UH West Oahu,Health Care,2019,Middle Atlantic,5,,,HI
UH West Oahu,Health Care,2019,Middle Atlantic,10,,,HI
UH West Oahu,Health Care,2019,Mountain,1,0,7,HI
UH West Oahu,Health Care,2019,Mountain,5,,,HI
UH West Oahu,Health Care,2019,Mountain,10,,,HI
UH West Oahu,Health Care,2019,New England,1,0,1,HI
UH West Oahu,Health Care,2019,New England,5,,,HI
UH West Oahu,Health Care,2019,New England,10,,,HI
UH West Oahu,Health Care,2019,Pacific,1,200,221,HI
UH West Oahu,Health Care,2019,Pacific,5,,,HI
UH West Oahu,Health Care,2019,Pacific,10,,,HI
UH West Oahu,Health Care,2019,South Atlantic,1,0,8,HI
UH West Oahu,Health Care,2019,South Atlantic,5,,,HI
UH West Oahu,Health Care,2019,South Atlantic,10,,,HI
UH West Oahu,Health Care,2019,West North Central,1,0,1,HI
UH West Oahu,Health Care,2019,West North Central,5,,,HI
UH West Oahu,Health Care,2019,West North Central,10,,,HI
UH West Oahu,Health Care,2019,West South Central,1,0,6,HI
UH West Oahu,Health Care,2019,West South Central,5,,,HI
UH West Oahu,Health Care,2019,West South Central,10,,,HI
UH West Oahu,Information,2004,East North Central,1,0,0,HI
UH West Oahu,Information,2004,East North Central,5,0,0,HI
UH West Oahu,Information,2004,East North Central,10,0,0,HI
UH West Oahu,Information,2004,East South Central,1,0,0,HI
UH West Oahu,Information,2004,East South Central,5,0,0,HI
UH West Oahu,Information,2004,East South Central,10,0,0,HI
UH West Oahu,Information,2004,Middle Atlantic,1,0,0,HI
UH West Oahu,Information,2004,Middle Atlantic,5,0,0,HI
UH West Oahu,Information,2004,Middle Atlantic,10,0,0,HI
UH West Oahu,Information,2004,Mountain,1,0,0,HI
UH West Oahu,Information,2004,Mountain,5,0,0,HI
UH West Oahu,Information,2004,Mountain,10,0,0,HI
UH West Oahu,Information,2004,New England,1,0,0,HI
UH West Oahu,Information,2004,New England,5,0,0,HI
UH West Oahu,Information,2004,New England,10,0,0,HI
UH West Oahu,Information,2004,Pacific,1,4,5,HI
UH West Oahu,Information,2004,Pacific,5,2,2,HI
UH West Oahu,Information,2004,Pacific,10,8,9,HI
UH West Oahu,Information,2004,South Atlantic,1,0,1,HI
UH West Oahu,Information,2004,South Atlantic,5,0,0,HI
UH West Oahu,Information,2004,South Atlantic,10,0,2,HI
UH West Oahu,Information,2004,West North Central,1,0,0,HI
UH West Oahu,Information,2004,West North Central,5,0,0,HI
UH West Oahu,Information,2004,West North Central,10,0,0,HI
UH West Oahu,Information,2004,West South Central,1,0,0,HI
UH West Oahu,Information,2004,West South Central,5,0,0,HI
UH West Oahu,Information,2004,West South Central,10,0,1,HI
UH West Oahu,Information,2007,East North Central,1,0,0,HI
UH West Oahu,Information,2007,East North Central,5,0,0,HI
UH West Oahu,Information,2007,East North Central,10,0,1,HI
UH West Oahu,Information,2007,East South Central,1,0,0,HI
UH West Oahu,Information,2007,East South Central,5,0,0,HI
UH West Oahu,Information,2007,East South Central,10,0,0,HI
UH West Oahu,Information,2007,Middle Atlantic,1,0,1,HI
UH West Oahu,Information,2007,Middle Atlantic,5,0,1,HI
UH West Oahu,Information,2007,Middle Atlantic,10,0,0,HI
UH West Oahu,Information,2007,Mountain,1,0,1,HI
UH West Oahu,Information,2007,Mountain,5,0,2,HI
UH West Oahu,Information,2007,Mountain,10,0,0,HI
UH West Oahu,Information,2007,New England,1,0,0,HI
UH West Oahu,Information,2007,New England,5,0,0,HI
UH West Oahu,Information,2007,New England,10,0,0,HI
UH West Oahu,Information,2007,Pacific,1,5,8,HI
UH West Oahu,Information,2007,Pacific,5,7,12,HI
UH West Oahu,Information,2007,Pacific,10,1,6,HI
UH West Oahu,Information,2007,South Atlantic,1,0,3,HI
UH West Oahu,Information,2007,South Atlantic,5,0,0,HI
UH West Oahu,Information,2007,South Atlantic,10,0,2,HI
UH West Oahu,Information,2007,West North Central,1,0,0,HI
UH West Oahu,Information,2007,West North Central,5,0,0,HI
UH West Oahu,Information,2007,West North Central,10,0,0,HI
UH West Oahu,Information,2007,West South Central,1,0,0,HI
UH West Oahu,Information,2007,West South Central,5,0,1,HI
UH West Oahu,Information,2007,West South Central,10,0,1,HI
UH West Oahu,Information,2010,East North Central,1,0,0,HI
UH West Oahu,Information,2010,East North Central,5,0,0,HI
UH West Oahu,Information,2010,East North Central,10,0,0,HI
UH West Oahu,Information,2010,East South Central,1,0,0,HI
UH West Oahu,Information,2010,East South Central,5,0,0,HI
UH West Oahu,Information,2010,East South Central,10,0,0,HI
UH West Oahu,Information,2010,Middle Atlantic,1,0,0,HI
UH West Oahu,Information,2010,Middle Atlantic,5,0,0,HI
UH West Oahu,Information,2010,Middle Atlantic,10,0,0,HI
UH West Oahu,Information,2010,Mountain,1,0,0,HI
UH West Oahu,Information,2010,Mountain,5,0,0,HI
UH West Oahu,Information,2010,Mountain,10,0,0,HI
UH West Oahu,Information,2010,New England,1,0,0,HI
UH West Oahu,Information,2010,New England,5,0,0,HI
UH West Oahu,Information,2010,New England,10,0,0,HI
UH West Oahu,Information,2010,Pacific,1,2,2,HI
UH West Oahu,Information,2010,Pacific,5,3,3,HI
UH West Oahu,Information,2010,Pacific,10,2,4,HI
UH West Oahu,Information,2010,South Atlantic,1,0,0,HI
UH West Oahu,Information,2010,South Atlantic,5,0,0,HI
UH West Oahu,Information,2010,South Atlantic,10,0,0,HI
UH West Oahu,Information,2010,West North Central,1,0,0,HI
UH West Oahu,Information,2010,West North Central,5,0,0,HI
UH West Oahu,Information,2010,West North Central,10,0,0,HI
UH West Oahu,Information,2010,West South Central,1,0,0,HI
UH West Oahu,Information,2010,West South Central,5,0,0,HI
UH West Oahu,Information,2010,West South Central,10,0,3,HI
UH West Oahu,Information,2013,East North Central,1,0,0,HI
UH West Oahu,Information,2013,East North Central,5,0,0,HI
UH West Oahu,Information,2013,East North Central,10,,,HI
UH West Oahu,Information,2013,East South Central,1,0,0,HI
UH West Oahu,Information,2013,East South Central,5,0,0,HI
UH West Oahu,Information,2013,East South Central,10,,,HI
UH West Oahu,Information,2013,Middle Atlantic,1,0,1,HI
UH West Oahu,Information,2013,Middle Atlantic,5,0,0,HI
UH West Oahu,Information,2013,Middle Atlantic,10,,,HI
UH West Oahu,Information,2013,Mountain,1,0,0,HI
UH West Oahu,Information,2013,Mountain,5,0,0,HI
UH West Oahu,Information,2013,Mountain,10,,,HI
UH West Oahu,Information,2013,New England,1,0,2,HI
UH West Oahu,Information,2013,New England,5,0,0,HI
UH West Oahu,Information,2013,New England,10,,,HI
UH West Oahu,Information,2013,Pacific,1,13,15,HI
UH West Oahu,Information,2013,Pacific,5,7,7,HI
UH West Oahu,Information,2013,Pacific,10,,,HI
UH West Oahu,Information,2013,South Atlantic,1,0,1,HI
UH West Oahu,Information,2013,South Atlantic,5,0,0,HI
UH West Oahu,Information,2013,South Atlantic,10,,,HI
UH West Oahu,Information,2013,West North Central,1,0,0,HI
UH West Oahu,Information,2013,West North Central,5,0,0,HI
UH West Oahu,Information,2013,West North Central,10,,,HI
UH West Oahu,Information,2013,West South Central,1,0,0,HI
UH West Oahu,Information,2013,West South Central,5,0,0,HI
UH West Oahu,Information,2013,West South Central,10,,,HI
UH West Oahu,Information,2016,East North Central,1,0,0,HI
UH West Oahu,Information,2016,East North Central,5,0,0,HI
UH West Oahu,Information,2016,East North Central,10,,,HI
UH West Oahu,Information,2016,East South Central,1,0,0,HI
UH West Oahu,Information,2016,East South Central,5,0,0,HI
UH West Oahu,Information,2016,East South Central,10,,,HI
UH West Oahu,Information,2016,Middle Atlantic,1,0,5,HI
UH West Oahu,Information,2016,Middle Atlantic,5,0,0,HI
UH West Oahu,Information,2016,Middle Atlantic,10,,,HI
UH West Oahu,Information,2016,Mountain,1,0,0,HI
UH West Oahu,Information,2016,Mountain,5,0,0,HI
UH West Oahu,Information,2016,Mountain,10,,,HI
UH West Oahu,Information,2016,New England,1,0,0,HI
UH West Oahu,Information,2016,New England,5,0,0,HI
UH West Oahu,Information,2016,New England,10,,,HI
UH West Oahu,Information,2016,Pacific,1,14,16,HI
UH West Oahu,Information,2016,Pacific,5,10,14,HI
UH West Oahu,Information,2016,Pacific,10,,,HI
UH West Oahu,Information,2016,South Atlantic,1,0,0,HI
UH West Oahu,Information,2016,South Atlantic,5,0,1,HI
UH West Oahu,Information,2016,South Atlantic,10,,,HI
UH West Oahu,Information,2016,West North Central,1,0,0,HI
UH West Oahu,Information,2016,West North Central,5,0,1,HI
UH West Oahu,Information,2016,West North Central,10,,,HI
UH West Oahu,Information,2016,West South Central,1,0,0,HI
UH West Oahu,Information,2016,West South Central,5,0,0,HI
UH West Oahu,Information,2016,West South Central,10,,,HI
UH West Oahu,Information,2019,East North Central,1,0,0,HI
UH West Oahu,Information,2019,East North Central,5,,,HI
UH West Oahu,Information,2019,East North Central,10,,,HI
UH West Oahu,Information,2019,East South Central,1,0,0,HI
UH West Oahu,Information,2019,East South Central,5,,,HI
UH West Oahu,Information,2019,East South Central,10,,,HI
UH West Oahu,Information,2019,Middle Atlantic,1,0,1,HI
UH West Oahu,Information,2019,Middle Atlantic,5,,,HI
UH West Oahu,Information,2019,Middle Atlantic,10,,,HI
UH West Oahu,Information,2019,Mountain,1,0,0,HI
UH West Oahu,Information,2019,Mountain,5,,,HI
UH West Oahu,Information,2019,Mountain,10,,,HI
UH West Oahu,Information,2019,New England,1,0,0,HI
UH West Oahu,Information,2019,New England,5,,,HI
UH West Oahu,Information,2019,New England,10,,,HI
UH West Oahu,Information,2019,Pacific,1,14,17,HI
UH West Oahu,Information,2019,Pacific,5,,,HI
UH West Oahu,Information,2019,Pacific,10,,,HI
UH West Oahu,Information,2019,South Atlantic,1,0,0,HI
UH West Oahu,Information,2019,South Atlantic,5,,,HI
UH West Oahu,Information,2019,South Atlantic,10,,,HI
UH West Oahu,Information,2019,West North Central,1,0,0,HI
UH West Oahu,Information,2019,West North Central,5,,,HI
UH West Oahu,Information,2019,West North Central,10,,,HI
UH West Oahu,Information,2019,West South Central,1,0,0,HI
UH West Oahu,Information,2019,West South Central,5,,,HI
UH West Oahu,Information,2019,West South Central,10,,,HI
UH West Oahu,Management,2004,East North Central,1,0,0,HI
UH West Oahu,Management,2004,East North Central,5,0,0,HI
UH West Oahu,Management,2004,East North Central,10,0,0,HI
UH West Oahu,Management,2004,East South Central,1,0,0,HI
UH West Oahu,Management,2004,East South Central,5,0,0,HI
UH West Oahu,Management,2004,East South Central,10,0,0,HI
UH West Oahu,Management,2004,Middle Atlantic,1,0,0,HI
UH West Oahu,Management,2004,Middle Atlantic,5,0,0,HI
UH West Oahu,Management,2004,Middle Atlantic,10,0,0,HI
UH West Oahu,Management,2004,Mountain,1,0,0,HI
UH West Oahu,Management,2004,Mountain,5,0,0,HI
UH West Oahu,Management,2004,Mountain,10,0,0,HI
UH West Oahu,Management,2004,New England,1,0,0,HI
UH West Oahu,Management,2004,New England,5,0,0,HI
UH West Oahu,Management,2004,New England,10,0,0,HI
UH West Oahu,Management,2004,Pacific,1,0,0,HI
UH West Oahu,Management,2004,Pacific,5,4,4,HI
UH West Oahu,Management,2004,Pacific,10,5,9,HI
UH West Oahu,Management,2004,South Atlantic,1,0,0,HI
UH West Oahu,Management,2004,South Atlantic,5,0,0,HI
UH West Oahu,Management,2004,South Atlantic,10,0,0,HI
UH West Oahu,Management,2004,West North Central,1,0,0,HI
UH West Oahu,Management,2004,West North Central,5,0,0,HI
UH West Oahu,Management,2004,West North Central,10,0,0,HI
UH West Oahu,Management,2004,West South Central,1,0,0,HI
UH West Oahu,Management,2004,West South Central,5,0,0,HI
UH West Oahu,Management,2004,West South Central,10,0,0,HI
UH West Oahu,Management,2007,East North Central,1,0,0,HI
UH West Oahu,Management,2007,East North Central,5,0,0,HI
UH West Oahu,Management,2007,East North Central,10,0,0,HI
UH West Oahu,Management,2007,East South Central,1,0,0,HI
UH West Oahu,Management,2007,East South Central,5,0,0,HI
UH West Oahu,Management,2007,East South Central,10,0,0,HI
UH West Oahu,Management,2007,Middle Atlantic,1,0,0,HI
UH West Oahu,Management,2007,Middle Atlantic,5,0,1,HI
UH West Oahu,Management,2007,Middle Atlantic,10,0,0,HI
UH West Oahu,Management,2007,Mountain,1,0,0,HI
UH West Oahu,Management,2007,Mountain,5,0,0,HI
UH West Oahu,Management,2007,Mountain,10,0,0,HI
UH West Oahu,Management,2007,New England,1,0,0,HI
UH West Oahu,Management,2007,New England,5,0,0,HI
UH West Oahu,Management,2007,New England,10,0,0,HI
UH West Oahu,Management,2007,Pacific,1,1,4,HI
UH West Oahu,Management,2007,Pacific,5,8,9,HI
UH West Oahu,Management,2007,Pacific,10,7,7,HI
UH West Oahu,Management,2007,South Atlantic,1,0,1,HI
UH West Oahu,Management,2007,South Atlantic,5,0,0,HI
UH West Oahu,Management,2007,South Atlantic,10,0,1,HI
UH West Oahu,Management,2007,West North Central,1,0,0,HI
UH West Oahu,Management,2007,West North Central,5,0,0,HI
UH West Oahu,Management,2007,West North Central,10,0,0,HI
UH West Oahu,Management,2007,West South Central,1,0,0,HI
UH West Oahu,Management,2007,West South Central,5,0,0,HI
UH West Oahu,Management,2007,West South Central,10,0,0,HI
UH West Oahu,Management,2010,East North Central,1,0,0,HI
UH West Oahu,Management,2010,East North Central,5,0,0,HI
UH West Oahu,Management,2010,East North Central,10,0,0,HI
UH West Oahu,Management,2010,East South Central,1,0,0,HI
UH West Oahu,Management,2010,East South Central,5,0,0,HI
UH West Oahu,Management,2010,East South Central,10,0,0,HI
UH West Oahu,Management,2010,Middle Atlantic,1,0,0,HI
UH West Oahu,Management,2010,Middle Atlantic,5,0,0,HI
UH West Oahu,Management,2010,Middle Atlantic,10,0,0,HI
UH West Oahu,Management,2010,Mountain,1,0,0,HI
UH West Oahu,Management,2010,Mountain,5,0,0,HI
UH West Oahu,Management,2010,Mountain,10,0,0,HI
UH West Oahu,Management,2010,New England,1,0,0,HI
UH West Oahu,Management,2010,New England,5,0,0,HI
UH West Oahu,Management,2010,New England,10,0,0,HI
UH West Oahu,Management,2010,Pacific,1,6,6,HI
UH West Oahu,Management,2010,Pacific,5,1,2,HI
UH West Oahu,Management,2010,Pacific,10,3,3,HI
UH West Oahu,Management,2010,South Atlantic,1,0,0,HI
UH West Oahu,Management,2010,South Atlantic,5,0,0,HI
UH West Oahu,Management,2010,South Atlantic,10,0,0,HI
UH West Oahu,Management,2010,West North Central,1,0,0,HI
UH West Oahu,Management,2010,West North Central,5,0,0,HI
UH West Oahu,Management,2010,West North Central,10,0,0,HI
UH West Oahu,Management,2010,West South Central,1,0,0,HI
UH West Oahu,Management,2010,West South Central,5,0,0,HI
UH West Oahu,Management,2010,West South Central,10,0,0,HI
UH West Oahu,Management,2013,East North Central,1,0,0,HI
UH West Oahu,Management,2013,East North Central,5,0,0,HI
UH West Oahu,Management,2013,East North Central,10,,,HI
UH West Oahu,Management,2013,East South Central,1,0,0,HI
UH West Oahu,Management,2013,East South Central,5,0,0,HI
UH West Oahu,Management,2013,East South Central,10,,,HI
UH West Oahu,Management,2013,Middle Atlantic,1,0,0,HI
UH West Oahu,Management,2013,Middle Atlantic,5,0,0,HI
UH West Oahu,Management,2013,Middle Atlantic,10,,,HI
UH West Oahu,Management,2013,Mountain,1,0,0,HI
UH West Oahu,Management,2013,Mountain,5,0,0,HI
UH West Oahu,Management,2013,Mountain,10,,,HI
UH West Oahu,Management,2013,New England,1,0,0,HI
UH West Oahu,Management,2013,New England,5,0,0,HI
UH West Oahu,Management,2013,New England,10,,,HI
UH West Oahu,Management,2013,Pacific,1,12,12,HI
UH West Oahu,Management,2013,Pacific,5,8,8,HI
UH West Oahu,Management,2013,Pacific,10,,,HI
UH West Oahu,Management,2013,South Atlantic,1,0,0,HI
UH West Oahu,Management,2013,South Atlantic,5,0,0,HI
UH West Oahu,Management,2013,South Atlantic,10,,,HI
UH West Oahu,Management,2013,West North Central,1,0,0,HI
UH West Oahu,Management,2013,West North Central,5,0,0,HI
UH West Oahu,Management,2013,West North Central,10,,,HI
UH West Oahu,Management,2013,West South Central,1,0,1,HI
UH West Oahu,Management,2013,West South Central,5,0,0,HI
UH West Oahu,Management,2013,West South Central,10,,,HI
UH West Oahu,Management,2016,East North Central,1,0,0,HI
UH West Oahu,Management,2016,East North Central,5,0,0,HI
UH West Oahu,Management,2016,East North Central,10,,,HI
UH West Oahu,Management,2016,East South Central,1,0,0,HI
UH West Oahu,Management,2016,East South Central,5,0,0,HI
UH West Oahu,Management,2016,East South Central,10,,,HI
UH West Oahu,Management,2016,Middle Atlantic,1,0,0,HI
UH West Oahu,Management,2016,Middle Atlantic,5,0,0,HI
UH West Oahu,Management,2016,Middle Atlantic,10,,,HI
UH West Oahu,Management,2016,Mountain,1,0,0,HI
UH West Oahu,Management,2016,Mountain,5,0,0,HI
UH West Oahu,Management,2016,Mountain,10,,,HI
UH West Oahu,Management,2016,New England,1,0,0,HI
UH West Oahu,Management,2016,New England,5,0,0,HI
UH West Oahu,Management,2016,New England,10,,,HI
UH West Oahu,Management,2016,Pacific,1,17,18,HI
UH West Oahu,Management,2016,Pacific,5,24,25,HI
UH West Oahu,Management,2016,Pacific,10,,,HI
UH West Oahu,Management,2016,South Atlantic,1,0,0,HI
UH West Oahu,Management,2016,South Atlantic,5,0,0,HI
UH West Oahu,Management,2016,South Atlantic,10,,,HI
UH West Oahu,Management,2016,West North Central,1,0,0,HI
UH West Oahu,Management,2016,West North Central,5,0,0,HI
UH West Oahu,Management,2016,West North Central,10,,,HI
UH West Oahu,Management,2016,West South Central,1,0,0,HI
UH West Oahu,Management,2016,West South Central,5,0,0,HI
UH West Oahu,Management,2016,West South Central,10,,,HI
UH West Oahu,Management,2019,East North Central,1,0,0,HI
UH West Oahu,Management,2019,East North Central,5,,,HI
UH West Oahu,Management,2019,East North Central,10,,,HI
UH West Oahu,Management,2019,East South Central,1,0,0,HI
UH West Oahu,Management,2019,East South Central,5,,,HI
UH West Oahu,Management,2019,East South Central,10,,,HI
UH West Oahu,Management,2019,Middle Atlantic,1,0,0,HI
UH West Oahu,Management,2019,Middle Atlantic,5,,,HI
UH West Oahu,Management,2019,Middle Atlantic,10,,,HI
UH West Oahu,Management,2019,Mountain,1,0,0,HI
UH West Oahu,Management,2019,Mountain,5,,,HI
UH West Oahu,Management,2019,Mountain,10,,,HI
UH West Oahu,Management,2019,New England,1,0,0,HI
UH West Oahu,Management,2019,New England,5,,,HI
UH West Oahu,Management,2019,New England,10,,,HI
UH West Oahu,Management,2019,Pacific,1,21,22,HI
UH West Oahu,Management,2019,Pacific,5,,,HI
UH West Oahu,Management,2019,Pacific,10,,,HI
UH West Oahu,Management,2019,South Atlantic,1,0,0,HI
UH West Oahu,Management,2019,South Atlantic,5,,,HI
UH West Oahu,Management,2019,South Atlantic,10,,,HI
UH West Oahu,Management,2019,West North Central,1,0,0,HI
UH West Oahu,Management,2019,West North Central,5,,,HI
UH West Oahu,Management,2019,West North Central,10,,,HI
UH West Oahu,Management,2019,West South Central,1,0,0,HI
UH West Oahu,Management,2019,West South Central,5,,,HI
UH West Oahu,Management,2019,West South Central,10,,,HI
UH West Oahu,Manufacturing,2004,East North Central,1,0,0,HI
UH West Oahu,Manufacturing,2004,East North Central,5,0,0,HI
UH West Oahu,Manufacturing,2004,East North Central,10,0,0,HI
UH West Oahu,Manufacturing,2004,East South Central,1,0,0,HI
UH West Oahu,Manufacturing,2004,East South Central,5,0,0,HI
UH West Oahu,Manufacturing,2004,East South Central,10,0,0,HI
UH West Oahu,Manufacturing,2004,Middle Atlantic,1,0,0,HI
UH West Oahu,Manufacturing,2004,Middle Atlantic,5,0,1,HI
UH West Oahu,Manufacturing,2004,Middle Atlantic,10,0,1,HI
UH West Oahu,Manufacturing,2004,Mountain,1,0,0,HI
UH West Oahu,Manufacturing,2004,Mountain,5,0,0,HI
UH West Oahu,Manufacturing,2004,Mountain,10,0,0,HI
UH West Oahu,Manufacturing,2004,New England,1,0,0,HI
UH West Oahu,Manufacturing,2004,New England,5,0,0,HI
UH West Oahu,Manufacturing,2004,New England,10,0,0,HI
UH West Oahu,Manufacturing,2004,Pacific,1,0,2,HI
UH West Oahu,Manufacturing,2004,Pacific,5,2,2,HI
UH West Oahu,Manufacturing,2004,Pacific,10,1,4,HI
UH West Oahu,Manufacturing,2004,South Atlantic,1,0,0,HI
UH West Oahu,Manufacturing,2004,South Atlantic,5,0,2,HI
UH West Oahu,Manufacturing,2004,South Atlantic,10,0,2,HI
UH West Oahu,Manufacturing,2004,West North Central,1,0,0,HI
UH West Oahu,Manufacturing,2004,West North Central,5,0,0,HI
UH West Oahu,Manufacturing,2004,West North Central,10,0,0,HI
UH West Oahu,Manufacturing,2004,West South Central,1,0,0,HI
UH West Oahu,Manufacturing,2004,West South Central,5,0,0,HI
UH West Oahu,Manufacturing,2004,West South Central,10,0,1,HI
UH West Oahu,Manufacturing,2007,East North Central,1,0,3,HI
UH West Oahu,Manufacturing,2007,East North Central,5,0,3,HI
UH West Oahu,Manufacturing,2007,East North Central,10,0,3,HI
UH West Oahu,Manufacturing,2007,East South Central,1,0,2,HI
UH West Oahu,Manufacturing,2007,East South Central,5,0,3,HI
UH West Oahu,Manufacturing,2007,East South Central,10,0,0,HI
UH West Oahu,Manufacturing,2007,Middle Atlantic,1,0,3,HI
UH West Oahu,Manufacturing,2007,Middle Atlantic,5,0,2,HI
UH West Oahu,Manufacturing,2007,Middle Atlantic,10,0,1,HI
UH West Oahu,Manufacturing,2007,Mountain,1,0,1,HI
UH West Oahu,Manufacturing,2007,Mountain,5,0,2,HI
UH West Oahu,Manufacturing,2007,Mountain,10,0,2,HI
UH West Oahu,Manufacturing,2007,New England,1,0,0,HI
UH West Oahu,Manufacturing,2007,New England,5,0,0,HI
UH West Oahu,Manufacturing,2007,New England,10,0,1,HI
UH West Oahu,Manufacturing,2007,Pacific,1,5,11,HI
UH West Oahu,Manufacturing,2007,Pacific,5,7,8,HI
UH West Oahu,Manufacturing,2007,Pacific,10,1,7,HI
UH West Oahu,Manufacturing,2007,South Atlantic,1,0,2,HI
UH West Oahu,Manufacturing,2007,South Atlantic,5,0,1,HI
UH West Oahu,Manufacturing,2007,South Atlantic,10,0,3,HI
UH West Oahu,Manufacturing,2007,West North Central,1,0,3,HI
UH West Oahu,Manufacturing,2007,West North Central,5,0,4,HI
UH West Oahu,Manufacturing,2007,West North Central,10,0,0,HI
UH West Oahu,Manufacturing,2007,West South Central,1,0,3,HI
UH West Oahu,Manufacturing,2007,West South Central,5,0,0,HI
UH West Oahu,Manufacturing,2007,West South Central,10,0,0,HI
UH West Oahu,Manufacturing,2010,East North Central,1,0,0,HI
UH West Oahu,Manufacturing,2010,East North Central,5,0,1,HI
UH West Oahu,Manufacturing,2010,East North Central,10,0,0,HI
UH West Oahu,Manufacturing,2010,East South Central,1,0,0,HI
UH West Oahu,Manufacturing,2010,East South Central,5,0,0,HI
UH West Oahu,Manufacturing,2010,East South Central,10,0,0,HI
UH West Oahu,Manufacturing,2010,Middle Atlantic,1,0,0,HI
UH West Oahu,Manufacturing,2010,Middle Atlantic,5,0,1,HI
UH West Oahu,Manufacturing,2010,Middle Atlantic,10,0,1,HI
UH West Oahu,Manufacturing,2010,Mountain,1,0,0,HI
UH West Oahu,Manufacturing,2010,Mountain,5,0,3,HI
UH West Oahu,Manufacturing,2010,Mountain,10,0,1,HI
UH West Oahu,Manufacturing,2010,New England,1,0,0,HI
UH West Oahu,Manufacturing,2010,New England,5,0,0,HI
UH West Oahu,Manufacturing,2010,New England,10,0,0,HI
UH West Oahu,Manufacturing,2010,Pacific,1,0,0,HI
UH West Oahu,Manufacturing,2010,Pacific,5,4,4,HI
UH West Oahu,Manufacturing,2010,Pacific,10,4,6,HI
UH West Oahu,Manufacturing,2010,South Atlantic,1,0,0,HI
UH West Oahu,Manufacturing,2010,South Atlantic,5,0,1,HI
UH West Oahu,Manufacturing,2010,South Atlantic,10,0,0,HI
UH West Oahu,Manufacturing,2010,West North Central,1,0,0,HI
UH West Oahu,Manufacturing,2010,West North Central,5,0,0,HI
UH West Oahu,Manufacturing,2010,West North Central,10,0,0,HI
UH West Oahu,Manufacturing,2010,West South Central,1,0,0,HI
UH West Oahu,Manufacturing,2010,West South Central,5,0,0,HI
UH West Oahu,Manufacturing,2010,West South Central,10,0,2,HI
UH West Oahu,Manufacturing,2013,East North Central,1,0,0,HI
UH West Oahu,Manufacturing,2013,East North Central,5,0,0,HI
UH West Oahu,Manufacturing,2013,East North Central,10,,,HI
UH West Oahu,Manufacturing,2013,East South Central,1,0,0,HI
UH West Oahu,Manufacturing,2013,East South Central,5,0,0,HI
UH West Oahu,Manufacturing,2013,East South Central,10,,,HI
UH West Oahu,Manufacturing,2013,Middle Atlantic,1,0,1,HI
UH West Oahu,Manufacturing,2013,Middle Atlantic,5,0,0,HI
UH West Oahu,Manufacturing,2013,Middle Atlantic,10,,,HI
UH West Oahu,Manufacturing,2013,Mountain,1,0,0,HI
UH West Oahu,Manufacturing,2013,Mountain,5,0,0,HI
UH West Oahu,Manufacturing,2013,Mountain,10,,,HI
UH West Oahu,Manufacturing,2013,New England,1,0,0,HI
UH West Oahu,Manufacturing,2013,New England,5,0,0,HI
UH West Oahu,Manufacturing,2013,New England,10,,,HI
UH West Oahu,Manufacturing,2013,Pacific,1,8,10,HI
UH West Oahu,Manufacturing,2013,Pacific,5,10,15,HI
UH West Oahu,Manufacturing,2013,Pacific,10,,,HI
UH West Oahu,Manufacturing,2013,South Atlantic,1,0,0,HI
UH West Oahu,Manufacturing,2013,South Atlantic,5,0,0,HI
UH West Oahu,Manufacturing,2013,South Atlantic,10,,,HI
UH West Oahu,Manufacturing,2013,West North Central,1,0,0,HI
UH West Oahu,Manufacturing,2013,West North Central,5,0,0,HI
UH West Oahu,Manufacturing,2013,West North Central,10,,,HI
UH West Oahu,Manufacturing,2013,West South Central,1,0,0,HI
UH West Oahu,Manufacturing,2013,West South Central,5,0,0,HI
UH West Oahu,Manufacturing,2013,West South Central,10,,,HI
UH West Oahu,Manufacturing,2016,East North Central,1,0,0,HI
UH West Oahu,Manufacturing,2016,East North Central,5,0,0,HI
UH West Oahu,Manufacturing,2016,East North Central,10,,,HI
UH West Oahu,Manufacturing,2016,East South Central,1,0,0,HI
UH West Oahu,Manufacturing,2016,East South Central,5,0,0,HI
UH West Oahu,Manufacturing,2016,East South Central,10,,,HI
UH West Oahu,Manufacturing,2016,Middle Atlantic,1,0,0,HI
UH West Oahu,Manufacturing,2016,Middle Atlantic,5,0,0,HI
UH West Oahu,Manufacturing,2016,Middle Atlantic,10,,,HI
UH West Oahu,Manufacturing,2016,Mountain,1,0,0,HI
UH West Oahu,Manufacturing,2016,Mountain,5,0,0,HI
UH West Oahu,Manufacturing,2016,Mountain,10,,,HI
UH West Oahu,Manufacturing,2016,New England,1,0,0,HI
UH West Oahu,Manufacturing,2016,New England,5,0,0,HI
UH West Oahu,Manufacturing,2016,New England,10,,,HI
UH West Oahu,Manufacturing,2016,Pacific,1,10,13,HI
UH West Oahu,Manufacturing,2016,Pacific,5,15,22,HI
UH West Oahu,Manufacturing,2016,Pacific,10,,,HI
UH West Oahu,Manufacturing,2016,South Atlantic,1,0,0,HI
UH West Oahu,Manufacturing,2016,South Atlantic,5,0,2,HI
UH West Oahu,Manufacturing,2016,South Atlantic,10,,,HI
UH West Oahu,Manufacturing,2016,West North Central,1,0,0,HI
UH West Oahu,Manufacturing,2016,West North Central,5,0,1,HI
UH West Oahu,Manufacturing,2016,West North Central,10,,,HI
UH West Oahu,Manufacturing,2016,West South Central,1,0,0,HI
UH West Oahu,Manufacturing,2016,West South Central,5,0,0,HI
UH West Oahu,Manufacturing,2016,West South Central,10,,,HI
UH West Oahu,Manufacturing,2019,East North Central,1,0,1,HI
UH West Oahu,Manufacturing,2019,East North Central,5,,,HI
UH West Oahu,Manufacturing,2019,East North Central,10,,,HI
UH West Oahu,Manufacturing,2019,East South Central,1,0,0,HI
UH West Oahu,Manufacturing,2019,East South Central,5,,,HI
UH West Oahu,Manufacturing,2019,East South Central,10,,,HI
UH West Oahu,Manufacturing,2019,Middle Atlantic,1,0,0,HI
UH West Oahu,Manufacturing,2019,Middle Atlantic,5,,,HI
UH West Oahu,Manufacturing,2019,Middle Atlantic,10,,,HI
UH West Oahu,Manufacturing,2019,Mountain,1,0,1,HI
UH West Oahu,Manufacturing,2019,Mountain,5,,,HI
UH West Oahu,Manufacturing,2019,Mountain,10,,,HI
UH West Oahu,Manufacturing,2019,New England,1,0,0,HI
UH West Oahu,Manufacturing,2019,New England,5,,,HI
UH West Oahu,Manufacturing,2019,New England,10,,,HI
UH West Oahu,Manufacturing,2019,Pacific,1,6,7,HI
UH West Oahu,Manufacturing,2019,Pacific,5,,,HI
UH West Oahu,Manufacturing,2019,Pacific,10,,,HI
UH West Oahu,Manufacturing,2019,South Atlantic,1,0,4,HI
UH West Oahu,Manufacturing,2019,South Atlantic,5,,,HI
UH West Oahu,Manufacturing,2019,South Atlantic,10,,,HI
UH West Oahu,Manufacturing,2019,West North Central,1,0,0,HI
UH West Oahu,Manufacturing,2019,West North Central,5,,,HI
UH West Oahu,Manufacturing,2019,West North Central,10,,,HI
UH West Oahu,Manufacturing,2019,West South Central,1,0,2,HI
UH West Oahu,Manufacturing,2019,West South Central,5,,,HI
UH West Oahu,Manufacturing,2019,West South Central,10,,,HI
UH West Oahu,Mining,2004,East North Central,1,0,0,HI
UH West Oahu,Mining,2004,East North Central,5,0,0,HI
UH West Oahu,Mining,2004,East North Central,10,0,0,HI
UH West Oahu,Mining,2004,East South Central,1,0,0,HI
UH West Oahu,Mining,2004,East South Central,5,0,0,HI
UH West Oahu,Mining,2004,East South Central,10,0,0,HI
UH West Oahu,Mining,2004,Middle Atlantic,1,0,0,HI
UH West Oahu,Mining,2004,Middle Atlantic,5,0,0,HI
UH West Oahu,Mining,2004,Middle Atlantic,10,0,0,HI
UH West Oahu,Mining,2004,Mountain,1,0,0,HI
UH West Oahu,Mining,2004,Mountain,5,0,0,HI
UH West Oahu,Mining,2004,Mountain,10,0,0,HI
UH West Oahu,Mining,2004,New England,1,0,0,HI
UH West Oahu,Mining,2004,New England,5,0,0,HI
UH West Oahu,Mining,2004,New England,10,0,0,HI
UH West Oahu,Mining,2004,Pacific,1,0,0,HI
UH West Oahu,Mining,2004,Pacific,5,0,0,HI
UH West Oahu,Mining,2004,Pacific,10,0,2,HI
UH West Oahu,Mining,2004,South Atlantic,1,0,0,HI
UH West Oahu,Mining,2004,South Atlantic,5,0,0,HI
UH West Oahu,Mining,2004,South Atlantic,10,0,0,HI
UH West Oahu,Mining,2004,West North Central,1,0,0,HI
UH West Oahu,Mining,2004,West North Central,5,0,0,HI
UH West Oahu,Mining,2004,West North Central,10,0,0,HI
UH West Oahu,Mining,2004,West South Central,1,0,0,HI
UH West Oahu,Mining,2004,West South Central,5,0,0,HI
UH West Oahu,Mining,2004,West South Central,10,0,0,HI
UH West Oahu,Mining,2007,East North Central,1,0,0,HI
UH West Oahu,Mining,2007,East North Central,5,0,0,HI
UH West Oahu,Mining,2007,East North Central,10,0,0,HI
UH West Oahu,Mining,2007,East South Central,1,0,0,HI
UH West Oahu,Mining,2007,East South Central,5,0,0,HI
UH West Oahu,Mining,2007,East South Central,10,0,0,HI
UH West Oahu,Mining,2007,Middle Atlantic,1,0,0,HI
UH West Oahu,Mining,2007,Middle Atlantic,5,0,0,HI
UH West Oahu,Mining,2007,Middle Atlantic,10,0,0,HI
UH West Oahu,Mining,2007,Mountain,1,0,0,HI
UH West Oahu,Mining,2007,Mountain,5,0,0,HI
UH West Oahu,Mining,2007,Mountain,10,0,0,HI
UH West Oahu,Mining,2007,New England,1,0,0,HI
UH West Oahu,Mining,2007,New England,5,0,0,HI
UH West Oahu,Mining,2007,New England,10,0,0,HI
UH West Oahu,Mining,2007,Pacific,1,0,0,HI
UH West Oahu,Mining,2007,Pacific,5,0,0,HI
UH West Oahu,Mining,2007,Pacific,10,0,1,HI
UH West Oahu,Mining,2007,South Atlantic,1,0,0,HI
UH West Oahu,Mining,2007,South Atlantic,5,0,0,HI
UH West Oahu,Mining,2007,South Atlantic,10,0,0,HI
UH West Oahu,Mining,2007,West North Central,1,0,0,HI
UH West Oahu,Mining,2007,West North Central,5,0,0,HI
UH West Oahu,Mining,2007,West North Central,10,0,0,HI
UH West Oahu,Mining,2007,West South Central,1,0,0,HI
UH West Oahu,Mining,2007,West South Central,5,0,0,HI
UH West Oahu,Mining,2007,West South Central,10,0,0,HI
UH West Oahu,Mining,2010,East North Central,1,0,0,HI
UH West Oahu,Mining,2010,East North Central,5,0,0,HI
UH West Oahu,Mining,2010,East North Central,10,0,0,HI
UH West Oahu,Mining,2010,East South Central,1,0,0,HI
UH West Oahu,Mining,2010,East South Central,5,0,0,HI
UH West Oahu,Mining,2010,East South Central,10,0,0,HI
UH West Oahu,Mining,2010,Middle Atlantic,1,0,0,HI
UH West Oahu,Mining,2010,Middle Atlantic,5,0,0,HI
UH West Oahu,Mining,2010,Middle Atlantic,10,0,0,HI
UH West Oahu,Mining,2010,Mountain,1,0,0,HI
UH West Oahu,Mining,2010,Mountain,5,0,0,HI
UH West Oahu,Mining,2010,Mountain,10,0,0,HI
UH West Oahu,Mining,2010,New England,1,0,0,HI
UH West Oahu,Mining,2010,New England,5,0,0,HI
UH West Oahu,Mining,2010,New England,10,0,0,HI
UH West Oahu,Mining,2010,Pacific,1,0,0,HI
UH West Oahu,Mining,2010,Pacific,5,0,0,HI
UH West Oahu,Mining,2010,Pacific,10,0,0,HI
UH West Oahu,Mining,2010,South Atlantic,1,0,0,HI
UH West Oahu,Mining,2010,South Atlantic,5,0,0,HI
UH West Oahu,Mining,2010,South Atlantic,10,0,0,HI
UH West Oahu,Mining,2010,West North Central,1,0,0,HI
UH West Oahu,Mining,2010,West North Central,5,0,0,HI
UH West Oahu,Mining,2010,West North Central,10,0,0,HI
UH West Oahu,Mining,2010,West South Central,1,0,0,HI
UH West Oahu,Mining,2010,West South Central,5,0,0,HI
UH West Oahu,Mining,2010,West South Central,10,0,0,HI
UH West Oahu,Mining,2013,East North Central,1,0,0,HI
UH West Oahu,Mining,2013,East North Central,5,0,0,HI
UH West Oahu,Mining,2013,East North Central,10,,,HI
UH West Oahu,Mining,2013,East South Central,1,0,0,HI
UH West Oahu,Mining,2013,East South Central,5,0,0,HI
UH West Oahu,Mining,2013,East South Central,10,,,HI
UH West Oahu,Mining,2013,Middle Atlantic,1,0,0,HI
UH West Oahu,Mining,2013,Middle Atlantic,5,0,0,HI
UH West Oahu,Mining,2013,Middle Atlantic,10,,,HI
UH West Oahu,Mining,2013,Mountain,1,0,0,HI
UH West Oahu,Mining,2013,Mountain,5,0,0,HI
UH West Oahu,Mining,2013,Mountain,10,,,HI
UH West Oahu,Mining,2013,New England,1,0,0,HI
UH West Oahu,Mining,2013,New England,5,0,0,HI
UH West Oahu,Mining,2013,New England,10,,,HI
UH West Oahu,Mining,2013,Pacific,1,0,0,HI
UH West Oahu,Mining,2013,Pacific,5,0,0,HI
UH West Oahu,Mining,2013,Pacific,10,,,HI
UH West Oahu,Mining,2013,South Atlantic,1,0,0,HI
UH West Oahu,Mining,2013,South Atlantic,5,0,0,HI
UH West Oahu,Mining,2013,South Atlantic,10,,,HI
UH West Oahu,Mining,2013,West North Central,1,0,0,HI
UH West Oahu,Mining,2013,West North Central,5,0,0,HI
UH West Oahu,Mining,2013,West North Central,10,,,HI
UH West Oahu,Mining,2013,West South Central,1,0,0,HI
UH West Oahu,Mining,2013,West South Central,5,0,0,HI
UH West Oahu,Mining,2013,West South Central,10,,,HI
UH West Oahu,Mining,2016,East North Central,1,0,0,HI
UH West Oahu,Mining,2016,East North Central,5,0,0,HI
UH West Oahu,Mining,2016,East North Central,10,,,HI
UH West Oahu,Mining,2016,East South Central,1,0,0,HI
UH West Oahu,Mining,2016,East South Central,5,0,0,HI
UH West Oahu,Mining,2016,East South Central,10,,,HI
UH West Oahu,Mining,2016,Middle Atlantic,1,0,0,HI
UH West Oahu,Mining,2016,Middle Atlantic,5,0,0,HI
UH West Oahu,Mining,2016,Middle Atlantic,10,,,HI
UH West Oahu,Mining,2016,Mountain,1,0,0,HI
UH West Oahu,Mining,2016,Mountain,5,0,0,HI
UH West Oahu,Mining,2016,Mountain,10,,,HI
UH West Oahu,Mining,2016,New England,1,0,0,HI
UH West Oahu,Mining,2016,New England,5,0,0,HI
UH West Oahu,Mining,2016,New England,10,,,HI
UH West Oahu,Mining,2016,Pacific,1,0,0,HI
UH West Oahu,Mining,2016,Pacific,5,0,0,HI
UH West Oahu,Mining,2016,Pacific,10,,,HI
UH West Oahu,Mining,2016,South Atlantic,1,0,0,HI
UH West Oahu,Mining,2016,South Atlantic,5,0,0,HI
UH West Oahu,Mining,2016,South Atlantic,10,,,HI
UH West Oahu,Mining,2016,West North Central,1,0,0,HI
UH West Oahu,Mining,2016,West North Central,5,0,0,HI
UH West Oahu,Mining,2016,West North Central,10,,,HI
UH West Oahu,Mining,2016,West South Central,1,0,0,HI
UH West Oahu,Mining,2016,West South Central,5,0,0,HI
UH West Oahu,Mining,2016,West South Central,10,,,HI
UH West Oahu,Mining,2019,East North Central,1,0,0,HI
UH West Oahu,Mining,2019,East North Central,5,,,HI
UH West Oahu,Mining,2019,East North Central,10,,,HI
UH West Oahu,Mining,2019,East South Central,1,0,0,HI
UH West Oahu,Mining,2019,East South Central,5,,,HI
UH West Oahu,Mining,2019,East South Central,10,,,HI
UH West Oahu,Mining,2019,Middle Atlantic,1,0,0,HI
UH West Oahu,Mining,2019,Middle Atlantic,5,,,HI
UH West Oahu,Mining,2019,Middle Atlantic,10,,,HI
UH West Oahu,Mining,2019,Mountain,1,0,0,HI
UH West Oahu,Mining,2019,Mountain,5,,,HI
UH West Oahu,Mining,2019,Mountain,10,,,HI
UH West Oahu,Mining,2019,New England,1,0,0,HI
UH West Oahu,Mining,2019,New England,5,,,HI
UH West Oahu,Mining,2019,New England,10,,,HI
UH West Oahu,Mining,2019,Pacific,1,0,0,HI
UH West Oahu,Mining,2019,Pacific,5,,,HI
UH West Oahu,Mining,2019,Pacific,10,,,HI
UH West Oahu,Mining,2019,South Atlantic,1,0,0,HI
UH West Oahu,Mining,2019,South Atlantic,5,,,HI
UH West Oahu,Mining,2019,South Atlantic,10,,,HI
UH West Oahu,Mining,2019,West North Central,1,0,0,HI
UH West Oahu,Mining,2019,West North Central,5,,,HI
UH West Oahu,Mining,2019,West North Central,10,,,HI
UH West Oahu,Mining,2019,West South Central,1,0,0,HI
UH West Oahu,Mining,2019,West South Central,5,,,HI
UH West Oahu,Mining,2019,West South Central,10,,,HI
UH West Oahu,Other Services,2004,East North Central,1,0,0,HI
UH West Oahu,Other Services,2004,East North Central,5,0,2,HI
UH West Oahu,Other Services,2004,East North Central,10,0,4,HI
UH West Oahu,Other Services,2004,East South Central,1,0,0,HI
UH West Oahu,Other Services,2004,East South Central,5,0,0,HI
UH West Oahu,Other Services,2004,East South Central,10,0,0,HI
UH West Oahu,Other Services,2004,Middle Atlantic,1,0,1,HI
UH West Oahu,Other Services,2004,Middle Atlantic,5,0,0,HI
UH West Oahu,Other Services,2004,Middle Atlantic,10,0,0,HI
UH West Oahu,Other Services,2004,Mountain,1,0,1,HI
UH West Oahu,Other Services,2004,Mountain,5,0,1,HI
UH West Oahu,Other Services,2004,Mountain,10,0,0,HI
UH West Oahu,Other Services,2004,New England,1,0,0,HI
UH West Oahu,Other Services,2004,New England,5,0,0,HI
UH West Oahu,Other Services,2004,New England,10,0,0,HI
UH West Oahu,Other Services,2004,Pacific,1,5,6,HI
UH West Oahu,Other Services,2004,Pacific,5,0,2,HI
UH West Oahu,Other Services,2004,Pacific,10,8,10,HI
UH West Oahu,Other Services,2004,South Atlantic,1,0,0,HI
UH West Oahu,Other Services,2004,South Atlantic,5,0,0,HI
UH West Oahu,Other Services,2004,South Atlantic,10,0,2,HI
UH West Oahu,Other Services,2004,West North Central,1,0,0,HI
UH West Oahu,Other Services,2004,West North Central,5,0,0,HI
UH West Oahu,Other Services,2004,West North Central,10,0,0,HI
UH West Oahu,Other Services,2004,West South Central,1,0,1,HI
UH West Oahu,Other Services,2004,West South Central,5,0,0,HI
UH West Oahu,Other Services,2004,West South Central,10,0,1,HI
UH West Oahu,Other Services,2007,East North Central,1,0,2,HI
UH West Oahu,Other Services,2007,East North Central,5,0,4,HI
UH West Oahu,Other Services,2007,East North Central,10,0,0,HI
UH West Oahu,Other Services,2007,East South Central,1,0,1,HI
UH West Oahu,Other Services,2007,East South Central,5,0,0,HI
UH West Oahu,Other Services,2007,East South Central,10,0,0,HI
UH West Oahu,Other Services,2007,Middle Atlantic,1,0,1,HI
UH West Oahu,Other Services,2007,Middle Atlantic,5,0,0,HI
UH West Oahu,Other Services,2007,Middle Atlantic,10,0,0,HI
UH West Oahu,Other Services,2007,Mountain,1,0,5,HI
UH West Oahu,Other Services,2007,Mountain,5,0,3,HI
UH West Oahu,Other Services,2007,Mountain,10,0,1,HI
UH West Oahu,Other Services,2007,New England,1,0,0,HI
UH West Oahu,Other Services,2007,New England,5,0,1,HI
UH West Oahu,Other Services,2007,New England,10,0,0,HI
UH West Oahu,Other Services,2007,Pacific,1,14,24,HI
UH West Oahu,Other Services,2007,Pacific,5,7,14,HI
UH West Oahu,Other Services,2007,Pacific,10,5,7,HI
UH West Oahu,Other Services,2007,South Atlantic,1,0,4,HI
UH West Oahu,Other Services,2007,South Atlantic,5,0,2,HI
UH West Oahu,Other Services,2007,South Atlantic,10,0,0,HI
UH West Oahu,Other Services,2007,West North Central,1,0,0,HI
UH West Oahu,Other Services,2007,West North Central,5,0,1,HI
UH West Oahu,Other Services,2007,West North Central,10,0,0,HI
UH West Oahu,Other Services,2007,West South Central,1,0,1,HI
UH West Oahu,Other Services,2007,West South Central,5,0,3,HI
UH West Oahu,Other Services,2007,West South Central,10,0,0,HI
UH West Oahu,Other Services,2010,East North Central,1,0,0,HI
UH West Oahu,Other Services,2010,East North Central,5,0,0,HI
UH West Oahu,Other Services,2010,East North Central,10,0,0,HI
UH West Oahu,Other Services,2010,East South Central,1,0,0,HI
UH West Oahu,Other Services,2010,East South Central,5,0,0,HI
UH West Oahu,Other Services,2010,East South Central,10,0,0,HI
UH West Oahu,Other Services,2010,Middle Atlantic,1,0,0,HI
UH West Oahu,Other Services,2010,Middle Atlantic,5,0,2,HI
UH West Oahu,Other Services,2010,Middle Atlantic,10,0,0,HI
UH West Oahu,Other Services,2010,Mountain,1,0,0,HI
UH West Oahu,Other Services,2010,Mountain,5,0,0,HI
UH West Oahu,Other Services,2010,Mountain,10,0,0,HI
UH West Oahu,Other Services,2010,New England,1,0,0,HI
UH West Oahu,Other Services,2010,New England,5,0,0,HI
UH West Oahu,Other Services,2010,New England,10,0,0,HI
UH West Oahu,Other Services,2010,Pacific,1,9,9,HI
UH West Oahu,Other Services,2010,Pacific,5,8,8,HI
UH West Oahu,Other Services,2010,Pacific,10,17,18,HI
UH West Oahu,Other Services,2010,South Atlantic,1,0,0,HI
UH West Oahu,Other Services,2010,South Atlantic,5,0,0,HI
UH West Oahu,Other Services,2010,South Atlantic,10,0,1,HI
UH West Oahu,Other Services,2010,West North Central,1,0,0,HI
UH West Oahu,Other Services,2010,West North Central,5,0,1,HI
UH West Oahu,Other Services,2010,West North Central,10,0,0,HI
UH West Oahu,Other Services,2010,West South Central,1,0,0,HI
UH West Oahu,Other Services,2010,West South Central,5,0,0,HI
UH West Oahu,Other Services,2010,West South Central,10,0,0,HI
UH West Oahu,Other Services,2013,East North Central,1,0,2,HI
UH West Oahu,Other Services,2013,East North Central,5,0,0,HI
UH West Oahu,Other Services,2013,East North Central,10,,,HI
UH West Oahu,Other Services,2013,East South Central,1,0,0,HI
UH West Oahu,Other Services,2013,East South Central,5,0,0,HI
UH West Oahu,Other Services,2013,East South Central,10,,,HI
UH West Oahu,Other Services,2013,Middle Atlantic,1,0,0,HI
UH West Oahu,Other Services,2013,Middle Atlantic,5,0,0,HI
UH West Oahu,Other Services,2013,Middle Atlantic,10,,,HI
UH West Oahu,Other Services,2013,Mountain,1,0,0,HI
UH West Oahu,Other Services,2013,Mountain,5,0,0,HI
UH West Oahu,Other Services,2013,Mountain,10,,,HI
UH West Oahu,Other Services,2013,New England,1,0,0,HI
UH West Oahu,Other Services,2013,New England,5,0,0,HI
UH West Oahu,Other Services,2013,New England,10,,,HI
UH West Oahu,Other Services,2013,Pacific,1,18,22,HI
UH West Oahu,Other Services,2013,Pacific,5,17,22,HI
UH West Oahu,Other Services,2013,Pacific,10,,,HI
UH West Oahu,Other Services,2013,South Atlantic,1,0,0,HI
UH West Oahu,Other Services,2013,South Atlantic,5,0,0,HI
UH West Oahu,Other Services,2013,South Atlantic,10,,,HI
UH West Oahu,Other Services,2013,West North Central,1,0,0,HI
UH West Oahu,Other Services,2013,West North Central,5,0,0,HI
UH West Oahu,Other Services,2013,West North Central,10,,,HI
UH West Oahu,Other Services,2013,West South Central,1,0,1,HI
UH West Oahu,Other Services,2013,West South Central,5,0,0,HI
UH West Oahu,Other Services,2013,West South Central,10,,,HI
UH West Oahu,Other Services,2016,East North Central,1,0,0,HI
UH West Oahu,Other Services,2016,East North Central,5,0,2,HI
UH West Oahu,Other Services,2016,East North Central,10,,,HI
UH West Oahu,Other Services,2016,East South Central,1,0,0,HI
UH West Oahu,Other Services,2016,East South Central,5,0,0,HI
UH West Oahu,Other Services,2016,East South Central,10,,,HI
UH West Oahu,Other Services,2016,Middle Atlantic,1,0,0,HI
UH West Oahu,Other Services,2016,Middle Atlantic,5,0,1,HI
UH West Oahu,Other Services,2016,Middle Atlantic,10,,,HI
UH West Oahu,Other Services,2016,Mountain,1,0,0,HI
UH West Oahu,Other Services,2016,Mountain,5,0,0,HI
UH West Oahu,Other Services,2016,Mountain,10,,,HI
UH West Oahu,Other Services,2016,New England,1,0,0,HI
UH West Oahu,Other Services,2016,New England,5,0,0,HI
UH West Oahu,Other Services,2016,New England,10,,,HI
UH West Oahu,Other Services,2016,Pacific,1,37,39,HI
UH West Oahu,Other Services,2016,Pacific,5,35,37,HI
UH West Oahu,Other Services,2016,Pacific,10,,,HI
UH West Oahu,Other Services,2016,South Atlantic,1,0,0,HI
UH West Oahu,Other Services,2016,South Atlantic,5,0,2,HI
UH West Oahu,Other Services,2016,South Atlantic,10,,,HI
UH West Oahu,Other Services,2016,West North Central,1,0,0,HI
UH West Oahu,Other Services,2016,West North Central,5,0,0,HI
UH West Oahu,Other Services,2016,West North Central,10,,,HI
UH West Oahu,Other Services,2016,West South Central,1,0,1,HI
UH West Oahu,Other Services,2016,West South Central,5,0,0,HI
UH West Oahu,Other Services,2016,West South Central,10,,,HI
UH West Oahu,Other Services,2019,East North Central,1,0,1,HI
UH West Oahu,Other Services,2019,East North Central,5,,,HI
UH West Oahu,Other Services,2019,East North Central,10,,,HI
UH West Oahu,Other Services,2019,East South Central,1,0,0,HI
UH West Oahu,Other Services,2019,East South Central,5,,,HI
UH West Oahu,Other Services,2019,East South Central,10,,,HI
UH West Oahu,Other Services,2019,Middle Atlantic,1,0,3,HI
UH West Oahu,Other Services,2019,Middle Atlantic,5,,,HI
UH West Oahu,Other Services,2019,Middle Atlantic,10,,,HI
UH West Oahu,Other Services,2019,Mountain,1,0,0,HI
UH West Oahu,Other Services,2019,Mountain,5,,,HI
UH West Oahu,Other Services,2019,Mountain,10,,,HI
UH West Oahu,Other Services,2019,New England,1,0,0,HI
UH West Oahu,Other Services,2019,New England,5,,,HI
UH West Oahu,Other Services,2019,New England,10,,,HI
UH West Oahu,Other Services,2019,Pacific,1,28,30,HI
UH West Oahu,Other Services,2019,Pacific,5,,,HI
UH West Oahu,Other Services,2019,Pacific,10,,,HI
UH West Oahu,Other Services,2019,South Atlantic,1,0,0,HI
UH West Oahu,Other Services,2019,South Atlantic,5,,,HI
UH West Oahu,Other Services,2019,South Atlantic,10,,,HI
UH West Oahu,Other Services,2019,West North Central,1,0,0,HI
UH West Oahu,Other Services,2019,West North Central,5,,,HI
UH West Oahu,Other Services,2019,West North Central,10,,,HI
UH West Oahu,Other Services,2019,West South Central,1,0,0,HI
UH West Oahu,Other Services,2019,West South Central,5,,,HI
UH West Oahu,Other Services,2019,West South Central,10,,,HI
UH West Oahu,Professional Services,2004,East North Central,1,0,0,HI
UH West Oahu,Professional Services,2004,East North Central,5,0,0,HI
UH West Oahu,Professional Services,2004,East North Central,10,0,2,HI
UH West Oahu,Professional Services,2004,East South Central,1,0,0,HI
UH West Oahu,Professional Services,2004,East South Central,5,0,0,HI
UH West Oahu,Professional Services,2004,East South Central,10,0,0,HI
UH West Oahu,Professional Services,2004,Middle Atlantic,1,0,0,HI
UH West Oahu,Professional Services,2004,Middle Atlantic,5,0,0,HI
UH West Oahu,Professional Services,2004,Middle Atlantic,10,0,2,HI
UH West Oahu,Professional Services,2004,Mountain,1,0,1,HI
UH West Oahu,Professional Services,2004,Mountain,5,0,0,HI
UH West Oahu,Professional Services,2004,Mountain,10,0,7,HI
UH West Oahu,Professional Services,2004,New England,1,0,0,HI
UH West Oahu,Professional Services,2004,New England,5,0,0,HI
UH West Oahu,Professional Services,2004,New England,10,0,0,HI
UH West Oahu,Professional Services,2004,Pacific,1,20,21,HI
UH West Oahu,Professional Services,2004,Pacific,5,17,18,HI
UH West Oahu,Professional Services,2004,Pacific,10,16,17,HI
UH West Oahu,Professional Services,2004,South Atlantic,1,0,1,HI
UH West Oahu,Professional Services,2004,South Atlantic,5,0,0,HI
UH West Oahu,Professional Services,2004,South Atlantic,10,0,2,HI
UH West Oahu,Professional Services,2004,West North Central,1,0,0,HI
UH West Oahu,Professional Services,2004,West North Central,5,0,0,HI
UH West Oahu,Professional Services,2004,West North Central,10,0,0,HI
UH West Oahu,Professional Services,2004,West South Central,1,0,3,HI
UH West Oahu,Professional Services,2004,West South Central,5,0,0,HI
UH West Oahu,Professional Services,2004,West South Central,10,0,1,HI
UH West Oahu,Professional Services,2007,East North Central,1,0,0,HI
UH West Oahu,Professional Services,2007,East North Central,5,0,4,HI
UH West Oahu,Professional Services,2007,East North Central,10,0,0,HI
UH West Oahu,Professional Services,2007,East South Central,1,0,0,HI
UH West Oahu,Professional Services,2007,East South Central,5,0,0,HI
UH West Oahu,Professional Services,2007,East South Central,10,0,0,HI
UH West Oahu,Professional Services,2007,Middle Atlantic,1,0,1,HI
UH West Oahu,Professional Services,2007,Middle Atlantic,5,0,4,HI
UH West Oahu,Professional Services,2007,Middle Atlantic,10,0,1,HI
UH West Oahu,Professional Services,2007,Mountain,1,0,3,HI
UH West Oahu,Professional Services,2007,Mountain,5,0,2,HI
UH West Oahu,Professional Services,2007,Mountain,10,0,2,HI
UH West Oahu,Professional Services,2007,New England,1,0,2,HI
UH West Oahu,Professional Services,2007,New England,5,0,1,HI
UH West Oahu,Professional Services,2007,New England,10,0,0,HI
UH West Oahu,Professional Services,2007,Pacific,1,36,38,HI
UH West Oahu,Professional Services,2007,Pacific,5,24,31,HI
UH West Oahu,Professional Services,2007,Pacific,10,16,22,HI
UH West Oahu,Professional Services,2007,South Atlantic,1,0,4,HI
UH West Oahu,Professional Services,2007,South Atlantic,5,0,5,HI
UH West Oahu,Professional Services,2007,South Atlantic,10,0,5,HI
UH West Oahu,Professional Services,2007,West North Central,1,0,0,HI
UH West Oahu,Professional Services,2007,West North Central,5,0,1,HI
UH West Oahu,Professional Services,2007,West North Central,10,0,1,HI
UH West Oahu,Professional Services,2007,West South Central,1,0,2,HI
UH West Oahu,Professional Services,2007,West South Central,5,0,0,HI
UH West Oahu,Professional Services,2007,West South Central,10,0,0,HI
UH West Oahu,Professional Services,2010,East North Central,1,0,0,HI
UH West Oahu,Professional Services,2010,East North Central,5,0,1,HI
UH West Oahu,Professional Services,2010,East North Central,10,0,1,HI
UH West Oahu,Professional Services,2010,East South Central,1,0,0,HI
UH West Oahu,Professional Services,2010,East South Central,5,0,0,HI
UH West Oahu,Professional Services,2010,East South Central,10,0,0,HI
UH West Oahu,Professional Services,2010,Middle Atlantic,1,0,0,HI
UH West Oahu,Professional Services,2010,Middle Atlantic,5,0,0,HI
UH West Oahu,Professional Services,2010,Middle Atlantic,10,0,0,HI
UH West Oahu,Professional Services,2010,Mountain,1,0,0,HI
UH West Oahu,Professional Services,2010,Mountain,5,0,0,HI
UH West Oahu,Professional Services,2010,Mountain,10,0,0,HI
UH West Oahu,Professional Services,2010,New England,1,0,0,HI
UH West Oahu,Professional Services,2010,New England,5,0,0,HI
UH West Oahu,Professional Services,2010,New England,10,0,0,HI
UH West Oahu,Professional Services,2010,Pacific,1,35,38,HI
UH West Oahu,Professional Services,2010,Pacific,5,28,30,HI
UH West Oahu,Professional Services,2010,Pacific,10,23,29,HI
UH West Oahu,Professional Services,2010,South Atlantic,1,0,0,HI
UH West Oahu,Professional Services,2010,South Atlantic,5,0,0,HI
UH West Oahu,Professional Services,2010,South Atlantic,10,0,0,HI
UH West Oahu,Professional Services,2010,West North Central,1,0,0,HI
UH West Oahu,Professional Services,2010,West North Central,5,0,0,HI
UH West Oahu,Professional Services,2010,West North Central,10,0,0,HI
UH West Oahu,Professional Services,2010,West South Central,1,0,0,HI
UH West Oahu,Professional Services,2010,West South Central,5,0,1,HI
UH West Oahu,Professional Services,2010,West South Central,10,0,1,HI
UH West Oahu,Professional Services,2013,East North Central,1,0,1,HI
UH West Oahu,Professional Services,2013,East North Central,5,0,0,HI
UH West Oahu,Professional Services,2013,East North Central,10,,,HI
UH West Oahu,Professional Services,2013,East South Central,1,0,0,HI
UH West Oahu,Professional Services,2013,East South Central,5,0,0,HI
UH West Oahu,Professional Services,2013,East South Central,10,,,HI
UH West Oahu,Professional Services,2013,Middle Atlantic,1,0,4,HI
UH West Oahu,Professional Services,2013,Middle Atlantic,5,0,0,HI
UH West Oahu,Professional Services,2013,Middle Atlantic,10,,,HI
UH West Oahu,Professional Services,2013,Mountain,1,0,1,HI
UH West Oahu,Professional Services,2013,Mountain,5,0,0,HI
UH West Oahu,Professional Services,2013,Mountain,10,,,HI
UH West Oahu,Professional Services,2013,New England,1,0,0,HI
UH West Oahu,Professional Services,2013,New England,5,0,0,HI
UH West Oahu,Professional Services,2013,New England,10,,,HI
UH West Oahu,Professional Services,2013,Pacific,1,67,69,HI
UH West Oahu,Professional Services,2013,Pacific,5,54,62,HI
UH West Oahu,Professional Services,2013,Pacific,10,,,HI
UH West Oahu,Professional Services,2013,South Atlantic,1,0,1,HI
UH West Oahu,Professional Services,2013,South Atlantic,5,0,5,HI
UH West Oahu,Professional Services,2013,South Atlantic,10,,,HI
UH West Oahu,Professional Services,2013,West North Central,1,0,0,HI
UH West Oahu,Professional Services,2013,West North Central,5,0,0,HI
UH West Oahu,Professional Services,2013,West North Central,10,,,HI
UH West Oahu,Professional Services,2013,West South Central,1,0,0,HI
UH West Oahu,Professional Services,2013,West South Central,5,0,6,HI
UH West Oahu,Professional Services,2013,West South Central,10,,,HI
UH West Oahu,Professional Services,2016,East North Central,1,0,1,HI
UH West Oahu,Professional Services,2016,East North Central,5,0,2,HI
UH West Oahu,Professional Services,2016,East North Central,10,,,HI
UH West Oahu,Professional Services,2016,East South Central,1,0,0,HI
UH West Oahu,Professional Services,2016,East South Central,5,0,0,HI
UH West Oahu,Professional Services,2016,East South Central,10,,,HI
UH West Oahu,Professional Services,2016,Middle Atlantic,1,0,2,HI
UH West Oahu,Professional Services,2016,Middle Atlantic,5,0,3,HI
UH West Oahu,Professional Services,2016,Middle Atlantic,10,,,HI
UH West Oahu,Professional Services,2016,Mountain,1,0,4,HI
UH West Oahu,Professional Services,2016,Mountain,5,0,5,HI
UH West Oahu,Professional Services,2016,Mountain,10,,,HI
UH West Oahu,Professional Services,2016,New England,1,0,0,HI
UH West Oahu,Professional Services,2016,New England,5,0,0,HI
UH West Oahu,Professional Services,2016,New England,10,,,HI
UH West Oahu,Professional Services,2016,Pacific,1,90,94,HI
UH West Oahu,Professional Services,2016,Pacific,5,88,94,HI
UH West Oahu,Professional Services,2016,Pacific,10,,,HI
UH West Oahu,Professional Services,2016,South Atlantic,1,0,3,HI
UH West Oahu,Professional Services,2016,South Atlantic,5,0,6,HI
UH West Oahu,Professional Services,2016,South Atlantic,10,,,HI
UH West Oahu,Professional Services,2016,West North Central,1,0,0,HI
UH West Oahu,Professional Services,2016,West North Central,5,0,0,HI
UH West Oahu,Professional Services,2016,West North Central,10,,,HI
UH West Oahu,Professional Services,2016,West South Central,1,0,0,HI
UH West Oahu,Professional Services,2016,West South Central,5,0,2,HI
UH West Oahu,Professional Services,2016,West South Central,10,,,HI
UH West Oahu,Professional Services,2019,East North Central,1,0,0,HI
UH West Oahu,Professional Services,2019,East North Central,5,,,HI
UH West Oahu,Professional Services,2019,East North Central,10,,,HI
UH West Oahu,Professional Services,2019,East South Central,1,0,0,HI
UH West Oahu,Professional Services,2019,East South Central,5,,,HI
UH West Oahu,Professional Services,2019,East South Central,10,,,HI
UH West Oahu,Professional Services,2019,Middle Atlantic,1,0,2,HI
UH West Oahu,Professional Services,2019,Middle Atlantic,5,,,HI
UH West Oahu,Professional Services,2019,Middle Atlantic,10,,,HI
UH West Oahu,Professional Services,2019,Mountain,1,0,4,HI
UH West Oahu,Professional Services,2019,Mountain,5,,,HI
UH West Oahu,Professional Services,2019,Mountain,10,,,HI
UH West Oahu,Professional Services,2019,New England,1,0,1,HI
UH West Oahu,Professional Services,2019,New England,5,,,HI
UH West Oahu,Professional Services,2019,New England,10,,,HI
UH West Oahu,Professional Services,2019,Pacific,1,132,137,HI
UH West Oahu,Professional Services,2019,Pacific,5,,,HI
UH West Oahu,Professional Services,2019,Pacific,10,,,HI
UH West Oahu,Professional Services,2019,South Atlantic,1,0,2,HI
UH West Oahu,Professional Services,2019,South Atlantic,5,,,HI
UH West Oahu,Professional Services,2019,South Atlantic,10,,,HI
UH West Oahu,Professional Services,2019,West North Central,1,0,0,HI
UH West Oahu,Professional Services,2019,West North Central,5,,,HI
UH West Oahu,Professional Services,2019,West North Central,10,,,HI
UH West Oahu,Professional Services,2019,West South Central,1,0,0,HI
UH West Oahu,Professional Services,2019,West South Central,5,,,HI
UH West Oahu,Professional Services,2019,West South Central,10,,,HI
UH West Oahu,Public Admin,2004,East North Central,1,0,0,HI
UH West Oahu,Public Admin,2004,East North Central,5,0,0,HI
UH West Oahu,Public Admin,2004,East North Central,10,0,2,HI
UH West Oahu,Public Admin,2004,East South Central,1,0,0,HI
UH West Oahu,Public Admin,2004,East South Central,5,0,0,HI
UH West Oahu,Public Admin,2004,East South Central,10,0,0,HI
UH West Oahu,Public Admin,2004,Middle Atlantic,1,0,1,HI
UH West Oahu,Public Admin,2004,Middle Atlantic,5,0,0,HI
UH West Oahu,Public Admin,2004,Middle Atlantic,10,0,1,HI
UH West Oahu,Public Admin,2004,Mountain,1,0,0,HI
UH West Oahu,Public Admin,2004,Mountain,5,0,0,HI
UH West Oahu,Public Admin,2004,Mountain,10,0,1,HI
UH West Oahu,Public Admin,2004,New England,1,0,0,HI
UH West Oahu,Public Admin,2004,New England,5,0,0,HI
UH West Oahu,Public Admin,2004,New England,10,0,0,HI
UH West Oahu,Public Admin,2004,Pacific,1,17,19,HI
UH West Oahu,Public Admin,2004,Pacific,5,18,18,HI
UH West Oahu,Public Admin,2004,Pacific,10,19,22,HI
UH West Oahu,Public Admin,2004,South Atlantic,1,0,0,HI
UH West Oahu,Public Admin,2004,South Atlantic,5,0,0,HI
UH West Oahu,Public Admin,2004,South Atlantic,10,0,2,HI
UH West Oahu,Public Admin,2004,West North Central,1,0,0,HI
UH West Oahu,Public Admin,2004,West North Central,5,0,0,HI
UH West Oahu,Public Admin,2004,West North Central,10,0,0,HI
UH West Oahu,Public Admin,2004,West South Central,1,0,0,HI
UH West Oahu,Public Admin,2004,West South Central,5,0,1,HI
UH West Oahu,Public Admin,2004,West South Central,10,0,1,HI
UH West Oahu,Public Admin,2007,East North Central,1,0,0,HI
UH West Oahu,Public Admin,2007,East North Central,5,0,3,HI
UH West Oahu,Public Admin,2007,East North Central,10,0,2,HI
UH West Oahu,Public Admin,2007,East South Central,1,0,0,HI
UH West Oahu,Public Admin,2007,East South Central,5,0,0,HI
UH West Oahu,Public Admin,2007,East South Central,10,0,0,HI
UH West Oahu,Public Admin,2007,Middle Atlantic,1,0,0,HI
UH West Oahu,Public Admin,2007,Middle Atlantic,5,0,2,HI
UH West Oahu,Public Admin,2007,Middle Atlantic,10,0,0,HI
UH West Oahu,Public Admin,2007,Mountain,1,0,0,HI
UH West Oahu,Public Admin,2007,Mountain,5,0,4,HI
UH West Oahu,Public Admin,2007,Mountain,10,0,1,HI
UH West Oahu,Public Admin,2007,New England,1,0,0,HI
UH West Oahu,Public Admin,2007,New England,5,0,0,HI
UH West Oahu,Public Admin,2007,New England,10,0,0,HI
UH West Oahu,Public Admin,2007,Pacific,1,21,25,HI
UH West Oahu,Public Admin,2007,Pacific,5,31,39,HI
UH West Oahu,Public Admin,2007,Pacific,10,23,24,HI
UH West Oahu,Public Admin,2007,South Atlantic,1,0,1,HI
UH West Oahu,Public Admin,2007,South Atlantic,5,0,1,HI
UH West Oahu,Public Admin,2007,South Atlantic,10,0,1,HI
UH West Oahu,Public Admin,2007,West North Central,1,0,0,HI
UH West Oahu,Public Admin,2007,West North Central,5,0,0,HI
UH West Oahu,Public Admin,2007,West North Central,10,0,0,HI
UH West Oahu,Public Admin,2007,West South Central,1,0,1,HI
UH West Oahu,Public Admin,2007,West South Central,5,0,2,HI
UH West Oahu,Public Admin,2007,West South Central,10,0,3,HI
UH West Oahu,Public Admin,2010,East North Central,1,0,0,HI
UH West Oahu,Public Admin,2010,East North Central,5,0,0,HI
UH West Oahu,Public Admin,2010,East North Central,10,0,0,HI
UH West Oahu,Public Admin,2010,East South Central,1,0,0,HI
UH West Oahu,Public Admin,2010,East South Central,5,0,0,HI
UH West Oahu,Public Admin,2010,East South Central,10,0,0,HI
UH West Oahu,Public Admin,2010,Middle Atlantic,1,0,0,HI
UH West Oahu,Public Admin,2010,Middle Atlantic,5,0,0,HI
UH West Oahu,Public Admin,2010,Middle Atlantic,10,0,1,HI
UH West Oahu,Public Admin,2010,Mountain,1,0,0,HI
UH West Oahu,Public Admin,2010,Mountain,5,0,0,HI
UH West Oahu,Public Admin,2010,Mountain,10,0,0,HI
UH West Oahu,Public Admin,2010,New England,1,0,0,HI
UH West Oahu,Public Admin,2010,New England,5,0,0,HI
UH West Oahu,Public Admin,2010,New England,10,0,0,HI
UH West Oahu,Public Admin,2010,Pacific,1,30,32,HI
UH West Oahu,Public Admin,2010,Pacific,5,48,48,HI
UH West Oahu,Public Admin,2010,Pacific,10,52,55,HI
UH West Oahu,Public Admin,2010,South Atlantic,1,0,1,HI
UH West Oahu,Public Admin,2010,South Atlantic,5,0,0,HI
UH West Oahu,Public Admin,2010,South Atlantic,10,0,3,HI
UH West Oahu,Public Admin,2010,West North Central,1,0,0,HI
UH West Oahu,Public Admin,2010,West North Central,5,0,0,HI
UH West Oahu,Public Admin,2010,West North Central,10,0,0,HI
UH West Oahu,Public Admin,2010,West South Central,1,0,2,HI
UH West Oahu,Public Admin,2010,West South Central,5,0,2,HI
UH West Oahu,Public Admin,2010,West South Central,10,0,1,HI
UH West Oahu,Public Admin,2013,East North Central,1,0,0,HI
UH West Oahu,Public Admin,2013,East North Central,5,0,0,HI
UH West Oahu,Public Admin,2013,East North Central,10,,,HI
UH West Oahu,Public Admin,2013,East South Central,1,0,1,HI
UH West Oahu,Public Admin,2013,East South Central,5,0,0,HI
UH West Oahu,Public Admin,2013,East South Central,10,,,HI
UH West Oahu,Public Admin,2013,Middle Atlantic,1,0,0,HI
UH West Oahu,Public Admin,2013,Middle Atlantic,5,0,2,HI
UH West Oahu,Public Admin,2013,Middle Atlantic,10,,,HI
UH West Oahu,Public Admin,2013,Mountain,1,0,2,HI
UH West Oahu,Public Admin,2013,Mountain,5,0,5,HI
UH West Oahu,Public Admin,2013,Mountain,10,,,HI
UH West Oahu,Public Admin,2013,New England,1,0,1,HI
UH West Oahu,Public Admin,2013,New England,5,0,0,HI
UH West Oahu,Public Admin,2013,New England,10,,,HI
UH West Oahu,Public Admin,2013,Pacific,1,40,42,HI
UH West Oahu,Public Admin,2013,Pacific,5,72,79,HI
UH West Oahu,Public Admin,2013,Pacific,10,,,HI
UH West Oahu,Public Admin,2013,South Atlantic,1,0,3,HI
UH West Oahu,Public Admin,2013,South Atlantic,5,0,0,HI
UH West Oahu,Public Admin,2013,South Atlantic,10,,,HI
UH West Oahu,Public Admin,2013,West North Central,1,0,0,HI
UH West Oahu,Public Admin,2013,West North Central,5,0,0,HI
UH West Oahu,Public Admin,2013,West North Central,10,,,HI
UH West Oahu,Public Admin,2013,West South Central,1,0,1,HI
UH West Oahu,Public Admin,2013,West South Central,5,0,0,HI
UH West Oahu,Public Admin,2013,West South Central,10,,,HI
UH West Oahu,Public Admin,2016,East North Central,1,0,0,HI
UH West Oahu,Public Admin,2016,East North Central,5,0,0,HI
UH West Oahu,Public Admin,2016,East North Central,10,,,HI
UH West Oahu,Public Admin,2016,East South Central,1,0,0,HI
UH West Oahu,Public Admin,2016,East South Central,5,0,0,HI
UH West Oahu,Public Admin,2016,East South Central,10,,,HI
UH West Oahu,Public Admin,2016,Middle Atlantic,1,0,0,HI
UH West Oahu,Public Admin,2016,Middle Atlantic,5,0,0,HI
UH West Oahu,Public Admin,2016,Middle Atlantic,10,,,HI
UH West Oahu,Public Admin,2016,Mountain,1,0,0,HI
UH West Oahu,Public Admin,2016,Mountain,5,0,4,HI
UH West Oahu,Public Admin,2016,Mountain,10,,,HI
UH West Oahu,Public Admin,2016,New England,1,0,0,HI
UH West Oahu,Public Admin,2016,New England,5,0,0,HI
UH West Oahu,Public Admin,2016,New England,10,,,HI
UH West Oahu,Public Admin,2016,Pacific,1,71,71,HI
UH West Oahu,Public Admin,2016,Pacific,5,112,121,HI
UH West Oahu,Public Admin,2016,Pacific,10,,,HI
UH West Oahu,Public Admin,2016,South Atlantic,1,0,0,HI
UH West Oahu,Public Admin,2016,South Atlantic,5,0,3,HI
UH West Oahu,Public Admin,2016,South Atlantic,10,,,HI
UH West Oahu,Public Admin,2016,West North Central,1,0,0,HI
UH West Oahu,Public Admin,2016,West North Central,5,0,1,HI
UH West Oahu,Public Admin,2016,West North Central,10,,,HI
UH West Oahu,Public Admin,2016,West South Central,1,0,0,HI
UH West Oahu,Public Admin,2016,West South Central,5,0,4,HI
UH West Oahu,Public Admin,2016,West South Central,10,,,HI
UH West Oahu,Public Admin,2019,East North Central,1,0,2,HI
UH West Oahu,Public Admin,2019,East North Central,5,,,HI
UH West Oahu,Public Admin,2019,East North Central,10,,,HI
UH West Oahu,Public Admin,2019,East South Central,1,0,0,HI
UH West Oahu,Public Admin,2019,East South Central,5,,,HI
UH West Oahu,Public Admin,2019,East South Central,10,,,HI
UH West Oahu,Public Admin,2019,Middle Atlantic,1,0,1,HI
UH West Oahu,Public Admin,2019,Middle Atlantic,5,,,HI
UH West Oahu,Public Admin,2019,Middle Atlantic,10,,,HI
UH West Oahu,Public Admin,2019,Mountain,1,0,2,HI
UH West Oahu,Public Admin,2019,Mountain,5,,,HI
UH West Oahu,Public Admin,2019,Mountain,10,,,HI
UH West Oahu,Public Admin,2019,New England,1,0,0,HI
UH West Oahu,Public Admin,2019,New England,5,,,HI
UH West Oahu,Public Admin,2019,New England,10,,,HI
UH West Oahu,Public Admin,2019,Pacific,1,87,90,HI
UH West Oahu,Public Admin,2019,Pacific,5,,,HI
UH West Oahu,Public Admin,2019,Pacific,10,,,HI
UH West Oahu,Public Admin,2019,South Atlantic,1,0,4,HI
UH West Oahu,Public Admin,2019,South Atlantic,5,,,HI
UH West Oahu,Public Admin,2019,South Atlantic,10,,,HI
UH West Oahu,Public Admin,2019,West North Central,1,0,0,HI
UH West Oahu,Public Admin,2019,West North Central,5,,,HI
UH West Oahu,Public Admin,2019,West North Central,10,,,HI
UH West Oahu,Public Admin,2019,West South Central,1,0,0,HI
UH West Oahu,Public Admin,2019,West South Central,5,,,HI
UH West Oahu,Public Admin,2019,West South Central,10,,,HI
UH West Oahu,Real Estate,2004,East North Central,1,0,0,HI
UH West Oahu,Real Estate,2004,East North Central,5,0,0,HI
UH West Oahu,Real Estate,2004,East North Central,10,0,0,HI
UH West Oahu,Real Estate,2004,East South Central,1,0,0,HI
UH West Oahu,Real Estate,2004,East South Central,5,0,0,HI
UH West Oahu,Real Estate,2004,East South Central,10,0,0,HI
UH West Oahu,Real Estate,2004,Middle Atlantic,1,0,0,HI
UH West Oahu,Real Estate,2004,Middle Atlantic,5,0,0,HI
UH West Oahu,Real Estate,2004,Middle Atlantic,10,0,1,HI
UH West Oahu,Real Estate,2004,Mountain,1,0,0,HI
UH West Oahu,Real Estate,2004,Mountain,5,0,0,HI
UH West Oahu,Real Estate,2004,Mountain,10,0,0,HI
UH West Oahu,Real Estate,2004,New England,1,0,0,HI
UH West Oahu,Real Estate,2004,New England,5,0,0,HI
UH West Oahu,Real Estate,2004,New England,10,0,0,HI
UH West Oahu,Real Estate,2004,Pacific,1,0,1,HI
UH West Oahu,Real Estate,2004,Pacific,5,0,0,HI
UH West Oahu,Real Estate,2004,Pacific,10,4,5,HI
UH West Oahu,Real Estate,2004,South Atlantic,1,0,0,HI
UH West Oahu,Real Estate,2004,South Atlantic,5,0,0,HI
UH West Oahu,Real Estate,2004,South Atlantic,10,0,0,HI
UH West Oahu,Real Estate,2004,West North Central,1,0,0,HI
UH West Oahu,Real Estate,2004,West North Central,5,0,0,HI
UH West Oahu,Real Estate,2004,West North Central,10,0,0,HI
UH West Oahu,Real Estate,2004,West South Central,1,0,0,HI
UH West Oahu,Real Estate,2004,West South Central,5,0,0,HI
UH West Oahu,Real Estate,2004,West South Central,10,0,1,HI
UH West Oahu,Real Estate,2007,East North Central,1,0,0,HI
UH West Oahu,Real Estate,2007,East North Central,5,0,0,HI
UH West Oahu,Real Estate,2007,East North Central,10,0,0,HI
UH West Oahu,Real Estate,2007,East South Central,1,0,0,HI
UH West Oahu,Real Estate,2007,East South Central,5,0,0,HI
UH West Oahu,Real Estate,2007,East South Central,10,0,0,HI
UH West Oahu,Real Estate,2007,Middle Atlantic,1,0,0,HI
UH West Oahu,Real Estate,2007,Middle Atlantic,5,0,0,HI
UH West Oahu,Real Estate,2007,Middle Atlantic,10,0,0,HI
UH West Oahu,Real Estate,2007,Mountain,1,0,0,HI
UH West Oahu,Real Estate,2007,Mountain,5,0,0,HI
UH West Oahu,Real Estate,2007,Mountain,10,0,0,HI
UH West Oahu,Real Estate,2007,New England,1,0,0,HI
UH West Oahu,Real Estate,2007,New England,5,0,0,HI
UH West Oahu,Real Estate,2007,New England,10,0,0,HI
UH West Oahu,Real Estate,2007,Pacific,1,10,11,HI
UH West Oahu,Real Estate,2007,Pacific,5,8,10,HI
UH West Oahu,Real Estate,2007,Pacific,10,4,4,HI
UH West Oahu,Real Estate,2007,South Atlantic,1,0,1,HI
UH West Oahu,Real Estate,2007,South Atlantic,5,0,0,HI
UH West Oahu,Real Estate,2007,South Atlantic,10,0,0,HI
UH West Oahu,Real Estate,2007,West North Central,1,0,0,HI
UH West Oahu,Real Estate,2007,West North Central,5,0,0,HI
UH West Oahu,Real Estate,2007,West North Central,10,0,0,HI
UH West Oahu,Real Estate,2007,West South Central,1,0,0,HI
UH West Oahu,Real Estate,2007,West South Central,5,0,1,HI
UH West Oahu,Real Estate,2007,West South Central,10,0,0,HI
UH West Oahu,Real Estate,2010,East North Central,1,0,0,HI
UH West Oahu,Real Estate,2010,East North Central,5,0,0,HI
UH West Oahu,Real Estate,2010,East North Central,10,0,0,HI
UH West Oahu,Real Estate,2010,East South Central,1,0,0,HI
UH West Oahu,Real Estate,2010,East South Central,5,0,0,HI
UH West Oahu,Real Estate,2010,East South Central,10,0,0,HI
UH West Oahu,Real Estate,2010,Middle Atlantic,1,0,0,HI
UH West Oahu,Real Estate,2010,Middle Atlantic,5,0,0,HI
UH West Oahu,Real Estate,2010,Middle Atlantic,10,0,0,HI
UH West Oahu,Real Estate,2010,Mountain,1,0,0,HI
UH West Oahu,Real Estate,2010,Mountain,5,0,0,HI
UH West Oahu,Real Estate,2010,Mountain,10,0,0,HI
UH West Oahu,Real Estate,2010,New England,1,0,0,HI
UH West Oahu,Real Estate,2010,New England,5,0,0,HI
UH West Oahu,Real Estate,2010,New England,10,0,0,HI
UH West Oahu,Real Estate,2010,Pacific,1,8,11,HI
UH West Oahu,Real Estate,2010,Pacific,5,9,12,HI
UH West Oahu,Real Estate,2010,Pacific,10,5,7,HI
UH West Oahu,Real Estate,2010,South Atlantic,1,0,0,HI
UH West Oahu,Real Estate,2010,South Atlantic,5,0,0,HI
UH West Oahu,Real Estate,2010,South Atlantic,10,0,0,HI
UH West Oahu,Real Estate,2010,West North Central,1,0,0,HI
UH West Oahu,Real Estate,2010,West North Central,5,0,0,HI
UH West Oahu,Real Estate,2010,West North Central,10,0,0,HI
UH West Oahu,Real Estate,2010,West South Central,1,0,0,HI
UH West Oahu,Real Estate,2010,West South Central,5,0,0,HI
UH West Oahu,Real Estate,2010,West South Central,10,0,0,HI
UH West Oahu,Real Estate,2013,East North Central,1,0,0,HI
UH West Oahu,Real Estate,2013,East North Central,5,0,0,HI
UH West Oahu,Real Estate,2013,East North Central,10,,,HI
UH West Oahu,Real Estate,2013,East South Central,1,0,0,HI
UH West Oahu,Real Estate,2013,East South Central,5,0,0,HI
UH West Oahu,Real Estate,2013,East South Central,10,,,HI
UH West Oahu,Real Estate,2013,Middle Atlantic,1,0,0,HI
UH West Oahu,Real Estate,2013,Middle Atlantic,5,0,0,HI
UH West Oahu,Real Estate,2013,Middle Atlantic,10,,,HI
UH West Oahu,Real Estate,2013,Mountain,1,0,1,HI
UH West Oahu,Real Estate,2013,Mountain,5,0,0,HI
UH West Oahu,Real Estate,2013,Mountain,10,,,HI
UH West Oahu,Real Estate,2013,New England,1,0,0,HI
UH West Oahu,Real Estate,2013,New England,5,0,0,HI
UH West Oahu,Real Estate,2013,New England,10,,,HI
UH West Oahu,Real Estate,2013,Pacific,1,7,8,HI
UH West Oahu,Real Estate,2013,Pacific,5,10,10,HI
UH West Oahu,Real Estate,2013,Pacific,10,,,HI
UH West Oahu,Real Estate,2013,South Atlantic,1,0,0,HI
UH West Oahu,Real Estate,2013,South Atlantic,5,0,0,HI
UH West Oahu,Real Estate,2013,South Atlantic,10,,,HI
UH West Oahu,Real Estate,2013,West North Central,1,0,0,HI
UH West Oahu,Real Estate,2013,West North Central,5,0,0,HI
UH West Oahu,Real Estate,2013,West North Central,10,,,HI
UH West Oahu,Real Estate,2013,West South Central,1,0,0,HI
UH West Oahu,Real Estate,2013,West South Central,5,0,0,HI
UH West Oahu,Real Estate,2013,West South Central,10,,,HI
UH West Oahu,Real Estate,2016,East North Central,1,0,0,HI
UH West Oahu,Real Estate,2016,East North Central,5,0,0,HI
UH West Oahu,Real Estate,2016,East North Central,10,,,HI
UH West Oahu,Real Estate,2016,East South Central,1,0,0,HI
UH West Oahu,Real Estate,2016,East South Central,5,0,0,HI
UH West Oahu,Real Estate,2016,East South Central,10,,,HI
UH West Oahu,Real Estate,2016,Middle Atlantic,1,0,0,HI
UH West Oahu,Real Estate,2016,Middle Atlantic,5,0,0,HI
UH West Oahu,Real Estate,2016,Middle Atlantic,10,,,HI
UH West Oahu,Real Estate,2016,Mountain,1,0,0,HI
UH West Oahu,Real Estate,2016,Mountain,5,0,0,HI
UH West Oahu,Real Estate,2016,Mountain,10,,,HI
UH West Oahu,Real Estate,2016,New England,1,0,0,HI
UH West Oahu,Real Estate,2016,New England,5,0,0,HI
UH West Oahu,Real Estate,2016,New England,10,,,HI
UH West Oahu,Real Estate,2016,Pacific,1,12,13,HI
UH West Oahu,Real Estate,2016,Pacific,5,18,18,HI
UH West Oahu,Real Estate,2016,Pacific,10,,,HI
UH West Oahu,Real Estate,2016,South Atlantic,1,0,0,HI
UH West Oahu,Real Estate,2016,South Atlantic,5,0,0,HI
UH West Oahu,Real Estate,2016,South Atlantic,10,,,HI
UH West Oahu,Real Estate,2016,West North Central,1,0,0,HI
UH West Oahu,Real Estate,2016,West North Central,5,0,0,HI
UH West Oahu,Real Estate,2016,West North Central,10,,,HI
UH West Oahu,Real Estate,2016,West South Central,1,0,0,HI
UH West Oahu,Real Estate,2016,West South Central,5,0,0,HI
UH West Oahu,Real Estate,2016,West South Central,10,,,HI
UH West Oahu,Real Estate,2019,East North Central,1,0,2,HI
UH West Oahu,Real Estate,2019,East North Central,5,,,HI
UH West Oahu,Real Estate,2019,East North Central,10,,,HI
UH West Oahu,Real Estate,2019,East South Central,1,0,0,HI
UH West Oahu,Real Estate,2019,East South Central,5,,,HI
UH West Oahu,Real Estate,2019,East South Central,10,,,HI
UH West Oahu,Real Estate,2019,Middle Atlantic,1,0,2,HI
UH West Oahu,Real Estate,2019,Middle Atlantic,5,,,HI
UH West Oahu,Real Estate,2019,Middle Atlantic,10,,,HI
UH West Oahu,Real Estate,2019,Mountain,1,0,1,HI
UH West Oahu,Real Estate,2019,Mountain,5,,,HI
UH West Oahu,Real Estate,2019,Mountain,10,,,HI
UH West Oahu,Real Estate,2019,New England,1,0,0,HI
UH West Oahu,Real Estate,2019,New England,5,,,HI
UH West Oahu,Real Estate,2019,New England,10,,,HI
UH West Oahu,Real Estate,2019,Pacific,1,17,17,HI
UH West Oahu,Real Estate,2019,Pacific,5,,,HI
UH West Oahu,Real Estate,2019,Pacific,10,,,HI
UH West Oahu,Real Estate,2019,South Atlantic,1,0,1,HI
UH West Oahu,Real Estate,2019,South Atlantic,5,,,HI
UH West Oahu,Real Estate,2019,South Atlantic,10,,,HI
UH West Oahu,Real Estate,2019,West North Central,1,0,0,HI
UH West Oahu,Real Estate,2019,West North Central,5,,,HI
UH West Oahu,Real Estate,2019,West North Central,10,,,HI
UH West Oahu,Real Estate,2019,West South Central,1,0,1,HI
UH West Oahu,Real Estate,2019,West South Central,5,,,HI
UH West Oahu,Real Estate,2019,West South Central,10,,,HI
UH West Oahu,Retail,2004,East North Central,1,0,0,HI
UH West Oahu,Retail,2004,East North Central,5,0,2,HI
UH West Oahu,Retail,2004,East North Central,10,0,1,HI
UH West Oahu,Retail,2004,East South Central,1,0,0,HI
UH West Oahu,Retail,2004,East South Central,5,0,0,HI
UH West Oahu,Retail,2004,East South Central,10,0,0,HI
UH West Oahu,Retail,2004,Middle Atlantic,1,0,0,HI
UH West Oahu,Retail,2004,Middle Atlantic,5,0,2,HI
UH West Oahu,Retail,2004,Middle Atlantic,10,0,3,HI
UH West Oahu,Retail,2004,Mountain,1,0,1,HI
UH West Oahu,Retail,2004,Mountain,5,0,2,HI
UH West Oahu,Retail,2004,Mountain,10,0,0,HI
UH West Oahu,Retail,2004,New England,1,0,0,HI
UH West Oahu,Retail,2004,New England,5,0,0,HI
UH West Oahu,Retail,2004,New England,10,0,1,HI
UH West Oahu,Retail,2004,Pacific,1,17,20,HI
UH West Oahu,Retail,2004,Pacific,5,4,4,HI
UH West Oahu,Retail,2004,Pacific,10,4,6,HI
UH West Oahu,Retail,2004,South Atlantic,1,0,0,HI
UH West Oahu,Retail,2004,South Atlantic,5,0,0,HI
UH West Oahu,Retail,2004,South Atlantic,10,0,2,HI
UH West Oahu,Retail,2004,West North Central,1,0,0,HI
UH West Oahu,Retail,2004,West North Central,5,0,0,HI
UH West Oahu,Retail,2004,West North Central,10,0,0,HI
UH West Oahu,Retail,2004,West South Central,1,0,1,HI
UH West Oahu,Retail,2004,West South Central,5,0,2,HI
UH West Oahu,Retail,2004,West South Central,10,0,2,HI
UH West Oahu,Retail,2007,East North Central,1,0,1,HI
UH West Oahu,Retail,2007,East North Central,5,0,0,HI
UH West Oahu,Retail,2007,East North Central,10,0,0,HI
UH West Oahu,Retail,2007,East South Central,1,0,0,HI
UH West Oahu,Retail,2007,East South Central,5,0,1,HI
UH West Oahu,Retail,2007,East South Central,10,0,0,HI
UH West Oahu,Retail,2007,Middle Atlantic,1,0,4,HI
UH West Oahu,Retail,2007,Middle Atlantic,5,0,1,HI
UH West Oahu,Retail,2007,Middle Atlantic,10,0,0,HI
UH West Oahu,Retail,2007,Mountain,1,0,3,HI
UH West Oahu,Retail,2007,Mountain,5,0,8,HI
UH West Oahu,Retail,2007,Mountain,10,0,3,HI
UH West Oahu,Retail,2007,New England,1,0,1,HI
UH West Oahu,Retail,2007,New England,5,0,0,HI
UH West Oahu,Retail,2007,New England,10,0,0,HI
UH West Oahu,Retail,2007,Pacific,1,25,27,HI
UH West Oahu,Retail,2007,Pacific,5,17,23,HI
UH West Oahu,Retail,2007,Pacific,10,15,22,HI
UH West Oahu,Retail,2007,South Atlantic,1,0,3,HI
UH West Oahu,Retail,2007,South Atlantic,5,0,3,HI
UH West Oahu,Retail,2007,South Atlantic,10,0,1,HI
UH West Oahu,Retail,2007,West North Central,1,0,2,HI
UH West Oahu,Retail,2007,West North Central,5,0,0,HI
UH West Oahu,Retail,2007,West North Central,10,0,0,HI
UH West Oahu,Retail,2007,West South Central,1,0,2,HI
UH West Oahu,Retail,2007,West South Central,5,0,1,HI
UH West Oahu,Retail,2007,West South Central,10,0,1,HI
UH West Oahu,Retail,2010,East North Central,1,0,0,HI
UH West Oahu,Retail,2010,East North Central,5,0,0,HI
UH West Oahu,Retail,2010,East North Central,10,0,2,HI
UH West Oahu,Retail,2010,East South Central,1,0,0,HI
UH West Oahu,Retail,2010,East South Central,5,0,0,HI
UH West Oahu,Retail,2010,East South Central,10,0,0,HI
UH West Oahu,Retail,2010,Middle Atlantic,1,0,0,HI
UH West Oahu,Retail,2010,Middle Atlantic,5,0,0,HI
UH West Oahu,Retail,2010,Middle Atlantic,10,0,2,HI
UH West Oahu,Retail,2010,Mountain,1,0,0,HI
UH West Oahu,Retail,2010,Mountain,5,0,0,HI
UH West Oahu,Retail,2010,Mountain,10,0,1,HI
UH West Oahu,Retail,2010,New England,1,0,0,HI
UH West Oahu,Retail,2010,New England,5,0,0,HI
UH West Oahu,Retail,2010,New England,10,0,0,HI
UH West Oahu,Retail,2010,Pacific,1,28,28,HI
UH West Oahu,Retail,2010,Pacific,5,20,21,HI
UH West Oahu,Retail,2010,Pacific,10,16,20,HI
UH West Oahu,Retail,2010,South Atlantic,1,0,0,HI
UH West Oahu,Retail,2010,South Atlantic,5,0,0,HI
UH West Oahu,Retail,2010,South Atlantic,10,0,3,HI
UH West Oahu,Retail,2010,West North Central,1,0,0,HI
UH West Oahu,Retail,2010,West North Central,5,0,0,HI
UH West Oahu,Retail,2010,West North Central,10,0,1,HI
UH West Oahu,Retail,2010,West South Central,1,0,0,HI
UH West Oahu,Retail,2010,West South Central,5,0,1,HI
UH West Oahu,Retail,2010,West South Central,10,0,3,HI
UH West Oahu,Retail,2013,East North Central,1,0,0,HI
UH West Oahu,Retail,2013,East North Central,5,0,2,HI
UH West Oahu,Retail,2013,East North Central,10,,,HI
UH West Oahu,Retail,2013,East South Central,1,0,0,HI
UH West Oahu,Retail,2013,East South Central,5,0,0,HI
UH West Oahu,Retail,2013,East South Central,10,,,HI
UH West Oahu,Retail,2013,Middle Atlantic,1,0,3,HI
UH West Oahu,Retail,2013,Middle Atlantic,5,0,3,HI
UH West Oahu,Retail,2013,Middle Atlantic,10,,,HI
UH West Oahu,Retail,2013,Mountain,1,0,0,HI
UH West Oahu,Retail,2013,Mountain,5,0,1,HI
UH West Oahu,Retail,2013,Mountain,10,,,HI
UH West Oahu,Retail,2013,New England,1,0,0,HI
UH West Oahu,Retail,2013,New England,5,0,0,HI
UH West Oahu,Retail,2013,New England,10,,,HI
UH West Oahu,Retail,2013,Pacific,1,53,57,HI
UH West Oahu,Retail,2013,Pacific,5,25,30,HI
UH West Oahu,Retail,2013,Pacific,10,,,HI
UH West Oahu,Retail,2013,South Atlantic,1,0,3,HI
UH West Oahu,Retail,2013,South Atlantic,5,0,0,HI
UH West Oahu,Retail,2013,South Atlantic,10,,,HI
UH West Oahu,Retail,2013,West North Central,1,0,0,HI
UH West Oahu,Retail,2013,West North Central,5,0,0,HI
UH West Oahu,Retail,2013,West North Central,10,,,HI
UH West Oahu,Retail,2013,West South Central,1,0,6,HI
UH West Oahu,Retail,2013,West South Central,5,0,1,HI
UH West Oahu,Retail,2013,West South Central,10,,,HI
UH West Oahu,Retail,2016,East North Central,1,0,0,HI
UH West Oahu,Retail,2016,East North Central,5,0,1,HI
UH West Oahu,Retail,2016,East North Central,10,,,HI
UH West Oahu,Retail,2016,East South Central,1,0,1,HI
UH West Oahu,Retail,2016,East South Central,5,0,0,HI
UH West Oahu,Retail,2016,East South Central,10,,,HI
UH West Oahu,Retail,2016,Middle Atlantic,1,0,1,HI
UH West Oahu,Retail,2016,Middle Atlantic,5,0,5,HI
UH West Oahu,Retail,2016,Middle Atlantic,10,,,HI
UH West Oahu,Retail,2016,Mountain,1,0,8,HI
UH West Oahu,Retail,2016,Mountain,5,0,4,HI
UH West Oahu,Retail,2016,Mountain,10,,,HI
UH West Oahu,Retail,2016,New England,1,0,0,HI
UH West Oahu,Retail,2016,New England,5,0,0,HI
UH West Oahu,Retail,2016,New England,10,,,HI
UH West Oahu,Retail,2016,Pacific,1,85,90,HI
UH West Oahu,Retail,2016,Pacific,5,45,51,HI
UH West Oahu,Retail,2016,Pacific,10,,,HI
UH West Oahu,Retail,2016,South Atlantic,1,0,2,HI
UH West Oahu,Retail,2016,South Atlantic,5,0,4,HI
UH West Oahu,Retail,2016,South Atlantic,10,,,HI
UH West Oahu,Retail,2016,West North Central,1,0,0,HI
UH West Oahu,Retail,2016,West North Central,5,0,0,HI
UH West Oahu,Retail,2016,West North Central,10,,,HI
UH West Oahu,Retail,2016,West South Central,1,0,2,HI
UH West Oahu,Retail,2016,West South Central,5,0,1,HI
UH West Oahu,Retail,2016,West South Central,10,,,HI
UH West Oahu,Retail,2019,East North Central,1,0,1,HI
UH West Oahu,Retail,2019,East North Central,5,,,HI
UH West Oahu,Retail,2019,East North Central,10,,,HI
UH West Oahu,Retail,2019,East South Central,1,0,0,HI
UH West Oahu,Retail,2019,East South Central,5,,,HI
UH West Oahu,Retail,2019,East South Central,10,,,HI
UH West Oahu,Retail,2019,Middle Atlantic,1,0,2,HI
UH West Oahu,Retail,2019,Middle Atlantic,5,,,HI
UH West Oahu,Retail,2019,Middle Atlantic,10,,,HI
UH West Oahu,Retail,2019,Mountain,1,0,13,HI
UH West Oahu,Retail,2019,Mountain,5,,,HI
UH West Oahu,Retail,2019,Mountain,10,,,HI
UH West Oahu,Retail,2019,New England,1,0,0,HI
UH West Oahu,Retail,2019,New England,5,,,HI
UH West Oahu,Retail,2019,New England,10,,,HI
UH West Oahu,Retail,2019,Pacific,1,102,108,HI
UH West Oahu,Retail,2019,Pacific,5,,,HI
UH West Oahu,Retail,2019,Pacific,10,,,HI
UH West Oahu,Retail,2019,South Atlantic,1,0,2,HI
UH West Oahu,Retail,2019,South Atlantic,5,,,HI
UH West Oahu,Retail,2019,South Atlantic,10,,,HI
UH West Oahu,Retail,2019,West North Central,1,0,0,HI
UH West Oahu,Retail,2019,West North Central,5,,,HI
UH West Oahu,Retail,2019,West North Central,10,,,HI
UH West Oahu,Retail,2019,West South Central,1,0,0,HI
UH West Oahu,Retail,2019,West South Central,5,,,HI
UH West Oahu,Retail,2019,West South Central,10,,,HI
UH West Oahu,Transportation,2004,East North Central,1,0,0,HI
UH West Oahu,Transportation,2004,East North Central,5,0,0,HI
UH West Oahu,Transportation,2004,East North Central,10,0,0,HI
UH West Oahu,Transportation,2004,East South Central,1,0,0,HI
UH West Oahu,Transportation,2004,East South Central,5,0,0,HI
UH West Oahu,Transportation,2004,East South Central,10,0,0,HI
UH West Oahu,Transportation,2004,Middle Atlantic,1,0,0,HI
UH West Oahu,Transportation,2004,Middle Atlantic,5,0,0,HI
UH West Oahu,Transportation,2004,Middle Atlantic,10,0,2,HI
UH West Oahu,Transportation,2004,Mountain,1,0,0,HI
UH West Oahu,Transportation,2004,Mountain,5,0,1,HI
UH West Oahu,Transportation,2004,Mountain,10,0,1,HI
UH West Oahu,Transportation,2004,New England,1,0,0,HI
UH West Oahu,Transportation,2004,New England,5,0,0,HI
UH West Oahu,Transportation,2004,New England,10,0,0,HI
UH West Oahu,Transportation,2004,Pacific,1,6,7,HI
UH West Oahu,Transportation,2004,Pacific,5,5,5,HI
UH West Oahu,Transportation,2004,Pacific,10,4,6,HI
UH West Oahu,Transportation,2004,South Atlantic,1,0,0,HI
UH West Oahu,Transportation,2004,South Atlantic,5,0,0,HI
UH West Oahu,Transportation,2004,South Atlantic,10,0,1,HI
UH West Oahu,Transportation,2004,West North Central,1,0,0,HI
UH West Oahu,Transportation,2004,West North Central,5,0,0,HI
UH West Oahu,Transportation,2004,West North Central,10,0,0,HI
UH West Oahu,Transportation,2004,West South Central,1,0,0,HI
UH West Oahu,Transportation,2004,West South Central,5,0,0,HI
UH West Oahu,Transportation,2004,West South Central,10,0,0,HI
UH West Oahu,Transportation,2007,East North Central,1,0,1,HI
UH West Oahu,Transportation,2007,East North Central,5,0,0,HI
UH West Oahu,Transportation,2007,East North Central,10,0,0,HI
UH West Oahu,Transportation,2007,East South Central,1,0,2,HI
UH West Oahu,Transportation,2007,East South Central,5,0,1,HI
UH West Oahu,Transportation,2007,East South Central,10,0,0,HI
UH West Oahu,Transportation,2007,Middle Atlantic,1,0,1,HI
UH West Oahu,Transportation,2007,Middle Atlantic,5,0,1,HI
UH West Oahu,Transportation,2007,Middle Atlantic,10,0,0,HI
UH West Oahu,Transportation,2007,Mountain,1,0,3,HI
UH West Oahu,Transportation,2007,Mountain,5,0,5,HI
UH West Oahu,Transportation,2007,Mountain,10,0,0,HI
UH West Oahu,Transportation,2007,New England,1,0,0,HI
UH West Oahu,Transportation,2007,New England,5,0,0,HI
UH West Oahu,Transportation,2007,New England,10,0,0,HI
UH West Oahu,Transportation,2007,Pacific,1,4,8,HI
UH West Oahu,Transportation,2007,Pacific,5,12,14,HI
UH West Oahu,Transportation,2007,Pacific,10,9,13,HI
UH West Oahu,Transportation,2007,South Atlantic,1,0,2,HI
UH West Oahu,Transportation,2007,South Atlantic,5,0,4,HI
UH West Oahu,Transportation,2007,South Atlantic,10,0,8,HI
UH West Oahu,Transportation,2007,West North Central,1,0,0,HI
UH West Oahu,Transportation,2007,West North Central,5,0,3,HI
UH West Oahu,Transportation,2007,West North Central,10,0,0,HI
UH West Oahu,Transportation,2007,West South Central,1,0,2,HI
UH West Oahu,Transportation,2007,West South Central,5,0,1,HI
UH West Oahu,Transportation,2007,West South Central,10,0,2,HI
UH West Oahu,Transportation,2010,East North Central,1,0,0,HI
UH West Oahu,Transportation,2010,East North Central,5,0,0,HI
UH West Oahu,Transportation,2010,East North Central,10,0,0,HI
UH West Oahu,Transportation,2010,East South Central,1,0,0,HI
UH West Oahu,Transportation,2010,East South Central,5,0,0,HI
UH West Oahu,Transportation,2010,East South Central,10,0,0,HI
UH West Oahu,Transportation,2010,Middle Atlantic,1,0,0,HI
UH West Oahu,Transportation,2010,Middle Atlantic,5,0,0,HI
UH West Oahu,Transportation,2010,Middle Atlantic,10,0,1,HI
UH West Oahu,Transportation,2010,Mountain,1,0,0,HI
UH West Oahu,Transportation,2010,Mountain,5,0,0,HI
UH West Oahu,Transportation,2010,Mountain,10,0,0,HI
UH West Oahu,Transportation,2010,New England,1,0,0,HI
UH West Oahu,Transportation,2010,New England,5,0,0,HI
UH West Oahu,Transportation,2010,New England,10,0,0,HI
UH West Oahu,Transportation,2010,Pacific,1,3,3,HI
UH West Oahu,Transportation,2010,Pacific,5,8,12,HI
UH West Oahu,Transportation,2010,Pacific,10,7,7,HI
UH West Oahu,Transportation,2010,South Atlantic,1,0,0,HI
UH West Oahu,Transportation,2010,South Atlantic,5,0,0,HI
UH West Oahu,Transportation,2010,South Atlantic,10,0,0,HI
UH West Oahu,Transportation,2010,West North Central,1,0,0,HI
UH West Oahu,Transportation,2010,West North Central,5,0,0,HI
UH West Oahu,Transportation,2010,West North Central,10,0,0,HI
UH West Oahu,Transportation,2010,West South Central,1,0,0,HI
UH West Oahu,Transportation,2010,West South Central,5,0,0,HI
UH West Oahu,Transportation,2010,West South Central,10,0,0,HI
UH West Oahu,Transportation,2013,East North Central,1,0,1,HI
UH West Oahu,Transportation,2013,East North Central,5,0,0,HI
UH West Oahu,Transportation,2013,East North Central,10,,,HI
UH West Oahu,Transportation,2013,East South Central,1,0,0,HI
UH West Oahu,Transportation,2013,East South Central,5,0,0,HI
UH West Oahu,Transportation,2013,East South Central,10,,,HI
UH West Oahu,Transportation,2013,Middle Atlantic,1,0,2,HI
UH West Oahu,Transportation,2013,Middle Atlantic,5,0,0,HI
UH West Oahu,Transportation,2013,Middle Atlantic,10,,,HI
UH West Oahu,Transportation,2013,Mountain,1,0,1,HI
UH West Oahu,Transportation,2013,Mountain,5,0,0,HI
UH West Oahu,Transportation,2013,Mountain,10,,,HI
UH West Oahu,Transportation,2013,New England,1,0,0,HI
UH West Oahu,Transportation,2013,New England,5,0,0,HI
UH West Oahu,Transportation,2013,New England,10,,,HI
UH West Oahu,Transportation,2013,Pacific,1,14,18,HI
UH West Oahu,Transportation,2013,Pacific,5,15,15,HI
UH West Oahu,Transportation,2013,Pacific,10,,,HI
UH West Oahu,Transportation,2013,South Atlantic,1,0,0,HI
UH West Oahu,Transportation,2013,South Atlantic,5,0,0,HI
UH West Oahu,Transportation,2013,South Atlantic,10,,,HI
UH West Oahu,Transportation,2013,West North Central,1,0,0,HI
UH West Oahu,Transportation,2013,West North Central,5,0,0,HI
UH West Oahu,Transportation,2013,West North Central,10,,,HI
UH West Oahu,Transportation,2013,West South Central,1,0,0,HI
UH West Oahu,Transportation,2013,West South Central,5,0,0,HI
UH West Oahu,Transportation,2013,West South Central,10,,,HI
UH West Oahu,Transportation,2016,East North Central,1,0,0,HI
UH West Oahu,Transportation,2016,East North Central,5,0,0,HI
UH West Oahu,Transportation,2016,East North Central,10,,,HI
UH West Oahu,Transportation,2016,East South Central,1,0,0,HI
UH West Oahu,Transportation,2016,East South Central,5,0,0,HI
UH West Oahu,Transportation,2016,East South Central,10,,,HI
UH West Oahu,Transportation,2016,Middle Atlantic,1,0,0,HI
UH West Oahu,Transportation,2016,Middle Atlantic,5,0,0,HI
UH West Oahu,Transportation,2016,Middle Atlantic,10,,,HI
UH West Oahu,Transportation,2016,Mountain,1,0,0,HI
UH West Oahu,Transportation,2016,Mountain,5,0,1,HI
UH West Oahu,Transportation,2016,Mountain,10,,,HI
UH West Oahu,Transportation,2016,New England,1,0,0,HI
UH West Oahu,Transportation,2016,New England,5,0,0,HI
UH West Oahu,Transportation,2016,New England,10,,,HI
UH West Oahu,Transportation,2016,Pacific,1,18,19,HI
UH West Oahu,Transportation,2016,Pacific,5,22,26,HI
UH West Oahu,Transportation,2016,Pacific,10,,,HI
UH West Oahu,Transportation,2016,South Atlantic,1,0,0,HI
UH West Oahu,Transportation,2016,South Atlantic,5,0,2,HI
UH West Oahu,Transportation,2016,South Atlantic,10,,,HI
UH West Oahu,Transportation,2016,West North Central,1,0,0,HI
UH West Oahu,Transportation,2016,West North Central,5,0,0,HI
UH West Oahu,Transportation,2016,West North Central,10,,,HI
UH West Oahu,Transportation,2016,West South Central,1,0,0,HI
UH West Oahu,Transportation,2016,West South Central,5,0,0,HI
UH West Oahu,Transportation,2016,West South Central,10,,,HI
UH West Oahu,Transportation,2019,East North Central,1,0,1,HI
UH West Oahu,Transportation,2019,East North Central,5,,,HI
UH West Oahu,Transportation,2019,East North Central,10,,,HI
UH West Oahu,Transportation,2019,East South Central,1,0,0,HI
UH West Oahu,Transportation,2019,East South Central,5,,,HI
UH West Oahu,Transportation,2019,East South Central,10,,,HI
UH West Oahu,Transportation,2019,Middle Atlantic,1,0,0,HI
UH West Oahu,Transportation,2019,Middle Atlantic,5,,,HI
UH West Oahu,Transportation,2019,Middle Atlantic,10,,,HI
UH West Oahu,Transportation,2019,Mountain,1,0,0,HI
UH West Oahu,Transportation,2019,Mountain,5,,,HI
UH West Oahu,Transportation,2019,Mountain,10,,,HI
UH West Oahu,Transportation,2019,New England,1,0,0,HI
UH West Oahu,Transportation,2019,New England,5,,,HI
UH West Oahu,Transportation,2019,New England,10,,,HI
UH West Oahu,Transportation,2019,Pacific,1,24,30,HI
UH West Oahu,Transportation,2019,Pacific,5,,,HI
UH West Oahu,Transportation,2019,Pacific,10,,,HI
UH West Oahu,Transportation,2019,South Atlantic,1,0,3,HI
UH West Oahu,Transportation,2019,South Atlantic,5,,,HI
UH West Oahu,Transportation,2019,South Atlantic,10,,,HI
UH West Oahu,Transportation,2019,West North Central,1,0,0,HI
UH West Oahu,Transportation,2019,West North Central,5,,,HI
UH West Oahu,Transportation,2019,West North Central,10,,,HI
UH West Oahu,Transportation,2019,West South Central,1,0,2,HI
UH West Oahu,Transportation,2019,West South Central,5,,,HI
UH West Oahu,Transportation,2019,West South Central,10,,,HI
UH West Oahu,Utilities,2004,East North Central,1,0,0,HI
UH West Oahu,Utilities,2004,East North Central,5,0,0,HI
UH West Oahu,Utilities,2004,East North Central,10,0,0,HI
UH West Oahu,Utilities,2004,East South Central,1,0,0,HI
UH West Oahu,Utilities,2004,East South Central,5,0,0,HI
UH West Oahu,Utilities,2004,East South Central,10,0,0,HI
UH West Oahu,Utilities,2004,Middle Atlantic,1,0,0,HI
UH West Oahu,Utilities,2004,Middle Atlantic,5,0,0,HI
UH West Oahu,Utilities,2004,Middle Atlantic,10,0,0,HI
UH West Oahu,Utilities,2004,Mountain,1,0,0,HI
UH West Oahu,Utilities,2004,Mountain,5,0,0,HI
UH West Oahu,Utilities,2004,Mountain,10,0,0,HI
UH West Oahu,Utilities,2004,New England,1,0,0,HI
UH West Oahu,Utilities,2004,New England,5,0,0,HI
UH West Oahu,Utilities,2004,New England,10,0,0,HI
UH West Oahu,Utilities,2004,Pacific,1,0,0,HI
UH West Oahu,Utilities,2004,Pacific,5,0,0,HI
UH West Oahu,Utilities,2004,Pacific,10,0,0,HI
UH West Oahu,Utilities,2004,South Atlantic,1,0,0,HI
UH West Oahu,Utilities,2004,South Atlantic,5,0,0,HI
UH West Oahu,Utilities,2004,South Atlantic,10,0,0,HI
UH West Oahu,Utilities,2004,West North Central,1,0,0,HI
UH West Oahu,Utilities,2004,West North Central,5,0,0,HI
UH West Oahu,Utilities,2004,West North Central,10,0,0,HI
UH West Oahu,Utilities,2004,West South Central,1,0,0,HI
UH West Oahu,Utilities,2004,West South Central,5,0,0,HI
UH West Oahu,Utilities,2004,West South Central,10,0,1,HI
UH West Oahu,Utilities,2007,East North Central,1,0,0,HI
UH West Oahu,Utilities,2007,East North Central,5,0,0,HI
UH West Oahu,Utilities,2007,East North Central,10,0,0,HI
UH West Oahu,Utilities,2007,East South Central,1,0,0,HI
UH West Oahu,Utilities,2007,East South Central,5,0,0,HI
UH West Oahu,Utilities,2007,East South Central,10,0,0,HI
UH West Oahu,Utilities,2007,Middle Atlantic,1,0,0,HI
UH West Oahu,Utilities,2007,Middle Atlantic,5,0,0,HI
UH West Oahu,Utilities,2007,Middle Atlantic,10,0,0,HI
UH West Oahu,Utilities,2007,Mountain,1,0,0,HI
UH West Oahu,Utilities,2007,Mountain,5,0,0,HI
UH West Oahu,Utilities,2007,Mountain,10,0,0,HI
UH West Oahu,Utilities,2007,New England,1,0,0,HI
UH West Oahu,Utilities,2007,New England,5,0,0,HI
UH West Oahu,Utilities,2007,New England,10,0,0,HI
UH West Oahu,Utilities,2007,Pacific,1,0,0,HI
UH West Oahu,Utilities,2007,Pacific,5,2,4,HI
UH West Oahu,Utilities,2007,Pacific,10,0,0,HI
UH West Oahu,Utilities,2007,South Atlantic,1,0,0,HI
UH West Oahu,Utilities,2007,South Atlantic,5,0,0,HI
UH West Oahu,Utilities,2007,South Atlantic,10,0,0,HI
UH West Oahu,Utilities,2007,West North Central,1,0,0,HI
UH West Oahu,Utilities,2007,West North Central,5,0,0,HI
UH West Oahu,Utilities,2007,West North Central,10,0,0,HI
UH West Oahu,Utilities,2007,West South Central,1,0,0,HI
UH West Oahu,Utilities,2007,West South Central,5,0,0,HI
UH West Oahu,Utilities,2007,West South Central,10,0,2,HI
UH West Oahu,Utilities,2010,East North Central,1,0,0,HI
UH West Oahu,Utilities,2010,East North Central,5,0,0,HI
UH West Oahu,Utilities,2010,East North Central,10,0,0,HI
UH West Oahu,Utilities,2010,East South Central,1,0,0,HI
UH West Oahu,Utilities,2010,East South Central,5,0,0,HI
UH West Oahu,Utilities,2010,East South Central,10,0,0,HI
UH West Oahu,Utilities,2010,Middle Atlantic,1,0,0,HI
UH West Oahu,Utilities,2010,Middle Atlantic,5,0,0,HI
UH West Oahu,Utilities,2010,Middle Atlantic,10,0,0,HI
UH West Oahu,Utilities,2010,Mountain,1,0,0,HI
UH West Oahu,Utilities,2010,Mountain,5,0,0,HI
UH West Oahu,Utilities,2010,Mountain,10,0,0,HI
UH West Oahu,Utilities,2010,New England,1,0,0,HI
UH West Oahu,Utilities,2010,New England,5,0,0,HI
UH West Oahu,Utilities,2010,New England,10,0,0,HI
UH West Oahu,Utilities,2010,Pacific,1,0,0,HI
UH West Oahu,Utilities,2010,Pacific,5,0,0,HI
UH West Oahu,Utilities,2010,Pacific,10,0,0,HI
UH West Oahu,Utilities,2010,South Atlantic,1,0,0,HI
UH West Oahu,Utilities,2010,South Atlantic,5,0,0,HI
UH West Oahu,Utilities,2010,South Atlantic,10,0,0,HI
UH West Oahu,Utilities,2010,West North Central,1,0,0,HI
UH West Oahu,Utilities,2010,West North Central,5,0,0,HI
UH West Oahu,Utilities,2010,West North Central,10,0,0,HI
UH West Oahu,Utilities,2010,West South Central,1,0,0,HI
UH West Oahu,Utilities,2010,West South Central,5,0,0,HI
UH West Oahu,Utilities,2010,West South Central,10,0,0,HI
UH West Oahu,Utilities,2013,East North Central,1,0,0,HI
UH West Oahu,Utilities,2013,East North Central,5,0,0,HI
UH West Oahu,Utilities,2013,East North Central,10,,,HI
UH West Oahu,Utilities,2013,East South Central,1,0,0,HI
UH West Oahu,Utilities,2013,East South Central,5,0,0,HI
UH West Oahu,Utilities,2013,East South Central,10,,,HI
UH West Oahu,Utilities,2013,Middle Atlantic,1,0,0,HI
UH West Oahu,Utilities,2013,Middle Atlantic,5,0,0,HI
UH West Oahu,Utilities,2013,Middle Atlantic,10,,,HI
UH West Oahu,Utilities,2013,Mountain,1,0,0,HI
UH West Oahu,Utilities,2013,Mountain,5,0,0,HI
UH West Oahu,Utilities,2013,Mountain,10,,,HI
UH West Oahu,Utilities,2013,New England,1,0,0,HI
UH West Oahu,Utilities,2013,New England,5,0,0,HI
UH West Oahu,Utilities,2013,New England,10,,,HI
UH West Oahu,Utilities,2013,Pacific,1,2,2,HI
UH West Oahu,Utilities,2013,Pacific,5,0,1,HI
UH West Oahu,Utilities,2013,Pacific,10,,,HI
UH West Oahu,Utilities,2013,South Atlantic,1,0,0,HI
UH West Oahu,Utilities,2013,South Atlantic,5,0,0,HI
UH West Oahu,Utilities,2013,South Atlantic,10,,,HI
UH West Oahu,Utilities,2013,West North Central,1,0,0,HI
UH West Oahu,Utilities,2013,West North Central,5,0,0,HI
UH West Oahu,Utilities,2013,West North Central,10,,,HI
UH West Oahu,Utilities,2013,West South Central,1,0,0,HI
UH West Oahu,Utilities,2013,West South Central,5,0,0,HI
UH West Oahu,Utilities,2013,West South Central,10,,,HI
UH West Oahu,Utilities,2016,East North Central,1,0,0,HI
UH West Oahu,Utilities,2016,East North Central,5,0,0,HI
UH West Oahu,Utilities,2016,East North Central,10,,,HI
UH West Oahu,Utilities,2016,East South Central,1,0,0,HI
UH West Oahu,Utilities,2016,East South Central,5,0,0,HI
UH West Oahu,Utilities,2016,East South Central,10,,,HI
UH West Oahu,Utilities,2016,Middle Atlantic,1,0,0,HI
UH West Oahu,Utilities,2016,Middle Atlantic,5,0,0,HI
UH West Oahu,Utilities,2016,Middle Atlantic,10,,,HI
UH West Oahu,Utilities,2016,Mountain,1,0,0,HI
UH West Oahu,Utilities,2016,Mountain,5,0,0,HI
UH West Oahu,Utilities,2016,Mountain,10,,,HI
UH West Oahu,Utilities,2016,New England,1,0,0,HI
UH West Oahu,Utilities,2016,New England,5,0,0,HI
UH West Oahu,Utilities,2016,New England,10,,,HI
UH West Oahu,Utilities,2016,Pacific,1,0,0,HI
UH West Oahu,Utilities,2016,Pacific,5,3,3,HI
UH West Oahu,Utilities,2016,Pacific,10,,,HI
UH West Oahu,Utilities,2016,South Atlantic,1,0,0,HI
UH West Oahu,Utilities,2016,South Atlantic,5,0,0,HI
UH West Oahu,Utilities,2016,South Atlantic,10,,,HI
UH West Oahu,Utilities,2016,West North Central,1,0,0,HI
UH West Oahu,Utilities,2016,West North Central,5,0,0,HI
UH West Oahu,Utilities,2016,West North Central,10,,,HI
UH West Oahu,Utilities,2016,West South Central,1,0,0,HI
UH West Oahu,Utilities,2016,West South Central,5,0,0,HI
UH West Oahu,Utilities,2016,West South Central,10,,,HI
UH West Oahu,Utilities,2019,East North Central,1,0,0,HI
UH West Oahu,Utilities,2019,East North Central,5,,,HI
UH West Oahu,Utilities,2019,East North Central,10,,,HI
UH West Oahu,Utilities,2019,East South Central,1,0,0,HI
UH West Oahu,Utilities,2019,East South Central,5,,,HI
UH West Oahu,Utilities,2019,East South Central,10,,,HI
UH West Oahu,Utilities,2019,Middle Atlantic,1,0,0,HI
UH West Oahu,Utilities,2019,Middle Atlantic,5,,,HI
UH West Oahu,Utilities,2019,Middle Atlantic,10,,,HI
UH West Oahu,Utilities,2019,Mountain,1,0,0,HI
UH West Oahu,Utilities,2019,Mountain,5,,,HI
UH West Oahu,Utilities,2019,Mountain,10,,,HI
UH West Oahu,Utilities,2019,New England,1,0,0,HI
UH West Oahu,Utilities,2019,New England,5,,,HI
UH West Oahu,Utilities,2019,New England,10,,,HI
UH West Oahu,Utilities,2019,Pacific,1,2,2,HI
UH West Oahu,Utilities,2019,Pacific,5,,,HI
UH West Oahu,Utilities,2019,Pacific,10,,,HI
UH West Oahu,Utilities,2019,South Atlantic,1,0,0,HI
UH West Oahu,Utilities,2019,South Atlantic,5,,,HI
UH West Oahu,Utilities,2019,South Atlantic,10,,,HI
UH West Oahu,Utilities,2019,West North Central,1,0,0,HI
UH West Oahu,Utilities,2019,West North Central,5,,,HI
UH West Oahu,Utilities,2019,West North Central,10,,,HI
UH West Oahu,Utilities,2019,West South Central,1,0,0,HI
UH West Oahu,Utilities,2019,West South Central,5,,,HI
UH West Oahu,Utilities,2019,West South Central,10,,,HI
UH West Oahu,Wholesale,2004,East North Central,1,0,0,HI
UH West Oahu,Wholesale,2004,East North Central,5,0,0,HI
UH West Oahu,Wholesale,2004,East North Central,10,0,0,HI
UH West Oahu,Wholesale,2004,East South Central,1,0,0,HI
UH West Oahu,Wholesale,2004,East South Central,5,0,0,HI
UH West Oahu,Wholesale,2004,East South Central,10,0,0,HI
UH West Oahu,Wholesale,2004,Middle Atlantic,1,0,0,HI
UH West Oahu,Wholesale,2004,Middle Atlantic,5,0,0,HI
UH West Oahu,Wholesale,2004,Middle Atlantic,10,0,1,HI
UH West Oahu,Wholesale,2004,Mountain,1,0,0,HI
UH West Oahu,Wholesale,2004,Mountain,5,0,0,HI
UH West Oahu,Wholesale,2004,Mountain,10,0,0,HI
UH West Oahu,Wholesale,2004,New England,1,0,0,HI
UH West Oahu,Wholesale,2004,New England,5,0,0,HI
UH West Oahu,Wholesale,2004,New England,10,0,0,HI
UH West Oahu,Wholesale,2004,Pacific,1,1,2,HI
UH West Oahu,Wholesale,2004,Pacific,5,1,2,HI
UH West Oahu,Wholesale,2004,Pacific,10,2,5,HI
UH West Oahu,Wholesale,2004,South Atlantic,1,0,1,HI
UH West Oahu,Wholesale,2004,South Atlantic,5,0,0,HI
UH West Oahu,Wholesale,2004,South Atlantic,10,0,2,HI
UH West Oahu,Wholesale,2004,West North Central,1,0,0,HI
UH West Oahu,Wholesale,2004,West North Central,5,0,0,HI
UH West Oahu,Wholesale,2004,West North Central,10,0,0,HI
UH West Oahu,Wholesale,2004,West South Central,1,0,0,HI
UH West Oahu,Wholesale,2004,West South Central,5,0,0,HI
UH West Oahu,Wholesale,2004,West South Central,10,0,0,HI
UH West Oahu,Wholesale,2007,East North Central,1,0,0,HI
UH West Oahu,Wholesale,2007,East North Central,5,0,0,HI
UH West Oahu,Wholesale,2007,East North Central,10,0,0,HI
UH West Oahu,Wholesale,2007,East South Central,1,0,0,HI
UH West Oahu,Wholesale,2007,East South Central,5,0,3,HI
UH West Oahu,Wholesale,2007,East South Central,10,0,0,HI
UH West Oahu,Wholesale,2007,Middle Atlantic,1,0,0,HI
UH West Oahu,Wholesale,2007,Middle Atlantic,5,0,2,HI
UH West Oahu,Wholesale,2007,Middle Atlantic,10,0,0,HI
UH West Oahu,Wholesale,2007,Mountain,1,0,0,HI
UH West Oahu,Wholesale,2007,Mountain,5,0,2,HI
UH West Oahu,Wholesale,2007,Mountain,10,0,0,HI
UH West Oahu,Wholesale,2007,New England,1,0,0,HI
UH West Oahu,Wholesale,2007,New England,5,0,0,HI
UH West Oahu,Wholesale,2007,New England,10,0,0,HI
UH West Oahu,Wholesale,2007,Pacific,1,10,15,HI
UH West Oahu,Wholesale,2007,Pacific,5,7,10,HI
UH West Oahu,Wholesale,2007,Pacific,10,6,7,HI
UH West Oahu,Wholesale,2007,South Atlantic,1,0,0,HI
UH West Oahu,Wholesale,2007,South Atlantic,5,0,0,HI
UH West Oahu,Wholesale,2007,South Atlantic,10,0,0,HI
UH West Oahu,Wholesale,2007,West North Central,1,0,0,HI
UH West Oahu,Wholesale,2007,West North Central,5,0,0,HI
UH West Oahu,Wholesale,2007,West North Central,10,0,0,HI
UH West Oahu,Wholesale,2007,West South Central,1,0,1,HI
UH West Oahu,Wholesale,2007,West South Central,5,0,1,HI
UH West Oahu,Wholesale,2007,West South Central,10,0,2,HI
UH West Oahu,Wholesale,2010,East North Central,1,0,0,HI
UH West Oahu,Wholesale,2010,East North Central,5,0,0,HI
UH West Oahu,Wholesale,2010,East North Central,10,0,0,HI
UH West Oahu,Wholesale,2010,East South Central,1,0,0,HI
UH West Oahu,Wholesale,2010,East South Central,5,0,0,HI
UH West Oahu,Wholesale,2010,East South Central,10,0,0,HI
UH West Oahu,Wholesale,2010,Middle Atlantic,1,0,0,HI
UH West Oahu,Wholesale,2010,Middle Atlantic,5,0,0,HI
UH West Oahu,Wholesale,2010,Middle Atlantic,10,0,0,HI
UH West Oahu,Wholesale,2010,Mountain,1,0,0,HI
UH West Oahu,Wholesale,2010,Mountain,5,0,0,HI
UH West Oahu,Wholesale,2010,Mountain,10,0,0,HI
UH West Oahu,Wholesale,2010,New England,1,0,0,HI
UH West Oahu,Wholesale,2010,New England,5,0,0,HI
UH West Oahu,Wholesale,2010,New England,10,0,0,HI
UH West Oahu,Wholesale,2010,Pacific,1,6,6,HI
UH West Oahu,Wholesale,2010,Pacific,5,8,9,HI
UH West Oahu,Wholesale,2010,Pacific,10,10,12,HI
UH West Oahu,Wholesale,2010,South Atlantic,1,0,0,HI
UH West Oahu,Wholesale,2010,South Atlantic,5,0,0,HI
UH West Oahu,Wholesale,2010,South Atlantic,10,0,0,HI
UH West Oahu,Wholesale,2010,West North Central,1,0,0,HI
UH West Oahu,Wholesale,2010,West North Central,5,0,0,HI
UH West Oahu,Wholesale,2010,West North Central,10,0,0,HI
UH West Oahu,Wholesale,2010,West South Central,1,0,0,HI
UH West Oahu,Wholesale,2010,West South Central,5,0,0,HI
UH West Oahu,Wholesale,2010,West South Central,10,0,0,HI
UH West Oahu,Wholesale,2013,East North Central,1,0,0,HI
UH West Oahu,Wholesale,2013,East North Central,5,0,1,HI
UH West Oahu,Wholesale,2013,East North Central,10,,,HI
UH West Oahu,Wholesale,2013,East South Central,1,0,0,HI
UH West Oahu,Wholesale,2013,East South Central,5,0,0,HI
UH West Oahu,Wholesale,2013,East South Central,10,,,HI
UH West Oahu,Wholesale,2013,Middle Atlantic,1,0,1,HI
UH West Oahu,Wholesale,2013,Middle Atlantic,5,0,0,HI
UH West Oahu,Wholesale,2013,Middle Atlantic,10,,,HI
UH West Oahu,Wholesale,2013,Mountain,1,0,3,HI
UH West Oahu,Wholesale,2013,Mountain,5,0,1,HI
UH West Oahu,Wholesale,2013,Mountain,10,,,HI
UH West Oahu,Wholesale,2013,New England,1,0,0,HI
UH West Oahu,Wholesale,2013,New England,5,0,0,HI
UH West Oahu,Wholesale,2013,New England,10,,,HI
UH West Oahu,Wholesale,2013,Pacific,1,16,16,HI
UH West Oahu,Wholesale,2013,Pacific,5,11,11,HI
UH West Oahu,Wholesale,2013,Pacific,10,,,HI
UH West Oahu,Wholesale,2013,South Atlantic,1,0,2,HI
UH West Oahu,Wholesale,2013,South Atlantic,5,0,0,HI
UH West Oahu,Wholesale,2013,South Atlantic,10,,,HI
UH West Oahu,Wholesale,2013,West North Central,1,0,0,HI
UH West Oahu,Wholesale,2013,West North Central,5,0,0,HI
UH West Oahu,Wholesale,2013,West North Central,10,,,HI
UH West Oahu,Wholesale,2013,West South Central,1,0,0,HI
UH West Oahu,Wholesale,2013,West South Central,5,0,2,HI
UH West Oahu,Wholesale,2013,West South Central,10,,,HI
UH West Oahu,Wholesale,2016,East North Central,1,0,0,HI
UH West Oahu,Wholesale,2016,East North Central,5,0,2,HI
UH West Oahu,Wholesale,2016,East North Central,10,,,HI
UH West Oahu,Wholesale,2016,East South Central,1,0,0,HI
UH West Oahu,Wholesale,2016,East South Central,5,0,0,HI
UH West Oahu,Wholesale,2016,East South Central,10,,,HI
UH West Oahu,Wholesale,2016,Middle Atlantic,1,0,0,HI
UH West Oahu,Wholesale,2016,Middle Atlantic,5,0,0,HI
UH West Oahu,Wholesale,2016,Middle Atlantic,10,,,HI
UH West Oahu,Wholesale,2016,Mountain,1,0,0,HI
UH West Oahu,Wholesale,2016,Mountain,5,0,1,HI
UH West Oahu,Wholesale,2016,Mountain,10,,,HI
UH West Oahu,Wholesale,2016,New England,1,0,0,HI
UH West Oahu,Wholesale,2016,New England,5,0,0,HI
UH West Oahu,Wholesale,2016,New England,10,,,HI
UH West Oahu,Wholesale,2016,Pacific,1,15,15,HI
UH West Oahu,Wholesale,2016,Pacific,5,21,24,HI
UH West Oahu,Wholesale,2016,Pacific,10,,,HI
UH West Oahu,Wholesale,2016,South Atlantic,1,0,0,HI
UH West Oahu,Wholesale,2016,South Atlantic,5,0,1,HI
UH West Oahu,Wholesale,2016,South Atlantic,10,,,HI
UH West Oahu,Wholesale,2016,West North Central,1,0,0,HI
UH West Oahu,Wholesale,2016,West North Central,5,0,0,HI
UH West Oahu,Wholesale,2016,West North Central,10,,,HI
UH West Oahu,Wholesale,2016,West South Central,1,0,6,HI
UH West Oahu,Wholesale,2016,West South Central,5,0,2,HI
UH West Oahu,Wholesale,2016,West South Central,10,,,HI
UH West Oahu,Wholesale,2019,East North Central,1,0,2,HI
UH West Oahu,Wholesale,2019,East North Central,5,,,HI
UH West Oahu,Wholesale,2019,East North Central,10,,,HI
UH West Oahu,Wholesale,2019,East South Central,1,0,0,HI
UH West Oahu,Wholesale,2019,East South Central,5,,,HI
UH West Oahu,Wholesale,2019,East South Central,10,,,HI
UH West Oahu,Wholesale,2019,Middle Atlantic,1,0,0,HI
UH West Oahu,Wholesale,2019,Middle Atlantic,5,,,HI
UH West Oahu,Wholesale,2019,Middle Atlantic,10,,,HI
UH West Oahu,Wholesale,2019,Mountain,1,0,0,HI
UH West Oahu,Wholesale,2019,Mountain,5,,,HI
UH West Oahu,Wholesale,2019,Mountain,10,,,HI
UH West Oahu,Wholesale,2019,New England,1,0,0,HI
UH West Oahu,Wholesale,2019,New England,5,,,HI
UH West Oahu,Wholesale,2019,New England,10,,,HI
UH West Oahu,Wholesale,2019,Pacific,1,12,18,HI
UH West Oahu,Wholesale,2019,Pacific,5,,,HI
UH West Oahu,Wholesale,2019,Pacific,10,,,HI
UH West Oahu,Wholesale,2019,South Atlantic,1,0,0,HI
UH West Oahu,Wholesale,2019,South Atlantic,5,,,HI
UH West Oahu,Wholesale,2019,South Atlantic,10,,,HI
UH West Oahu,Wholesale,2019,West North Central,1,0,0,HI
UH West Oahu,Wholesale,2019,West North Central,5,,,HI
UH West Oahu,Wholesale,2019,West North Central,10,,,HI
UH West Oahu,Wholesale,2019,West South Central,1,0,1,HI
UH West Oahu,Wholesale,2019,West South Central,5,,,HI
UH West Oahu,Wholesale,2019,West South Central,10,,,HI
University of Hawaii (UH),Admin/Waste,2004,East North Central,1,0,0,HI
University of Hawaii (UH),Admin/Waste,2004,East North Central,5,0,3,HI
University of Hawaii (UH),Admin/Waste,2004,East North Central,10,0,4,HI
University of Hawaii (UH),Admin/Waste,2004,East South Central,1,0,0,HI
University of Hawaii (UH),Admin/Waste,2004,East South Central,5,0,0,HI
University of Hawaii (UH),Admin/Waste,2004,East South Central,10,0,0,HI
University of Hawaii (UH),Admin/Waste,2004,Middle Atlantic,1,0,1,HI
University of Hawaii (UH),Admin/Waste,2004,Middle Atlantic,5,0,4,HI
University of Hawaii (UH),Admin/Waste,2004,Middle Atlantic,10,0,2,HI
University of Hawaii (UH),Admin/Waste,2004,Mountain,1,0,0,HI
University of Hawaii (UH),Admin/Waste,2004,Mountain,5,0,4,HI
University of Hawaii (UH),Admin/Waste,2004,Mountain,10,0,10,HI
University of Hawaii (UH),Admin/Waste,2004,New England,1,0,0,HI
University of Hawaii (UH),Admin/Waste,2004,New England,5,0,0,HI
University of Hawaii (UH),Admin/Waste,2004,New England,10,0,1,HI
University of Hawaii (UH),Admin/Waste,2004,Pacific,1,106,133,HI
University of Hawaii (UH),Admin/Waste,2004,Pacific,5,85,112,HI
University of Hawaii (UH),Admin/Waste,2004,Pacific,10,82,111,HI
University of Hawaii (UH),Admin/Waste,2004,South Atlantic,1,0,10,HI
University of Hawaii (UH),Admin/Waste,2004,South Atlantic,5,0,4,HI
University of Hawaii (UH),Admin/Waste,2004,South Atlantic,10,0,13,HI
University of Hawaii (UH),Admin/Waste,2004,West North Central,1,0,0,HI
University of Hawaii (UH),Admin/Waste,2004,West North Central,5,0,1,HI
University of Hawaii (UH),Admin/Waste,2004,West North Central,10,0,0,HI
University of Hawaii (UH),Admin/Waste,2004,West South Central,1,0,2,HI
University of Hawaii (UH),Admin/Waste,2004,West South Central,5,0,5,HI
University of Hawaii (UH),Admin/Waste,2004,West South Central,10,0,4,HI
University of Hawaii (UH),Admin/Waste,2007,East North Central,1,0,8,HI
University of Hawaii (UH),Admin/Waste,2007,East North Central,5,0,14,HI
University of Hawaii (UH),Admin/Waste,2007,East North Central,10,0,5,HI
University of Hawaii (UH),Admin/Waste,2007,East South Central,1,0,2,HI
University of Hawaii (UH),Admin/Waste,2007,East South Central,5,0,1,HI
University of Hawaii (UH),Admin/Waste,2007,East South Central,10,0,1,HI
University of Hawaii (UH),Admin/Waste,2007,Middle Atlantic,1,0,8,HI
University of Hawaii (UH),Admin/Waste,2007,Middle Atlantic,5,0,7,HI
University of Hawaii (UH),Admin/Waste,2007,Middle Atlantic,10,0,9,HI
University of Hawaii (UH),Admin/Waste,2007,Mountain,1,0,5,HI
University of Hawaii (UH),Admin/Waste,2007,Mountain,5,0,9,HI
University of Hawaii (UH),Admin/Waste,2007,Mountain,10,0,14,HI
University of Hawaii (UH),Admin/Waste,2007,New England,1,0,1,HI
University of Hawaii (UH),Admin/Waste,2007,New England,5,0,1,HI
University of Hawaii (UH),Admin/Waste,2007,New England,10,0,1,HI
University of Hawaii (UH),Admin/Waste,2007,Pacific,1,150,172,HI
University of Hawaii (UH),Admin/Waste,2007,Pacific,5,137,176,HI
University of Hawaii (UH),Admin/Waste,2007,Pacific,10,116,155,HI
University of Hawaii (UH),Admin/Waste,2007,South Atlantic,1,0,8,HI
University of Hawaii (UH),Admin/Waste,2007,South Atlantic,5,0,10,HI
University of Hawaii (UH),Admin/Waste,2007,South Atlantic,10,0,11,HI
University of Hawaii (UH),Admin/Waste,2007,West North Central,1,0,0,HI
University of Hawaii (UH),Admin/Waste,2007,West North Central,5,0,2,HI
University of Hawaii (UH),Admin/Waste,2007,West North Central,10,0,0,HI
University of Hawaii (UH),Admin/Waste,2007,West South Central,1,0,4,HI
University of Hawaii (UH),Admin/Waste,2007,West South Central,5,0,6,HI
University of Hawaii (UH),Admin/Waste,2007,West South Central,10,0,6,HI
University of Hawaii (UH),Admin/Waste,2010,East North Central,1,0,2,HI
University of Hawaii (UH),Admin/Waste,2010,East North Central,5,0,7,HI
University of Hawaii (UH),Admin/Waste,2010,East North Central,10,0,2,HI
University of Hawaii (UH),Admin/Waste,2010,East South Central,1,0,0,HI
University of Hawaii (UH),Admin/Waste,2010,East South Central,5,0,0,HI
University of Hawaii (UH),Admin/Waste,2010,East South Central,10,0,0,HI
University of Hawaii (UH),Admin/Waste,2010,Middle Atlantic,1,0,2,HI
University of Hawaii (UH),Admin/Waste,2010,Middle Atlantic,5,0,5,HI
University of Hawaii (UH),Admin/Waste,2010,Middle Atlantic,10,0,13,HI
University of Hawaii (UH),Admin/Waste,2010,Mountain,1,0,6,HI
University of Hawaii (UH),Admin/Waste,2010,Mountain,5,0,4,HI
University of Hawaii (UH),Admin/Waste,2010,Mountain,10,0,5,HI
University of Hawaii (UH),Admin/Waste,2010,New England,1,0,0,HI
University of Hawaii (UH),Admin/Waste,2010,New England,5,0,1,HI
University of Hawaii (UH),Admin/Waste,2010,New England,10,0,1,HI
University of Hawaii (UH),Admin/Waste,2010,Pacific,1,200,224,HI
University of Hawaii (UH),Admin/Waste,2010,Pacific,5,163,214,HI
University of Hawaii (UH),Admin/Waste,2010,Pacific,10,88,120,HI
University of Hawaii (UH),Admin/Waste,2010,South Atlantic,1,0,5,HI
University of Hawaii (UH),Admin/Waste,2010,South Atlantic,5,0,17,HI
University of Hawaii (UH),Admin/Waste,2010,South Atlantic,10,0,18,HI
University of Hawaii (UH),Admin/Waste,2010,West North Central,1,0,0,HI
University of Hawaii (UH),Admin/Waste,2010,West North Central,5,0,4,HI
University of Hawaii (UH),Admin/Waste,2010,West North Central,10,0,3,HI
University of Hawaii (UH),Admin/Waste,2010,West South Central,1,0,5,HI
University of Hawaii (UH),Admin/Waste,2010,West South Central,5,0,5,HI
University of Hawaii (UH),Admin/Waste,2010,West South Central,10,0,5,HI
University of Hawaii (UH),Admin/Waste,2013,East North Central,1,0,2,HI
University of Hawaii (UH),Admin/Waste,2013,East North Central,5,0,4,HI
University of Hawaii (UH),Admin/Waste,2013,East North Central,10,,,HI
University of Hawaii (UH),Admin/Waste,2013,East South Central,1,0,0,HI
University of Hawaii (UH),Admin/Waste,2013,East South Central,5,0,0,HI
University of Hawaii (UH),Admin/Waste,2013,East South Central,10,,,HI
University of Hawaii (UH),Admin/Waste,2013,Middle Atlantic,1,0,9,HI
University of Hawaii (UH),Admin/Waste,2013,Middle Atlantic,5,0,9,HI
University of Hawaii (UH),Admin/Waste,2013,Middle Atlantic,10,,,HI
University of Hawaii (UH),Admin/Waste,2013,Mountain,1,0,2,HI
University of Hawaii (UH),Admin/Waste,2013,Mountain,5,0,19,HI
University of Hawaii (UH),Admin/Waste,2013,Mountain,10,,,HI
University of Hawaii (UH),Admin/Waste,2013,New England,1,0,0,HI
University of Hawaii (UH),Admin/Waste,2013,New England,5,0,1,HI
University of Hawaii (UH),Admin/Waste,2013,New England,10,,,HI
University of Hawaii (UH),Admin/Waste,2013,Pacific,1,280,334,HI
University of Hawaii (UH),Admin/Waste,2013,Pacific,5,149,216,HI
University of Hawaii (UH),Admin/Waste,2013,Pacific,10,,,HI
University of Hawaii (UH),Admin/Waste,2013,South Atlantic,1,0,7,HI
University of Hawaii (UH),Admin/Waste,2013,South Atlantic,5,0,11,HI
University of Hawaii (UH),Admin/Waste,2013,South Atlantic,10,,,HI
University of Hawaii (UH),Admin/Waste,2013,West North Central,1,0,0,HI
University of Hawaii (UH),Admin/Waste,2013,West North Central,5,0,1,HI
University of Hawaii (UH),Admin/Waste,2013,West North Central,10,,,HI
University of Hawaii (UH),Admin/Waste,2013,West South Central,1,0,1,HI
University of Hawaii (UH),Admin/Waste,2013,West South Central,5,0,10,HI
University of Hawaii (UH),Admin/Waste,2013,West South Central,10,,,HI
University of Hawaii (UH),Admin/Waste,2016,East North Central,1,0,3,HI
University of Hawaii (UH),Admin/Waste,2016,East North Central,5,0,6,HI
University of Hawaii (UH),Admin/Waste,2016,East North Central,10,,,HI
University of Hawaii (UH),Admin/Waste,2016,East South Central,1,0,3,HI
University of Hawaii (UH),Admin/Waste,2016,East South Central,5,0,5,HI
University of Hawaii (UH),Admin/Waste,2016,East South Central,10,,,HI
University of Hawaii (UH),Admin/Waste,2016,Middle Atlantic,1,0,1,HI
University of Hawaii (UH),Admin/Waste,2016,Middle Atlantic,5,0,11,HI
University of Hawaii (UH),Admin/Waste,2016,Middle Atlantic,10,,,HI
University of Hawaii (UH),Admin/Waste,2016,Mountain,1,0,3,HI
University of Hawaii (UH),Admin/Waste,2016,Mountain,5,0,8,HI
University of Hawaii (UH),Admin/Waste,2016,Mountain,10,,,HI
University of Hawaii (UH),Admin/Waste,2016,New England,1,0,0,HI
University of Hawaii (UH),Admin/Waste,2016,New England,5,0,2,HI
University of Hawaii (UH),Admin/Waste,2016,New England,10,,,HI
University of Hawaii (UH),Admin/Waste,2016,Pacific,1,241,287,HI
University of Hawaii (UH),Admin/Waste,2016,Pacific,5,124,193,HI
University of Hawaii (UH),Admin/Waste,2016,Pacific,10,,,HI
University of Hawaii (UH),Admin/Waste,2016,South Atlantic,1,0,9,HI
University of Hawaii (UH),Admin/Waste,2016,South Atlantic,5,0,16,HI
University of Hawaii (UH),Admin/Waste,2016,South Atlantic,10,,,HI
University of Hawaii (UH),Admin/Waste,2016,West North Central,1,0,0,HI
University of Hawaii (UH),Admin/Waste,2016,West North Central,5,0,2,HI
University of Hawaii (UH),Admin/Waste,2016,West North Central,10,,,HI
University of Hawaii (UH),Admin/Waste,2016,West South Central,1,0,4,HI
University of Hawaii (UH),Admin/Waste,2016,West South Central,5,0,5,HI
University of Hawaii (UH),Admin/Waste,2016,West South Central,10,,,HI
University of Hawaii (UH),Admin/Waste,2019,East North Central,1,0,6,HI
University of Hawaii (UH),Admin/Waste,2019,East North Central,5,,,HI
University of Hawaii (UH),Admin/Waste,2019,East North Central,10,,,HI
University of Hawaii (UH),Admin/Waste,2019,East South Central,1,0,2,HI
University of Hawaii (UH),Admin/Waste,2019,East South Central,5,,,HI
University of Hawaii (UH),Admin/Waste,2019,East South Central,10,,,HI
University of Hawaii (UH),Admin/Waste,2019,Middle Atlantic,1,0,4,HI
University of Hawaii (UH),Admin/Waste,2019,Middle Atlantic,5,,,HI
University of Hawaii (UH),Admin/Waste,2019,Middle Atlantic,10,,,HI
University of Hawaii (UH),Admin/Waste,2019,Mountain,1,0,11,HI
University of Hawaii (UH),Admin/Waste,2019,Mountain,5,,,HI
University of Hawaii (UH),Admin/Waste,2019,Mountain,10,,,HI
University of Hawaii (UH),Admin/Waste,2019,New England,1,0,2,HI
University of Hawaii (UH),Admin/Waste,2019,New England,5,,,HI
University of Hawaii (UH),Admin/Waste,2019,New England,10,,,HI
University of Hawaii (UH),Admin/Waste,2019,Pacific,1,220,283,HI
University of Hawaii (UH),Admin/Waste,2019,Pacific,5,,,HI
University of Hawaii (UH),Admin/Waste,2019,Pacific,10,,,HI
University of Hawaii (UH),Admin/Waste,2019,South Atlantic,1,0,10,HI
University of Hawaii (UH),Admin/Waste,2019,South Atlantic,5,,,HI
University of Hawaii (UH),Admin/Waste,2019,South Atlantic,10,,,HI
University of Hawaii (UH),Admin/Waste,2019,West North Central,1,0,0,HI
University of Hawaii (UH),Admin/Waste,2019,West North Central,5,,,HI
University of Hawaii (UH),Admin/Waste,2019,West North Central,10,,,HI
University of Hawaii (UH),Admin/Waste,2019,West South Central,1,0,7,HI
University of Hawaii (UH),Admin/Waste,2019,West South Central,5,,,HI
University of Hawaii (UH),Admin/Waste,2019,West South Central,10,,,HI
University of Hawaii (UH),Agriculture,2004,East North Central,1,0,0,HI
University of Hawaii (UH),Agriculture,2004,East North Central,5,0,0,HI
University of Hawaii (UH),Agriculture,2004,East North Central,10,0,0,HI
University of Hawaii (UH),Agriculture,2004,East South Central,1,0,0,HI
University of Hawaii (UH),Agriculture,2004,East South Central,5,0,0,HI
University of Hawaii (UH),Agriculture,2004,East South Central,10,0,0,HI
University of Hawaii (UH),Agriculture,2004,Middle Atlantic,1,0,0,HI
University of Hawaii (UH),Agriculture,2004,Middle Atlantic,5,0,0,HI
University of Hawaii (UH),Agriculture,2004,Middle Atlantic,10,0,0,HI
University of Hawaii (UH),Agriculture,2004,Mountain,1,0,0,HI
University of Hawaii (UH),Agriculture,2004,Mountain,5,0,0,HI
University of Hawaii (UH),Agriculture,2004,Mountain,10,0,0,HI
University of Hawaii (UH),Agriculture,2004,New England,1,0,0,HI
University of Hawaii (UH),Agriculture,2004,New England,5,0,0,HI
University of Hawaii (UH),Agriculture,2004,New England,10,0,0,HI
University of Hawaii (UH),Agriculture,2004,Pacific,1,1,1,HI
University of Hawaii (UH),Agriculture,2004,Pacific,5,5,8,HI
University of Hawaii (UH),Agriculture,2004,Pacific,10,4,7,HI
University of Hawaii (UH),Agriculture,2004,South Atlantic,1,0,0,HI
University of Hawaii (UH),Agriculture,2004,South Atlantic,5,0,0,HI
University of Hawaii (UH),Agriculture,2004,South Atlantic,10,0,0,HI
University of Hawaii (UH),Agriculture,2004,West North Central,1,0,0,HI
University of Hawaii (UH),Agriculture,2004,West North Central,5,0,0,HI
University of Hawaii (UH),Agriculture,2004,West North Central,10,0,0,HI
University of Hawaii (UH),Agriculture,2004,West South Central,1,0,0,HI
University of Hawaii (UH),Agriculture,2004,West South Central,5,0,1,HI
University of Hawaii (UH),Agriculture,2004,West South Central,10,0,0,HI
University of Hawaii (UH),Agriculture,2007,East North Central,1,0,0,HI
University of Hawaii (UH),Agriculture,2007,East North Central,5,0,0,HI
University of Hawaii (UH),Agriculture,2007,East North Central,10,0,0,HI
University of Hawaii (UH),Agriculture,2007,East South Central,1,0,0,HI
University of Hawaii (UH),Agriculture,2007,East South Central,5,0,0,HI
University of Hawaii (UH),Agriculture,2007,East South Central,10,0,0,HI
University of Hawaii (UH),Agriculture,2007,Middle Atlantic,1,0,0,HI
University of Hawaii (UH),Agriculture,2007,Middle Atlantic,5,0,0,HI
University of Hawaii (UH),Agriculture,2007,Middle Atlantic,10,0,0,HI
University of Hawaii (UH),Agriculture,2007,Mountain,1,0,1,HI
University of Hawaii (UH),Agriculture,2007,Mountain,5,0,0,HI
University of Hawaii (UH),Agriculture,2007,Mountain,10,0,0,HI
University of Hawaii (UH),Agriculture,2007,New England,1,0,0,HI
University of Hawaii (UH),Agriculture,2007,New England,5,0,0,HI
University of Hawaii (UH),Agriculture,2007,New England,10,0,0,HI
University of Hawaii (UH),Agriculture,2007,Pacific,1,4,4,HI
University of Hawaii (UH),Agriculture,2007,Pacific,5,0,1,HI
University of Hawaii (UH),Agriculture,2007,Pacific,10,2,4,HI
University of Hawaii (UH),Agriculture,2007,South Atlantic,1,0,0,HI
University of Hawaii (UH),Agriculture,2007,South Atlantic,5,0,1,HI
University of Hawaii (UH),Agriculture,2007,South Atlantic,10,0,0,HI
University of Hawaii (UH),Agriculture,2007,West North Central,1,0,0,HI
University of Hawaii (UH),Agriculture,2007,West North Central,5,0,0,HI
University of Hawaii (UH),Agriculture,2007,West North Central,10,0,0,HI
University of Hawaii (UH),Agriculture,2007,West South Central,1,0,3,HI
University of Hawaii (UH),Agriculture,2007,West South Central,5,0,1,HI
University of Hawaii (UH),Agriculture,2007,West South Central,10,0,0,HI
University of Hawaii (UH),Agriculture,2010,East North Central,1,0,0,HI
University of Hawaii (UH),Agriculture,2010,East North Central,5,0,0,HI
University of Hawaii (UH),Agriculture,2010,East North Central,10,0,0,HI
University of Hawaii (UH),Agriculture,2010,East South Central,1,0,0,HI
University of Hawaii (UH),Agriculture,2010,East South Central,5,0,0,HI
University of Hawaii (UH),Agriculture,2010,East South Central,10,0,0,HI
University of Hawaii (UH),Agriculture,2010,Middle Atlantic,1,0,0,HI
University of Hawaii (UH),Agriculture,2010,Middle Atlantic,5,0,0,HI
University of Hawaii (UH),Agriculture,2010,Middle Atlantic,10,0,0,HI
University of Hawaii (UH),Agriculture,2010,Mountain,1,0,0,HI
University of Hawaii (UH),Agriculture,2010,Mountain,5,0,0,HI
University of Hawaii (UH),Agriculture,2010,Mountain,10,0,0,HI
University of Hawaii (UH),Agriculture,2010,New England,1,0,0,HI
University of Hawaii (UH),Agriculture,2010,New England,5,0,0,HI
University of Hawaii (UH),Agriculture,2010,New England,10,0,0,HI
University of Hawaii (UH),Agriculture,2010,Pacific,1,10,12,HI
University of Hawaii (UH),Agriculture,2010,Pacific,5,7,17,HI
University of Hawaii (UH),Agriculture,2010,Pacific,10,5,7,HI
University of Hawaii (UH),Agriculture,2010,South Atlantic,1,0,0,HI
University of Hawaii (UH),Agriculture,2010,South Atlantic,5,0,0,HI
University of Hawaii (UH),Agriculture,2010,South Atlantic,10,0,0,HI
University of Hawaii (UH),Agriculture,2010,West North Central,1,0,0,HI
University of Hawaii (UH),Agriculture,2010,West North Central,5,0,0,HI
University of Hawaii (UH),Agriculture,2010,West North Central,10,0,0,HI
University of Hawaii (UH),Agriculture,2010,West South Central,1,0,0,HI
University of Hawaii (UH),Agriculture,2010,West South Central,5,0,2,HI
University of Hawaii (UH),Agriculture,2010,West South Central,10,0,0,HI
University of Hawaii (UH),Agriculture,2013,East North Central,1,0,0,HI
University of Hawaii (UH),Agriculture,2013,East North Central,5,0,0,HI
University of Hawaii (UH),Agriculture,2013,East North Central,10,,,HI
University of Hawaii (UH),Agriculture,2013,East South Central,1,0,0,HI
University of Hawaii (UH),Agriculture,2013,East South Central,5,0,0,HI
University of Hawaii (UH),Agriculture,2013,East South Central,10,,,HI
University of Hawaii (UH),Agriculture,2013,Middle Atlantic,1,0,0,HI
University of Hawaii (UH),Agriculture,2013,Middle Atlantic,5,0,0,HI
University of Hawaii (UH),Agriculture,2013,Middle Atlantic,10,,,HI
University of Hawaii (UH),Agriculture,2013,Mountain,1,0,0,HI
University of Hawaii (UH),Agriculture,2013,Mountain,5,0,0,HI
University of Hawaii (UH),Agriculture,2013,Mountain,10,,,HI
University of Hawaii (UH),Agriculture,2013,New England,1,0,0,HI
University of Hawaii (UH),Agriculture,2013,New England,5,0,0,HI
University of Hawaii (UH),Agriculture,2013,New England,10,,,HI
University of Hawaii (UH),Agriculture,2013,Pacific,1,8,13,HI
University of Hawaii (UH),Agriculture,2013,Pacific,5,14,18,HI
University of Hawaii (UH),Agriculture,2013,Pacific,10,,,HI
University of Hawaii (UH),Agriculture,2013,South Atlantic,1,0,0,HI
University of Hawaii (UH),Agriculture,2013,South Atlantic,5,0,0,HI
University of Hawaii (UH),Agriculture,2013,South Atlantic,10,,,HI
University of Hawaii (UH),Agriculture,2013,West North Central,1,0,0,HI
University of Hawaii (UH),Agriculture,2013,West North Central,5,0,0,HI
University of Hawaii (UH),Agriculture,2013,West North Central,10,,,HI
University of Hawaii (UH),Agriculture,2013,West South Central,1,0,2,HI
University of Hawaii (UH),Agriculture,2013,West South Central,5,0,0,HI
University of Hawaii (UH),Agriculture,2013,West South Central,10,,,HI
University of Hawaii (UH),Agriculture,2016,East North Central,1,0,0,HI
University of Hawaii (UH),Agriculture,2016,East North Central,5,0,0,HI
University of Hawaii (UH),Agriculture,2016,East North Central,10,,,HI
University of Hawaii (UH),Agriculture,2016,East South Central,1,0,0,HI
University of Hawaii (UH),Agriculture,2016,East South Central,5,0,0,HI
University of Hawaii (UH),Agriculture,2016,East South Central,10,,,HI
University of Hawaii (UH),Agriculture,2016,Middle Atlantic,1,0,0,HI
University of Hawaii (UH),Agriculture,2016,Middle Atlantic,5,0,0,HI
University of Hawaii (UH),Agriculture,2016,Middle Atlantic,10,,,HI
University of Hawaii (UH),Agriculture,2016,Mountain,1,0,1,HI
University of Hawaii (UH),Agriculture,2016,Mountain,5,0,0,HI
University of Hawaii (UH),Agriculture,2016,Mountain,10,,,HI
University of Hawaii (UH),Agriculture,2016,New England,1,0,0,HI
University of Hawaii (UH),Agriculture,2016,New England,5,0,0,HI
University of Hawaii (UH),Agriculture,2016,New England,10,,,HI
University of Hawaii (UH),Agriculture,2016,Pacific,1,1,11,HI
University of Hawaii (UH),Agriculture,2016,Pacific,5,1,4,HI
University of Hawaii (UH),Agriculture,2016,Pacific,10,,,HI
University of Hawaii (UH),Agriculture,2016,South Atlantic,1,0,1,HI
University of Hawaii (UH),Agriculture,2016,South Atlantic,5,0,0,HI
University of Hawaii (UH),Agriculture,2016,South Atlantic,10,,,HI
University of Hawaii (UH),Agriculture,2016,West North Central,1,0,0,HI
University of Hawaii (UH),Agriculture,2016,West North Central,5,0,0,HI
University of Hawaii (UH),Agriculture,2016,West North Central,10,,,HI
University of Hawaii (UH),Agriculture,2016,West South Central,1,0,0,HI
University of Hawaii (UH),Agriculture,2016,West South Central,5,0,0,HI
University of Hawaii (UH),Agriculture,2016,West South Central,10,,,HI
University of Hawaii (UH),Agriculture,2019,East North Central,1,0,0,HI
University of Hawaii (UH),Agriculture,2019,East North Central,5,,,HI
University of Hawaii (UH),Agriculture,2019,East North Central,10,,,HI
University of Hawaii (UH),Agriculture,2019,East South Central,1,0,0,HI
University of Hawaii (UH),Agriculture,2019,East South Central,5,,,HI
University of Hawaii (UH),Agriculture,2019,East South Central,10,,,HI
University of Hawaii (UH),Agriculture,2019,Middle Atlantic,1,0,0,HI
University of Hawaii (UH),Agriculture,2019,Middle Atlantic,5,,,HI
University of Hawaii (UH),Agriculture,2019,Middle Atlantic,10,,,HI
University of Hawaii (UH),Agriculture,2019,Mountain,1,0,1,HI
University of Hawaii (UH),Agriculture,2019,Mountain,5,,,HI
University of Hawaii (UH),Agriculture,2019,Mountain,10,,,HI
University of Hawaii (UH),Agriculture,2019,New England,1,0,0,HI
University of Hawaii (UH),Agriculture,2019,New England,5,,,HI
University of Hawaii (UH),Agriculture,2019,New England,10,,,HI
University of Hawaii (UH),Agriculture,2019,Pacific,1,6,12,HI
University of Hawaii (UH),Agriculture,2019,Pacific,5,,,HI
University of Hawaii (UH),Agriculture,2019,Pacific,10,,,HI
University of Hawaii (UH),Agriculture,2019,South Atlantic,1,0,0,HI
University of Hawaii (UH),Agriculture,2019,South Atlantic,5,,,HI
University of Hawaii (UH),Agriculture,2019,South Atlantic,10,,,HI
University of Hawaii (UH),Agriculture,2019,West North Central,1,0,0,HI
University of Hawaii (UH),Agriculture,2019,West North Central,5,,,HI
University of Hawaii (UH),Agriculture,2019,West North Central,10,,,HI
University of Hawaii (UH),Agriculture,2019,West South Central,1,0,0,HI
University of Hawaii (UH),Agriculture,2019,West South Central,5,,,HI
University of Hawaii (UH),Agriculture,2019,West South Central,10,,,HI
University of Hawaii (UH),Arts/Entertainment,2004,East North Central,1,0,0,HI
University of Hawaii (UH),Arts/Entertainment,2004,East North Central,5,0,0,HI
University of Hawaii (UH),Arts/Entertainment,2004,East North Central,10,0,1,HI
University of Hawaii (UH),Arts/Entertainment,2004,East South Central,1,0,0,HI
University of Hawaii (UH),Arts/Entertainment,2004,East South Central,5,0,0,HI
University of Hawaii (UH),Arts/Entertainment,2004,East South Central,10,0,0,HI
University of Hawaii (UH),Arts/Entertainment,2004,Middle Atlantic,1,0,0,HI
University of Hawaii (UH),Arts/Entertainment,2004,Middle Atlantic,5,0,4,HI
University of Hawaii (UH),Arts/Entertainment,2004,Middle Atlantic,10,0,3,HI
University of Hawaii (UH),Arts/Entertainment,2004,Mountain,1,0,0,HI
University of Hawaii (UH),Arts/Entertainment,2004,Mountain,5,0,0,HI
University of Hawaii (UH),Arts/Entertainment,2004,Mountain,10,0,0,HI
University of Hawaii (UH),Arts/Entertainment,2004,New England,1,0,0,HI
University of Hawaii (UH),Arts/Entertainment,2004,New England,5,0,0,HI
University of Hawaii (UH),Arts/Entertainment,2004,New England,10,0,0,HI
University of Hawaii (UH),Arts/Entertainment,2004,Pacific,1,31,40,HI
University of Hawaii (UH),Arts/Entertainment,2004,Pacific,5,22,29,HI
University of Hawaii (UH),Arts/Entertainment,2004,Pacific,10,14,22,HI
University of Hawaii (UH),Arts/Entertainment,2004,South Atlantic,1,0,0,HI
University of Hawaii (UH),Arts/Entertainment,2004,South Atlantic,5,0,0,HI
University of Hawaii (UH),Arts/Entertainment,2004,South Atlantic,10,0,1,HI
University of Hawaii (UH),Arts/Entertainment,2004,West North Central,1,0,0,HI
University of Hawaii (UH),Arts/Entertainment,2004,West North Central,5,0,0,HI
University of Hawaii (UH),Arts/Entertainment,2004,West North Central,10,0,0,HI
University of Hawaii (UH),Arts/Entertainment,2004,West South Central,1,0,0,HI
University of Hawaii (UH),Arts/Entertainment,2004,West South Central,5,0,0,HI
University of Hawaii (UH),Arts/Entertainment,2004,West South Central,10,0,2,HI
University of Hawaii (UH),Arts/Entertainment,2007,East North Central,1,0,0,HI
University of Hawaii (UH),Arts/Entertainment,2007,East North Central,5,0,0,HI
University of Hawaii (UH),Arts/Entertainment,2007,East North Central,10,0,1,HI
University of Hawaii (UH),Arts/Entertainment,2007,East South Central,1,0,0,HI
University of Hawaii (UH),Arts/Entertainment,2007,East South Central,5,0,0,HI
University of Hawaii (UH),Arts/Entertainment,2007,East South Central,10,0,0,HI
University of Hawaii (UH),Arts/Entertainment,2007,Middle Atlantic,1,0,1,HI
University of Hawaii (UH),Arts/Entertainment,2007,Middle Atlantic,5,0,3,HI
University of Hawaii (UH),Arts/Entertainment,2007,Middle Atlantic,10,0,1,HI
University of Hawaii (UH),Arts/Entertainment,2007,Mountain,1,0,1,HI
University of Hawaii (UH),Arts/Entertainment,2007,Mountain,5,0,0,HI
University of Hawaii (UH),Arts/Entertainment,2007,Mountain,10,0,0,HI
University of Hawaii (UH),Arts/Entertainment,2007,New England,1,0,0,HI
University of Hawaii (UH),Arts/Entertainment,2007,New England,5,0,0,HI
University of Hawaii (UH),Arts/Entertainment,2007,New England,10,0,0,HI
University of Hawaii (UH),Arts/Entertainment,2007,Pacific,1,32,46,HI
University of Hawaii (UH),Arts/Entertainment,2007,Pacific,5,34,60,HI
University of Hawaii (UH),Arts/Entertainment,2007,Pacific,10,31,51,HI
University of Hawaii (UH),Arts/Entertainment,2007,South Atlantic,1,0,0,HI
University of Hawaii (UH),Arts/Entertainment,2007,South Atlantic,5,0,0,HI
University of Hawaii (UH),Arts/Entertainment,2007,South Atlantic,10,0,4,HI
University of Hawaii (UH),Arts/Entertainment,2007,West North Central,1,0,0,HI
University of Hawaii (UH),Arts/Entertainment,2007,West North Central,5,0,1,HI
University of Hawaii (UH),Arts/Entertainment,2007,West North Central,10,0,0,HI
University of Hawaii (UH),Arts/Entertainment,2007,West South Central,1,0,2,HI
University of Hawaii (UH),Arts/Entertainment,2007,West South Central,5,0,2,HI
University of Hawaii (UH),Arts/Entertainment,2007,West South Central,10,0,0,HI
University of Hawaii (UH),Arts/Entertainment,2010,East North Central,1,0,0,HI
University of Hawaii (UH),Arts/Entertainment,2010,East North Central,5,0,0,HI
University of Hawaii (UH),Arts/Entertainment,2010,East North Central,10,0,0,HI
University of Hawaii (UH),Arts/Entertainment,2010,East South Central,1,0,0,HI
University of Hawaii (UH),Arts/Entertainment,2010,East South Central,5,0,0,HI
University of Hawaii (UH),Arts/Entertainment,2010,East South Central,10,0,0,HI
University of Hawaii (UH),Arts/Entertainment,2010,Middle Atlantic,1,0,0,HI
University of Hawaii (UH),Arts/Entertainment,2010,Middle Atlantic,5,0,0,HI
University of Hawaii (UH),Arts/Entertainment,2010,Middle Atlantic,10,0,3,HI
University of Hawaii (UH),Arts/Entertainment,2010,Mountain,1,0,1,HI
University of Hawaii (UH),Arts/Entertainment,2010,Mountain,5,0,0,HI
University of Hawaii (UH),Arts/Entertainment,2010,Mountain,10,0,1,HI
University of Hawaii (UH),Arts/Entertainment,2010,New England,1,0,0,HI
University of Hawaii (UH),Arts/Entertainment,2010,New England,5,0,0,HI
University of Hawaii (UH),Arts/Entertainment,2010,New England,10,0,0,HI
University of Hawaii (UH),Arts/Entertainment,2010,Pacific,1,44,56,HI
University of Hawaii (UH),Arts/Entertainment,2010,Pacific,5,46,64,HI
University of Hawaii (UH),Arts/Entertainment,2010,Pacific,10,34,46,HI
University of Hawaii (UH),Arts/Entertainment,2010,South Atlantic,1,0,5,HI
University of Hawaii (UH),Arts/Entertainment,2010,South Atlantic,5,0,0,HI
University of Hawaii (UH),Arts/Entertainment,2010,South Atlantic,10,0,1,HI
University of Hawaii (UH),Arts/Entertainment,2010,West North Central,1,0,0,HI
University of Hawaii (UH),Arts/Entertainment,2010,West North Central,5,0,0,HI
University of Hawaii (UH),Arts/Entertainment,2010,West North Central,10,0,0,HI
University of Hawaii (UH),Arts/Entertainment,2010,West South Central,1,0,0,HI
University of Hawaii (UH),Arts/Entertainment,2010,West South Central,5,0,0,HI
University of Hawaii (UH),Arts/Entertainment,2010,West South Central,10,0,1,HI
University of Hawaii (UH),Arts/Entertainment,2013,East North Central,1,0,0,HI
University of Hawaii (UH),Arts/Entertainment,2013,East North Central,5,0,0,HI
University of Hawaii (UH),Arts/Entertainment,2013,East North Central,10,,,HI
University of Hawaii (UH),Arts/Entertainment,2013,East South Central,1,0,0,HI
University of Hawaii (UH),Arts/Entertainment,2013,East South Central,5,0,0,HI
University of Hawaii (UH),Arts/Entertainment,2013,East South Central,10,,,HI
University of Hawaii (UH),Arts/Entertainment,2013,Middle Atlantic,1,0,2,HI
University of Hawaii (UH),Arts/Entertainment,2013,Middle Atlantic,5,0,1,HI
University of Hawaii (UH),Arts/Entertainment,2013,Middle Atlantic,10,,,HI
University of Hawaii (UH),Arts/Entertainment,2013,Mountain,1,0,2,HI
University of Hawaii (UH),Arts/Entertainment,2013,Mountain,5,0,1,HI
University of Hawaii (UH),Arts/Entertainment,2013,Mountain,10,,,HI
University of Hawaii (UH),Arts/Entertainment,2013,New England,1,0,0,HI
University of Hawaii (UH),Arts/Entertainment,2013,New England,5,0,0,HI
University of Hawaii (UH),Arts/Entertainment,2013,New England,10,,,HI
University of Hawaii (UH),Arts/Entertainment,2013,Pacific,1,52,71,HI
University of Hawaii (UH),Arts/Entertainment,2013,Pacific,5,63,84,HI
University of Hawaii (UH),Arts/Entertainment,2013,Pacific,10,,,HI
University of Hawaii (UH),Arts/Entertainment,2013,South Atlantic,1,0,5,HI
University of Hawaii (UH),Arts/Entertainment,2013,South Atlantic,5,0,6,HI
University of Hawaii (UH),Arts/Entertainment,2013,South Atlantic,10,,,HI
University of Hawaii (UH),Arts/Entertainment,2013,West North Central,1,0,0,HI
University of Hawaii (UH),Arts/Entertainment,2013,West North Central,5,0,0,HI
University of Hawaii (UH),Arts/Entertainment,2013,West North Central,10,,,HI
University of Hawaii (UH),Arts/Entertainment,2013,West South Central,1,0,1,HI
University of Hawaii (UH),Arts/Entertainment,2013,West South Central,5,0,3,HI
University of Hawaii (UH),Arts/Entertainment,2013,West South Central,10,,,HI
University of Hawaii (UH),Arts/Entertainment,2016,East North Central,1,0,0,HI
University of Hawaii (UH),Arts/Entertainment,2016,East North Central,5,0,1,HI
University of Hawaii (UH),Arts/Entertainment,2016,East North Central,10,,,HI
University of Hawaii (UH),Arts/Entertainment,2016,East South Central,1,0,0,HI
University of Hawaii (UH),Arts/Entertainment,2016,East South Central,5,0,0,HI
University of Hawaii (UH),Arts/Entertainment,2016,East South Central,10,,,HI
University of Hawaii (UH),Arts/Entertainment,2016,Middle Atlantic,1,0,1,HI
University of Hawaii (UH),Arts/Entertainment,2016,Middle Atlantic,5,0,1,HI
University of Hawaii (UH),Arts/Entertainment,2016,Middle Atlantic,10,,,HI
University of Hawaii (UH),Arts/Entertainment,2016,Mountain,1,0,0,HI
University of Hawaii (UH),Arts/Entertainment,2016,Mountain,5,0,1,HI
University of Hawaii (UH),Arts/Entertainment,2016,Mountain,10,,,HI
University of Hawaii (UH),Arts/Entertainment,2016,New England,1,0,0,HI
University of Hawaii (UH),Arts/Entertainment,2016,New England,5,0,2,HI
University of Hawaii (UH),Arts/Entertainment,2016,New England,10,,,HI
University of Hawaii (UH),Arts/Entertainment,2016,Pacific,1,58,78,HI
University of Hawaii (UH),Arts/Entertainment,2016,Pacific,5,47,71,HI
University of Hawaii (UH),Arts/Entertainment,2016,Pacific,10,,,HI
University of Hawaii (UH),Arts/Entertainment,2016,South Atlantic,1,0,4,HI
University of Hawaii (UH),Arts/Entertainment,2016,South Atlantic,5,0,3,HI
University of Hawaii (UH),Arts/Entertainment,2016,South Atlantic,10,,,HI
University of Hawaii (UH),Arts/Entertainment,2016,West North Central,1,0,0,HI
University of Hawaii (UH),Arts/Entertainment,2016,West North Central,5,0,0,HI
University of Hawaii (UH),Arts/Entertainment,2016,West North Central,10,,,HI
University of Hawaii (UH),Arts/Entertainment,2016,West South Central,1,0,0,HI
University of Hawaii (UH),Arts/Entertainment,2016,West South Central,5,0,3,HI
University of Hawaii (UH),Arts/Entertainment,2016,West South Central,10,,,HI
University of Hawaii (UH),Arts/Entertainment,2019,East North Central,1,0,0,HI
University of Hawaii (UH),Arts/Entertainment,2019,East North Central,5,,,HI
University of Hawaii (UH),Arts/Entertainment,2019,East North Central,10,,,HI
University of Hawaii (UH),Arts/Entertainment,2019,East South Central,1,0,0,HI
University of Hawaii (UH),Arts/Entertainment,2019,East South Central,5,,,HI
University of Hawaii (UH),Arts/Entertainment,2019,East South Central,10,,,HI
University of Hawaii (UH),Arts/Entertainment,2019,Middle Atlantic,1,0,2,HI
University of Hawaii (UH),Arts/Entertainment,2019,Middle Atlantic,5,,,HI
University of Hawaii (UH),Arts/Entertainment,2019,Middle Atlantic,10,,,HI
University of Hawaii (UH),Arts/Entertainment,2019,Mountain,1,0,1,HI
University of Hawaii (UH),Arts/Entertainment,2019,Mountain,5,,,HI
University of Hawaii (UH),Arts/Entertainment,2019,Mountain,10,,,HI
University of Hawaii (UH),Arts/Entertainment,2019,New England,1,0,0,HI
University of Hawaii (UH),Arts/Entertainment,2019,New England,5,,,HI
University of Hawaii (UH),Arts/Entertainment,2019,New England,10,,,HI
University of Hawaii (UH),Arts/Entertainment,2019,Pacific,1,66,81,HI
University of Hawaii (UH),Arts/Entertainment,2019,Pacific,5,,,HI
University of Hawaii (UH),Arts/Entertainment,2019,Pacific,10,,,HI
University of Hawaii (UH),Arts/Entertainment,2019,South Atlantic,1,0,4,HI
University of Hawaii (UH),Arts/Entertainment,2019,South Atlantic,5,,,HI
University of Hawaii (UH),Arts/Entertainment,2019,South Atlantic,10,,,HI
University of Hawaii (UH),Arts/Entertainment,2019,West North Central,1,0,0,HI
University of Hawaii (UH),Arts/Entertainment,2019,West North Central,5,,,HI
University of Hawaii (UH),Arts/Entertainment,2019,West North Central,10,,,HI
University of Hawaii (UH),Arts/Entertainment,2019,West South Central,1,0,0,HI
University of Hawaii (UH),Arts/Entertainment,2019,West South Central,5,,,HI
University of Hawaii (UH),Arts/Entertainment,2019,West South Central,10,,,HI
University of Hawaii (UH),Construction,2004,East North Central,1,0,0,HI
University of Hawaii (UH),Construction,2004,East North Central,5,0,0,HI
University of Hawaii (UH),Construction,2004,East North Central,10,0,0,HI
University of Hawaii (UH),Construction,2004,East South Central,1,0,0,HI
University of Hawaii (UH),Construction,2004,East South Central,5,0,0,HI
University of Hawaii (UH),Construction,2004,East South Central,10,0,0,HI
University of Hawaii (UH),Construction,2004,Middle Atlantic,1,0,0,HI
University of Hawaii (UH),Construction,2004,Middle Atlantic,5,0,1,HI
University of Hawaii (UH),Construction,2004,Middle Atlantic,10,0,0,HI
University of Hawaii (UH),Construction,2004,Mountain,1,0,1,HI
University of Hawaii (UH),Construction,2004,Mountain,5,0,0,HI
University of Hawaii (UH),Construction,2004,Mountain,10,0,1,HI
University of Hawaii (UH),Construction,2004,New England,1,0,0,HI
University of Hawaii (UH),Construction,2004,New England,5,0,0,HI
University of Hawaii (UH),Construction,2004,New England,10,0,0,HI
University of Hawaii (UH),Construction,2004,Pacific,1,48,55,HI
University of Hawaii (UH),Construction,2004,Pacific,5,61,68,HI
University of Hawaii (UH),Construction,2004,Pacific,10,71,80,HI
University of Hawaii (UH),Construction,2004,South Atlantic,1,0,0,HI
University of Hawaii (UH),Construction,2004,South Atlantic,5,0,2,HI
University of Hawaii (UH),Construction,2004,South Atlantic,10,0,8,HI
University of Hawaii (UH),Construction,2004,West North Central,1,0,0,HI
University of Hawaii (UH),Construction,2004,West North Central,5,0,0,HI
University of Hawaii (UH),Construction,2004,West North Central,10,0,0,HI
University of Hawaii (UH),Construction,2004,West South Central,1,0,1,HI
University of Hawaii (UH),Construction,2004,West South Central,5,0,1,HI
University of Hawaii (UH),Construction,2004,West South Central,10,0,2,HI
University of Hawaii (UH),Construction,2007,East North Central,1,0,2,HI
University of Hawaii (UH),Construction,2007,East North Central,5,0,1,HI
University of Hawaii (UH),Construction,2007,East North Central,10,0,1,HI
University of Hawaii (UH),Construction,2007,East South Central,1,0,0,HI
University of Hawaii (UH),Construction,2007,East South Central,5,0,1,HI
University of Hawaii (UH),Construction,2007,East South Central,10,0,0,HI
University of Hawaii (UH),Construction,2007,Middle Atlantic,1,0,6,HI
University of Hawaii (UH),Construction,2007,Middle Atlantic,5,0,1,HI
University of Hawaii (UH),Construction,2007,Middle Atlantic,10,0,2,HI
University of Hawaii (UH),Construction,2007,Mountain,1,0,5,HI
University of Hawaii (UH),Construction,2007,Mountain,5,0,7,HI
University of Hawaii (UH),Construction,2007,Mountain,10,0,1,HI
University of Hawaii (UH),Construction,2007,New England,1,0,1,HI
University of Hawaii (UH),Construction,2007,New England,5,0,0,HI
University of Hawaii (UH),Construction,2007,New England,10,0,0,HI
University of Hawaii (UH),Construction,2007,Pacific,1,93,108,HI
University of Hawaii (UH),Construction,2007,Pacific,5,88,101,HI
University of Hawaii (UH),Construction,2007,Pacific,10,85,105,HI
University of Hawaii (UH),Construction,2007,South Atlantic,1,0,1,HI
University of Hawaii (UH),Construction,2007,South Atlantic,5,0,1,HI
University of Hawaii (UH),Construction,2007,South Atlantic,10,0,1,HI
University of Hawaii (UH),Construction,2007,West North Central,1,0,0,HI
University of Hawaii (UH),Construction,2007,West North Central,5,0,2,HI
University of Hawaii (UH),Construction,2007,West North Central,10,0,1,HI
University of Hawaii (UH),Construction,2007,West South Central,1,0,4,HI
University of Hawaii (UH),Construction,2007,West South Central,5,0,4,HI
University of Hawaii (UH),Construction,2007,West South Central,10,0,5,HI
University of Hawaii (UH),Construction,2010,East North Central,1,0,0,HI
University of Hawaii (UH),Construction,2010,East North Central,5,0,3,HI
University of Hawaii (UH),Construction,2010,East North Central,10,0,5,HI
University of Hawaii (UH),Construction,2010,East South Central,1,0,0,HI
University of Hawaii (UH),Construction,2010,East South Central,5,0,1,HI
University of Hawaii (UH),Construction,2010,East South Central,10,0,1,HI
University of Hawaii (UH),Construction,2010,Middle Atlantic,1,0,0,HI
University of Hawaii (UH),Construction,2010,Middle Atlantic,5,0,4,HI
University of Hawaii (UH),Construction,2010,Middle Atlantic,10,0,6,HI
University of Hawaii (UH),Construction,2010,Mountain,1,0,0,HI
University of Hawaii (UH),Construction,2010,Mountain,5,0,3,HI
University of Hawaii (UH),Construction,2010,Mountain,10,0,2,HI
University of Hawaii (UH),Construction,2010,New England,1,0,0,HI
University of Hawaii (UH),Construction,2010,New England,5,0,0,HI
University of Hawaii (UH),Construction,2010,New England,10,0,0,HI
University of Hawaii (UH),Construction,2010,Pacific,1,130,136,HI
University of Hawaii (UH),Construction,2010,Pacific,5,127,154,HI
University of Hawaii (UH),Construction,2010,Pacific,10,113,146,HI
University of Hawaii (UH),Construction,2010,South Atlantic,1,0,3,HI
University of Hawaii (UH),Construction,2010,South Atlantic,5,0,6,HI
University of Hawaii (UH),Construction,2010,South Atlantic,10,0,3,HI
University of Hawaii (UH),Construction,2010,West North Central,1,0,0,HI
University of Hawaii (UH),Construction,2010,West North Central,5,0,0,HI
University of Hawaii (UH),Construction,2010,West North Central,10,0,1,HI
University of Hawaii (UH),Construction,2010,West South Central,1,0,4,HI
University of Hawaii (UH),Construction,2010,West South Central,5,0,3,HI
University of Hawaii (UH),Construction,2010,West South Central,10,0,8,HI
University of Hawaii (UH),Construction,2013,East North Central,1,0,0,HI
University of Hawaii (UH),Construction,2013,East North Central,5,0,4,HI
University of Hawaii (UH),Construction,2013,East North Central,10,,,HI
University of Hawaii (UH),Construction,2013,East South Central,1,0,0,HI
University of Hawaii (UH),Construction,2013,East South Central,5,0,0,HI
University of Hawaii (UH),Construction,2013,East South Central,10,,,HI
University of Hawaii (UH),Construction,2013,Middle Atlantic,1,0,2,HI
University of Hawaii (UH),Construction,2013,Middle Atlantic,5,0,0,HI
University of Hawaii (UH),Construction,2013,Middle Atlantic,10,,,HI
University of Hawaii (UH),Construction,2013,Mountain,1,0,4,HI
University of Hawaii (UH),Construction,2013,Mountain,5,0,5,HI
University of Hawaii (UH),Construction,2013,Mountain,10,,,HI
University of Hawaii (UH),Construction,2013,New England,1,0,0,HI
University of Hawaii (UH),Construction,2013,New England,5,0,0,HI
University of Hawaii (UH),Construction,2013,New England,10,,,HI
University of Hawaii (UH),Construction,2013,Pacific,1,176,192,HI
University of Hawaii (UH),Construction,2013,Pacific,5,168,191,HI
University of Hawaii (UH),Construction,2013,Pacific,10,,,HI
University of Hawaii (UH),Construction,2013,South Atlantic,1,0,0,HI
University of Hawaii (UH),Construction,2013,South Atlantic,5,0,9,HI
University of Hawaii (UH),Construction,2013,South Atlantic,10,,,HI
University of Hawaii (UH),Construction,2013,West North Central,1,0,0,HI
University of Hawaii (UH),Construction,2013,West North Central,5,0,1,HI
University of Hawaii (UH),Construction,2013,West North Central,10,,,HI
University of Hawaii (UH),Construction,2013,West South Central,1,0,1,HI
University of Hawaii (UH),Construction,2013,West South Central,5,0,7,HI
University of Hawaii (UH),Construction,2013,West South Central,10,,,HI
University of Hawaii (UH),Construction,2016,East North Central,1,0,1,HI
University of Hawaii (UH),Construction,2016,East North Central,5,0,7,HI
University of Hawaii (UH),Construction,2016,East North Central,10,,,HI
University of Hawaii (UH),Construction,2016,East South Central,1,0,0,HI
University of Hawaii (UH),Construction,2016,East South Central,5,0,0,HI
University of Hawaii (UH),Construction,2016,East South Central,10,,,HI
University of Hawaii (UH),Construction,2016,Middle Atlantic,1,0,2,HI
University of Hawaii (UH),Construction,2016,Middle Atlantic,5,0,3,HI
University of Hawaii (UH),Construction,2016,Middle Atlantic,10,,,HI
University of Hawaii (UH),Construction,2016,Mountain,1,0,8,HI
University of Hawaii (UH),Construction,2016,Mountain,5,0,10,HI
University of Hawaii (UH),Construction,2016,Mountain,10,,,HI
University of Hawaii (UH),Construction,2016,New England,1,0,1,HI
University of Hawaii (UH),Construction,2016,New England,5,0,4,HI
University of Hawaii (UH),Construction,2016,New England,10,,,HI
University of Hawaii (UH),Construction,2016,Pacific,1,198,229,HI
University of Hawaii (UH),Construction,2016,Pacific,5,206,230,HI
University of Hawaii (UH),Construction,2016,Pacific,10,,,HI
University of Hawaii (UH),Construction,2016,South Atlantic,1,0,7,HI
University of Hawaii (UH),Construction,2016,South Atlantic,5,0,4,HI
University of Hawaii (UH),Construction,2016,South Atlantic,10,,,HI
University of Hawaii (UH),Construction,2016,West North Central,1,0,0,HI
University of Hawaii (UH),Construction,2016,West North Central,5,0,0,HI
University of Hawaii (UH),Construction,2016,West North Central,10,,,HI
University of Hawaii (UH),Construction,2016,West South Central,1,0,3,HI
University of Hawaii (UH),Construction,2016,West South Central,5,0,10,HI
University of Hawaii (UH),Construction,2016,West South Central,10,,,HI
University of Hawaii (UH),Construction,2019,East North Central,1,0,3,HI
University of Hawaii (UH),Construction,2019,East North Central,5,,,HI
University of Hawaii (UH),Construction,2019,East North Central,10,,,HI
University of Hawaii (UH),Construction,2019,East South Central,1,0,1,HI
University of Hawaii (UH),Construction,2019,East South Central,5,,,HI
University of Hawaii (UH),Construction,2019,East South Central,10,,,HI
University of Hawaii (UH),Construction,2019,Middle Atlantic,1,0,2,HI
University of Hawaii (UH),Construction,2019,Middle Atlantic,5,,,HI
University of Hawaii (UH),Construction,2019,Middle Atlantic,10,,,HI
University of Hawaii (UH),Construction,2019,Mountain,1,0,3,HI
University of Hawaii (UH),Construction,2019,Mountain,5,,,HI
University of Hawaii (UH),Construction,2019,Mountain,10,,,HI
University of Hawaii (UH),Construction,2019,New England,1,0,0,HI
University of Hawaii (UH),Construction,2019,New England,5,,,HI
University of Hawaii (UH),Construction,2019,New England,10,,,HI
University of Hawaii (UH),Construction,2019,Pacific,1,201,217,HI
University of Hawaii (UH),Construction,2019,Pacific,5,,,HI
University of Hawaii (UH),Construction,2019,Pacific,10,,,HI
University of Hawaii (UH),Construction,2019,South Atlantic,1,0,6,HI
University of Hawaii (UH),Construction,2019,South Atlantic,5,,,HI
University of Hawaii (UH),Construction,2019,South Atlantic,10,,,HI
University of Hawaii (UH),Construction,2019,West North Central,1,0,1,HI
University of Hawaii (UH),Construction,2019,West North Central,5,,,HI
University of Hawaii (UH),Construction,2019,West North Central,10,,,HI
University of Hawaii (UH),Construction,2019,West South Central,1,0,3,HI
University of Hawaii (UH),Construction,2019,West South Central,5,,,HI
University of Hawaii (UH),Construction,2019,West South Central,10,,,HI
University of Hawaii (UH),Education,2004,East North Central,1,0,6,HI
University of Hawaii (UH),Education,2004,East North Central,5,0,14,HI
University of Hawaii (UH),Education,2004,East North Central,10,0,19,HI
University of Hawaii (UH),Education,2004,East South Central,1,0,6,HI
University of Hawaii (UH),Education,2004,East South Central,5,0,9,HI
University of Hawaii (UH),Education,2004,East South Central,10,0,3,HI
University of Hawaii (UH),Education,2004,Middle Atlantic,1,0,6,HI
University of Hawaii (UH),Education,2004,Middle Atlantic,5,0,13,HI
University of Hawaii (UH),Education,2004,Middle Atlantic,10,0,11,HI
University of Hawaii (UH),Education,2004,Mountain,1,0,4,HI
University of Hawaii (UH),Education,2004,Mountain,5,0,23,HI
University of Hawaii (UH),Education,2004,Mountain,10,0,30,HI
University of Hawaii (UH),Education,2004,New England,1,0,3,HI
University of Hawaii (UH),Education,2004,New England,5,0,8,HI
University of Hawaii (UH),Education,2004,New England,10,0,7,HI
University of Hawaii (UH),Education,2004,Pacific,1,553,584,HI
University of Hawaii (UH),Education,2004,Pacific,5,600,665,HI
University of Hawaii (UH),Education,2004,Pacific,10,575,662,HI
University of Hawaii (UH),Education,2004,South Atlantic,1,0,16,HI
University of Hawaii (UH),Education,2004,South Atlantic,5,0,24,HI
University of Hawaii (UH),Education,2004,South Atlantic,10,0,35,HI
University of Hawaii (UH),Education,2004,West North Central,1,0,4,HI
University of Hawaii (UH),Education,2004,West North Central,5,0,6,HI
University of Hawaii (UH),Education,2004,West North Central,10,0,3,HI
University of Hawaii (UH),Education,2004,West South Central,1,0,8,HI
University of Hawaii (UH),Education,2004,West South Central,5,0,13,HI
University of Hawaii (UH),Education,2004,West South Central,10,0,17,HI
University of Hawaii (UH),Education,2007,East North Central,1,0,20,HI
University of Hawaii (UH),Education,2007,East North Central,5,0,20,HI
University of Hawaii (UH),Education,2007,East North Central,10,0,18,HI
University of Hawaii (UH),Education,2007,East South Central,1,0,2,HI
University of Hawaii (UH),Education,2007,East South Central,5,0,5,HI
University of Hawaii (UH),Education,2007,East South Central,10,0,5,HI
University of Hawaii (UH),Education,2007,Middle Atlantic,1,0,7,HI
University of Hawaii (UH),Education,2007,Middle Atlantic,5,0,19,HI
University of Hawaii (UH),Education,2007,Middle Atlantic,10,0,20,HI
University of Hawaii (UH),Education,2007,Mountain,1,0,13,HI
University of Hawaii (UH),Education,2007,Mountain,5,0,26,HI
University of Hawaii (UH),Education,2007,Mountain,10,0,39,HI
University of Hawaii (UH),Education,2007,New England,1,0,3,HI
University of Hawaii (UH),Education,2007,New England,5,0,11,HI
University of Hawaii (UH),Education,2007,New England,10,0,7,HI
University of Hawaii (UH),Education,2007,Pacific,1,761,803,HI
University of Hawaii (UH),Education,2007,Pacific,5,886,991,HI
University of Hawaii (UH),Education,2007,Pacific,10,826,991,HI
University of Hawaii (UH),Education,2007,South Atlantic,1,0,23,HI
University of Hawaii (UH),Education,2007,South Atlantic,5,0,40,HI
University of Hawaii (UH),Education,2007,South Atlantic,10,0,40,HI
University of Hawaii (UH),Education,2007,West North Central,1,0,8,HI
University of Hawaii (UH),Education,2007,West North Central,5,0,9,HI
University of Hawaii (UH),Education,2007,West North Central,10,0,13,HI
University of Hawaii (UH),Education,2007,West South Central,1,0,6,HI
University of Hawaii (UH),Education,2007,West South Central,5,0,21,HI
University of Hawaii (UH),Education,2007,West South Central,10,0,20,HI
University of Hawaii (UH),Education,2010,East North Central,1,0,14,HI
University of Hawaii (UH),Education,2010,East North Central,5,0,15,HI
University of Hawaii (UH),Education,2010,East North Central,10,0,32,HI
University of Hawaii (UH),Education,2010,East South Central,1,0,2,HI
University of Hawaii (UH),Education,2010,East South Central,5,0,3,HI
University of Hawaii (UH),Education,2010,East South Central,10,0,4,HI
University of Hawaii (UH),Education,2010,Middle Atlantic,1,0,14,HI
University of Hawaii (UH),Education,2010,Middle Atlantic,5,0,27,HI
University of Hawaii (UH),Education,2010,Middle Atlantic,10,0,14,HI
University of Hawaii (UH),Education,2010,Mountain,1,0,18,HI
University of Hawaii (UH),Education,2010,Mountain,5,0,32,HI
University of Hawaii (UH),Education,2010,Mountain,10,0,34,HI
University of Hawaii (UH),Education,2010,New England,1,0,3,HI
University of Hawaii (UH),Education,2010,New England,5,0,11,HI
University of Hawaii (UH),Education,2010,New England,10,0,18,HI
University of Hawaii (UH),Education,2010,Pacific,1,675,701,HI
University of Hawaii (UH),Education,2010,Pacific,5,764,865,HI
University of Hawaii (UH),Education,2010,Pacific,10,694,829,HI
University of Hawaii (UH),Education,2010,South Atlantic,1,0,26,HI
University of Hawaii (UH),Education,2010,South Atlantic,5,0,30,HI
University of Hawaii (UH),Education,2010,South Atlantic,10,0,33,HI
University of Hawaii (UH),Education,2010,West North Central,1,0,9,HI
University of Hawaii (UH),Education,2010,West North Central,5,0,9,HI
University of Hawaii (UH),Education,2010,West North Central,10,0,7,HI
University of Hawaii (UH),Education,2010,West South Central,1,0,12,HI
University of Hawaii (UH),Education,2010,West South Central,5,0,25,HI
University of Hawaii (UH),Education,2010,West South Central,10,0,20,HI
University of Hawaii (UH),Education,2013,East North Central,1,0,11,HI
University of Hawaii (UH),Education,2013,East North Central,5,0,19,HI
University of Hawaii (UH),Education,2013,East North Central,10,,,HI
University of Hawaii (UH),Education,2013,East South Central,1,0,5,HI
University of Hawaii (UH),Education,2013,East South Central,5,0,8,HI
University of Hawaii (UH),Education,2013,East South Central,10,,,HI
University of Hawaii (UH),Education,2013,Middle Atlantic,1,0,16,HI
University of Hawaii (UH),Education,2013,Middle Atlantic,5,0,13,HI
University of Hawaii (UH),Education,2013,Middle Atlantic,10,,,HI
University of Hawaii (UH),Education,2013,Mountain,1,0,17,HI
University of Hawaii (UH),Education,2013,Mountain,5,0,38,HI
University of Hawaii (UH),Education,2013,Mountain,10,,,HI
University of Hawaii (UH),Education,2013,New England,1,0,4,HI
University of Hawaii (UH),Education,2013,New England,5,0,10,HI
University of Hawaii (UH),Education,2013,New England,10,,,HI
University of Hawaii (UH),Education,2013,Pacific,1,744,810,HI
University of Hawaii (UH),Education,2013,Pacific,5,800,920,HI
University of Hawaii (UH),Education,2013,Pacific,10,,,HI
University of Hawaii (UH),Education,2013,South Atlantic,1,0,19,HI
University of Hawaii (UH),Education,2013,South Atlantic,5,0,36,HI
University of Hawaii (UH),Education,2013,South Atlantic,10,,,HI
University of Hawaii (UH),Education,2013,West North Central,1,0,7,HI
University of Hawaii (UH),Education,2013,West North Central,5,0,9,HI
University of Hawaii (UH),Education,2013,West North Central,10,,,HI
University of Hawaii (UH),Education,2013,West South Central,1,0,4,HI
University of Hawaii (UH),Education,2013,West South Central,5,0,26,HI
University of Hawaii (UH),Education,2013,West South Central,10,,,HI
University of Hawaii (UH),Education,2016,East North Central,1,0,5,HI
University of Hawaii (UH),Education,2016,East North Central,5,0,21,HI
University of Hawaii (UH),Education,2016,East North Central,10,,,HI
University of Hawaii (UH),Education,2016,East South Central,1,0,4,HI
University of Hawaii (UH),Education,2016,East South Central,5,0,6,HI
University of Hawaii (UH),Education,2016,East South Central,10,,,HI
University of Hawaii (UH),Education,2016,Middle Atlantic,1,0,12,HI
University of Hawaii (UH),Education,2016,Middle Atlantic,5,0,16,HI
University of Hawaii (UH),Education,2016,Middle Atlantic,10,,,HI
University of Hawaii (UH),Education,2016,Mountain,1,0,16,HI
University of Hawaii (UH),Education,2016,Mountain,5,0,47,HI
University of Hawaii (UH),Education,2016,Mountain,10,,,HI
University of Hawaii (UH),Education,2016,New England,1,0,3,HI
University of Hawaii (UH),Education,2016,New England,5,0,21,HI
University of Hawaii (UH),Education,2016,New England,10,,,HI
University of Hawaii (UH),Education,2016,Pacific,1,683,751,HI
University of Hawaii (UH),Education,2016,Pacific,5,659,785,HI
University of Hawaii (UH),Education,2016,Pacific,10,,,HI
University of Hawaii (UH),Education,2016,South Atlantic,1,0,15,HI
University of Hawaii (UH),Education,2016,South Atlantic,5,0,32,HI
University of Hawaii (UH),Education,2016,South Atlantic,10,,,HI
University of Hawaii (UH),Education,2016,West North Central,1,0,3,HI
University of Hawaii (UH),Education,2016,West North Central,5,0,11,HI
University of Hawaii (UH),Education,2016,West North Central,10,,,HI
University of Hawaii (UH),Education,2016,West South Central,1,0,4,HI
University of Hawaii (UH),Education,2016,West South Central,5,0,23,HI
University of Hawaii (UH),Education,2016,West South Central,10,,,HI
University of Hawaii (UH),Education,2019,East North Central,1,0,8,HI
University of Hawaii (UH),Education,2019,East North Central,5,,,HI
University of Hawaii (UH),Education,2019,East North Central,10,,,HI
University of Hawaii (UH),Education,2019,East South Central,1,0,2,HI
University of Hawaii (UH),Education,2019,East South Central,5,,,HI
University of Hawaii (UH),Education,2019,East South Central,10,,,HI
University of Hawaii (UH),Education,2019,Middle Atlantic,1,0,13,HI
University of Hawaii (UH),Education,2019,Middle Atlantic,5,,,HI
University of Hawaii (UH),Education,2019,Middle Atlantic,10,,,HI
University of Hawaii (UH),Education,2019,Mountain,1,0,15,HI
University of Hawaii (UH),Education,2019,Mountain,5,,,HI
University of Hawaii (UH),Education,2019,Mountain,10,,,HI
University of Hawaii (UH),Education,2019,New England,1,0,8,HI
University of Hawaii (UH),Education,2019,New England,5,,,HI
University of Hawaii (UH),Education,2019,New England,10,,,HI
University of Hawaii (UH),Education,2019,Pacific,1,738,800,HI
University of Hawaii (UH),Education,2019,Pacific,5,,,HI
University of Hawaii (UH),Education,2019,Pacific,10,,,HI
University of Hawaii (UH),Education,2019,South Atlantic,1,0,18,HI
University of Hawaii (UH),Education,2019,South Atlantic,5,,,HI
University of Hawaii (UH),Education,2019,South Atlantic,10,,,HI
University of Hawaii (UH),Education,2019,West North Central,1,0,9,HI
University of Hawaii (UH),Education,2019,West North Central,5,,,HI
University of Hawaii (UH),Education,2019,West North Central,10,,,HI
University of Hawaii (UH),Education,2019,West South Central,1,0,9,HI
University of Hawaii (UH),Education,2019,West South Central,5,,,HI
University of Hawaii (UH),Education,2019,West South Central,10,,,HI
University of Hawaii (UH),Finance,2004,East North Central,1,0,0,HI
University of Hawaii (UH),Finance,2004,East North Central,5,0,0,HI
University of Hawaii (UH),Finance,2004,East North Central,10,0,6,HI
University of Hawaii (UH),Finance,2004,East South Central,1,0,0,HI
University of Hawaii (UH),Finance,2004,East South Central,5,0,0,HI
University of Hawaii (UH),Finance,2004,East South Central,10,0,0,HI
University of Hawaii (UH),Finance,2004,Middle Atlantic,1,0,9,HI
University of Hawaii (UH),Finance,2004,Middle Atlantic,5,0,7,HI
University of Hawaii (UH),Finance,2004,Middle Atlantic,10,0,9,HI
University of Hawaii (UH),Finance,2004,Mountain,1,0,4,HI
University of Hawaii (UH),Finance,2004,Mountain,5,0,8,HI
University of Hawaii (UH),Finance,2004,Mountain,10,0,8,HI
University of Hawaii (UH),Finance,2004,New England,1,0,0,HI
University of Hawaii (UH),Finance,2004,New England,5,0,0,HI
University of Hawaii (UH),Finance,2004,New England,10,0,0,HI
University of Hawaii (UH),Finance,2004,Pacific,1,184,201,HI
University of Hawaii (UH),Finance,2004,Pacific,5,157,186,HI
University of Hawaii (UH),Finance,2004,Pacific,10,142,191,HI
University of Hawaii (UH),Finance,2004,South Atlantic,1,0,4,HI
University of Hawaii (UH),Finance,2004,South Atlantic,5,0,3,HI
University of Hawaii (UH),Finance,2004,South Atlantic,10,0,5,HI
University of Hawaii (UH),Finance,2004,West North Central,1,0,0,HI
University of Hawaii (UH),Finance,2004,West North Central,5,0,0,HI
University of Hawaii (UH),Finance,2004,West North Central,10,0,2,HI
University of Hawaii (UH),Finance,2004,West South Central,1,0,1,HI
University of Hawaii (UH),Finance,2004,West South Central,5,0,2,HI
University of Hawaii (UH),Finance,2004,West South Central,10,0,7,HI
University of Hawaii (UH),Finance,2007,East North Central,1,0,2,HI
University of Hawaii (UH),Finance,2007,East North Central,5,0,2,HI
University of Hawaii (UH),Finance,2007,East North Central,10,0,7,HI
University of Hawaii (UH),Finance,2007,East South Central,1,0,3,HI
University of Hawaii (UH),Finance,2007,East South Central,5,0,0,HI
University of Hawaii (UH),Finance,2007,East South Central,10,0,1,HI
University of Hawaii (UH),Finance,2007,Middle Atlantic,1,0,3,HI
University of Hawaii (UH),Finance,2007,Middle Atlantic,5,0,2,HI
University of Hawaii (UH),Finance,2007,Middle Atlantic,10,0,5,HI
University of Hawaii (UH),Finance,2007,Mountain,1,0,3,HI
University of Hawaii (UH),Finance,2007,Mountain,5,0,4,HI
University of Hawaii (UH),Finance,2007,Mountain,10,0,5,HI
University of Hawaii (UH),Finance,2007,New England,1,0,1,HI
University of Hawaii (UH),Finance,2007,New England,5,0,0,HI
University of Hawaii (UH),Finance,2007,New England,10,0,0,HI
University of Hawaii (UH),Finance,2007,Pacific,1,218,236,HI
University of Hawaii (UH),Finance,2007,Pacific,5,210,248,HI
University of Hawaii (UH),Finance,2007,Pacific,10,198,259,HI
University of Hawaii (UH),Finance,2007,South Atlantic,1,0,11,HI
University of Hawaii (UH),Finance,2007,South Atlantic,5,0,16,HI
University of Hawaii (UH),Finance,2007,South Atlantic,10,0,11,HI
University of Hawaii (UH),Finance,2007,West North Central,1,0,0,HI
University of Hawaii (UH),Finance,2007,West North Central,5,0,1,HI
University of Hawaii (UH),Finance,2007,West North Central,10,0,1,HI
University of Hawaii (UH),Finance,2007,West South Central,1,0,4,HI
University of Hawaii (UH),Finance,2007,West South Central,5,0,9,HI
University of Hawaii (UH),Finance,2007,West South Central,10,0,13,HI
University of Hawaii (UH),Finance,2010,East North Central,1,0,2,HI
University of Hawaii (UH),Finance,2010,East North Central,5,0,3,HI
University of Hawaii (UH),Finance,2010,East North Central,10,0,4,HI
University of Hawaii (UH),Finance,2010,East South Central,1,0,0,HI
University of Hawaii (UH),Finance,2010,East South Central,5,0,0,HI
University of Hawaii (UH),Finance,2010,East South Central,10,0,1,HI
University of Hawaii (UH),Finance,2010,Middle Atlantic,1,0,7,HI
University of Hawaii (UH),Finance,2010,Middle Atlantic,5,0,7,HI
University of Hawaii (UH),Finance,2010,Middle Atlantic,10,0,8,HI
University of Hawaii (UH),Finance,2010,Mountain,1,0,3,HI
University of Hawaii (UH),Finance,2010,Mountain,5,0,6,HI
University of Hawaii (UH),Finance,2010,Mountain,10,0,4,HI
University of Hawaii (UH),Finance,2010,New England,1,0,1,HI
University of Hawaii (UH),Finance,2010,New England,5,0,6,HI
University of Hawaii (UH),Finance,2010,New England,10,0,9,HI
University of Hawaii (UH),Finance,2010,Pacific,1,177,196,HI
University of Hawaii (UH),Finance,2010,Pacific,5,227,260,HI
University of Hawaii (UH),Finance,2010,Pacific,10,194,241,HI
University of Hawaii (UH),Finance,2010,South Atlantic,1,0,6,HI
University of Hawaii (UH),Finance,2010,South Atlantic,5,0,8,HI
University of Hawaii (UH),Finance,2010,South Atlantic,10,0,5,HI
University of Hawaii (UH),Finance,2010,West North Central,1,0,1,HI
University of Hawaii (UH),Finance,2010,West North Central,5,0,3,HI
University of Hawaii (UH),Finance,2010,West North Central,10,0,1,HI
University of Hawaii (UH),Finance,2010,West South Central,1,0,1,HI
University of Hawaii (UH),Finance,2010,West South Central,5,0,5,HI
University of Hawaii (UH),Finance,2010,West South Central,10,0,6,HI
University of Hawaii (UH),Finance,2013,East North Central,1,0,1,HI
University of Hawaii (UH),Finance,2013,East North Central,5,0,5,HI
University of Hawaii (UH),Finance,2013,East North Central,10,,,HI
University of Hawaii (UH),Finance,2013,East South Central,1,0,2,HI
University of Hawaii (UH),Finance,2013,East South Central,5,0,3,HI
University of Hawaii (UH),Finance,2013,East South Central,10,,,HI
University of Hawaii (UH),Finance,2013,Middle Atlantic,1,0,5,HI
University of Hawaii (UH),Finance,2013,Middle Atlantic,5,0,5,HI
University of Hawaii (UH),Finance,2013,Middle Atlantic,10,,,HI
University of Hawaii (UH),Finance,2013,Mountain,1,0,8,HI
University of Hawaii (UH),Finance,2013,Mountain,5,0,13,HI
University of Hawaii (UH),Finance,2013,Mountain,10,,,HI
University of Hawaii (UH),Finance,2013,New England,1,0,1,HI
University of Hawaii (UH),Finance,2013,New England,5,0,7,HI
University of Hawaii (UH),Finance,2013,New England,10,,,HI
University of Hawaii (UH),Finance,2013,Pacific,1,188,210,HI
University of Hawaii (UH),Finance,2013,Pacific,5,240,288,HI
University of Hawaii (UH),Finance,2013,Pacific,10,,,HI
University of Hawaii (UH),Finance,2013,South Atlantic,1,0,7,HI
University of Hawaii (UH),Finance,2013,South Atlantic,5,0,15,HI
University of Hawaii (UH),Finance,2013,South Atlantic,10,,,HI
University of Hawaii (UH),Finance,2013,West North Central,1,0,0,HI
University of Hawaii (UH),Finance,2013,West North Central,5,0,2,HI
University of Hawaii (UH),Finance,2013,West North Central,10,,,HI
University of Hawaii (UH),Finance,2013,West South Central,1,0,6,HI
University of Hawaii (UH),Finance,2013,West South Central,5,0,14,HI
University of Hawaii (UH),Finance,2013,West South Central,10,,,HI
University of Hawaii (UH),Finance,2016,East North Central,1,0,0,HI
University of Hawaii (UH),Finance,2016,East North Central,5,0,3,HI
University of Hawaii (UH),Finance,2016,East North Central,10,,,HI
University of Hawaii (UH),Finance,2016,East South Central,1,0,0,HI
University of Hawaii (UH),Finance,2016,East South Central,5,0,2,HI
University of Hawaii (UH),Finance,2016,East South Central,10,,,HI
University of Hawaii (UH),Finance,2016,Middle Atlantic,1,0,8,HI
University of Hawaii (UH),Finance,2016,Middle Atlantic,5,0,11,HI
University of Hawaii (UH),Finance,2016,Middle Atlantic,10,,,HI
University of Hawaii (UH),Finance,2016,Mountain,1,0,4,HI
University of Hawaii (UH),Finance,2016,Mountain,5,0,12,HI
University of Hawaii (UH),Finance,2016,Mountain,10,,,HI
University of Hawaii (UH),Finance,2016,New England,1,0,2,HI
University of Hawaii (UH),Finance,2016,New England,5,0,0,HI
University of Hawaii (UH),Finance,2016,New England,10,,,HI
University of Hawaii (UH),Finance,2016,Pacific,1,224,249,HI
University of Hawaii (UH),Finance,2016,Pacific,5,266,318,HI
University of Hawaii (UH),Finance,2016,Pacific,10,,,HI
University of Hawaii (UH),Finance,2016,South Atlantic,1,0,9,HI
University of Hawaii (UH),Finance,2016,South Atlantic,5,0,10,HI
University of Hawaii (UH),Finance,2016,South Atlantic,10,,,HI
University of Hawaii (UH),Finance,2016,West North Central,1,0,1,HI
University of Hawaii (UH),Finance,2016,West North Central,5,0,1,HI
University of Hawaii (UH),Finance,2016,West North Central,10,,,HI
University of Hawaii (UH),Finance,2016,West South Central,1,0,5,HI
University of Hawaii (UH),Finance,2016,West South Central,5,0,13,HI
University of Hawaii (UH),Finance,2016,West South Central,10,,,HI
University of Hawaii (UH),Finance,2019,East North Central,1,0,4,HI
University of Hawaii (UH),Finance,2019,East North Central,5,,,HI
University of Hawaii (UH),Finance,2019,East North Central,10,,,HI
University of Hawaii (UH),Finance,2019,East South Central,1,0,1,HI
University of Hawaii (UH),Finance,2019,East South Central,5,,,HI
University of Hawaii (UH),Finance,2019,East South Central,10,,,HI
University of Hawaii (UH),Finance,2019,Middle Atlantic,1,0,8,HI
University of Hawaii (UH),Finance,2019,Middle Atlantic,5,,,HI
University of Hawaii (UH),Finance,2019,Middle Atlantic,10,,,HI
University of Hawaii (UH),Finance,2019,Mountain,1,0,6,HI
University of Hawaii (UH),Finance,2019,Mountain,5,,,HI
University of Hawaii (UH),Finance,2019,Mountain,10,,,HI
University of Hawaii (UH),Finance,2019,New England,1,0,0,HI
University of Hawaii (UH),Finance,2019,New England,5,,,HI
University of Hawaii (UH),Finance,2019,New England,10,,,HI
University of Hawaii (UH),Finance,2019,Pacific,1,190,228,HI
University of Hawaii (UH),Finance,2019,Pacific,5,,,HI
University of Hawaii (UH),Finance,2019,Pacific,10,,,HI
University of Hawaii (UH),Finance,2019,South Atlantic,1,0,10,HI
University of Hawaii (UH),Finance,2019,South Atlantic,5,,,HI
University of Hawaii (UH),Finance,2019,South Atlantic,10,,,HI
University of Hawaii (UH),Finance,2019,West North Central,1,0,0,HI
University of Hawaii (UH),Finance,2019,West North Central,5,,,HI
University of Hawaii (UH),Finance,2019,West North Central,10,,,HI
University of Hawaii (UH),Finance,2019,West South Central,1,0,4,HI
University of Hawaii (UH),Finance,2019,West South Central,5,,,HI
University of Hawaii (UH),Finance,2019,West South Central,10,,,HI
University of Hawaii (UH),Food/Hospitality,2004,East North Central,1,0,1,HI
University of Hawaii (UH),Food/Hospitality,2004,East North Central,5,0,7,HI
University of Hawaii (UH),Food/Hospitality,2004,East North Central,10,0,5,HI
University of Hawaii (UH),Food/Hospitality,2004,East South Central,1,0,0,HI
University of Hawaii (UH),Food/Hospitality,2004,East South Central,5,0,0,HI
University of Hawaii (UH),Food/Hospitality,2004,East South Central,10,0,0,HI
University of Hawaii (UH),Food/Hospitality,2004,Middle Atlantic,1,0,9,HI
University of Hawaii (UH),Food/Hospitality,2004,Middle Atlantic,5,0,6,HI
University of Hawaii (UH),Food/Hospitality,2004,Middle Atlantic,10,0,9,HI
University of Hawaii (UH),Food/Hospitality,2004,Mountain,1,0,6,HI
University of Hawaii (UH),Food/Hospitality,2004,Mountain,5,0,31,HI
University of Hawaii (UH),Food/Hospitality,2004,Mountain,10,0,24,HI
University of Hawaii (UH),Food/Hospitality,2004,New England,1,0,0,HI
University of Hawaii (UH),Food/Hospitality,2004,New England,5,0,3,HI
University of Hawaii (UH),Food/Hospitality,2004,New England,10,0,1,HI
University of Hawaii (UH),Food/Hospitality,2004,Pacific,1,344,384,HI
University of Hawaii (UH),Food/Hospitality,2004,Pacific,5,169,207,HI
University of Hawaii (UH),Food/Hospitality,2004,Pacific,10,144,168,HI
University of Hawaii (UH),Food/Hospitality,2004,South Atlantic,1,0,11,HI
University of Hawaii (UH),Food/Hospitality,2004,South Atlantic,5,0,22,HI
University of Hawaii (UH),Food/Hospitality,2004,South Atlantic,10,0,12,HI
University of Hawaii (UH),Food/Hospitality,2004,West North Central,1,0,1,HI
University of Hawaii (UH),Food/Hospitality,2004,West North Central,5,0,6,HI
University of Hawaii (UH),Food/Hospitality,2004,West North Central,10,0,3,HI
University of Hawaii (UH),Food/Hospitality,2004,West South Central,1,0,4,HI
University of Hawaii (UH),Food/Hospitality,2004,West South Central,5,0,5,HI
University of Hawaii (UH),Food/Hospitality,2004,West South Central,10,0,9,HI
University of Hawaii (UH),Food/Hospitality,2007,East North Central,1,0,12,HI
University of Hawaii (UH),Food/Hospitality,2007,East North Central,5,0,11,HI
University of Hawaii (UH),Food/Hospitality,2007,East North Central,10,0,4,HI
University of Hawaii (UH),Food/Hospitality,2007,East South Central,1,0,0,HI
University of Hawaii (UH),Food/Hospitality,2007,East South Central,5,0,2,HI
University of Hawaii (UH),Food/Hospitality,2007,East South Central,10,0,2,HI
University of Hawaii (UH),Food/Hospitality,2007,Middle Atlantic,1,0,17,HI
University of Hawaii (UH),Food/Hospitality,2007,Middle Atlantic,5,0,19,HI
University of Hawaii (UH),Food/Hospitality,2007,Middle Atlantic,10,0,14,HI
University of Hawaii (UH),Food/Hospitality,2007,Mountain,1,0,25,HI
University of Hawaii (UH),Food/Hospitality,2007,Mountain,5,0,41,HI
University of Hawaii (UH),Food/Hospitality,2007,Mountain,10,0,32,HI
University of Hawaii (UH),Food/Hospitality,2007,New England,1,0,5,HI
University of Hawaii (UH),Food/Hospitality,2007,New England,5,0,1,HI
University of Hawaii (UH),Food/Hospitality,2007,New England,10,0,8,HI
University of Hawaii (UH),Food/Hospitality,2007,Pacific,1,495,545,HI
University of Hawaii (UH),Food/Hospitality,2007,Pacific,5,323,385,HI
University of Hawaii (UH),Food/Hospitality,2007,Pacific,10,217,282,HI
University of Hawaii (UH),Food/Hospitality,2007,South Atlantic,1,0,11,HI
University of Hawaii (UH),Food/Hospitality,2007,South Atlantic,5,0,13,HI
University of Hawaii (UH),Food/Hospitality,2007,South Atlantic,10,0,16,HI
University of Hawaii (UH),Food/Hospitality,2007,West North Central,1,0,10,HI
University of Hawaii (UH),Food/Hospitality,2007,West North Central,5,0,5,HI
University of Hawaii (UH),Food/Hospitality,2007,West North Central,10,0,4,HI
University of Hawaii (UH),Food/Hospitality,2007,West South Central,1,0,8,HI
University of Hawaii (UH),Food/Hospitality,2007,West South Central,5,0,14,HI
University of Hawaii (UH),Food/Hospitality,2007,West South Central,10,0,8,HI
University of Hawaii (UH),Food/Hospitality,2010,East North Central,1,0,11,HI
University of Hawaii (UH),Food/Hospitality,2010,East North Central,5,0,10,HI
University of Hawaii (UH),Food/Hospitality,2010,East North Central,10,0,6,HI
University of Hawaii (UH),Food/Hospitality,2010,East South Central,1,0,12,HI
University of Hawaii (UH),Food/Hospitality,2010,East South Central,5,0,3,HI
University of Hawaii (UH),Food/Hospitality,2010,East South Central,10,0,1,HI
University of Hawaii (UH),Food/Hospitality,2010,Middle Atlantic,1,0,12,HI
University of Hawaii (UH),Food/Hospitality,2010,Middle Atlantic,5,0,13,HI
University of Hawaii (UH),Food/Hospitality,2010,Middle Atlantic,10,0,10,HI
University of Hawaii (UH),Food/Hospitality,2010,Mountain,1,0,21,HI
University of Hawaii (UH),Food/Hospitality,2010,Mountain,5,0,27,HI
University of Hawaii (UH),Food/Hospitality,2010,Mountain,10,0,16,HI
University of Hawaii (UH),Food/Hospitality,2010,New England,1,0,5,HI
University of Hawaii (UH),Food/Hospitality,2010,New England,5,0,2,HI
University of Hawaii (UH),Food/Hospitality,2010,New England,10,0,3,HI
University of Hawaii (UH),Food/Hospitality,2010,Pacific,1,482,519,HI
University of Hawaii (UH),Food/Hospitality,2010,Pacific,5,292,367,HI
University of Hawaii (UH),Food/Hospitality,2010,Pacific,10,181,231,HI
University of Hawaii (UH),Food/Hospitality,2010,South Atlantic,1,0,21,HI
University of Hawaii (UH),Food/Hospitality,2010,South Atlantic,5,0,11,HI
University of Hawaii (UH),Food/Hospitality,2010,South Atlantic,10,0,15,HI
University of Hawaii (UH),Food/Hospitality,2010,West North Central,1,0,1,HI
University of Hawaii (UH),Food/Hospitality,2010,West North Central,5,0,6,HI
University of Hawaii (UH),Food/Hospitality,2010,West North Central,10,0,2,HI
University of Hawaii (UH),Food/Hospitality,2010,West South Central,1,0,8,HI
University of Hawaii (UH),Food/Hospitality,2010,West South Central,5,0,9,HI
University of Hawaii (UH),Food/Hospitality,2010,West South Central,10,0,4,HI
University of Hawaii (UH),Food/Hospitality,2013,East North Central,1,0,12,HI
University of Hawaii (UH),Food/Hospitality,2013,East North Central,5,0,5,HI
University of Hawaii (UH),Food/Hospitality,2013,East North Central,10,,,HI
University of Hawaii (UH),Food/Hospitality,2013,East South Central,1,0,1,HI
University of Hawaii (UH),Food/Hospitality,2013,East South Central,5,0,4,HI
University of Hawaii (UH),Food/Hospitality,2013,East South Central,10,,,HI
University of Hawaii (UH),Food/Hospitality,2013,Middle Atlantic,1,0,10,HI
University of Hawaii (UH),Food/Hospitality,2013,Middle Atlantic,5,0,8,HI
University of Hawaii (UH),Food/Hospitality,2013,Middle Atlantic,10,,,HI
University of Hawaii (UH),Food/Hospitality,2013,Mountain,1,0,19,HI
University of Hawaii (UH),Food/Hospitality,2013,Mountain,5,0,26,HI
University of Hawaii (UH),Food/Hospitality,2013,Mountain,10,,,HI
University of Hawaii (UH),Food/Hospitality,2013,New England,1,0,3,HI
University of Hawaii (UH),Food/Hospitality,2013,New England,5,0,3,HI
University of Hawaii (UH),Food/Hospitality,2013,New England,10,,,HI
University of Hawaii (UH),Food/Hospitality,2013,Pacific,1,628,711,HI
University of Hawaii (UH),Food/Hospitality,2013,Pacific,5,392,466,HI
University of Hawaii (UH),Food/Hospitality,2013,Pacific,10,,,HI
University of Hawaii (UH),Food/Hospitality,2013,South Atlantic,1,0,16,HI
University of Hawaii (UH),Food/Hospitality,2013,South Atlantic,5,0,16,HI
University of Hawaii (UH),Food/Hospitality,2013,South Atlantic,10,,,HI
University of Hawaii (UH),Food/Hospitality,2013,West North Central,1,0,4,HI
University of Hawaii (UH),Food/Hospitality,2013,West North Central,5,0,7,HI
University of Hawaii (UH),Food/Hospitality,2013,West North Central,10,,,HI
University of Hawaii (UH),Food/Hospitality,2013,West South Central,1,0,10,HI
University of Hawaii (UH),Food/Hospitality,2013,West South Central,5,0,14,HI
University of Hawaii (UH),Food/Hospitality,2013,West South Central,10,,,HI
University of Hawaii (UH),Food/Hospitality,2016,East North Central,1,0,3,HI
University of Hawaii (UH),Food/Hospitality,2016,East North Central,5,0,8,HI
University of Hawaii (UH),Food/Hospitality,2016,East North Central,10,,,HI
University of Hawaii (UH),Food/Hospitality,2016,East South Central,1,0,2,HI
University of Hawaii (UH),Food/Hospitality,2016,East South Central,5,0,4,HI
University of Hawaii (UH),Food/Hospitality,2016,East South Central,10,,,HI
University of Hawaii (UH),Food/Hospitality,2016,Middle Atlantic,1,0,6,HI
University of Hawaii (UH),Food/Hospitality,2016,Middle Atlantic,5,0,7,HI
University of Hawaii (UH),Food/Hospitality,2016,Middle Atlantic,10,,,HI
University of Hawaii (UH),Food/Hospitality,2016,Mountain,1,0,13,HI
University of Hawaii (UH),Food/Hospitality,2016,Mountain,5,0,22,HI
University of Hawaii (UH),Food/Hospitality,2016,Mountain,10,,,HI
University of Hawaii (UH),Food/Hospitality,2016,New England,1,0,1,HI
University of Hawaii (UH),Food/Hospitality,2016,New England,5,0,3,HI
University of Hawaii (UH),Food/Hospitality,2016,New England,10,,,HI
University of Hawaii (UH),Food/Hospitality,2016,Pacific,1,626,698,HI
University of Hawaii (UH),Food/Hospitality,2016,Pacific,5,353,410,HI
University of Hawaii (UH),Food/Hospitality,2016,Pacific,10,,,HI
University of Hawaii (UH),Food/Hospitality,2016,South Atlantic,1,0,14,HI
University of Hawaii (UH),Food/Hospitality,2016,South Atlantic,5,0,28,HI
University of Hawaii (UH),Food/Hospitality,2016,South Atlantic,10,,,HI
University of Hawaii (UH),Food/Hospitality,2016,West North Central,1,0,0,HI
University of Hawaii (UH),Food/Hospitality,2016,West North Central,5,0,2,HI
University of Hawaii (UH),Food/Hospitality,2016,West North Central,10,,,HI
University of Hawaii (UH),Food/Hospitality,2016,West South Central,1,0,7,HI
University of Hawaii (UH),Food/Hospitality,2016,West South Central,5,0,7,HI
University of Hawaii (UH),Food/Hospitality,2016,West South Central,10,,,HI
University of Hawaii (UH),Food/Hospitality,2019,East North Central,1,0,9,HI
University of Hawaii (UH),Food/Hospitality,2019,East North Central,5,,,HI
University of Hawaii (UH),Food/Hospitality,2019,East North Central,10,,,HI
University of Hawaii (UH),Food/Hospitality,2019,East South Central,1,0,3,HI
University of Hawaii (UH),Food/Hospitality,2019,East South Central,5,,,HI
University of Hawaii (UH),Food/Hospitality,2019,East South Central,10,,,HI
University of Hawaii (UH),Food/Hospitality,2019,Middle Atlantic,1,0,16,HI
University of Hawaii (UH),Food/Hospitality,2019,Middle Atlantic,5,,,HI
University of Hawaii (UH),Food/Hospitality,2019,Middle Atlantic,10,,,HI
University of Hawaii (UH),Food/Hospitality,2019,Mountain,1,0,34,HI
University of Hawaii (UH),Food/Hospitality,2019,Mountain,5,,,HI
University of Hawaii (UH),Food/Hospitality,2019,Mountain,10,,,HI
University of Hawaii (UH),Food/Hospitality,2019,New England,1,0,1,HI
University of Hawaii (UH),Food/Hospitality,2019,New England,5,,,HI
University of Hawaii (UH),Food/Hospitality,2019,New England,10,,,HI
University of Hawaii (UH),Food/Hospitality,2019,Pacific,1,439,512,HI
University of Hawaii (UH),Food/Hospitality,2019,Pacific,5,,,HI
University of Hawaii (UH),Food/Hospitality,2019,Pacific,10,,,HI
University of Hawaii (UH),Food/Hospitality,2019,South Atlantic,1,0,18,HI
University of Hawaii (UH),Food/Hospitality,2019,South Atlantic,5,,,HI
University of Hawaii (UH),Food/Hospitality,2019,South Atlantic,10,,,HI
University of Hawaii (UH),Food/Hospitality,2019,West North Central,1,0,3,HI
University of Hawaii (UH),Food/Hospitality,2019,West North Central,5,,,HI
University of Hawaii (UH),Food/Hospitality,2019,West North Central,10,,,HI
University of Hawaii (UH),Food/Hospitality,2019,West South Central,1,0,11,HI
University of Hawaii (UH),Food/Hospitality,2019,West South Central,5,,,HI
University of Hawaii (UH),Food/Hospitality,2019,West South Central,10,,,HI
University of Hawaii (UH),Health Care,2004,East North Central,1,0,8,HI
University of Hawaii (UH),Health Care,2004,East North Central,5,0,21,HI
University of Hawaii (UH),Health Care,2004,East North Central,10,0,14,HI
University of Hawaii (UH),Health Care,2004,East South Central,1,0,2,HI
University of Hawaii (UH),Health Care,2004,East South Central,5,0,7,HI
University of Hawaii (UH),Health Care,2004,East South Central,10,0,11,HI
University of Hawaii (UH),Health Care,2004,Middle Atlantic,1,0,6,HI
University of Hawaii (UH),Health Care,2004,Middle Atlantic,5,0,16,HI
University of Hawaii (UH),Health Care,2004,Middle Atlantic,10,0,16,HI
University of Hawaii (UH),Health Care,2004,Mountain,1,0,13,HI
University of Hawaii (UH),Health Care,2004,Mountain,5,0,26,HI
University of Hawaii (UH),Health Care,2004,Mountain,10,0,38,HI
University of Hawaii (UH),Health Care,2004,New England,1,0,1,HI
University of Hawaii (UH),Health Care,2004,New England,5,0,5,HI
University of Hawaii (UH),Health Care,2004,New England,10,0,3,HI
University of Hawaii (UH),Health Care,2004,Pacific,1,393,425,HI
University of Hawaii (UH),Health Care,2004,Pacific,5,371,439,HI
University of Hawaii (UH),Health Care,2004,Pacific,10,369,463,HI
University of Hawaii (UH),Health Care,2004,South Atlantic,1,0,19,HI
University of Hawaii (UH),Health Care,2004,South Atlantic,5,0,22,HI
University of Hawaii (UH),Health Care,2004,South Atlantic,10,0,30,HI
University of Hawaii (UH),Health Care,2004,West North Central,1,0,2,HI
University of Hawaii (UH),Health Care,2004,West North Central,5,0,6,HI
University of Hawaii (UH),Health Care,2004,West North Central,10,0,17,HI
University of Hawaii (UH),Health Care,2004,West South Central,1,0,7,HI
University of Hawaii (UH),Health Care,2004,West South Central,5,0,19,HI
University of Hawaii (UH),Health Care,2004,West South Central,10,0,13,HI
University of Hawaii (UH),Health Care,2007,East North Central,1,0,10,HI
University of Hawaii (UH),Health Care,2007,East North Central,5,0,15,HI
University of Hawaii (UH),Health Care,2007,East North Central,10,0,17,HI
University of Hawaii (UH),Health Care,2007,East South Central,1,0,4,HI
University of Hawaii (UH),Health Care,2007,East South Central,5,0,6,HI
University of Hawaii (UH),Health Care,2007,East South Central,10,0,4,HI
University of Hawaii (UH),Health Care,2007,Middle Atlantic,1,0,16,HI
University of Hawaii (UH),Health Care,2007,Middle Atlantic,5,0,18,HI
University of Hawaii (UH),Health Care,2007,Middle Atlantic,10,0,24,HI
University of Hawaii (UH),Health Care,2007,Mountain,1,0,21,HI
University of Hawaii (UH),Health Care,2007,Mountain,5,0,30,HI
University of Hawaii (UH),Health Care,2007,Mountain,10,0,41,HI
University of Hawaii (UH),Health Care,2007,New England,1,0,6,HI
University of Hawaii (UH),Health Care,2007,New England,5,0,10,HI
University of Hawaii (UH),Health Care,2007,New England,10,0,11,HI
University of Hawaii (UH),Health Care,2007,Pacific,1,639,679,HI
University of Hawaii (UH),Health Care,2007,Pacific,5,592,704,HI
University of Hawaii (UH),Health Care,2007,Pacific,10,607,762,HI
University of Hawaii (UH),Health Care,2007,South Atlantic,1,0,33,HI
University of Hawaii (UH),Health Care,2007,South Atlantic,5,0,29,HI
University of Hawaii (UH),Health Care,2007,South Atlantic,10,0,46,HI
University of Hawaii (UH),Health Care,2007,West North Central,1,0,15,HI
University of Hawaii (UH),Health Care,2007,West North Central,5,0,8,HI
University of Hawaii (UH),Health Care,2007,West North Central,10,0,8,HI
University of Hawaii (UH),Health Care,2007,West South Central,1,0,15,HI
University of Hawaii (UH),Health Care,2007,West South Central,5,0,21,HI
University of Hawaii (UH),Health Care,2007,West South Central,10,0,21,HI
University of Hawaii (UH),Health Care,2010,East North Central,1,0,11,HI
University of Hawaii (UH),Health Care,2010,East North Central,5,0,24,HI
University of Hawaii (UH),Health Care,2010,East North Central,10,0,14,HI
University of Hawaii (UH),Health Care,2010,East South Central,1,0,5,HI
University of Hawaii (UH),Health Care,2010,East South Central,5,0,6,HI
University of Hawaii (UH),Health Care,2010,East South Central,10,0,5,HI
University of Hawaii (UH),Health Care,2010,Middle Atlantic,1,0,10,HI
University of Hawaii (UH),Health Care,2010,Middle Atlantic,5,0,8,HI
University of Hawaii (UH),Health Care,2010,Middle Atlantic,10,0,11,HI
University of Hawaii (UH),Health Care,2010,Mountain,1,0,17,HI
University of Hawaii (UH),Health Care,2010,Mountain,5,0,39,HI
University of Hawaii (UH),Health Care,2010,Mountain,10,0,42,HI
University of Hawaii (UH),Health Care,2010,New England,1,0,7,HI
University of Hawaii (UH),Health Care,2010,New England,5,0,5,HI
University of Hawaii (UH),Health Care,2010,New England,10,0,9,HI
University of Hawaii (UH),Health Care,2010,Pacific,1,606,660,HI
University of Hawaii (UH),Health Care,2010,Pacific,5,641,757,HI
University of Hawaii (UH),Health Care,2010,Pacific,10,570,747,HI
University of Hawaii (UH),Health Care,2010,South Atlantic,1,0,22,HI
University of Hawaii (UH),Health Care,2010,South Atlantic,5,0,25,HI
University of Hawaii (UH),Health Care,2010,South Atlantic,10,0,33,HI
University of Hawaii (UH),Health Care,2010,West North Central,1,0,13,HI
University of Hawaii (UH),Health Care,2010,West North Central,5,0,16,HI
University of Hawaii (UH),Health Care,2010,West North Central,10,0,13,HI
University of Hawaii (UH),Health Care,2010,West South Central,1,0,10,HI
University of Hawaii (UH),Health Care,2010,West South Central,5,0,17,HI
University of Hawaii (UH),Health Care,2010,West South Central,10,0,27,HI
University of Hawaii (UH),Health Care,2013,East North Central,1,0,20,HI
University of Hawaii (UH),Health Care,2013,East North Central,5,0,17,HI
University of Hawaii (UH),Health Care,2013,East North Central,10,,,HI
University of Hawaii (UH),Health Care,2013,East South Central,1,0,4,HI
University of Hawaii (UH),Health Care,2013,East South Central,5,0,10,HI
University of Hawaii (UH),Health Care,2013,East South Central,10,,,HI
University of Hawaii (UH),Health Care,2013,Middle Atlantic,1,0,6,HI
University of Hawaii (UH),Health Care,2013,Middle Atlantic,5,0,14,HI
University of Hawaii (UH),Health Care,2013,Middle Atlantic,10,,,HI
University of Hawaii (UH),Health Care,2013,Mountain,1,0,30,HI
University of Hawaii (UH),Health Care,2013,Mountain,5,0,44,HI
University of Hawaii (UH),Health Care,2013,Mountain,10,,,HI
University of Hawaii (UH),Health Care,2013,New England,1,0,5,HI
University of Hawaii (UH),Health Care,2013,New England,5,0,10,HI
University of Hawaii (UH),Health Care,2013,New England,10,,,HI
University of Hawaii (UH),Health Care,2013,Pacific,1,868,943,HI
University of Hawaii (UH),Health Care,2013,Pacific,5,859,1075,HI
University of Hawaii (UH),Health Care,2013,Pacific,10,,,HI
University of Hawaii (UH),Health Care,2013,South Atlantic,1,0,32,HI
University of Hawaii (UH),Health Care,2013,South Atlantic,5,0,46,HI
University of Hawaii (UH),Health Care,2013,South Atlantic,10,,,HI
University of Hawaii (UH),Health Care,2013,West North Central,1,0,8,HI
University of Hawaii (UH),Health Care,2013,West North Central,5,0,23,HI
University of Hawaii (UH),Health Care,2013,West North Central,10,,,HI
University of Hawaii (UH),Health Care,2013,West South Central,1,0,20,HI
University of Hawaii (UH),Health Care,2013,West South Central,5,0,33,HI
University of Hawaii (UH),Health Care,2013,West South Central,10,,,HI
University of Hawaii (UH),Health Care,2016,East North Central,1,0,10,HI
University of Hawaii (UH),Health Care,2016,East North Central,5,0,13,HI
University of Hawaii (UH),Health Care,2016,East North Central,10,,,HI
University of Hawaii (UH),Health Care,2016,East South Central,1,0,9,HI
University of Hawaii (UH),Health Care,2016,East South Central,5,0,7,HI
University of Hawaii (UH),Health Care,2016,East South Central,10,,,HI
University of Hawaii (UH),Health Care,2016,Middle Atlantic,1,0,17,HI
University of Hawaii (UH),Health Care,2016,Middle Atlantic,5,0,26,HI
University of Hawaii (UH),Health Care,2016,Middle Atlantic,10,,,HI
University of Hawaii (UH),Health Care,2016,Mountain,1,0,25,HI
University of Hawaii (UH),Health Care,2016,Mountain,5,0,60,HI
University of Hawaii (UH),Health Care,2016,Mountain,10,,,HI
University of Hawaii (UH),Health Care,2016,New England,1,0,6,HI
University of Hawaii (UH),Health Care,2016,New England,5,0,7,HI
University of Hawaii (UH),Health Care,2016,New England,10,,,HI
University of Hawaii (UH),Health Care,2016,Pacific,1,826,958,HI
University of Hawaii (UH),Health Care,2016,Pacific,5,814,1050,HI
University of Hawaii (UH),Health Care,2016,Pacific,10,,,HI
University of Hawaii (UH),Health Care,2016,South Atlantic,1,0,17,HI
University of Hawaii (UH),Health Care,2016,South Atlantic,5,0,39,HI
University of Hawaii (UH),Health Care,2016,South Atlantic,10,,,HI
University of Hawaii (UH),Health Care,2016,West North Central,1,0,8,HI
University of Hawaii (UH),Health Care,2016,West North Central,5,0,16,HI
University of Hawaii (UH),Health Care,2016,West North Central,10,,,HI
University of Hawaii (UH),Health Care,2016,West South Central,1,0,16,HI
University of Hawaii (UH),Health Care,2016,West South Central,5,0,23,HI
University of Hawaii (UH),Health Care,2016,West South Central,10,,,HI
University of Hawaii (UH),Health Care,2019,East North Central,1,0,10,HI
University of Hawaii (UH),Health Care,2019,East North Central,5,,,HI
University of Hawaii (UH),Health Care,2019,East North Central,10,,,HI
University of Hawaii (UH),Health Care,2019,East South Central,1,0,4,HI
University of Hawaii (UH),Health Care,2019,East South Central,5,,,HI
University of Hawaii (UH),Health Care,2019,East South Central,10,,,HI
University of Hawaii (UH),Health Care,2019,Middle Atlantic,1,0,10,HI
University of Hawaii (UH),Health Care,2019,Middle Atlantic,5,,,HI
University of Hawaii (UH),Health Care,2019,Middle Atlantic,10,,,HI
University of Hawaii (UH),Health Care,2019,Mountain,1,0,26,HI
University of Hawaii (UH),Health Care,2019,Mountain,5,,,HI
University of Hawaii (UH),Health Care,2019,Mountain,10,,,HI
University of Hawaii (UH),Health Care,2019,New England,1,0,5,HI
University of Hawaii (UH),Health Care,2019,New England,5,,,HI
University of Hawaii (UH),Health Care,2019,New England,10,,,HI
University of Hawaii (UH),Health Care,2019,Pacific,1,774,905,HI
University of Hawaii (UH),Health Care,2019,Pacific,5,,,HI
University of Hawaii (UH),Health Care,2019,Pacific,10,,,HI
University of Hawaii (UH),Health Care,2019,South Atlantic,1,0,26,HI
University of Hawaii (UH),Health Care,2019,South Atlantic,5,,,HI
University of Hawaii (UH),Health Care,2019,South Atlantic,10,,,HI
University of Hawaii (UH),Health Care,2019,West North Central,1,0,16,HI
University of Hawaii (UH),Health Care,2019,West North Central,5,,,HI
University of Hawaii (UH),Health Care,2019,West North Central,10,,,HI
University of Hawaii (UH),Health Care,2019,West South Central,1,0,10,HI
University of Hawaii (UH),Health Care,2019,West South Central,5,,,HI
University of Hawaii (UH),Health Care,2019,West South Central,10,,,HI
University of Hawaii (UH),Information,2004,East North Central,1,0,0,HI
University of Hawaii (UH),Information,2004,East North Central,5,0,0,HI
University of Hawaii (UH),Information,2004,East North Central,10,0,0,HI
University of Hawaii (UH),Information,2004,East South Central,1,0,0,HI
University of Hawaii (UH),Information,2004,East South Central,5,0,0,HI
University of Hawaii (UH),Information,2004,East South Central,10,0,0,HI
University of Hawaii (UH),Information,2004,Middle Atlantic,1,0,0,HI
University of Hawaii (UH),Information,2004,Middle Atlantic,5,0,2,HI
University of Hawaii (UH),Information,2004,Middle Atlantic,10,0,4,HI
University of Hawaii (UH),Information,2004,Mountain,1,0,1,HI
University of Hawaii (UH),Information,2004,Mountain,5,0,3,HI
University of Hawaii (UH),Information,2004,Mountain,10,0,2,HI
University of Hawaii (UH),Information,2004,New England,1,0,0,HI
University of Hawaii (UH),Information,2004,New England,5,0,0,HI
University of Hawaii (UH),Information,2004,New England,10,0,0,HI
University of Hawaii (UH),Information,2004,Pacific,1,64,68,HI
University of Hawaii (UH),Information,2004,Pacific,5,68,87,HI
University of Hawaii (UH),Information,2004,Pacific,10,64,84,HI
University of Hawaii (UH),Information,2004,South Atlantic,1,0,2,HI
University of Hawaii (UH),Information,2004,South Atlantic,5,0,4,HI
University of Hawaii (UH),Information,2004,South Atlantic,10,0,1,HI
University of Hawaii (UH),Information,2004,West North Central,1,0,0,HI
University of Hawaii (UH),Information,2004,West North Central,5,0,0,HI
University of Hawaii (UH),Information,2004,West North Central,10,0,0,HI
University of Hawaii (UH),Information,2004,West South Central,1,0,3,HI
University of Hawaii (UH),Information,2004,West South Central,5,0,2,HI
University of Hawaii (UH),Information,2004,West South Central,10,0,0,HI
University of Hawaii (UH),Information,2007,East North Central,1,0,3,HI
University of Hawaii (UH),Information,2007,East North Central,5,0,1,HI
University of Hawaii (UH),Information,2007,East North Central,10,0,0,HI
University of Hawaii (UH),Information,2007,East South Central,1,0,0,HI
University of Hawaii (UH),Information,2007,East South Central,5,0,0,HI
University of Hawaii (UH),Information,2007,East South Central,10,0,0,HI
University of Hawaii (UH),Information,2007,Middle Atlantic,1,0,1,HI
University of Hawaii (UH),Information,2007,Middle Atlantic,5,0,5,HI
University of Hawaii (UH),Information,2007,Middle Atlantic,10,0,5,HI
University of Hawaii (UH),Information,2007,Mountain,1,0,0,HI
University of Hawaii (UH),Information,2007,Mountain,5,0,0,HI
University of Hawaii (UH),Information,2007,Mountain,10,0,1,HI
University of Hawaii (UH),Information,2007,New England,1,0,0,HI
University of Hawaii (UH),Information,2007,New England,5,0,0,HI
University of Hawaii (UH),Information,2007,New England,10,0,0,HI
University of Hawaii (UH),Information,2007,Pacific,1,71,80,HI
University of Hawaii (UH),Information,2007,Pacific,5,80,116,HI
University of Hawaii (UH),Information,2007,Pacific,10,67,121,HI
University of Hawaii (UH),Information,2007,South Atlantic,1,0,1,HI
University of Hawaii (UH),Information,2007,South Atlantic,5,0,2,HI
University of Hawaii (UH),Information,2007,South Atlantic,10,0,5,HI
University of Hawaii (UH),Information,2007,West North Central,1,0,0,HI
University of Hawaii (UH),Information,2007,West North Central,5,0,0,HI
University of Hawaii (UH),Information,2007,West North Central,10,0,0,HI
University of Hawaii (UH),Information,2007,West South Central,1,0,1,HI
University of Hawaii (UH),Information,2007,West South Central,5,0,3,HI
University of Hawaii (UH),Information,2007,West South Central,10,0,2,HI
University of Hawaii (UH),Information,2010,East North Central,1,0,2,HI
University of Hawaii (UH),Information,2010,East North Central,5,0,3,HI
University of Hawaii (UH),Information,2010,East North Central,10,0,3,HI
University of Hawaii (UH),Information,2010,East South Central,1,0,0,HI
University of Hawaii (UH),Information,2010,East South Central,5,0,0,HI
University of Hawaii (UH),Information,2010,East South Central,10,0,0,HI
University of Hawaii (UH),Information,2010,Middle Atlantic,1,0,3,HI
University of Hawaii (UH),Information,2010,Middle Atlantic,5,0,4,HI
University of Hawaii (UH),Information,2010,Middle Atlantic,10,0,6,HI
University of Hawaii (UH),Information,2010,Mountain,1,0,2,HI
University of Hawaii (UH),Information,2010,Mountain,5,0,4,HI
University of Hawaii (UH),Information,2010,Mountain,10,0,7,HI
University of Hawaii (UH),Information,2010,New England,1,0,0,HI
University of Hawaii (UH),Information,2010,New England,5,0,0,HI
University of Hawaii (UH),Information,2010,New England,10,0,0,HI
University of Hawaii (UH),Information,2010,Pacific,1,71,83,HI
University of Hawaii (UH),Information,2010,Pacific,5,94,142,HI
University of Hawaii (UH),Information,2010,Pacific,10,75,146,HI
University of Hawaii (UH),Information,2010,South Atlantic,1,0,1,HI
University of Hawaii (UH),Information,2010,South Atlantic,5,0,6,HI
University of Hawaii (UH),Information,2010,South Atlantic,10,0,2,HI
University of Hawaii (UH),Information,2010,West North Central,1,0,0,HI
University of Hawaii (UH),Information,2010,West North Central,5,0,0,HI
University of Hawaii (UH),Information,2010,West North Central,10,0,0,HI
University of Hawaii (UH),Information,2010,West South Central,1,0,1,HI
University of Hawaii (UH),Information,2010,West South Central,5,0,4,HI
University of Hawaii (UH),Information,2010,West South Central,10,0,7,HI
University of Hawaii (UH),Information,2013,East North Central,1,0,0,HI
University of Hawaii (UH),Information,2013,East North Central,5,0,0,HI
University of Hawaii (UH),Information,2013,East North Central,10,,,HI
University of Hawaii (UH),Information,2013,East South Central,1,0,0,HI
University of Hawaii (UH),Information,2013,East South Central,5,0,0,HI
University of Hawaii (UH),Information,2013,East South Central,10,,,HI
University of Hawaii (UH),Information,2013,Middle Atlantic,1,0,4,HI
University of Hawaii (UH),Information,2013,Middle Atlantic,5,0,4,HI
University of Hawaii (UH),Information,2013,Middle Atlantic,10,,,HI
University of Hawaii (UH),Information,2013,Mountain,1,0,1,HI
University of Hawaii (UH),Information,2013,Mountain,5,0,4,HI
University of Hawaii (UH),Information,2013,Mountain,10,,,HI
University of Hawaii (UH),Information,2013,New England,1,0,0,HI
University of Hawaii (UH),Information,2013,New England,5,0,0,HI
University of Hawaii (UH),Information,2013,New England,10,,,HI
University of Hawaii (UH),Information,2013,Pacific,1,85,101,HI
University of Hawaii (UH),Information,2013,Pacific,5,78,158,HI
University of Hawaii (UH),Information,2013,Pacific,10,,,HI
University of Hawaii (UH),Information,2013,South Atlantic,1,0,1,HI
University of Hawaii (UH),Information,2013,South Atlantic,5,0,4,HI
University of Hawaii (UH),Information,2013,South Atlantic,10,,,HI
University of Hawaii (UH),Information,2013,West North Central,1,0,0,HI
University of Hawaii (UH),Information,2013,West North Central,5,0,0,HI
University of Hawaii (UH),Information,2013,West North Central,10,,,HI
University of Hawaii (UH),Information,2013,West South Central,1,0,4,HI
University of Hawaii (UH),Information,2013,West South Central,5,0,1,HI
University of Hawaii (UH),Information,2013,West South Central,10,,,HI
University of Hawaii (UH),Information,2016,East North Central,1,0,1,HI
University of Hawaii (UH),Information,2016,East North Central,5,0,1,HI
University of Hawaii (UH),Information,2016,East North Central,10,,,HI
University of Hawaii (UH),Information,2016,East South Central,1,0,0,HI
University of Hawaii (UH),Information,2016,East South Central,5,0,0,HI
University of Hawaii (UH),Information,2016,East South Central,10,,,HI
University of Hawaii (UH),Information,2016,Middle Atlantic,1,0,0,HI
University of Hawaii (UH),Information,2016,Middle Atlantic,5,0,6,HI
University of Hawaii (UH),Information,2016,Middle Atlantic,10,,,HI
University of Hawaii (UH),Information,2016,Mountain,1,0,4,HI
University of Hawaii (UH),Information,2016,Mountain,5,0,2,HI
University of Hawaii (UH),Information,2016,Mountain,10,,,HI
University of Hawaii (UH),Information,2016,New England,1,0,0,HI
University of Hawaii (UH),Information,2016,New England,5,0,0,HI
University of Hawaii (UH),Information,2016,New England,10,,,HI
University of Hawaii (UH),Information,2016,Pacific,1,81,111,HI
University of Hawaii (UH),Information,2016,Pacific,5,73,137,HI
University of Hawaii (UH),Information,2016,Pacific,10,,,HI
University of Hawaii (UH),Information,2016,South Atlantic,1,0,2,HI
University of Hawaii (UH),Information,2016,South Atlantic,5,0,7,HI
University of Hawaii (UH),Information,2016,South Atlantic,10,,,HI
University of Hawaii (UH),Information,2016,West North Central,1,0,1,HI
University of Hawaii (UH),Information,2016,West North Central,5,0,0,HI
University of Hawaii (UH),Information,2016,West North Central,10,,,HI
University of Hawaii (UH),Information,2016,West South Central,1,0,0,HI
University of Hawaii (UH),Information,2016,West South Central,5,0,5,HI
University of Hawaii (UH),Information,2016,West South Central,10,,,HI
University of Hawaii (UH),Information,2019,East North Central,1,0,0,HI
University of Hawaii (UH),Information,2019,East North Central,5,,,HI
University of Hawaii (UH),Information,2019,East North Central,10,,,HI
University of Hawaii (UH),Information,2019,East South Central,1,0,0,HI
University of Hawaii (UH),Information,2019,East South Central,5,,,HI
University of Hawaii (UH),Information,2019,East South Central,10,,,HI
University of Hawaii (UH),Information,2019,Middle Atlantic,1,0,2,HI
University of Hawaii (UH),Information,2019,Middle Atlantic,5,,,HI
University of Hawaii (UH),Information,2019,Middle Atlantic,10,,,HI
University of Hawaii (UH),Information,2019,Mountain,1,0,4,HI
University of Hawaii (UH),Information,2019,Mountain,5,,,HI
University of Hawaii (UH),Information,2019,Mountain,10,,,HI
University of Hawaii (UH),Information,2019,New England,1,0,0,HI
University of Hawaii (UH),Information,2019,New England,5,,,HI
University of Hawaii (UH),Information,2019,New England,10,,,HI
University of Hawaii (UH),Information,2019,Pacific,1,78,112,HI
University of Hawaii (UH),Information,2019,Pacific,5,,,HI
University of Hawaii (UH),Information,2019,Pacific,10,,,HI
University of Hawaii (UH),Information,2019,South Atlantic,1,0,6,HI
University of Hawaii (UH),Information,2019,South Atlantic,5,,,HI
University of Hawaii (UH),Information,2019,South Atlantic,10,,,HI
University of Hawaii (UH),Information,2019,West North Central,1,0,0,HI
University of Hawaii (UH),Information,2019,West North Central,5,,,HI
University of Hawaii (UH),Information,2019,West North Central,10,,,HI
University of Hawaii (UH),Information,2019,West South Central,1,0,5,HI
University of Hawaii (UH),Information,2019,West South Central,5,,,HI
University of Hawaii (UH),Information,2019,West South Central,10,,,HI
University of Hawaii (UH),Management,2004,East North Central,1,0,0,HI
University of Hawaii (UH),Management,2004,East North Central,5,0,1,HI
University of Hawaii (UH),Management,2004,East North Central,10,0,0,HI
University of Hawaii (UH),Management,2004,East South Central,1,0,0,HI
University of Hawaii (UH),Management,2004,East South Central,5,0,0,HI
University of Hawaii (UH),Management,2004,East South Central,10,0,0,HI
University of Hawaii (UH),Management,2004,Middle Atlantic,1,0,2,HI
University of Hawaii (UH),Management,2004,Middle Atlantic,5,0,0,HI
University of Hawaii (UH),Management,2004,Middle Atlantic,10,0,0,HI
University of Hawaii (UH),Management,2004,Mountain,1,0,0,HI
University of Hawaii (UH),Management,2004,Mountain,5,0,0,HI
University of Hawaii (UH),Management,2004,Mountain,10,0,2,HI
University of Hawaii (UH),Management,2004,New England,1,0,0,HI
University of Hawaii (UH),Management,2004,New England,5,0,0,HI
University of Hawaii (UH),Management,2004,New England,10,0,0,HI
University of Hawaii (UH),Management,2004,Pacific,1,57,60,HI
University of Hawaii (UH),Management,2004,Pacific,5,61,68,HI
University of Hawaii (UH),Management,2004,Pacific,10,65,73,HI
University of Hawaii (UH),Management,2004,South Atlantic,1,0,0,HI
University of Hawaii (UH),Management,2004,South Atlantic,5,0,0,HI
University of Hawaii (UH),Management,2004,South Atlantic,10,0,1,HI
University of Hawaii (UH),Management,2004,West North Central,1,0,0,HI
University of Hawaii (UH),Management,2004,West North Central,5,0,0,HI
University of Hawaii (UH),Management,2004,West North Central,10,0,0,HI
University of Hawaii (UH),Management,2004,West South Central,1,0,0,HI
University of Hawaii (UH),Management,2004,West South Central,5,0,0,HI
University of Hawaii (UH),Management,2004,West South Central,10,0,1,HI
University of Hawaii (UH),Management,2007,East North Central,1,0,1,HI
University of Hawaii (UH),Management,2007,East North Central,5,0,1,HI
University of Hawaii (UH),Management,2007,East North Central,10,0,0,HI
University of Hawaii (UH),Management,2007,East South Central,1,0,0,HI
University of Hawaii (UH),Management,2007,East South Central,5,0,0,HI
University of Hawaii (UH),Management,2007,East South Central,10,0,0,HI
University of Hawaii (UH),Management,2007,Middle Atlantic,1,0,0,HI
University of Hawaii (UH),Management,2007,Middle Atlantic,5,0,0,HI
University of Hawaii (UH),Management,2007,Middle Atlantic,10,0,0,HI
University of Hawaii (UH),Management,2007,Mountain,1,0,0,HI
University of Hawaii (UH),Management,2007,Mountain,5,0,0,HI
University of Hawaii (UH),Management,2007,Mountain,10,0,2,HI
University of Hawaii (UH),Management,2007,New England,1,0,0,HI
University of Hawaii (UH),Management,2007,New England,5,0,0,HI
University of Hawaii (UH),Management,2007,New England,10,0,0,HI
University of Hawaii (UH),Management,2007,Pacific,1,47,53,HI
University of Hawaii (UH),Management,2007,Pacific,5,49,59,HI
University of Hawaii (UH),Management,2007,Pacific,10,60,71,HI
University of Hawaii (UH),Management,2007,South Atlantic,1,0,1,HI
University of Hawaii (UH),Management,2007,South Atlantic,5,0,1,HI
University of Hawaii (UH),Management,2007,South Atlantic,10,0,0,HI
University of Hawaii (UH),Management,2007,West North Central,1,0,0,HI
University of Hawaii (UH),Management,2007,West North Central,5,0,0,HI
University of Hawaii (UH),Management,2007,West North Central,10,0,1,HI
University of Hawaii (UH),Management,2007,West South Central,1,0,1,HI
University of Hawaii (UH),Management,2007,West South Central,5,0,0,HI
University of Hawaii (UH),Management,2007,West South Central,10,0,0,HI
University of Hawaii (UH),Management,2010,East North Central,1,0,0,HI
University of Hawaii (UH),Management,2010,East North Central,5,0,0,HI
University of Hawaii (UH),Management,2010,East North Central,10,0,0,HI
University of Hawaii (UH),Management,2010,East South Central,1,0,0,HI
University of Hawaii (UH),Management,2010,East South Central,5,0,0,HI
University of Hawaii (UH),Management,2010,East South Central,10,0,0,HI
University of Hawaii (UH),Management,2010,Middle Atlantic,1,0,1,HI
University of Hawaii (UH),Management,2010,Middle Atlantic,5,0,1,HI
University of Hawaii (UH),Management,2010,Middle Atlantic,10,0,3,HI
University of Hawaii (UH),Management,2010,Mountain,1,0,2,HI
University of Hawaii (UH),Management,2010,Mountain,5,0,1,HI
University of Hawaii (UH),Management,2010,Mountain,10,0,0,HI
University of Hawaii (UH),Management,2010,New England,1,0,0,HI
University of Hawaii (UH),Management,2010,New England,5,0,0,HI
University of Hawaii (UH),Management,2010,New England,10,0,0,HI
University of Hawaii (UH),Management,2010,Pacific,1,57,61,HI
University of Hawaii (UH),Management,2010,Pacific,5,76,90,HI
University of Hawaii (UH),Management,2010,Pacific,10,77,96,HI
University of Hawaii (UH),Management,2010,South Atlantic,1,0,1,HI
University of Hawaii (UH),Management,2010,South Atlantic,5,0,0,HI
University of Hawaii (UH),Management,2010,South Atlantic,10,0,1,HI
University of Hawaii (UH),Management,2010,West North Central,1,0,0,HI
University of Hawaii (UH),Management,2010,West North Central,5,0,0,HI
University of Hawaii (UH),Management,2010,West North Central,10,0,0,HI
University of Hawaii (UH),Management,2010,West South Central,1,0,1,HI
University of Hawaii (UH),Management,2010,West South Central,5,0,1,HI
University of Hawaii (UH),Management,2010,West South Central,10,0,1,HI
University of Hawaii (UH),Management,2013,East North Central,1,0,0,HI
University of Hawaii (UH),Management,2013,East North Central,5,0,4,HI
University of Hawaii (UH),Management,2013,East North Central,10,,,HI
University of Hawaii (UH),Management,2013,East South Central,1,0,0,HI
University of Hawaii (UH),Management,2013,East South Central,5,0,0,HI
University of Hawaii (UH),Management,2013,East South Central,10,,,HI
University of Hawaii (UH),Management,2013,Middle Atlantic,1,0,0,HI
University of Hawaii (UH),Management,2013,Middle Atlantic,5,0,0,HI
University of Hawaii (UH),Management,2013,Middle Atlantic,10,,,HI
University of Hawaii (UH),Management,2013,Mountain,1,0,0,HI
University of Hawaii (UH),Management,2013,Mountain,5,0,4,HI
University of Hawaii (UH),Management,2013,Mountain,10,,,HI
University of Hawaii (UH),Management,2013,New England,1,0,0,HI
University of Hawaii (UH),Management,2013,New England,5,0,0,HI
University of Hawaii (UH),Management,2013,New England,10,,,HI
University of Hawaii (UH),Management,2013,Pacific,1,88,93,HI
University of Hawaii (UH),Management,2013,Pacific,5,107,120,HI
University of Hawaii (UH),Management,2013,Pacific,10,,,HI
University of Hawaii (UH),Management,2013,South Atlantic,1,0,1,HI
University of Hawaii (UH),Management,2013,South Atlantic,5,0,1,HI
University of Hawaii (UH),Management,2013,South Atlantic,10,,,HI
University of Hawaii (UH),Management,2013,West North Central,1,0,0,HI
University of Hawaii (UH),Management,2013,West North Central,5,0,0,HI
University of Hawaii (UH),Management,2013,West North Central,10,,,HI
University of Hawaii (UH),Management,2013,West South Central,1,0,0,HI
University of Hawaii (UH),Management,2013,West South Central,5,0,0,HI
University of Hawaii (UH),Management,2013,West South Central,10,,,HI
University of Hawaii (UH),Management,2016,East North Central,1,0,0,HI
University of Hawaii (UH),Management,2016,East North Central,5,0,0,HI
University of Hawaii (UH),Management,2016,East North Central,10,,,HI
University of Hawaii (UH),Management,2016,East South Central,1,0,0,HI
University of Hawaii (UH),Management,2016,East South Central,5,0,0,HI
University of Hawaii (UH),Management,2016,East South Central,10,,,HI
University of Hawaii (UH),Management,2016,Middle Atlantic,1,0,1,HI
University of Hawaii (UH),Management,2016,Middle Atlantic,5,0,2,HI
University of Hawaii (UH),Management,2016,Middle Atlantic,10,,,HI
University of Hawaii (UH),Management,2016,Mountain,1,0,0,HI
University of Hawaii (UH),Management,2016,Mountain,5,0,2,HI
University of Hawaii (UH),Management,2016,Mountain,10,,,HI
University of Hawaii (UH),Management,2016,New England,1,0,0,HI
University of Hawaii (UH),Management,2016,New England,5,0,0,HI
University of Hawaii (UH),Management,2016,New England,10,,,HI
University of Hawaii (UH),Management,2016,Pacific,1,100,108,HI
University of Hawaii (UH),Management,2016,Pacific,5,122,139,HI
University of Hawaii (UH),Management,2016,Pacific,10,,,HI
University of Hawaii (UH),Management,2016,South Atlantic,1,0,0,HI
University of Hawaii (UH),Management,2016,South Atlantic,5,0,2,HI
University of Hawaii (UH),Management,2016,South Atlantic,10,,,HI
University of Hawaii (UH),Management,2016,West North Central,1,0,0,HI
University of Hawaii (UH),Management,2016,West North Central,5,0,1,HI
University of Hawaii (UH),Management,2016,West North Central,10,,,HI
University of Hawaii (UH),Management,2016,West South Central,1,0,0,HI
University of Hawaii (UH),Management,2016,West South Central,5,0,1,HI
University of Hawaii (UH),Management,2016,West South Central,10,,,HI
University of Hawaii (UH),Management,2019,East North Central,1,0,0,HI
University of Hawaii (UH),Management,2019,East North Central,5,,,HI
University of Hawaii (UH),Management,2019,East North Central,10,,,HI
University of Hawaii (UH),Management,2019,East South Central,1,0,0,HI
University of Hawaii (UH),Management,2019,East South Central,5,,,HI
University of Hawaii (UH),Management,2019,East South Central,10,,,HI
University of Hawaii (UH),Management,2019,Middle Atlantic,1,0,0,HI
University of Hawaii (UH),Management,2019,Middle Atlantic,5,,,HI
University of Hawaii (UH),Management,2019,Middle Atlantic,10,,,HI
University of Hawaii (UH),Management,2019,Mountain,1,0,0,HI
University of Hawaii (UH),Management,2019,Mountain,5,,,HI
University of Hawaii (UH),Management,2019,Mountain,10,,,HI
University of Hawaii (UH),Management,2019,New England,1,0,0,HI
University of Hawaii (UH),Management,2019,New England,5,,,HI
University of Hawaii (UH),Management,2019,New England,10,,,HI
University of Hawaii (UH),Management,2019,Pacific,1,89,94,HI
University of Hawaii (UH),Management,2019,Pacific,5,,,HI
University of Hawaii (UH),Management,2019,Pacific,10,,,HI
University of Hawaii (UH),Management,2019,South Atlantic,1,0,0,HI
University of Hawaii (UH),Management,2019,South Atlantic,5,,,HI
University of Hawaii (UH),Management,2019,South Atlantic,10,,,HI
University of Hawaii (UH),Management,2019,West North Central,1,0,0,HI
University of Hawaii (UH),Management,2019,West North Central,5,,,HI
University of Hawaii (UH),Management,2019,West North Central,10,,,HI
University of Hawaii (UH),Management,2019,West South Central,1,0,1,HI
University of Hawaii (UH),Management,2019,West South Central,5,,,HI
University of Hawaii (UH),Management,2019,West South Central,10,,,HI
University of Hawaii (UH),Manufacturing,2004,East North Central,1,0,2,HI
University of Hawaii (UH),Manufacturing,2004,East North Central,5,0,5,HI
University of Hawaii (UH),Manufacturing,2004,East North Central,10,0,0,HI
University of Hawaii (UH),Manufacturing,2004,East South Central,1,0,0,HI
University of Hawaii (UH),Manufacturing,2004,East South Central,5,0,1,HI
University of Hawaii (UH),Manufacturing,2004,East South Central,10,0,0,HI
University of Hawaii (UH),Manufacturing,2004,Middle Atlantic,1,0,0,HI
University of Hawaii (UH),Manufacturing,2004,Middle Atlantic,5,0,2,HI
University of Hawaii (UH),Manufacturing,2004,Middle Atlantic,10,0,2,HI
University of Hawaii (UH),Manufacturing,2004,Mountain,1,0,2,HI
University of Hawaii (UH),Manufacturing,2004,Mountain,5,0,3,HI
University of Hawaii (UH),Manufacturing,2004,Mountain,10,0,4,HI
University of Hawaii (UH),Manufacturing,2004,New England,1,0,0,HI
University of Hawaii (UH),Manufacturing,2004,New England,5,0,0,HI
University of Hawaii (UH),Manufacturing,2004,New England,10,0,0,HI
University of Hawaii (UH),Manufacturing,2004,Pacific,1,16,30,HI
University of Hawaii (UH),Manufacturing,2004,Pacific,5,28,60,HI
University of Hawaii (UH),Manufacturing,2004,Pacific,10,16,57,HI
University of Hawaii (UH),Manufacturing,2004,South Atlantic,1,0,4,HI
University of Hawaii (UH),Manufacturing,2004,South Atlantic,5,0,5,HI
University of Hawaii (UH),Manufacturing,2004,South Atlantic,10,0,4,HI
University of Hawaii (UH),Manufacturing,2004,West North Central,1,0,0,HI
University of Hawaii (UH),Manufacturing,2004,West North Central,5,0,2,HI
University of Hawaii (UH),Manufacturing,2004,West North Central,10,0,1,HI
University of Hawaii (UH),Manufacturing,2004,West South Central,1,0,3,HI
University of Hawaii (UH),Manufacturing,2004,West South Central,5,0,3,HI
University of Hawaii (UH),Manufacturing,2004,West South Central,10,0,2,HI
University of Hawaii (UH),Manufacturing,2007,East North Central,1,0,5,HI
University of Hawaii (UH),Manufacturing,2007,East North Central,5,0,2,HI
University of Hawaii (UH),Manufacturing,2007,East North Central,10,0,10,HI
University of Hawaii (UH),Manufacturing,2007,East South Central,1,0,0,HI
University of Hawaii (UH),Manufacturing,2007,East South Central,5,0,0,HI
University of Hawaii (UH),Manufacturing,2007,East South Central,10,0,4,HI
University of Hawaii (UH),Manufacturing,2007,Middle Atlantic,1,0,0,HI
University of Hawaii (UH),Manufacturing,2007,Middle Atlantic,5,0,5,HI
University of Hawaii (UH),Manufacturing,2007,Middle Atlantic,10,0,1,HI
University of Hawaii (UH),Manufacturing,2007,Mountain,1,0,9,HI
University of Hawaii (UH),Manufacturing,2007,Mountain,5,0,2,HI
University of Hawaii (UH),Manufacturing,2007,Mountain,10,0,6,HI
University of Hawaii (UH),Manufacturing,2007,New England,1,0,0,HI
University of Hawaii (UH),Manufacturing,2007,New England,5,0,0,HI
University of Hawaii (UH),Manufacturing,2007,New England,10,0,0,HI
University of Hawaii (UH),Manufacturing,2007,Pacific,1,28,78,HI
University of Hawaii (UH),Manufacturing,2007,Pacific,5,33,86,HI
University of Hawaii (UH),Manufacturing,2007,Pacific,10,39,98,HI
University of Hawaii (UH),Manufacturing,2007,South Atlantic,1,0,4,HI
University of Hawaii (UH),Manufacturing,2007,South Atlantic,5,0,3,HI
University of Hawaii (UH),Manufacturing,2007,South Atlantic,10,0,11,HI
University of Hawaii (UH),Manufacturing,2007,West North Central,1,0,0,HI
University of Hawaii (UH),Manufacturing,2007,West North Central,5,0,2,HI
University of Hawaii (UH),Manufacturing,2007,West North Central,10,0,2,HI
University of Hawaii (UH),Manufacturing,2007,West South Central,1,0,4,HI
University of Hawaii (UH),Manufacturing,2007,West South Central,5,0,9,HI
University of Hawaii (UH),Manufacturing,2007,West South Central,10,0,7,HI
University of Hawaii (UH),Manufacturing,2010,East North Central,1,0,14,HI
University of Hawaii (UH),Manufacturing,2010,East North Central,5,0,6,HI
University of Hawaii (UH),Manufacturing,2010,East North Central,10,0,4,HI
University of Hawaii (UH),Manufacturing,2010,East South Central,1,0,1,HI
University of Hawaii (UH),Manufacturing,2010,East South Central,5,0,2,HI
University of Hawaii (UH),Manufacturing,2010,East South Central,10,0,2,HI
University of Hawaii (UH),Manufacturing,2010,Middle Atlantic,1,0,6,HI
University of Hawaii (UH),Manufacturing,2010,Middle Atlantic,5,0,4,HI
University of Hawaii (UH),Manufacturing,2010,Middle Atlantic,10,0,3,HI
University of Hawaii (UH),Manufacturing,2010,Mountain,1,0,1,HI
University of Hawaii (UH),Manufacturing,2010,Mountain,5,0,3,HI
University of Hawaii (UH),Manufacturing,2010,Mountain,10,0,2,HI
University of Hawaii (UH),Manufacturing,2010,New England,1,0,0,HI
University of Hawaii (UH),Manufacturing,2010,New England,5,0,4,HI
University of Hawaii (UH),Manufacturing,2010,New England,10,0,0,HI
University of Hawaii (UH),Manufacturing,2010,Pacific,1,24,72,HI
University of Hawaii (UH),Manufacturing,2010,Pacific,5,34,109,HI
University of Hawaii (UH),Manufacturing,2010,Pacific,10,30,109,HI
University of Hawaii (UH),Manufacturing,2010,South Atlantic,1,0,7,HI
University of Hawaii (UH),Manufacturing,2010,South Atlantic,5,0,7,HI
University of Hawaii (UH),Manufacturing,2010,South Atlantic,10,0,12,HI
University of Hawaii (UH),Manufacturing,2010,West North Central,1,0,0,HI
University of Hawaii (UH),Manufacturing,2010,West North Central,5,0,3,HI
University of Hawaii (UH),Manufacturing,2010,West North Central,10,0,3,HI
University of Hawaii (UH),Manufacturing,2010,West South Central,1,0,6,HI
University of Hawaii (UH),Manufacturing,2010,West South Central,5,0,5,HI
University of Hawaii (UH),Manufacturing,2010,West South Central,10,0,13,HI
University of Hawaii (UH),Manufacturing,2013,East North Central,1,0,6,HI
University of Hawaii (UH),Manufacturing,2013,East North Central,5,0,10,HI
University of Hawaii (UH),Manufacturing,2013,East North Central,10,,,HI
University of Hawaii (UH),Manufacturing,2013,East South Central,1,0,0,HI
University of Hawaii (UH),Manufacturing,2013,East South Central,5,0,2,HI
University of Hawaii (UH),Manufacturing,2013,East South Central,10,,,HI
University of Hawaii (UH),Manufacturing,2013,Middle Atlantic,1,0,5,HI
University of Hawaii (UH),Manufacturing,2013,Middle Atlantic,5,0,6,HI
University of Hawaii (UH),Manufacturing,2013,Middle Atlantic,10,,,HI
University of Hawaii (UH),Manufacturing,2013,Mountain,1,0,3,HI
University of Hawaii (UH),Manufacturing,2013,Mountain,5,0,12,HI
University of Hawaii (UH),Manufacturing,2013,Mountain,10,,,HI
University of Hawaii (UH),Manufacturing,2013,New England,1,0,0,HI
University of Hawaii (UH),Manufacturing,2013,New England,5,0,3,HI
University of Hawaii (UH),Manufacturing,2013,New England,10,,,HI
University of Hawaii (UH),Manufacturing,2013,Pacific,1,51,107,HI
University of Hawaii (UH),Manufacturing,2013,Pacific,5,55,128,HI
University of Hawaii (UH),Manufacturing,2013,Pacific,10,,,HI
University of Hawaii (UH),Manufacturing,2013,South Atlantic,1,0,5,HI
University of Hawaii (UH),Manufacturing,2013,South Atlantic,5,0,5,HI
University of Hawaii (UH),Manufacturing,2013,South Atlantic,10,,,HI
University of Hawaii (UH),Manufacturing,2013,West North Central,1,0,0,HI
University of Hawaii (UH),Manufacturing,2013,West North Central,5,0,1,HI
University of Hawaii (UH),Manufacturing,2013,West North Central,10,,,HI
University of Hawaii (UH),Manufacturing,2013,West South Central,1,0,4,HI
University of Hawaii (UH),Manufacturing,2013,West South Central,5,0,3,HI
University of Hawaii (UH),Manufacturing,2013,West South Central,10,,,HI
University of Hawaii (UH),Manufacturing,2016,East North Central,1,0,1,HI
University of Hawaii (UH),Manufacturing,2016,East North Central,5,0,6,HI
University of Hawaii (UH),Manufacturing,2016,East North Central,10,,,HI
University of Hawaii (UH),Manufacturing,2016,East South Central,1,0,2,HI
University of Hawaii (UH),Manufacturing,2016,East South Central,5,0,1,HI
University of Hawaii (UH),Manufacturing,2016,East South Central,10,,,HI
University of Hawaii (UH),Manufacturing,2016,Middle Atlantic,1,0,5,HI
University of Hawaii (UH),Manufacturing,2016,Middle Atlantic,5,0,3,HI
University of Hawaii (UH),Manufacturing,2016,Middle Atlantic,10,,,HI
University of Hawaii (UH),Manufacturing,2016,Mountain,1,0,7,HI
University of Hawaii (UH),Manufacturing,2016,Mountain,5,0,13,HI
University of Hawaii (UH),Manufacturing,2016,Mountain,10,,,HI
University of Hawaii (UH),Manufacturing,2016,New England,1,0,1,HI
University of Hawaii (UH),Manufacturing,2016,New England,5,0,2,HI
University of Hawaii (UH),Manufacturing,2016,New England,10,,,HI
University of Hawaii (UH),Manufacturing,2016,Pacific,1,43,92,HI
University of Hawaii (UH),Manufacturing,2016,Pacific,5,43,116,HI
University of Hawaii (UH),Manufacturing,2016,Pacific,10,,,HI
University of Hawaii (UH),Manufacturing,2016,South Atlantic,1,0,2,HI
University of Hawaii (UH),Manufacturing,2016,South Atlantic,5,0,9,HI
University of Hawaii (UH),Manufacturing,2016,South Atlantic,10,,,HI
University of Hawaii (UH),Manufacturing,2016,West North Central,1,0,5,HI
University of Hawaii (UH),Manufacturing,2016,West North Central,5,0,2,HI
University of Hawaii (UH),Manufacturing,2016,West North Central,10,,,HI
University of Hawaii (UH),Manufacturing,2016,West South Central,1,0,5,HI
University of Hawaii (UH),Manufacturing,2016,West South Central,5,0,5,HI
University of Hawaii (UH),Manufacturing,2016,West South Central,10,,,HI
University of Hawaii (UH),Manufacturing,2019,East North Central,1,0,5,HI
University of Hawaii (UH),Manufacturing,2019,East North Central,5,,,HI
University of Hawaii (UH),Manufacturing,2019,East North Central,10,,,HI
University of Hawaii (UH),Manufacturing,2019,East South Central,1,0,0,HI
University of Hawaii (UH),Manufacturing,2019,East South Central,5,,,HI
University of Hawaii (UH),Manufacturing,2019,East South Central,10,,,HI
University of Hawaii (UH),Manufacturing,2019,Middle Atlantic,1,0,4,HI
University of Hawaii (UH),Manufacturing,2019,Middle Atlantic,5,,,HI
University of Hawaii (UH),Manufacturing,2019,Middle Atlantic,10,,,HI
University of Hawaii (UH),Manufacturing,2019,Mountain,1,0,9,HI
University of Hawaii (UH),Manufacturing,2019,Mountain,5,,,HI
University of Hawaii (UH),Manufacturing,2019,Mountain,10,,,HI
University of Hawaii (UH),Manufacturing,2019,New England,1,0,1,HI
University of Hawaii (UH),Manufacturing,2019,New England,5,,,HI
University of Hawaii (UH),Manufacturing,2019,New England,10,,,HI
University of Hawaii (UH),Manufacturing,2019,Pacific,1,46,76,HI
University of Hawaii (UH),Manufacturing,2019,Pacific,5,,,HI
University of Hawaii (UH),Manufacturing,2019,Pacific,10,,,HI
University of Hawaii (UH),Manufacturing,2019,South Atlantic,1,0,4,HI
University of Hawaii (UH),Manufacturing,2019,South Atlantic,5,,,HI
University of Hawaii (UH),Manufacturing,2019,South Atlantic,10,,,HI
University of Hawaii (UH),Manufacturing,2019,West North Central,1,0,1,HI
University of Hawaii (UH),Manufacturing,2019,West North Central,5,,,HI
University of Hawaii (UH),Manufacturing,2019,West North Central,10,,,HI
University of Hawaii (UH),Manufacturing,2019,West South Central,1,0,6,HI
University of Hawaii (UH),Manufacturing,2019,West South Central,5,,,HI
University of Hawaii (UH),Manufacturing,2019,West South Central,10,,,HI
University of Hawaii (UH),Mining,2004,East North Central,1,0,0,HI
University of Hawaii (UH),Mining,2004,East North Central,5,0,0,HI
University of Hawaii (UH),Mining,2004,East North Central,10,0,0,HI
University of Hawaii (UH),Mining,2004,East South Central,1,0,0,HI
University of Hawaii (UH),Mining,2004,East South Central,5,0,0,HI
University of Hawaii (UH),Mining,2004,East South Central,10,0,0,HI
University of Hawaii (UH),Mining,2004,Middle Atlantic,1,0,0,HI
University of Hawaii (UH),Mining,2004,Middle Atlantic,5,0,0,HI
University of Hawaii (UH),Mining,2004,Middle Atlantic,10,0,0,HI
University of Hawaii (UH),Mining,2004,Mountain,1,0,0,HI
University of Hawaii (UH),Mining,2004,Mountain,5,0,0,HI
University of Hawaii (UH),Mining,2004,Mountain,10,0,0,HI
University of Hawaii (UH),Mining,2004,New England,1,0,0,HI
University of Hawaii (UH),Mining,2004,New England,5,0,0,HI
University of Hawaii (UH),Mining,2004,New England,10,0,0,HI
University of Hawaii (UH),Mining,2004,Pacific,1,0,0,HI
University of Hawaii (UH),Mining,2004,Pacific,5,0,0,HI
University of Hawaii (UH),Mining,2004,Pacific,10,0,0,HI
University of Hawaii (UH),Mining,2004,South Atlantic,1,0,0,HI
University of Hawaii (UH),Mining,2004,South Atlantic,5,0,0,HI
University of Hawaii (UH),Mining,2004,South Atlantic,10,0,0,HI
University of Hawaii (UH),Mining,2004,West North Central,1,0,0,HI
University of Hawaii (UH),Mining,2004,West North Central,5,0,0,HI
University of Hawaii (UH),Mining,2004,West North Central,10,0,0,HI
University of Hawaii (UH),Mining,2004,West South Central,1,0,1,HI
University of Hawaii (UH),Mining,2004,West South Central,5,0,0,HI
University of Hawaii (UH),Mining,2004,West South Central,10,0,0,HI
University of Hawaii (UH),Mining,2007,East North Central,1,0,0,HI
University of Hawaii (UH),Mining,2007,East North Central,5,0,0,HI
University of Hawaii (UH),Mining,2007,East North Central,10,0,0,HI
University of Hawaii (UH),Mining,2007,East South Central,1,0,0,HI
University of Hawaii (UH),Mining,2007,East South Central,5,0,0,HI
University of Hawaii (UH),Mining,2007,East South Central,10,0,0,HI
University of Hawaii (UH),Mining,2007,Middle Atlantic,1,0,0,HI
University of Hawaii (UH),Mining,2007,Middle Atlantic,5,0,0,HI
University of Hawaii (UH),Mining,2007,Middle Atlantic,10,0,0,HI
University of Hawaii (UH),Mining,2007,Mountain,1,0,0,HI
University of Hawaii (UH),Mining,2007,Mountain,5,0,0,HI
University of Hawaii (UH),Mining,2007,Mountain,10,0,0,HI
University of Hawaii (UH),Mining,2007,New England,1,0,0,HI
University of Hawaii (UH),Mining,2007,New England,5,0,0,HI
University of Hawaii (UH),Mining,2007,New England,10,0,0,HI
University of Hawaii (UH),Mining,2007,Pacific,1,0,0,HI
University of Hawaii (UH),Mining,2007,Pacific,5,0,0,HI
University of Hawaii (UH),Mining,2007,Pacific,10,0,0,HI
University of Hawaii (UH),Mining,2007,South Atlantic,1,0,0,HI
University of Hawaii (UH),Mining,2007,South Atlantic,5,0,0,HI
University of Hawaii (UH),Mining,2007,South Atlantic,10,0,0,HI
University of Hawaii (UH),Mining,2007,West North Central,1,0,0,HI
University of Hawaii (UH),Mining,2007,West North Central,5,0,0,HI
University of Hawaii (UH),Mining,2007,West North Central,10,0,0,HI
University of Hawaii (UH),Mining,2007,West South Central,1,0,1,HI
University of Hawaii (UH),Mining,2007,West South Central,5,0,1,HI
University of Hawaii (UH),Mining,2007,West South Central,10,0,0,HI
University of Hawaii (UH),Mining,2010,East North Central,1,0,0,HI
University of Hawaii (UH),Mining,2010,East North Central,5,0,0,HI
University of Hawaii (UH),Mining,2010,East North Central,10,0,0,HI
University of Hawaii (UH),Mining,2010,East South Central,1,0,0,HI
University of Hawaii (UH),Mining,2010,East South Central,5,0,0,HI
University of Hawaii (UH),Mining,2010,East South Central,10,0,0,HI
University of Hawaii (UH),Mining,2010,Middle Atlantic,1,0,0,HI
University of Hawaii (UH),Mining,2010,Middle Atlantic,5,0,0,HI
University of Hawaii (UH),Mining,2010,Middle Atlantic,10,0,0,HI
University of Hawaii (UH),Mining,2010,Mountain,1,0,0,HI
University of Hawaii (UH),Mining,2010,Mountain,5,0,0,HI
University of Hawaii (UH),Mining,2010,Mountain,10,0,0,HI
University of Hawaii (UH),Mining,2010,New England,1,0,0,HI
University of Hawaii (UH),Mining,2010,New England,5,0,0,HI
University of Hawaii (UH),Mining,2010,New England,10,0,0,HI
University of Hawaii (UH),Mining,2010,Pacific,1,0,0,HI
University of Hawaii (UH),Mining,2010,Pacific,5,0,0,HI
University of Hawaii (UH),Mining,2010,Pacific,10,0,0,HI
University of Hawaii (UH),Mining,2010,South Atlantic,1,0,0,HI
University of Hawaii (UH),Mining,2010,South Atlantic,5,0,0,HI
University of Hawaii (UH),Mining,2010,South Atlantic,10,0,0,HI
University of Hawaii (UH),Mining,2010,West North Central,1,0,0,HI
University of Hawaii (UH),Mining,2010,West North Central,5,0,0,HI
University of Hawaii (UH),Mining,2010,West North Central,10,0,0,HI
University of Hawaii (UH),Mining,2010,West South Central,1,0,0,HI
University of Hawaii (UH),Mining,2010,West South Central,5,0,0,HI
University of Hawaii (UH),Mining,2010,West South Central,10,0,0,HI
University of Hawaii (UH),Mining,2013,East North Central,1,0,0,HI
University of Hawaii (UH),Mining,2013,East North Central,5,0,0,HI
University of Hawaii (UH),Mining,2013,East North Central,10,,,HI
University of Hawaii (UH),Mining,2013,East South Central,1,0,0,HI
University of Hawaii (UH),Mining,2013,East South Central,5,0,0,HI
University of Hawaii (UH),Mining,2013,East South Central,10,,,HI
University of Hawaii (UH),Mining,2013,Middle Atlantic,1,0,0,HI
University of Hawaii (UH),Mining,2013,Middle Atlantic,5,0,0,HI
University of Hawaii (UH),Mining,2013,Middle Atlantic,10,,,HI
University of Hawaii (UH),Mining,2013,Mountain,1,0,0,HI
University of Hawaii (UH),Mining,2013,Mountain,5,0,0,HI
University of Hawaii (UH),Mining,2013,Mountain,10,,,HI
University of Hawaii (UH),Mining,2013,New England,1,0,0,HI
University of Hawaii (UH),Mining,2013,New England,5,0,0,HI
University of Hawaii (UH),Mining,2013,New England,10,,,HI
University of Hawaii (UH),Mining,2013,Pacific,1,0,0,HI
University of Hawaii (UH),Mining,2013,Pacific,5,0,0,HI
University of Hawaii (UH),Mining,2013,Pacific,10,,,HI
University of Hawaii (UH),Mining,2013,South Atlantic,1,0,0,HI
University of Hawaii (UH),Mining,2013,South Atlantic,5,0,0,HI
University of Hawaii (UH),Mining,2013,South Atlantic,10,,,HI
University of Hawaii (UH),Mining,2013,West North Central,1,0,0,HI
University of Hawaii (UH),Mining,2013,West North Central,5,0,0,HI
University of Hawaii (UH),Mining,2013,West North Central,10,,,HI
University of Hawaii (UH),Mining,2013,West South Central,1,0,2,HI
University of Hawaii (UH),Mining,2013,West South Central,5,0,0,HI
University of Hawaii (UH),Mining,2013,West South Central,10,,,HI
University of Hawaii (UH),Mining,2016,East North Central,1,0,0,HI
University of Hawaii (UH),Mining,2016,East North Central,5,0,0,HI
University of Hawaii (UH),Mining,2016,East North Central,10,,,HI
University of Hawaii (UH),Mining,2016,East South Central,1,0,0,HI
University of Hawaii (UH),Mining,2016,East South Central,5,0,0,HI
University of Hawaii (UH),Mining,2016,East South Central,10,,,HI
University of Hawaii (UH),Mining,2016,Middle Atlantic,1,0,0,HI
University of Hawaii (UH),Mining,2016,Middle Atlantic,5,0,0,HI
University of Hawaii (UH),Mining,2016,Middle Atlantic,10,,,HI
University of Hawaii (UH),Mining,2016,Mountain,1,0,0,HI
University of Hawaii (UH),Mining,2016,Mountain,5,0,0,HI
University of Hawaii (UH),Mining,2016,Mountain,10,,,HI
University of Hawaii (UH),Mining,2016,New England,1,0,0,HI
University of Hawaii (UH),Mining,2016,New England,5,0,0,HI
University of Hawaii (UH),Mining,2016,New England,10,,,HI
University of Hawaii (UH),Mining,2016,Pacific,1,0,0,HI
University of Hawaii (UH),Mining,2016,Pacific,5,0,1,HI
University of Hawaii (UH),Mining,2016,Pacific,10,,,HI
University of Hawaii (UH),Mining,2016,South Atlantic,1,0,0,HI
University of Hawaii (UH),Mining,2016,South Atlantic,5,0,0,HI
University of Hawaii (UH),Mining,2016,South Atlantic,10,,,HI
University of Hawaii (UH),Mining,2016,West North Central,1,0,0,HI
University of Hawaii (UH),Mining,2016,West North Central,5,0,0,HI
University of Hawaii (UH),Mining,2016,West North Central,10,,,HI
University of Hawaii (UH),Mining,2016,West South Central,1,0,1,HI
University of Hawaii (UH),Mining,2016,West South Central,5,0,1,HI
University of Hawaii (UH),Mining,2016,West South Central,10,,,HI
University of Hawaii (UH),Mining,2019,East North Central,1,0,0,HI
University of Hawaii (UH),Mining,2019,East North Central,5,,,HI
University of Hawaii (UH),Mining,2019,East North Central,10,,,HI
University of Hawaii (UH),Mining,2019,East South Central,1,0,0,HI
University of Hawaii (UH),Mining,2019,East South Central,5,,,HI
University of Hawaii (UH),Mining,2019,East South Central,10,,,HI
University of Hawaii (UH),Mining,2019,Middle Atlantic,1,0,0,HI
University of Hawaii (UH),Mining,2019,Middle Atlantic,5,,,HI
University of Hawaii (UH),Mining,2019,Middle Atlantic,10,,,HI
University of Hawaii (UH),Mining,2019,Mountain,1,0,0,HI
University of Hawaii (UH),Mining,2019,Mountain,5,,,HI
University of Hawaii (UH),Mining,2019,Mountain,10,,,HI
University of Hawaii (UH),Mining,2019,New England,1,0,0,HI
University of Hawaii (UH),Mining,2019,New England,5,,,HI
University of Hawaii (UH),Mining,2019,New England,10,,,HI
University of Hawaii (UH),Mining,2019,Pacific,1,0,0,HI
University of Hawaii (UH),Mining,2019,Pacific,5,,,HI
University of Hawaii (UH),Mining,2019,Pacific,10,,,HI
University of Hawaii (UH),Mining,2019,South Atlantic,1,0,0,HI
University of Hawaii (UH),Mining,2019,South Atlantic,5,,,HI
University of Hawaii (UH),Mining,2019,South Atlantic,10,,,HI
University of Hawaii (UH),Mining,2019,West North Central,1,0,0,HI
University of Hawaii (UH),Mining,2019,West North Central,5,,,HI
University of Hawaii (UH),Mining,2019,West North Central,10,,,HI
University of Hawaii (UH),Mining,2019,West South Central,1,0,1,HI
University of Hawaii (UH),Mining,2019,West South Central,5,,,HI
University of Hawaii (UH),Mining,2019,West South Central,10,,,HI
University of Hawaii (UH),Other Services,2004,East North Central,1,0,0,HI
University of Hawaii (UH),Other Services,2004,East North Central,5,0,0,HI
University of Hawaii (UH),Other Services,2004,East North Central,10,0,0,HI
University of Hawaii (UH),Other Services,2004,East South Central,1,0,0,HI
University of Hawaii (UH),Other Services,2004,East South Central,5,0,0,HI
University of Hawaii (UH),Other Services,2004,East South Central,10,0,0,HI
University of Hawaii (UH),Other Services,2004,Middle Atlantic,1,0,2,HI
University of Hawaii (UH),Other Services,2004,Middle Atlantic,5,0,1,HI
University of Hawaii (UH),Other Services,2004,Middle Atlantic,10,0,0,HI
University of Hawaii (UH),Other Services,2004,Mountain,1,0,0,HI
University of Hawaii (UH),Other Services,2004,Mountain,5,0,0,HI
University of Hawaii (UH),Other Services,2004,Mountain,10,0,0,HI
University of Hawaii (UH),Other Services,2004,New England,1,0,1,HI
University of Hawaii (UH),Other Services,2004,New England,5,0,0,HI
University of Hawaii (UH),Other Services,2004,New England,10,0,0,HI
University of Hawaii (UH),Other Services,2004,Pacific,1,76,79,HI
University of Hawaii (UH),Other Services,2004,Pacific,5,45,58,HI
University of Hawaii (UH),Other Services,2004,Pacific,10,53,72,HI
University of Hawaii (UH),Other Services,2004,South Atlantic,1,0,0,HI
University of Hawaii (UH),Other Services,2004,South Atlantic,5,0,2,HI
University of Hawaii (UH),Other Services,2004,South Atlantic,10,0,1,HI
University of Hawaii (UH),Other Services,2004,West North Central,1,0,0,HI
University of Hawaii (UH),Other Services,2004,West North Central,5,0,0,HI
University of Hawaii (UH),Other Services,2004,West North Central,10,0,0,HI
University of Hawaii (UH),Other Services,2004,West South Central,1,0,4,HI
University of Hawaii (UH),Other Services,2004,West South Central,5,0,2,HI
University of Hawaii (UH),Other Services,2004,West South Central,10,0,3,HI
University of Hawaii (UH),Other Services,2007,East North Central,1,0,0,HI
University of Hawaii (UH),Other Services,2007,East North Central,5,0,1,HI
University of Hawaii (UH),Other Services,2007,East North Central,10,0,2,HI
University of Hawaii (UH),Other Services,2007,East South Central,1,0,0,HI
University of Hawaii (UH),Other Services,2007,East South Central,5,0,1,HI
University of Hawaii (UH),Other Services,2007,East South Central,10,0,2,HI
University of Hawaii (UH),Other Services,2007,Middle Atlantic,1,0,0,HI
University of Hawaii (UH),Other Services,2007,Middle Atlantic,5,0,7,HI
University of Hawaii (UH),Other Services,2007,Middle Atlantic,10,0,3,HI
University of Hawaii (UH),Other Services,2007,Mountain,1,0,3,HI
University of Hawaii (UH),Other Services,2007,Mountain,5,0,1,HI
University of Hawaii (UH),Other Services,2007,Mountain,10,0,2,HI
University of Hawaii (UH),Other Services,2007,New England,1,0,0,HI
University of Hawaii (UH),Other Services,2007,New England,5,0,0,HI
University of Hawaii (UH),Other Services,2007,New England,10,0,1,HI
University of Hawaii (UH),Other Services,2007,Pacific,1,81,93,HI
University of Hawaii (UH),Other Services,2007,Pacific,5,83,109,HI
University of Hawaii (UH),Other Services,2007,Pacific,10,81,101,HI
University of Hawaii (UH),Other Services,2007,South Atlantic,1,0,1,HI
University of Hawaii (UH),Other Services,2007,South Atlantic,5,0,8,HI
University of Hawaii (UH),Other Services,2007,South Atlantic,10,0,4,HI
University of Hawaii (UH),Other Services,2007,West North Central,1,0,0,HI
University of Hawaii (UH),Other Services,2007,West North Central,5,0,0,HI
University of Hawaii (UH),Other Services,2007,West North Central,10,0,0,HI
University of Hawaii (UH),Other Services,2007,West South Central,1,0,0,HI
University of Hawaii (UH),Other Services,2007,West South Central,5,0,2,HI
University of Hawaii (UH),Other Services,2007,West South Central,10,0,2,HI
University of Hawaii (UH),Other Services,2010,East North Central,1,0,0,HI
University of Hawaii (UH),Other Services,2010,East North Central,5,0,4,HI
University of Hawaii (UH),Other Services,2010,East North Central,10,0,3,HI
University of Hawaii (UH),Other Services,2010,East South Central,1,0,0,HI
University of Hawaii (UH),Other Services,2010,East South Central,5,0,0,HI
University of Hawaii (UH),Other Services,2010,East South Central,10,0,0,HI
University of Hawaii (UH),Other Services,2010,Middle Atlantic,1,0,1,HI
University of Hawaii (UH),Other Services,2010,Middle Atlantic,5,0,3,HI
University of Hawaii (UH),Other Services,2010,Middle Atlantic,10,0,2,HI
University of Hawaii (UH),Other Services,2010,Mountain,1,0,4,HI
University of Hawaii (UH),Other Services,2010,Mountain,5,0,5,HI
University of Hawaii (UH),Other Services,2010,Mountain,10,0,3,HI
University of Hawaii (UH),Other Services,2010,New England,1,0,0,HI
University of Hawaii (UH),Other Services,2010,New England,5,0,3,HI
University of Hawaii (UH),Other Services,2010,New England,10,0,0,HI
University of Hawaii (UH),Other Services,2010,Pacific,1,80,87,HI
University of Hawaii (UH),Other Services,2010,Pacific,5,100,115,HI
University of Hawaii (UH),Other Services,2010,Pacific,10,87,109,HI
University of Hawaii (UH),Other Services,2010,South Atlantic,1,0,4,HI
University of Hawaii (UH),Other Services,2010,South Atlantic,5,0,12,HI
University of Hawaii (UH),Other Services,2010,South Atlantic,10,0,4,HI
University of Hawaii (UH),Other Services,2010,West North Central,1,0,0,HI
University of Hawaii (UH),Other Services,2010,West North Central,5,0,0,HI
University of Hawaii (UH),Other Services,2010,West North Central,10,0,0,HI
University of Hawaii (UH),Other Services,2010,West South Central,1,0,5,HI
University of Hawaii (UH),Other Services,2010,West South Central,5,0,1,HI
University of Hawaii (UH),Other Services,2010,West South Central,10,0,3,HI
University of Hawaii (UH),Other Services,2013,East North Central,1,0,0,HI
University of Hawaii (UH),Other Services,2013,East North Central,5,0,4,HI
University of Hawaii (UH),Other Services,2013,East North Central,10,,,HI
University of Hawaii (UH),Other Services,2013,East South Central,1,0,1,HI
University of Hawaii (UH),Other Services,2013,East South Central,5,0,0,HI
University of Hawaii (UH),Other Services,2013,East South Central,10,,,HI
University of Hawaii (UH),Other Services,2013,Middle Atlantic,1,0,2,HI
University of Hawaii (UH),Other Services,2013,Middle Atlantic,5,0,6,HI
University of Hawaii (UH),Other Services,2013,Middle Atlantic,10,,,HI
University of Hawaii (UH),Other Services,2013,Mountain,1,0,1,HI
University of Hawaii (UH),Other Services,2013,Mountain,5,0,1,HI
University of Hawaii (UH),Other Services,2013,Mountain,10,,,HI
University of Hawaii (UH),Other Services,2013,New England,1,0,2,HI
University of Hawaii (UH),Other Services,2013,New England,5,0,1,HI
University of Hawaii (UH),Other Services,2013,New England,10,,,HI
University of Hawaii (UH),Other Services,2013,Pacific,1,84,98,HI
University of Hawaii (UH),Other Services,2013,Pacific,5,115,134,HI
University of Hawaii (UH),Other Services,2013,Pacific,10,,,HI
University of Hawaii (UH),Other Services,2013,South Atlantic,1,0,2,HI
University of Hawaii (UH),Other Services,2013,South Atlantic,5,0,10,HI
University of Hawaii (UH),Other Services,2013,South Atlantic,10,,,HI
University of Hawaii (UH),Other Services,2013,West North Central,1,0,0,HI
University of Hawaii (UH),Other Services,2013,West North Central,5,0,0,HI
University of Hawaii (UH),Other Services,2013,West North Central,10,,,HI
University of Hawaii (UH),Other Services,2013,West South Central,1,0,2,HI
University of Hawaii (UH),Other Services,2013,West South Central,5,0,5,HI
University of Hawaii (UH),Other Services,2013,West South Central,10,,,HI
University of Hawaii (UH),Other Services,2016,East North Central,1,0,0,HI
University of Hawaii (UH),Other Services,2016,East North Central,5,0,2,HI
University of Hawaii (UH),Other Services,2016,East North Central,10,,,HI
University of Hawaii (UH),Other Services,2016,East South Central,1,0,0,HI
University of Hawaii (UH),Other Services,2016,East South Central,5,0,0,HI
University of Hawaii (UH),Other Services,2016,East South Central,10,,,HI
University of Hawaii (UH),Other Services,2016,Middle Atlantic,1,0,1,HI
University of Hawaii (UH),Other Services,2016,Middle Atlantic,5,0,2,HI
University of Hawaii (UH),Other Services,2016,Middle Atlantic,10,,,HI
University of Hawaii (UH),Other Services,2016,Mountain,1,0,0,HI
University of Hawaii (UH),Other Services,2016,Mountain,5,0,8,HI
University of Hawaii (UH),Other Services,2016,Mountain,10,,,HI
University of Hawaii (UH),Other Services,2016,New England,1,0,0,HI
University of Hawaii (UH),Other Services,2016,New England,5,0,0,HI
University of Hawaii (UH),Other Services,2016,New England,10,,,HI
University of Hawaii (UH),Other Services,2016,Pacific,1,111,127,HI
University of Hawaii (UH),Other Services,2016,Pacific,5,97,124,HI
University of Hawaii (UH),Other Services,2016,Pacific,10,,,HI
University of Hawaii (UH),Other Services,2016,South Atlantic,1,0,5,HI
University of Hawaii (UH),Other Services,2016,South Atlantic,5,0,6,HI
University of Hawaii (UH),Other Services,2016,South Atlantic,10,,,HI
University of Hawaii (UH),Other Services,2016,West North Central,1,0,0,HI
University of Hawaii (UH),Other Services,2016,West North Central,5,0,0,HI
University of Hawaii (UH),Other Services,2016,West North Central,10,,,HI
University of Hawaii (UH),Other Services,2016,West South Central,1,0,6,HI
University of Hawaii (UH),Other Services,2016,West South Central,5,0,4,HI
University of Hawaii (UH),Other Services,2016,West South Central,10,,,HI
University of Hawaii (UH),Other Services,2019,East North Central,1,0,0,HI
University of Hawaii (UH),Other Services,2019,East North Central,5,,,HI
University of Hawaii (UH),Other Services,2019,East North Central,10,,,HI
University of Hawaii (UH),Other Services,2019,East South Central,1,0,0,HI
University of Hawaii (UH),Other Services,2019,East South Central,5,,,HI
University of Hawaii (UH),Other Services,2019,East South Central,10,,,HI
University of Hawaii (UH),Other Services,2019,Middle Atlantic,1,0,0,HI
University of Hawaii (UH),Other Services,2019,Middle Atlantic,5,,,HI
University of Hawaii (UH),Other Services,2019,Middle Atlantic,10,,,HI
University of Hawaii (UH),Other Services,2019,Mountain,1,0,0,HI
University of Hawaii (UH),Other Services,2019,Mountain,5,,,HI
University of Hawaii (UH),Other Services,2019,Mountain,10,,,HI
University of Hawaii (UH),Other Services,2019,New England,1,0,0,HI
University of Hawaii (UH),Other Services,2019,New England,5,,,HI
University of Hawaii (UH),Other Services,2019,New England,10,,,HI
University of Hawaii (UH),Other Services,2019,Pacific,1,117,123,HI
University of Hawaii (UH),Other Services,2019,Pacific,5,,,HI
University of Hawaii (UH),Other Services,2019,Pacific,10,,,HI
University of Hawaii (UH),Other Services,2019,South Atlantic,1,0,2,HI
University of Hawaii (UH),Other Services,2019,South Atlantic,5,,,HI
University of Hawaii (UH),Other Services,2019,South Atlantic,10,,,HI
University of Hawaii (UH),Other Services,2019,West North Central,1,0,0,HI
University of Hawaii (UH),Other Services,2019,West North Central,5,,,HI
University of Hawaii (UH),Other Services,2019,West North Central,10,,,HI
University of Hawaii (UH),Other Services,2019,West South Central,1,0,1,HI
University of Hawaii (UH),Other Services,2019,West South Central,5,,,HI
University of Hawaii (UH),Other Services,2019,West South Central,10,,,HI
University of Hawaii (UH),Professional Services,2004,East North Central,1,0,8,HI
University of Hawaii (UH),Professional Services,2004,East North Central,5,0,9,HI
University of Hawaii (UH),Professional Services,2004,East North Central,10,0,16,HI
University of Hawaii (UH),Professional Services,2004,East South Central,1,0,0,HI
University of Hawaii (UH),Professional Services,2004,East South Central,5,0,0,HI
University of Hawaii (UH),Professional Services,2004,East South Central,10,0,1,HI
University of Hawaii (UH),Professional Services,2004,Middle Atlantic,1,0,5,HI
University of Hawaii (UH),Professional Services,2004,Middle Atlantic,5,0,13,HI
University of Hawaii (UH),Professional Services,2004,Middle Atlantic,10,0,16,HI
University of Hawaii (UH),Professional Services,2004,Mountain,1,0,5,HI
University of Hawaii (UH),Professional Services,2004,Mountain,5,0,12,HI
University of Hawaii (UH),Professional Services,2004,Mountain,10,0,11,HI
University of Hawaii (UH),Professional Services,2004,New England,1,0,0,HI
University of Hawaii (UH),Professional Services,2004,New England,5,0,6,HI
University of Hawaii (UH),Professional Services,2004,New England,10,0,7,HI
University of Hawaii (UH),Professional Services,2004,Pacific,1,347,394,HI
University of Hawaii (UH),Professional Services,2004,Pacific,5,256,317,HI
University of Hawaii (UH),Professional Services,2004,Pacific,10,212,297,HI
University of Hawaii (UH),Professional Services,2004,South Atlantic,1,0,7,HI
University of Hawaii (UH),Professional Services,2004,South Atlantic,5,0,18,HI
University of Hawaii (UH),Professional Services,2004,South Atlantic,10,0,13,HI
University of Hawaii (UH),Professional Services,2004,West North Central,1,0,1,HI
University of Hawaii (UH),Professional Services,2004,West North Central,5,0,2,HI
University of Hawaii (UH),Professional Services,2004,West North Central,10,0,3,HI
University of Hawaii (UH),Professional Services,2004,West South Central,1,0,3,HI
University of Hawaii (UH),Professional Services,2004,West South Central,5,0,4,HI
University of Hawaii (UH),Professional Services,2004,West South Central,10,0,9,HI
University of Hawaii (UH),Professional Services,2007,East North Central,1,0,13,HI
University of Hawaii (UH),Professional Services,2007,East North Central,5,0,15,HI
University of Hawaii (UH),Professional Services,2007,East North Central,10,0,23,HI
University of Hawaii (UH),Professional Services,2007,East South Central,1,0,2,HI
University of Hawaii (UH),Professional Services,2007,East South Central,5,0,2,HI
University of Hawaii (UH),Professional Services,2007,East South Central,10,0,1,HI
University of Hawaii (UH),Professional Services,2007,Middle Atlantic,1,0,10,HI
University of Hawaii (UH),Professional Services,2007,Middle Atlantic,5,0,23,HI
University of Hawaii (UH),Professional Services,2007,Middle Atlantic,10,0,18,HI
University of Hawaii (UH),Professional Services,2007,Mountain,1,0,15,HI
University of Hawaii (UH),Professional Services,2007,Mountain,5,0,17,HI
University of Hawaii (UH),Professional Services,2007,Mountain,10,0,34,HI
University of Hawaii (UH),Professional Services,2007,New England,1,0,7,HI
University of Hawaii (UH),Professional Services,2007,New England,5,0,7,HI
University of Hawaii (UH),Professional Services,2007,New England,10,0,8,HI
University of Hawaii (UH),Professional Services,2007,Pacific,1,552,604,HI
University of Hawaii (UH),Professional Services,2007,Pacific,5,447,536,HI
University of Hawaii (UH),Professional Services,2007,Pacific,10,359,496,HI
University of Hawaii (UH),Professional Services,2007,South Atlantic,1,0,17,HI
University of Hawaii (UH),Professional Services,2007,South Atlantic,5,0,25,HI
University of Hawaii (UH),Professional Services,2007,South Atlantic,10,0,34,HI
University of Hawaii (UH),Professional Services,2007,West North Central,1,0,1,HI
University of Hawaii (UH),Professional Services,2007,West North Central,5,0,3,HI
University of Hawaii (UH),Professional Services,2007,West North Central,10,0,5,HI
University of Hawaii (UH),Professional Services,2007,West South Central,1,0,10,HI
University of Hawaii (UH),Professional Services,2007,West South Central,5,0,13,HI
University of Hawaii (UH),Professional Services,2007,West South Central,10,0,14,HI
University of Hawaii (UH),Professional Services,2010,East North Central,1,0,19,HI
University of Hawaii (UH),Professional Services,2010,East North Central,5,0,14,HI
University of Hawaii (UH),Professional Services,2010,East North Central,10,0,18,HI
University of Hawaii (UH),Professional Services,2010,East South Central,1,0,4,HI
University of Hawaii (UH),Professional Services,2010,East South Central,5,0,0,HI
University of Hawaii (UH),Professional Services,2010,East South Central,10,0,3,HI
University of Hawaii (UH),Professional Services,2010,Middle Atlantic,1,0,10,HI
University of Hawaii (UH),Professional Services,2010,Middle Atlantic,5,0,25,HI
University of Hawaii (UH),Professional Services,2010,Middle Atlantic,10,0,29,HI
University of Hawaii (UH),Professional Services,2010,Mountain,1,0,14,HI
University of Hawaii (UH),Professional Services,2010,Mountain,5,0,16,HI
University of Hawaii (UH),Professional Services,2010,Mountain,10,0,29,HI
University of Hawaii (UH),Professional Services,2010,New England,1,0,3,HI
University of Hawaii (UH),Professional Services,2010,New England,5,0,4,HI
University of Hawaii (UH),Professional Services,2010,New England,10,0,2,HI
University of Hawaii (UH),Professional Services,2010,Pacific,1,465,513,HI
University of Hawaii (UH),Professional Services,2010,Pacific,5,386,507,HI
University of Hawaii (UH),Professional Services,2010,Pacific,10,315,455,HI
University of Hawaii (UH),Professional Services,2010,South Atlantic,1,0,22,HI
University of Hawaii (UH),Professional Services,2010,South Atlantic,5,0,29,HI
University of Hawaii (UH),Professional Services,2010,South Atlantic,10,0,35,HI
University of Hawaii (UH),Professional Services,2010,West North Central,1,0,5,HI
University of Hawaii (UH),Professional Services,2010,West North Central,5,0,5,HI
University of Hawaii (UH),Professional Services,2010,West North Central,10,0,3,HI
University of Hawaii (UH),Professional Services,2010,West South Central,1,0,13,HI
University of Hawaii (UH),Professional Services,2010,West South Central,5,0,7,HI
University of Hawaii (UH),Professional Services,2010,West South Central,10,0,19,HI
University of Hawaii (UH),Professional Services,2013,East North Central,1,0,5,HI
University of Hawaii (UH),Professional Services,2013,East North Central,5,0,23,HI
University of Hawaii (UH),Professional Services,2013,East North Central,10,,,HI
University of Hawaii (UH),Professional Services,2013,East South Central,1,0,3,HI
University of Hawaii (UH),Professional Services,2013,East South Central,5,0,1,HI
University of Hawaii (UH),Professional Services,2013,East South Central,10,,,HI
University of Hawaii (UH),Professional Services,2013,Middle Atlantic,1,0,16,HI
University of Hawaii (UH),Professional Services,2013,Middle Atlantic,5,0,31,HI
University of Hawaii (UH),Professional Services,2013,Middle Atlantic,10,,,HI
University of Hawaii (UH),Professional Services,2013,Mountain,1,0,23,HI
University of Hawaii (UH),Professional Services,2013,Mountain,5,0,29,HI
University of Hawaii (UH),Professional Services,2013,Mountain,10,,,HI
University of Hawaii (UH),Professional Services,2013,New England,1,0,1,HI
University of Hawaii (UH),Professional Services,2013,New England,5,0,6,HI
University of Hawaii (UH),Professional Services,2013,New England,10,,,HI
University of Hawaii (UH),Professional Services,2013,Pacific,1,568,645,HI
University of Hawaii (UH),Professional Services,2013,Pacific,5,474,664,HI
University of Hawaii (UH),Professional Services,2013,Pacific,10,,,HI
University of Hawaii (UH),Professional Services,2013,South Atlantic,1,0,14,HI
University of Hawaii (UH),Professional Services,2013,South Atlantic,5,0,30,HI
University of Hawaii (UH),Professional Services,2013,South Atlantic,10,,,HI
University of Hawaii (UH),Professional Services,2013,West North Central,1,0,0,HI
University of Hawaii (UH),Professional Services,2013,West North Central,5,0,5,HI
University of Hawaii (UH),Professional Services,2013,West North Central,10,,,HI
University of Hawaii (UH),Professional Services,2013,West South Central,1,0,5,HI
University of Hawaii (UH),Professional Services,2013,West South Central,5,0,24,HI
University of Hawaii (UH),Professional Services,2013,West South Central,10,,,HI
University of Hawaii (UH),Professional Services,2016,East North Central,1,0,12,HI
University of Hawaii (UH),Professional Services,2016,East North Central,5,0,15,HI
University of Hawaii (UH),Professional Services,2016,East North Central,10,,,HI
University of Hawaii (UH),Professional Services,2016,East South Central,1,0,1,HI
University of Hawaii (UH),Professional Services,2016,East South Central,5,0,1,HI
University of Hawaii (UH),Professional Services,2016,East South Central,10,,,HI
University of Hawaii (UH),Professional Services,2016,Middle Atlantic,1,0,10,HI
University of Hawaii (UH),Professional Services,2016,Middle Atlantic,5,0,30,HI
University of Hawaii (UH),Professional Services,2016,Middle Atlantic,10,,,HI
University of Hawaii (UH),Professional Services,2016,Mountain,1,0,32,HI
University of Hawaii (UH),Professional Services,2016,Mountain,5,0,39,HI
University of Hawaii (UH),Professional Services,2016,Mountain,10,,,HI
University of Hawaii (UH),Professional Services,2016,New England,1,0,2,HI
University of Hawaii (UH),Professional Services,2016,New England,5,0,12,HI
University of Hawaii (UH),Professional Services,2016,New England,10,,,HI
University of Hawaii (UH),Professional Services,2016,Pacific,1,616,724,HI
University of Hawaii (UH),Professional Services,2016,Pacific,5,556,765,HI
University of Hawaii (UH),Professional Services,2016,Pacific,10,,,HI
University of Hawaii (UH),Professional Services,2016,South Atlantic,1,0,15,HI
University of Hawaii (UH),Professional Services,2016,South Atlantic,5,0,37,HI
University of Hawaii (UH),Professional Services,2016,South Atlantic,10,,,HI
University of Hawaii (UH),Professional Services,2016,West North Central,1,0,2,HI
University of Hawaii (UH),Professional Services,2016,West North Central,5,0,6,HI
University of Hawaii (UH),Professional Services,2016,West North Central,10,,,HI
University of Hawaii (UH),Professional Services,2016,West South Central,1,0,15,HI
University of Hawaii (UH),Professional Services,2016,West South Central,5,0,24,HI
University of Hawaii (UH),Professional Services,2016,West South Central,10,,,HI
University of Hawaii (UH),Professional Services,2019,East North Central,1,0,14,HI
University of Hawaii (UH),Professional Services,2019,East North Central,5,,,HI
University of Hawaii (UH),Professional Services,2019,East North Central,10,,,HI
University of Hawaii (UH),Professional Services,2019,East South Central,1,0,0,HI
University of Hawaii (UH),Professional Services,2019,East South Central,5,,,HI
University of Hawaii (UH),Professional Services,2019,East South Central,10,,,HI
University of Hawaii (UH),Professional Services,2019,Middle Atlantic,1,0,26,HI
University of Hawaii (UH),Professional Services,2019,Middle Atlantic,5,,,HI
University of Hawaii (UH),Professional Services,2019,Middle Atlantic,10,,,HI
University of Hawaii (UH),Professional Services,2019,Mountain,1,0,21,HI
University of Hawaii (UH),Professional Services,2019,Mountain,5,,,HI
University of Hawaii (UH),Professional Services,2019,Mountain,10,,,HI
University of Hawaii (UH),Professional Services,2019,New England,1,0,6,HI
University of Hawaii (UH),Professional Services,2019,New England,5,,,HI
University of Hawaii (UH),Professional Services,2019,New England,10,,,HI
University of Hawaii (UH),Professional Services,2019,Pacific,1,709,796,HI
University of Hawaii (UH),Professional Services,2019,Pacific,5,,,HI
University of Hawaii (UH),Professional Services,2019,Pacific,10,,,HI
University of Hawaii (UH),Professional Services,2019,South Atlantic,1,0,29,HI
University of Hawaii (UH),Professional Services,2019,South Atlantic,5,,,HI
University of Hawaii (UH),Professional Services,2019,South Atlantic,10,,,HI
University of Hawaii (UH),Professional Services,2019,West North Central,1,0,5,HI
University of Hawaii (UH),Professional Services,2019,West North Central,5,,,HI
University of Hawaii (UH),Professional Services,2019,West North Central,10,,,HI
University of Hawaii (UH),Professional Services,2019,West South Central,1,0,15,HI
University of Hawaii (UH),Professional Services,2019,West South Central,5,,,HI
University of Hawaii (UH),Professional Services,2019,West South Central,10,,,HI
University of Hawaii (UH),Public Admin,2004,East North Central,1,0,0,HI
University of Hawaii (UH),Public Admin,2004,East North Central,5,0,0,HI
University of Hawaii (UH),Public Admin,2004,East North Central,10,0,1,HI
University of Hawaii (UH),Public Admin,2004,East South Central,1,0,1,HI
University of Hawaii (UH),Public Admin,2004,East South Central,5,0,0,HI
University of Hawaii (UH),Public Admin,2004,East South Central,10,0,2,HI
University of Hawaii (UH),Public Admin,2004,Middle Atlantic,1,0,0,HI
University of Hawaii (UH),Public Admin,2004,Middle Atlantic,5,0,3,HI
University of Hawaii (UH),Public Admin,2004,Middle Atlantic,10,0,3,HI
University of Hawaii (UH),Public Admin,2004,Mountain,1,0,0,HI
University of Hawaii (UH),Public Admin,2004,Mountain,5,0,4,HI
University of Hawaii (UH),Public Admin,2004,Mountain,10,0,3,HI
University of Hawaii (UH),Public Admin,2004,New England,1,0,0,HI
University of Hawaii (UH),Public Admin,2004,New England,5,0,0,HI
University of Hawaii (UH),Public Admin,2004,New England,10,0,0,HI
University of Hawaii (UH),Public Admin,2004,Pacific,1,87,96,HI
University of Hawaii (UH),Public Admin,2004,Pacific,5,154,177,HI
University of Hawaii (UH),Public Admin,2004,Pacific,10,189,210,HI
University of Hawaii (UH),Public Admin,2004,South Atlantic,1,0,1,HI
University of Hawaii (UH),Public Admin,2004,South Atlantic,5,0,11,HI
University of Hawaii (UH),Public Admin,2004,South Atlantic,10,0,9,HI
University of Hawaii (UH),Public Admin,2004,West North Central,1,0,0,HI
University of Hawaii (UH),Public Admin,2004,West North Central,5,0,0,HI
University of Hawaii (UH),Public Admin,2004,West North Central,10,0,0,HI
University of Hawaii (UH),Public Admin,2004,West South Central,1,0,0,HI
University of Hawaii (UH),Public Admin,2004,West South Central,5,0,4,HI
University of Hawaii (UH),Public Admin,2004,West South Central,10,0,5,HI
University of Hawaii (UH),Public Admin,2007,East North Central,1,0,3,HI
University of Hawaii (UH),Public Admin,2007,East North Central,5,0,3,HI
University of Hawaii (UH),Public Admin,2007,East North Central,10,0,2,HI
University of Hawaii (UH),Public Admin,2007,East South Central,1,0,0,HI
University of Hawaii (UH),Public Admin,2007,East South Central,5,0,0,HI
University of Hawaii (UH),Public Admin,2007,East South Central,10,0,1,HI
University of Hawaii (UH),Public Admin,2007,Middle Atlantic,1,0,1,HI
University of Hawaii (UH),Public Admin,2007,Middle Atlantic,5,0,8,HI
University of Hawaii (UH),Public Admin,2007,Middle Atlantic,10,0,11,HI
University of Hawaii (UH),Public Admin,2007,Mountain,1,0,1,HI
University of Hawaii (UH),Public Admin,2007,Mountain,5,0,10,HI
University of Hawaii (UH),Public Admin,2007,Mountain,10,0,9,HI
University of Hawaii (UH),Public Admin,2007,New England,1,0,0,HI
University of Hawaii (UH),Public Admin,2007,New England,5,0,3,HI
University of Hawaii (UH),Public Admin,2007,New England,10,0,0,HI
University of Hawaii (UH),Public Admin,2007,Pacific,1,142,161,HI
University of Hawaii (UH),Public Admin,2007,Pacific,5,227,252,HI
University of Hawaii (UH),Public Admin,2007,Pacific,10,323,384,HI
University of Hawaii (UH),Public Admin,2007,South Atlantic,1,0,10,HI
University of Hawaii (UH),Public Admin,2007,South Atlantic,5,0,17,HI
University of Hawaii (UH),Public Admin,2007,South Atlantic,10,0,16,HI
University of Hawaii (UH),Public Admin,2007,West North Central,1,0,0,HI
University of Hawaii (UH),Public Admin,2007,West North Central,5,0,0,HI
University of Hawaii (UH),Public Admin,2007,West North Central,10,0,5,HI
University of Hawaii (UH),Public Admin,2007,West South Central,1,0,3,HI
University of Hawaii (UH),Public Admin,2007,West South Central,5,0,7,HI
University of Hawaii (UH),Public Admin,2007,West South Central,10,0,3,HI
University of Hawaii (UH),Public Admin,2010,East North Central,1,0,2,HI
University of Hawaii (UH),Public Admin,2010,East North Central,5,0,2,HI
University of Hawaii (UH),Public Admin,2010,East North Central,10,0,6,HI
University of Hawaii (UH),Public Admin,2010,East South Central,1,0,0,HI
University of Hawaii (UH),Public Admin,2010,East South Central,5,0,1,HI
University of Hawaii (UH),Public Admin,2010,East South Central,10,0,3,HI
University of Hawaii (UH),Public Admin,2010,Middle Atlantic,1,0,2,HI
University of Hawaii (UH),Public Admin,2010,Middle Atlantic,5,0,6,HI
University of Hawaii (UH),Public Admin,2010,Middle Atlantic,10,0,6,HI
University of Hawaii (UH),Public Admin,2010,Mountain,1,0,5,HI
University of Hawaii (UH),Public Admin,2010,Mountain,5,0,16,HI
University of Hawaii (UH),Public Admin,2010,Mountain,10,0,13,HI
University of Hawaii (UH),Public Admin,2010,New England,1,0,1,HI
University of Hawaii (UH),Public Admin,2010,New England,5,0,0,HI
University of Hawaii (UH),Public Admin,2010,New England,10,0,2,HI
University of Hawaii (UH),Public Admin,2010,Pacific,1,115,131,HI
University of Hawaii (UH),Public Admin,2010,Pacific,5,265,310,HI
University of Hawaii (UH),Public Admin,2010,Pacific,10,320,375,HI
University of Hawaii (UH),Public Admin,2010,South Atlantic,1,0,10,HI
University of Hawaii (UH),Public Admin,2010,South Atlantic,5,0,12,HI
University of Hawaii (UH),Public Admin,2010,South Atlantic,10,0,14,HI
University of Hawaii (UH),Public Admin,2010,West North Central,1,0,4,HI
University of Hawaii (UH),Public Admin,2010,West North Central,5,0,1,HI
University of Hawaii (UH),Public Admin,2010,West North Central,10,0,0,HI
University of Hawaii (UH),Public Admin,2010,West South Central,1,0,0,HI
University of Hawaii (UH),Public Admin,2010,West South Central,5,0,11,HI
University of Hawaii (UH),Public Admin,2010,West South Central,10,0,6,HI
University of Hawaii (UH),Public Admin,2013,East North Central,1,0,3,HI
University of Hawaii (UH),Public Admin,2013,East North Central,5,0,9,HI
University of Hawaii (UH),Public Admin,2013,East North Central,10,,,HI
University of Hawaii (UH),Public Admin,2013,East South Central,1,0,0,HI
University of Hawaii (UH),Public Admin,2013,East South Central,5,0,1,HI
University of Hawaii (UH),Public Admin,2013,East South Central,10,,,HI
University of Hawaii (UH),Public Admin,2013,Middle Atlantic,1,0,5,HI
University of Hawaii (UH),Public Admin,2013,Middle Atlantic,5,0,8,HI
University of Hawaii (UH),Public Admin,2013,Middle Atlantic,10,,,HI
University of Hawaii (UH),Public Admin,2013,Mountain,1,0,9,HI
University of Hawaii (UH),Public Admin,2013,Mountain,5,0,16,HI
University of Hawaii (UH),Public Admin,2013,Mountain,10,,,HI
University of Hawaii (UH),Public Admin,2013,New England,1,0,0,HI
University of Hawaii (UH),Public Admin,2013,New England,5,0,0,HI
University of Hawaii (UH),Public Admin,2013,New England,10,,,HI
University of Hawaii (UH),Public Admin,2013,Pacific,1,127,149,HI
University of Hawaii (UH),Public Admin,2013,Pacific,5,280,332,HI
University of Hawaii (UH),Public Admin,2013,Pacific,10,,,HI
University of Hawaii (UH),Public Admin,2013,South Atlantic,1,0,19,HI
University of Hawaii (UH),Public Admin,2013,South Atlantic,5,0,18,HI
University of Hawaii (UH),Public Admin,2013,South Atlantic,10,,,HI
University of Hawaii (UH),Public Admin,2013,West North Central,1,0,0,HI
University of Hawaii (UH),Public Admin,2013,West North Central,5,0,4,HI
University of Hawaii (UH),Public Admin,2013,West North Central,10,,,HI
University of Hawaii (UH),Public Admin,2013,West South Central,1,0,3,HI
University of Hawaii (UH),Public Admin,2013,West South Central,5,0,5,HI
University of Hawaii (UH),Public Admin,2013,West South Central,10,,,HI
University of Hawaii (UH),Public Admin,2016,East North Central,1,0,4,HI
University of Hawaii (UH),Public Admin,2016,East North Central,5,0,10,HI
University of Hawaii (UH),Public Admin,2016,East North Central,10,,,HI
University of Hawaii (UH),Public Admin,2016,East South Central,1,0,1,HI
University of Hawaii (UH),Public Admin,2016,East South Central,5,0,8,HI
University of Hawaii (UH),Public Admin,2016,East South Central,10,,,HI
University of Hawaii (UH),Public Admin,2016,Middle Atlantic,1,0,4,HI
University of Hawaii (UH),Public Admin,2016,Middle Atlantic,5,0,9,HI
University of Hawaii (UH),Public Admin,2016,Middle Atlantic,10,,,HI
University of Hawaii (UH),Public Admin,2016,Mountain,1,0,6,HI
University of Hawaii (UH),Public Admin,2016,Mountain,5,0,14,HI
University of Hawaii (UH),Public Admin,2016,Mountain,10,,,HI
University of Hawaii (UH),Public Admin,2016,New England,1,0,0,HI
University of Hawaii (UH),Public Admin,2016,New England,5,0,2,HI
University of Hawaii (UH),Public Admin,2016,New England,10,,,HI
University of Hawaii (UH),Public Admin,2016,Pacific,1,145,163,HI
University of Hawaii (UH),Public Admin,2016,Pacific,5,307,370,HI
University of Hawaii (UH),Public Admin,2016,Pacific,10,,,HI
University of Hawaii (UH),Public Admin,2016,South Atlantic,1,0,12,HI
University of Hawaii (UH),Public Admin,2016,South Atlantic,5,0,18,HI
University of Hawaii (UH),Public Admin,2016,South Atlantic,10,,,HI
University of Hawaii (UH),Public Admin,2016,West North Central,1,0,0,HI
University of Hawaii (UH),Public Admin,2016,West North Central,5,0,0,HI
University of Hawaii (UH),Public Admin,2016,West North Central,10,,,HI
University of Hawaii (UH),Public Admin,2016,West South Central,1,0,2,HI
University of Hawaii (UH),Public Admin,2016,West South Central,5,0,9,HI
University of Hawaii (UH),Public Admin,2016,West South Central,10,,,HI
University of Hawaii (UH),Public Admin,2019,East North Central,1,0,4,HI
University of Hawaii (UH),Public Admin,2019,East North Central,5,,,HI
University of Hawaii (UH),Public Admin,2019,East North Central,10,,,HI
University of Hawaii (UH),Public Admin,2019,East South Central,1,0,0,HI
University of Hawaii (UH),Public Admin,2019,East South Central,5,,,HI
University of Hawaii (UH),Public Admin,2019,East South Central,10,,,HI
University of Hawaii (UH),Public Admin,2019,Middle Atlantic,1,0,1,HI
University of Hawaii (UH),Public Admin,2019,Middle Atlantic,5,,,HI
University of Hawaii (UH),Public Admin,2019,Middle Atlantic,10,,,HI
University of Hawaii (UH),Public Admin,2019,Mountain,1,0,10,HI
University of Hawaii (UH),Public Admin,2019,Mountain,5,,,HI
University of Hawaii (UH),Public Admin,2019,Mountain,10,,,HI
University of Hawaii (UH),Public Admin,2019,New England,1,0,0,HI
University of Hawaii (UH),Public Admin,2019,New England,5,,,HI
University of Hawaii (UH),Public Admin,2019,New England,10,,,HI
University of Hawaii (UH),Public Admin,2019,Pacific,1,164,190,HI
University of Hawaii (UH),Public Admin,2019,Pacific,5,,,HI
University of Hawaii (UH),Public Admin,2019,Pacific,10,,,HI
University of Hawaii (UH),Public Admin,2019,South Atlantic,1,0,13,HI
University of Hawaii (UH),Public Admin,2019,South Atlantic,5,,,HI
University of Hawaii (UH),Public Admin,2019,South Atlantic,10,,,HI
University of Hawaii (UH),Public Admin,2019,West North Central,1,0,1,HI
University of Hawaii (UH),Public Admin,2019,West North Central,5,,,HI
University of Hawaii (UH),Public Admin,2019,West North Central,10,,,HI
University of Hawaii (UH),Public Admin,2019,West South Central,1,0,2,HI
University of Hawaii (UH),Public Admin,2019,West South Central,5,,,HI
University of Hawaii (UH),Public Admin,2019,West South Central,10,,,HI
University of Hawaii (UH),Real Estate,2004,East North Central,1,0,0,HI
University of Hawaii (UH),Real Estate,2004,East North Central,5,0,0,HI
University of Hawaii (UH),Real Estate,2004,East North Central,10,0,0,HI
University of Hawaii (UH),Real Estate,2004,East South Central,1,0,0,HI
University of Hawaii (UH),Real Estate,2004,East South Central,5,0,0,HI
University of Hawaii (UH),Real Estate,2004,East South Central,10,0,0,HI
University of Hawaii (UH),Real Estate,2004,Middle Atlantic,1,0,0,HI
University of Hawaii (UH),Real Estate,2004,Middle Atlantic,5,0,1,HI
University of Hawaii (UH),Real Estate,2004,Middle Atlantic,10,0,3,HI
University of Hawaii (UH),Real Estate,2004,Mountain,1,0,0,HI
University of Hawaii (UH),Real Estate,2004,Mountain,5,0,0,HI
University of Hawaii (UH),Real Estate,2004,Mountain,10,0,0,HI
University of Hawaii (UH),Real Estate,2004,New England,1,0,0,HI
University of Hawaii (UH),Real Estate,2004,New England,5,0,0,HI
University of Hawaii (UH),Real Estate,2004,New England,10,0,0,HI
University of Hawaii (UH),Real Estate,2004,Pacific,1,51,55,HI
University of Hawaii (UH),Real Estate,2004,Pacific,5,31,34,HI
University of Hawaii (UH),Real Estate,2004,Pacific,10,41,56,HI
University of Hawaii (UH),Real Estate,2004,South Atlantic,1,0,1,HI
University of Hawaii (UH),Real Estate,2004,South Atlantic,5,0,0,HI
University of Hawaii (UH),Real Estate,2004,South Atlantic,10,0,1,HI
University of Hawaii (UH),Real Estate,2004,West North Central,1,0,0,HI
University of Hawaii (UH),Real Estate,2004,West North Central,5,0,0,HI
University of Hawaii (UH),Real Estate,2004,West North Central,10,0,0,HI
University of Hawaii (UH),Real Estate,2004,West South Central,1,0,0,HI
University of Hawaii (UH),Real Estate,2004,West South Central,5,0,1,HI
University of Hawaii (UH),Real Estate,2004,West South Central,10,0,3,HI
University of Hawaii (UH),Real Estate,2007,East North Central,1,0,0,HI
University of Hawaii (UH),Real Estate,2007,East North Central,5,0,0,HI
University of Hawaii (UH),Real Estate,2007,East North Central,10,0,1,HI
University of Hawaii (UH),Real Estate,2007,East South Central,1,0,0,HI
University of Hawaii (UH),Real Estate,2007,East South Central,5,0,0,HI
University of Hawaii (UH),Real Estate,2007,East South Central,10,0,0,HI
University of Hawaii (UH),Real Estate,2007,Middle Atlantic,1,0,3,HI
University of Hawaii (UH),Real Estate,2007,Middle Atlantic,5,0,2,HI
University of Hawaii (UH),Real Estate,2007,Middle Atlantic,10,0,3,HI
University of Hawaii (UH),Real Estate,2007,Mountain,1,0,0,HI
University of Hawaii (UH),Real Estate,2007,Mountain,5,0,2,HI
University of Hawaii (UH),Real Estate,2007,Mountain,10,0,3,HI
University of Hawaii (UH),Real Estate,2007,New England,1,0,0,HI
University of Hawaii (UH),Real Estate,2007,New England,5,0,0,HI
University of Hawaii (UH),Real Estate,2007,New England,10,0,0,HI
University of Hawaii (UH),Real Estate,2007,Pacific,1,47,58,HI
University of Hawaii (UH),Real Estate,2007,Pacific,5,50,66,HI
University of Hawaii (UH),Real Estate,2007,Pacific,10,58,75,HI
University of Hawaii (UH),Real Estate,2007,South Atlantic,1,0,0,HI
University of Hawaii (UH),Real Estate,2007,South Atlantic,5,0,0,HI
University of Hawaii (UH),Real Estate,2007,South Atlantic,10,0,0,HI
University of Hawaii (UH),Real Estate,2007,West North Central,1,0,0,HI
University of Hawaii (UH),Real Estate,2007,West North Central,5,0,0,HI
University of Hawaii (UH),Real Estate,2007,West North Central,10,0,0,HI
University of Hawaii (UH),Real Estate,2007,West South Central,1,0,2,HI
University of Hawaii (UH),Real Estate,2007,West South Central,5,0,2,HI
University of Hawaii (UH),Real Estate,2007,West South Central,10,0,2,HI
University of Hawaii (UH),Real Estate,2010,East North Central,1,0,0,HI
University of Hawaii (UH),Real Estate,2010,East North Central,5,0,0,HI
University of Hawaii (UH),Real Estate,2010,East North Central,10,0,0,HI
University of Hawaii (UH),Real Estate,2010,East South Central,1,0,0,HI
University of Hawaii (UH),Real Estate,2010,East South Central,5,0,0,HI
University of Hawaii (UH),Real Estate,2010,East South Central,10,0,0,HI
University of Hawaii (UH),Real Estate,2010,Middle Atlantic,1,0,1,HI
University of Hawaii (UH),Real Estate,2010,Middle Atlantic,5,0,2,HI
University of Hawaii (UH),Real Estate,2010,Middle Atlantic,10,0,4,HI
University of Hawaii (UH),Real Estate,2010,Mountain,1,0,0,HI
University of Hawaii (UH),Real Estate,2010,Mountain,5,0,6,HI
University of Hawaii (UH),Real Estate,2010,Mountain,10,0,1,HI
University of Hawaii (UH),Real Estate,2010,New England,1,0,0,HI
University of Hawaii (UH),Real Estate,2010,New England,5,0,0,HI
University of Hawaii (UH),Real Estate,2010,New England,10,0,0,HI
University of Hawaii (UH),Real Estate,2010,Pacific,1,52,67,HI
University of Hawaii (UH),Real Estate,2010,Pacific,5,54,72,HI
University of Hawaii (UH),Real Estate,2010,Pacific,10,48,66,HI
University of Hawaii (UH),Real Estate,2010,South Atlantic,1,0,3,HI
University of Hawaii (UH),Real Estate,2010,South Atlantic,5,0,1,HI
University of Hawaii (UH),Real Estate,2010,South Atlantic,10,0,2,HI
University of Hawaii (UH),Real Estate,2010,West North Central,1,0,0,HI
University of Hawaii (UH),Real Estate,2010,West North Central,5,0,0,HI
University of Hawaii (UH),Real Estate,2010,West North Central,10,0,0,HI
University of Hawaii (UH),Real Estate,2010,West South Central,1,0,2,HI
University of Hawaii (UH),Real Estate,2010,West South Central,5,0,2,HI
University of Hawaii (UH),Real Estate,2010,West South Central,10,0,4,HI
University of Hawaii (UH),Real Estate,2013,East North Central,1,0,0,HI
University of Hawaii (UH),Real Estate,2013,East North Central,5,0,0,HI
University of Hawaii (UH),Real Estate,2013,East North Central,10,,,HI
University of Hawaii (UH),Real Estate,2013,East South Central,1,0,0,HI
University of Hawaii (UH),Real Estate,2013,East South Central,5,0,0,HI
University of Hawaii (UH),Real Estate,2013,East South Central,10,,,HI
University of Hawaii (UH),Real Estate,2013,Middle Atlantic,1,0,1,HI
University of Hawaii (UH),Real Estate,2013,Middle Atlantic,5,0,4,HI
University of Hawaii (UH),Real Estate,2013,Middle Atlantic,10,,,HI
University of Hawaii (UH),Real Estate,2013,Mountain,1,0,2,HI
University of Hawaii (UH),Real Estate,2013,Mountain,5,0,3,HI
University of Hawaii (UH),Real Estate,2013,Mountain,10,,,HI
University of Hawaii (UH),Real Estate,2013,New England,1,0,0,HI
University of Hawaii (UH),Real Estate,2013,New England,5,0,0,HI
University of Hawaii (UH),Real Estate,2013,New England,10,,,HI
University of Hawaii (UH),Real Estate,2013,Pacific,1,55,67,HI
University of Hawaii (UH),Real Estate,2013,Pacific,5,67,91,HI
University of Hawaii (UH),Real Estate,2013,Pacific,10,,,HI
University of Hawaii (UH),Real Estate,2013,South Atlantic,1,0,1,HI
University of Hawaii (UH),Real Estate,2013,South Atlantic,5,0,2,HI
University of Hawaii (UH),Real Estate,2013,South Atlantic,10,,,HI
University of Hawaii (UH),Real Estate,2013,West North Central,1,0,0,HI
University of Hawaii (UH),Real Estate,2013,West North Central,5,0,0,HI
University of Hawaii (UH),Real Estate,2013,West North Central,10,,,HI
University of Hawaii (UH),Real Estate,2013,West South Central,1,0,2,HI
University of Hawaii (UH),Real Estate,2013,West South Central,5,0,3,HI
University of Hawaii (UH),Real Estate,2013,West South Central,10,,,HI
University of Hawaii (UH),Real Estate,2016,East North Central,1,0,0,HI
University of Hawaii (UH),Real Estate,2016,East North Central,5,0,0,HI
University of Hawaii (UH),Real Estate,2016,East North Central,10,,,HI
University of Hawaii (UH),Real Estate,2016,East South Central,1,0,0,HI
University of Hawaii (UH),Real Estate,2016,East South Central,5,0,0,HI
University of Hawaii (UH),Real Estate,2016,East South Central,10,,,HI
University of Hawaii (UH),Real Estate,2016,Middle Atlantic,1,0,2,HI
University of Hawaii (UH),Real Estate,2016,Middle Atlantic,5,0,5,HI
University of Hawaii (UH),Real Estate,2016,Middle Atlantic,10,,,HI
University of Hawaii (UH),Real Estate,2016,Mountain,1,0,0,HI
University of Hawaii (UH),Real Estate,2016,Mountain,5,0,3,HI
University of Hawaii (UH),Real Estate,2016,Mountain,10,,,HI
University of Hawaii (UH),Real Estate,2016,New England,1,0,0,HI
University of Hawaii (UH),Real Estate,2016,New England,5,0,0,HI
University of Hawaii (UH),Real Estate,2016,New England,10,,,HI
University of Hawaii (UH),Real Estate,2016,Pacific,1,77,84,HI
University of Hawaii (UH),Real Estate,2016,Pacific,5,62,76,HI
University of Hawaii (UH),Real Estate,2016,Pacific,10,,,HI
University of Hawaii (UH),Real Estate,2016,South Atlantic,1,0,2,HI
University of Hawaii (UH),Real Estate,2016,South Atlantic,5,0,0,HI
University of Hawaii (UH),Real Estate,2016,South Atlantic,10,,,HI
University of Hawaii (UH),Real Estate,2016,West North Central,1,0,0,HI
University of Hawaii (UH),Real Estate,2016,West North Central,5,0,0,HI
University of Hawaii (UH),Real Estate,2016,West North Central,10,,,HI
University of Hawaii (UH),Real Estate,2016,West South Central,1,0,0,HI
University of Hawaii (UH),Real Estate,2016,West South Central,5,0,3,HI
University of Hawaii (UH),Real Estate,2016,West South Central,10,,,HI
University of Hawaii (UH),Real Estate,2019,East North Central,1,0,0,HI
University of Hawaii (UH),Real Estate,2019,East North Central,5,,,HI
University of Hawaii (UH),Real Estate,2019,East North Central,10,,,HI
University of Hawaii (UH),Real Estate,2019,East South Central,1,0,0,HI
University of Hawaii (UH),Real Estate,2019,East South Central,5,,,HI
University of Hawaii (UH),Real Estate,2019,East South Central,10,,,HI
University of Hawaii (UH),Real Estate,2019,Middle Atlantic,1,0,0,HI
University of Hawaii (UH),Real Estate,2019,Middle Atlantic,5,,,HI
University of Hawaii (UH),Real Estate,2019,Middle Atlantic,10,,,HI
University of Hawaii (UH),Real Estate,2019,Mountain,1,0,2,HI
University of Hawaii (UH),Real Estate,2019,Mountain,5,,,HI
University of Hawaii (UH),Real Estate,2019,Mountain,10,,,HI
University of Hawaii (UH),Real Estate,2019,New England,1,0,0,HI
University of Hawaii (UH),Real Estate,2019,New England,5,,,HI
University of Hawaii (UH),Real Estate,2019,New England,10,,,HI
University of Hawaii (UH),Real Estate,2019,Pacific,1,60,62,HI
University of Hawaii (UH),Real Estate,2019,Pacific,5,,,HI
University of Hawaii (UH),Real Estate,2019,Pacific,10,,,HI
University of Hawaii (UH),Real Estate,2019,South Atlantic,1,0,1,HI
University of Hawaii (UH),Real Estate,2019,South Atlantic,5,,,HI
University of Hawaii (UH),Real Estate,2019,South Atlantic,10,,,HI
University of Hawaii (UH),Real Estate,2019,West North Central,1,0,0,HI
University of Hawaii (UH),Real Estate,2019,West North Central,5,,,HI
University of Hawaii (UH),Real Estate,2019,West North Central,10,,,HI
University of Hawaii (UH),Real Estate,2019,West South Central,1,0,1,HI
University of Hawaii (UH),Real Estate,2019,West South Central,5,,,HI
University of Hawaii (UH),Real Estate,2019,West South Central,10,,,HI
University of Hawaii (UH),Retail,2004,East North Central,1,0,2,HI
University of Hawaii (UH),Retail,2004,East North Central,5,0,7,HI
University of Hawaii (UH),Retail,2004,East North Central,10,0,11,HI
University of Hawaii (UH),Retail,2004,East South Central,1,0,2,HI
University of Hawaii (UH),Retail,2004,East South Central,5,0,0,HI
University of Hawaii (UH),Retail,2004,East South Central,10,0,2,HI
University of Hawaii (UH),Retail,2004,Middle Atlantic,1,0,7,HI
University of Hawaii (UH),Retail,2004,Middle Atlantic,5,0,9,HI
University of Hawaii (UH),Retail,2004,Middle Atlantic,10,0,15,HI
University of Hawaii (UH),Retail,2004,Mountain,1,0,4,HI
University of Hawaii (UH),Retail,2004,Mountain,5,0,16,HI
University of Hawaii (UH),Retail,2004,Mountain,10,0,14,HI
University of Hawaii (UH),Retail,2004,New England,1,0,1,HI
University of Hawaii (UH),Retail,2004,New England,5,0,1,HI
University of Hawaii (UH),Retail,2004,New England,10,0,1,HI
University of Hawaii (UH),Retail,2004,Pacific,1,252,276,HI
University of Hawaii (UH),Retail,2004,Pacific,5,141,173,HI
University of Hawaii (UH),Retail,2004,Pacific,10,115,140,HI
University of Hawaii (UH),Retail,2004,South Atlantic,1,0,5,HI
University of Hawaii (UH),Retail,2004,South Atlantic,5,0,10,HI
University of Hawaii (UH),Retail,2004,South Atlantic,10,0,15,HI
University of Hawaii (UH),Retail,2004,West North Central,1,0,1,HI
University of Hawaii (UH),Retail,2004,West North Central,5,0,7,HI
University of Hawaii (UH),Retail,2004,West North Central,10,0,7,HI
University of Hawaii (UH),Retail,2004,West South Central,1,0,3,HI
University of Hawaii (UH),Retail,2004,West South Central,5,0,5,HI
University of Hawaii (UH),Retail,2004,West South Central,10,0,5,HI
University of Hawaii (UH),Retail,2007,East North Central,1,0,4,HI
University of Hawaii (UH),Retail,2007,East North Central,5,0,14,HI
University of Hawaii (UH),Retail,2007,East North Central,10,0,12,HI
University of Hawaii (UH),Retail,2007,East South Central,1,0,1,HI
University of Hawaii (UH),Retail,2007,East South Central,5,0,4,HI
University of Hawaii (UH),Retail,2007,East South Central,10,0,0,HI
University of Hawaii (UH),Retail,2007,Middle Atlantic,1,0,13,HI
University of Hawaii (UH),Retail,2007,Middle Atlantic,5,0,21,HI
University of Hawaii (UH),Retail,2007,Middle Atlantic,10,0,17,HI
University of Hawaii (UH),Retail,2007,Mountain,1,0,15,HI
University of Hawaii (UH),Retail,2007,Mountain,5,0,11,HI
University of Hawaii (UH),Retail,2007,Mountain,10,0,22,HI
University of Hawaii (UH),Retail,2007,New England,1,0,4,HI
University of Hawaii (UH),Retail,2007,New England,5,0,0,HI
University of Hawaii (UH),Retail,2007,New England,10,0,4,HI
University of Hawaii (UH),Retail,2007,Pacific,1,331,372,HI
University of Hawaii (UH),Retail,2007,Pacific,5,222,280,HI
University of Hawaii (UH),Retail,2007,Pacific,10,168,220,HI
University of Hawaii (UH),Retail,2007,South Atlantic,1,0,11,HI
University of Hawaii (UH),Retail,2007,South Atlantic,5,0,16,HI
University of Hawaii (UH),Retail,2007,South Atlantic,10,0,12,HI
University of Hawaii (UH),Retail,2007,West North Central,1,0,1,HI
University of Hawaii (UH),Retail,2007,West North Central,5,0,6,HI
University of Hawaii (UH),Retail,2007,West North Central,10,0,7,HI
University of Hawaii (UH),Retail,2007,West South Central,1,0,9,HI
University of Hawaii (UH),Retail,2007,West South Central,5,0,9,HI
University of Hawaii (UH),Retail,2007,West South Central,10,0,10,HI
University of Hawaii (UH),Retail,2010,East North Central,1,0,10,HI
University of Hawaii (UH),Retail,2010,East North Central,5,0,12,HI
University of Hawaii (UH),Retail,2010,East North Central,10,0,5,HI
University of Hawaii (UH),Retail,2010,East South Central,1,0,3,HI
University of Hawaii (UH),Retail,2010,East South Central,5,0,3,HI
University of Hawaii (UH),Retail,2010,East South Central,10,0,6,HI
University of Hawaii (UH),Retail,2010,Middle Atlantic,1,0,11,HI
University of Hawaii (UH),Retail,2010,Middle Atlantic,5,0,20,HI
University of Hawaii (UH),Retail,2010,Middle Atlantic,10,0,10,HI
University of Hawaii (UH),Retail,2010,Mountain,1,0,9,HI
University of Hawaii (UH),Retail,2010,Mountain,5,0,14,HI
University of Hawaii (UH),Retail,2010,Mountain,10,0,17,HI
University of Hawaii (UH),Retail,2010,New England,1,0,1,HI
University of Hawaii (UH),Retail,2010,New England,5,0,0,HI
University of Hawaii (UH),Retail,2010,New England,10,0,4,HI
University of Hawaii (UH),Retail,2010,Pacific,1,418,460,HI
University of Hawaii (UH),Retail,2010,Pacific,5,256,325,HI
University of Hawaii (UH),Retail,2010,Pacific,10,189,242,HI
University of Hawaii (UH),Retail,2010,South Atlantic,1,0,17,HI
University of Hawaii (UH),Retail,2010,South Atlantic,5,0,12,HI
University of Hawaii (UH),Retail,2010,South Atlantic,10,0,20,HI
University of Hawaii (UH),Retail,2010,West North Central,1,0,1,HI
University of Hawaii (UH),Retail,2010,West North Central,5,0,3,HI
University of Hawaii (UH),Retail,2010,West North Central,10,0,10,HI
University of Hawaii (UH),Retail,2010,West South Central,1,0,6,HI
University of Hawaii (UH),Retail,2010,West South Central,5,0,1,HI
University of Hawaii (UH),Retail,2010,West South Central,10,0,3,HI
University of Hawaii (UH),Retail,2013,East North Central,1,0,6,HI
University of Hawaii (UH),Retail,2013,East North Central,5,0,12,HI
University of Hawaii (UH),Retail,2013,East North Central,10,,,HI
University of Hawaii (UH),Retail,2013,East South Central,1,0,3,HI
University of Hawaii (UH),Retail,2013,East South Central,5,0,8,HI
University of Hawaii (UH),Retail,2013,East South Central,10,,,HI
University of Hawaii (UH),Retail,2013,Middle Atlantic,1,0,8,HI
University of Hawaii (UH),Retail,2013,Middle Atlantic,5,0,4,HI
University of Hawaii (UH),Retail,2013,Middle Atlantic,10,,,HI
University of Hawaii (UH),Retail,2013,Mountain,1,0,15,HI
University of Hawaii (UH),Retail,2013,Mountain,5,0,26,HI
University of Hawaii (UH),Retail,2013,Mountain,10,,,HI
University of Hawaii (UH),Retail,2013,New England,1,0,0,HI
University of Hawaii (UH),Retail,2013,New England,5,0,7,HI
University of Hawaii (UH),Retail,2013,New England,10,,,HI
University of Hawaii (UH),Retail,2013,Pacific,1,381,440,HI
University of Hawaii (UH),Retail,2013,Pacific,5,258,345,HI
University of Hawaii (UH),Retail,2013,Pacific,10,,,HI
University of Hawaii (UH),Retail,2013,South Atlantic,1,0,10,HI
University of Hawaii (UH),Retail,2013,South Atlantic,5,0,23,HI
University of Hawaii (UH),Retail,2013,South Atlantic,10,,,HI
University of Hawaii (UH),Retail,2013,West North Central,1,0,6,HI
University of Hawaii (UH),Retail,2013,West North Central,5,0,11,HI
University of Hawaii (UH),Retail,2013,West North Central,10,,,HI
University of Hawaii (UH),Retail,2013,West South Central,1,0,6,HI
University of Hawaii (UH),Retail,2013,West South Central,5,0,9,HI
University of Hawaii (UH),Retail,2013,West South Central,10,,,HI
University of Hawaii (UH),Retail,2016,East North Central,1,0,12,HI
University of Hawaii (UH),Retail,2016,East North Central,5,0,7,HI
University of Hawaii (UH),Retail,2016,East North Central,10,,,HI
University of Hawaii (UH),Retail,2016,East South Central,1,0,2,HI
University of Hawaii (UH),Retail,2016,East South Central,5,0,9,HI
University of Hawaii (UH),Retail,2016,East South Central,10,,,HI
University of Hawaii (UH),Retail,2016,Middle Atlantic,1,0,7,HI
University of Hawaii (UH),Retail,2016,Middle Atlantic,5,0,8,HI
University of Hawaii (UH),Retail,2016,Middle Atlantic,10,,,HI
University of Hawaii (UH),Retail,2016,Mountain,1,0,15,HI
University of Hawaii (UH),Retail,2016,Mountain,5,0,18,HI
University of Hawaii (UH),Retail,2016,Mountain,10,,,HI
University of Hawaii (UH),Retail,2016,New England,1,0,2,HI
University of Hawaii (UH),Retail,2016,New England,5,0,3,HI
University of Hawaii (UH),Retail,2016,New England,10,,,HI
University of Hawaii (UH),Retail,2016,Pacific,1,416,466,HI
University of Hawaii (UH),Retail,2016,Pacific,5,215,294,HI
University of Hawaii (UH),Retail,2016,Pacific,10,,,HI
University of Hawaii (UH),Retail,2016,South Atlantic,1,0,10,HI
University of Hawaii (UH),Retail,2016,South Atlantic,5,0,15,HI
University of Hawaii (UH),Retail,2016,South Atlantic,10,,,HI
University of Hawaii (UH),Retail,2016,West North Central,1,0,4,HI
University of Hawaii (UH),Retail,2016,West North Central,5,0,13,HI
University of Hawaii (UH),Retail,2016,West North Central,10,,,HI
University of Hawaii (UH),Retail,2016,West South Central,1,0,8,HI
University of Hawaii (UH),Retail,2016,West South Central,5,0,6,HI
University of Hawaii (UH),Retail,2016,West South Central,10,,,HI
University of Hawaii (UH),Retail,2019,East North Central,1,0,7,HI
University of Hawaii (UH),Retail,2019,East North Central,5,,,HI
University of Hawaii (UH),Retail,2019,East North Central,10,,,HI
University of Hawaii (UH),Retail,2019,East South Central,1,0,1,HI
University of Hawaii (UH),Retail,2019,East South Central,5,,,HI
University of Hawaii (UH),Retail,2019,East South Central,10,,,HI
University of Hawaii (UH),Retail,2019,Middle Atlantic,1,0,9,HI
University of Hawaii (UH),Retail,2019,Middle Atlantic,5,,,HI
University of Hawaii (UH),Retail,2019,Middle Atlantic,10,,,HI
University of Hawaii (UH),Retail,2019,Mountain,1,0,11,HI
University of Hawaii (UH),Retail,2019,Mountain,5,,,HI
University of Hawaii (UH),Retail,2019,Mountain,10,,,HI
University of Hawaii (UH),Retail,2019,New England,1,0,1,HI
University of Hawaii (UH),Retail,2019,New England,5,,,HI
University of Hawaii (UH),Retail,2019,New England,10,,,HI
University of Hawaii (UH),Retail,2019,Pacific,1,314,348,HI
University of Hawaii (UH),Retail,2019,Pacific,5,,,HI
University of Hawaii (UH),Retail,2019,Pacific,10,,,HI
University of Hawaii (UH),Retail,2019,South Atlantic,1,0,22,HI
University of Hawaii (UH),Retail,2019,South Atlantic,5,,,HI
University of Hawaii (UH),Retail,2019,South Atlantic,10,,,HI
University of Hawaii (UH),Retail,2019,West North Central,1,0,5,HI
University of Hawaii (UH),Retail,2019,West North Central,5,,,HI
University of Hawaii (UH),Retail,2019,West North Central,10,,,HI
University of Hawaii (UH),Retail,2019,West South Central,1,0,8,HI
University of Hawaii (UH),Retail,2019,West South Central,5,,,HI
University of Hawaii (UH),Retail,2019,West South Central,10,,,HI
University of Hawaii (UH),Transportation,2004,East North Central,1,0,0,HI
University of Hawaii (UH),Transportation,2004,East North Central,5,0,2,HI
University of Hawaii (UH),Transportation,2004,East North Central,10,0,0,HI
University of Hawaii (UH),Transportation,2004,East South Central,1,0,0,HI
University of Hawaii (UH),Transportation,2004,East South Central,5,0,0,HI
University of Hawaii (UH),Transportation,2004,East South Central,10,0,2,HI
University of Hawaii (UH),Transportation,2004,Middle Atlantic,1,0,0,HI
University of Hawaii (UH),Transportation,2004,Middle Atlantic,5,0,3,HI
University of Hawaii (UH),Transportation,2004,Middle Atlantic,10,0,4,HI
University of Hawaii (UH),Transportation,2004,Mountain,1,0,1,HI
University of Hawaii (UH),Transportation,2004,Mountain,5,0,1,HI
University of Hawaii (UH),Transportation,2004,Mountain,10,0,0,HI
University of Hawaii (UH),Transportation,2004,New England,1,0,0,HI
University of Hawaii (UH),Transportation,2004,New England,5,0,0,HI
University of Hawaii (UH),Transportation,2004,New England,10,0,1,HI
University of Hawaii (UH),Transportation,2004,Pacific,1,60,68,HI
University of Hawaii (UH),Transportation,2004,Pacific,5,47,60,HI
University of Hawaii (UH),Transportation,2004,Pacific,10,55,74,HI
University of Hawaii (UH),Transportation,2004,South Atlantic,1,0,0,HI
University of Hawaii (UH),Transportation,2004,South Atlantic,5,0,3,HI
University of Hawaii (UH),Transportation,2004,South Atlantic,10,0,3,HI
University of Hawaii (UH),Transportation,2004,West North Central,1,0,0,HI
University of Hawaii (UH),Transportation,2004,West North Central,5,0,0,HI
University of Hawaii (UH),Transportation,2004,West North Central,10,0,0,HI
University of Hawaii (UH),Transportation,2004,West South Central,1,0,4,HI
University of Hawaii (UH),Transportation,2004,West South Central,5,0,4,HI
University of Hawaii (UH),Transportation,2004,West South Central,10,0,3,HI
University of Hawaii (UH),Transportation,2007,East North Central,1,0,0,HI
University of Hawaii (UH),Transportation,2007,East North Central,5,0,1,HI
University of Hawaii (UH),Transportation,2007,East North Central,10,0,0,HI
University of Hawaii (UH),Transportation,2007,East South Central,1,0,0,HI
University of Hawaii (UH),Transportation,2007,East South Central,5,0,0,HI
University of Hawaii (UH),Transportation,2007,East South Central,10,0,0,HI
University of Hawaii (UH),Transportation,2007,Middle Atlantic,1,0,2,HI
University of Hawaii (UH),Transportation,2007,Middle Atlantic,5,0,0,HI
University of Hawaii (UH),Transportation,2007,Middle Atlantic,10,0,6,HI
University of Hawaii (UH),Transportation,2007,Mountain,1,0,0,HI
University of Hawaii (UH),Transportation,2007,Mountain,5,0,3,HI
University of Hawaii (UH),Transportation,2007,Mountain,10,0,1,HI
University of Hawaii (UH),Transportation,2007,New England,1,0,0,HI
University of Hawaii (UH),Transportation,2007,New England,5,0,0,HI
University of Hawaii (UH),Transportation,2007,New England,10,0,0,HI
University of Hawaii (UH),Transportation,2007,Pacific,1,60,62,HI
University of Hawaii (UH),Transportation,2007,Pacific,5,107,118,HI
University of Hawaii (UH),Transportation,2007,Pacific,10,129,168,HI
University of Hawaii (UH),Transportation,2007,South Atlantic,1,0,2,HI
University of Hawaii (UH),Transportation,2007,South Atlantic,5,0,2,HI
University of Hawaii (UH),Transportation,2007,South Atlantic,10,0,6,HI
University of Hawaii (UH),Transportation,2007,West North Central,1,0,0,HI
University of Hawaii (UH),Transportation,2007,West North Central,5,0,0,HI
University of Hawaii (UH),Transportation,2007,West North Central,10,0,0,HI
University of Hawaii (UH),Transportation,2007,West South Central,1,0,0,HI
University of Hawaii (UH),Transportation,2007,West South Central,5,0,7,HI
University of Hawaii (UH),Transportation,2007,West South Central,10,0,2,HI
University of Hawaii (UH),Transportation,2010,East North Central,1,0,2,HI
University of Hawaii (UH),Transportation,2010,East North Central,5,0,5,HI
University of Hawaii (UH),Transportation,2010,East North Central,10,0,3,HI
University of Hawaii (UH),Transportation,2010,East South Central,1,0,0,HI
University of Hawaii (UH),Transportation,2010,East South Central,5,0,0,HI
University of Hawaii (UH),Transportation,2010,East South Central,10,0,0,HI
University of Hawaii (UH),Transportation,2010,Middle Atlantic,1,0,3,HI
University of Hawaii (UH),Transportation,2010,Middle Atlantic,5,0,2,HI
University of Hawaii (UH),Transportation,2010,Middle Atlantic,10,0,3,HI
University of Hawaii (UH),Transportation,2010,Mountain,1,0,4,HI
University of Hawaii (UH),Transportation,2010,Mountain,5,0,5,HI
University of Hawaii (UH),Transportation,2010,Mountain,10,0,4,HI
University of Hawaii (UH),Transportation,2010,New England,1,0,0,HI
University of Hawaii (UH),Transportation,2010,New England,5,0,1,HI
University of Hawaii (UH),Transportation,2010,New England,10,0,0,HI
University of Hawaii (UH),Transportation,2010,Pacific,1,78,83,HI
University of Hawaii (UH),Transportation,2010,Pacific,5,137,164,HI
University of Hawaii (UH),Transportation,2010,Pacific,10,141,174,HI
University of Hawaii (UH),Transportation,2010,South Atlantic,1,0,1,HI
University of Hawaii (UH),Transportation,2010,South Atlantic,5,0,4,HI
University of Hawaii (UH),Transportation,2010,South Atlantic,10,0,3,HI
University of Hawaii (UH),Transportation,2010,West North Central,1,0,0,HI
University of Hawaii (UH),Transportation,2010,West North Central,5,0,3,HI
University of Hawaii (UH),Transportation,2010,West North Central,10,0,0,HI
University of Hawaii (UH),Transportation,2010,West South Central,1,0,1,HI
University of Hawaii (UH),Transportation,2010,West South Central,5,0,2,HI
University of Hawaii (UH),Transportation,2010,West South Central,10,0,6,HI
University of Hawaii (UH),Transportation,2013,East North Central,1,0,2,HI
University of Hawaii (UH),Transportation,2013,East North Central,5,0,1,HI
University of Hawaii (UH),Transportation,2013,East North Central,10,,,HI
University of Hawaii (UH),Transportation,2013,East South Central,1,0,0,HI
University of Hawaii (UH),Transportation,2013,East South Central,5,0,0,HI
University of Hawaii (UH),Transportation,2013,East South Central,10,,,HI
University of Hawaii (UH),Transportation,2013,Middle Atlantic,1,0,0,HI
University of Hawaii (UH),Transportation,2013,Middle Atlantic,5,0,4,HI
University of Hawaii (UH),Transportation,2013,Middle Atlantic,10,,,HI
University of Hawaii (UH),Transportation,2013,Mountain,1,0,1,HI
University of Hawaii (UH),Transportation,2013,Mountain,5,0,10,HI
University of Hawaii (UH),Transportation,2013,Mountain,10,,,HI
University of Hawaii (UH),Transportation,2013,New England,1,0,0,HI
University of Hawaii (UH),Transportation,2013,New England,5,0,0,HI
University of Hawaii (UH),Transportation,2013,New England,10,,,HI
University of Hawaii (UH),Transportation,2013,Pacific,1,71,92,HI
University of Hawaii (UH),Transportation,2013,Pacific,5,117,160,HI
University of Hawaii (UH),Transportation,2013,Pacific,10,,,HI
University of Hawaii (UH),Transportation,2013,South Atlantic,1,0,1,HI
University of Hawaii (UH),Transportation,2013,South Atlantic,5,0,7,HI
University of Hawaii (UH),Transportation,2013,South Atlantic,10,,,HI
University of Hawaii (UH),Transportation,2013,West North Central,1,0,0,HI
University of Hawaii (UH),Transportation,2013,West North Central,5,0,1,HI
University of Hawaii (UH),Transportation,2013,West North Central,10,,,HI
University of Hawaii (UH),Transportation,2013,West South Central,1,0,1,HI
University of Hawaii (UH),Transportation,2013,West South Central,5,0,3,HI
University of Hawaii (UH),Transportation,2013,West South Central,10,,,HI
University of Hawaii (UH),Transportation,2016,East North Central,1,0,1,HI
University of Hawaii (UH),Transportation,2016,East North Central,5,0,2,HI
University of Hawaii (UH),Transportation,2016,East North Central,10,,,HI
University of Hawaii (UH),Transportation,2016,East South Central,1,0,1,HI
University of Hawaii (UH),Transportation,2016,East South Central,5,0,0,HI
University of Hawaii (UH),Transportation,2016,East South Central,10,,,HI
University of Hawaii (UH),Transportation,2016,Middle Atlantic,1,0,1,HI
University of Hawaii (UH),Transportation,2016,Middle Atlantic,5,0,6,HI
University of Hawaii (UH),Transportation,2016,Middle Atlantic,10,,,HI
University of Hawaii (UH),Transportation,2016,Mountain,1,0,1,HI
University of Hawaii (UH),Transportation,2016,Mountain,5,0,8,HI
University of Hawaii (UH),Transportation,2016,Mountain,10,,,HI
University of Hawaii (UH),Transportation,2016,New England,1,0,0,HI
University of Hawaii (UH),Transportation,2016,New England,5,0,0,HI
University of Hawaii (UH),Transportation,2016,New England,10,,,HI
University of Hawaii (UH),Transportation,2016,Pacific,1,98,116,HI
University of Hawaii (UH),Transportation,2016,Pacific,5,131,164,HI
University of Hawaii (UH),Transportation,2016,Pacific,10,,,HI
University of Hawaii (UH),Transportation,2016,South Atlantic,1,0,2,HI
University of Hawaii (UH),Transportation,2016,South Atlantic,5,0,10,HI
University of Hawaii (UH),Transportation,2016,South Atlantic,10,,,HI
University of Hawaii (UH),Transportation,2016,West North Central,1,0,0,HI
University of Hawaii (UH),Transportation,2016,West North Central,5,0,0,HI
University of Hawaii (UH),Transportation,2016,West North Central,10,,,HI
University of Hawaii (UH),Transportation,2016,West South Central,1,0,2,HI
University of Hawaii (UH),Transportation,2016,West South Central,5,0,6,HI
University of Hawaii (UH),Transportation,2016,West South Central,10,,,HI
University of Hawaii (UH),Transportation,2019,East North Central,1,0,0,HI
University of Hawaii (UH),Transportation,2019,East North Central,5,,,HI
University of Hawaii (UH),Transportation,2019,East North Central,10,,,HI
University of Hawaii (UH),Transportation,2019,East South Central,1,0,0,HI
University of Hawaii (UH),Transportation,2019,East South Central,5,,,HI
University of Hawaii (UH),Transportation,2019,East South Central,10,,,HI
University of Hawaii (UH),Transportation,2019,Middle Atlantic,1,0,0,HI
University of Hawaii (UH),Transportation,2019,Middle Atlantic,5,,,HI
University of Hawaii (UH),Transportation,2019,Middle Atlantic,10,,,HI
University of Hawaii (UH),Transportation,2019,Mountain,1,0,3,HI
University of Hawaii (UH),Transportation,2019,Mountain,5,,,HI
University of Hawaii (UH),Transportation,2019,Mountain,10,,,HI
University of Hawaii (UH),Transportation,2019,New England,1,0,0,HI
University of Hawaii (UH),Transportation,2019,New England,5,,,HI
University of Hawaii (UH),Transportation,2019,New England,10,,,HI
University of Hawaii (UH),Transportation,2019,Pacific,1,94,104,HI
University of Hawaii (UH),Transportation,2019,Pacific,5,,,HI
University of Hawaii (UH),Transportation,2019,Pacific,10,,,HI
University of Hawaii (UH),Transportation,2019,South Atlantic,1,0,0,HI
University of Hawaii (UH),Transportation,2019,South Atlantic,5,,,HI
University of Hawaii (UH),Transportation,2019,South Atlantic,10,,,HI
University of Hawaii (UH),Transportation,2019,West North Central,1,0,0,HI
University of Hawaii (UH),Transportation,2019,West North Central,5,,,HI
University of Hawaii (UH),Transportation,2019,West North Central,10,,,HI
University of Hawaii (UH),Transportation,2019,West South Central,1,0,2,HI
University of Hawaii (UH),Transportation,2019,West South Central,5,,,HI
University of Hawaii (UH),Transportation,2019,West South Central,10,,,HI
University of Hawaii (UH),Utilities,2004,East North Central,1,0,0,HI
University of Hawaii (UH),Utilities,2004,East North Central,5,0,0,HI
University of Hawaii (UH),Utilities,2004,East North Central,10,0,0,HI
University of Hawaii (UH),Utilities,2004,East South Central,1,0,0,HI
University of Hawaii (UH),Utilities,2004,East South Central,5,0,0,HI
University of Hawaii (UH),Utilities,2004,East South Central,10,0,0,HI
University of Hawaii (UH),Utilities,2004,Middle Atlantic,1,0,0,HI
University of Hawaii (UH),Utilities,2004,Middle Atlantic,5,0,0,HI
University of Hawaii (UH),Utilities,2004,Middle Atlantic,10,0,0,HI
University of Hawaii (UH),Utilities,2004,Mountain,1,0,0,HI
University of Hawaii (UH),Utilities,2004,Mountain,5,0,0,HI
University of Hawaii (UH),Utilities,2004,Mountain,10,0,0,HI
University of Hawaii (UH),Utilities,2004,New England,1,0,0,HI
University of Hawaii (UH),Utilities,2004,New England,5,0,0,HI
University of Hawaii (UH),Utilities,2004,New England,10,0,0,HI
University of Hawaii (UH),Utilities,2004,Pacific,1,3,3,HI
University of Hawaii (UH),Utilities,2004,Pacific,5,10,10,HI
University of Hawaii (UH),Utilities,2004,Pacific,10,30,30,HI
University of Hawaii (UH),Utilities,2004,South Atlantic,1,0,0,HI
University of Hawaii (UH),Utilities,2004,South Atlantic,5,0,0,HI
University of Hawaii (UH),Utilities,2004,South Atlantic,10,0,0,HI
University of Hawaii (UH),Utilities,2004,West North Central,1,0,0,HI
University of Hawaii (UH),Utilities,2004,West North Central,5,0,0,HI
University of Hawaii (UH),Utilities,2004,West North Central,10,0,0,HI
University of Hawaii (UH),Utilities,2004,West South Central,1,0,0,HI
University of Hawaii (UH),Utilities,2004,West South Central,5,0,0,HI
University of Hawaii (UH),Utilities,2004,West South Central,10,0,0,HI
University of Hawaii (UH),Utilities,2007,East North Central,1,0,0,HI
University of Hawaii (UH),Utilities,2007,East North Central,5,0,0,HI
University of Hawaii (UH),Utilities,2007,East North Central,10,0,0,HI
University of Hawaii (UH),Utilities,2007,East South Central,1,0,0,HI
University of Hawaii (UH),Utilities,2007,East South Central,5,0,0,HI
University of Hawaii (UH),Utilities,2007,East South Central,10,0,0,HI
University of Hawaii (UH),Utilities,2007,Middle Atlantic,1,0,0,HI
University of Hawaii (UH),Utilities,2007,Middle Atlantic,5,0,0,HI
University of Hawaii (UH),Utilities,2007,Middle Atlantic,10,0,0,HI
University of Hawaii (UH),Utilities,2007,Mountain,1,0,0,HI
University of Hawaii (UH),Utilities,2007,Mountain,5,0,0,HI
University of Hawaii (UH),Utilities,2007,Mountain,10,0,0,HI
University of Hawaii (UH),Utilities,2007,New England,1,0,0,HI
University of Hawaii (UH),Utilities,2007,New England,5,0,0,HI
University of Hawaii (UH),Utilities,2007,New England,10,0,0,HI
University of Hawaii (UH),Utilities,2007,Pacific,1,15,16,HI
University of Hawaii (UH),Utilities,2007,Pacific,5,37,39,HI
University of Hawaii (UH),Utilities,2007,Pacific,10,54,56,HI
University of Hawaii (UH),Utilities,2007,South Atlantic,1,0,0,HI
University of Hawaii (UH),Utilities,2007,South Atlantic,5,0,0,HI
University of Hawaii (UH),Utilities,2007,South Atlantic,10,0,0,HI
University of Hawaii (UH),Utilities,2007,West North Central,1,0,0,HI
University of Hawaii (UH),Utilities,2007,West North Central,5,0,0,HI
University of Hawaii (UH),Utilities,2007,West North Central,10,0,0,HI
University of Hawaii (UH),Utilities,2007,West South Central,1,0,0,HI
University of Hawaii (UH),Utilities,2007,West South Central,5,0,1,HI
University of Hawaii (UH),Utilities,2007,West South Central,10,0,0,HI
University of Hawaii (UH),Utilities,2010,East North Central,1,0,0,HI
University of Hawaii (UH),Utilities,2010,East North Central,5,0,0,HI
University of Hawaii (UH),Utilities,2010,East North Central,10,0,0,HI
University of Hawaii (UH),Utilities,2010,East South Central,1,0,0,HI
University of Hawaii (UH),Utilities,2010,East South Central,5,0,0,HI
University of Hawaii (UH),Utilities,2010,East South Central,10,0,0,HI
University of Hawaii (UH),Utilities,2010,Middle Atlantic,1,0,0,HI
University of Hawaii (UH),Utilities,2010,Middle Atlantic,5,0,0,HI
University of Hawaii (UH),Utilities,2010,Middle Atlantic,10,0,1,HI
University of Hawaii (UH),Utilities,2010,Mountain,1,0,0,HI
University of Hawaii (UH),Utilities,2010,Mountain,5,0,0,HI
University of Hawaii (UH),Utilities,2010,Mountain,10,0,0,HI
University of Hawaii (UH),Utilities,2010,New England,1,0,0,HI
University of Hawaii (UH),Utilities,2010,New England,5,0,0,HI
University of Hawaii (UH),Utilities,2010,New England,10,0,0,HI
University of Hawaii (UH),Utilities,2010,Pacific,1,17,17,HI
University of Hawaii (UH),Utilities,2010,Pacific,5,49,58,HI
University of Hawaii (UH),Utilities,2010,Pacific,10,57,60,HI
University of Hawaii (UH),Utilities,2010,South Atlantic,1,0,0,HI
University of Hawaii (UH),Utilities,2010,South Atlantic,5,0,0,HI
University of Hawaii (UH),Utilities,2010,South Atlantic,10,0,0,HI
University of Hawaii (UH),Utilities,2010,West North Central,1,0,0,HI
University of Hawaii (UH),Utilities,2010,West North Central,5,0,0,HI
University of Hawaii (UH),Utilities,2010,West North Central,10,0,0,HI
University of Hawaii (UH),Utilities,2010,West South Central,1,0,1,HI
University of Hawaii (UH),Utilities,2010,West South Central,5,0,0,HI
University of Hawaii (UH),Utilities,2010,West South Central,10,0,0,HI
University of Hawaii (UH),Utilities,2013,East North Central,1,0,0,HI
University of Hawaii (UH),Utilities,2013,East North Central,5,0,0,HI
University of Hawaii (UH),Utilities,2013,East North Central,10,,,HI
University of Hawaii (UH),Utilities,2013,East South Central,1,0,0,HI
University of Hawaii (UH),Utilities,2013,East South Central,5,0,0,HI
University of Hawaii (UH),Utilities,2013,East South Central,10,,,HI
University of Hawaii (UH),Utilities,2013,Middle Atlantic,1,0,0,HI
University of Hawaii (UH),Utilities,2013,Middle Atlantic,5,0,0,HI
University of Hawaii (UH),Utilities,2013,Middle Atlantic,10,,,HI
University of Hawaii (UH),Utilities,2013,Mountain,1,0,0,HI
University of Hawaii (UH),Utilities,2013,Mountain,5,0,0,HI
University of Hawaii (UH),Utilities,2013,Mountain,10,,,HI
University of Hawaii (UH),Utilities,2013,New England,1,0,0,HI
University of Hawaii (UH),Utilities,2013,New England,5,0,0,HI
University of Hawaii (UH),Utilities,2013,New England,10,,,HI
University of Hawaii (UH),Utilities,2013,Pacific,1,21,21,HI
University of Hawaii (UH),Utilities,2013,Pacific,5,40,44,HI
University of Hawaii (UH),Utilities,2013,Pacific,10,,,HI
University of Hawaii (UH),Utilities,2013,South Atlantic,1,0,0,HI
University of Hawaii (UH),Utilities,2013,South Atlantic,5,0,0,HI
University of Hawaii (UH),Utilities,2013,South Atlantic,10,,,HI
University of Hawaii (UH),Utilities,2013,West North Central,1,0,0,HI
University of Hawaii (UH),Utilities,2013,West North Central,5,0,0,HI
University of Hawaii (UH),Utilities,2013,West North Central,10,,,HI
University of Hawaii (UH),Utilities,2013,West South Central,1,0,0,HI
University of Hawaii (UH),Utilities,2013,West South Central,5,0,0,HI
University of Hawaii (UH),Utilities,2013,West South Central,10,,,HI
University of Hawaii (UH),Utilities,2016,East North Central,1,0,0,HI
University of Hawaii (UH),Utilities,2016,East North Central,5,0,0,HI
University of Hawaii (UH),Utilities,2016,East North Central,10,,,HI
University of Hawaii (UH),Utilities,2016,East South Central,1,0,0,HI
University of Hawaii (UH),Utilities,2016,East South Central,5,0,0,HI
University of Hawaii (UH),Utilities,2016,East South Central,10,,,HI
University of Hawaii (UH),Utilities,2016,Middle Atlantic,1,0,0,HI
University of Hawaii (UH),Utilities,2016,Middle Atlantic,5,0,0,HI
University of Hawaii (UH),Utilities,2016,Middle Atlantic,10,,,HI
University of Hawaii (UH),Utilities,2016,Mountain,1,0,1,HI
University of Hawaii (UH),Utilities,2016,Mountain,5,0,0,HI
University of Hawaii (UH),Utilities,2016,Mountain,10,,,HI
University of Hawaii (UH),Utilities,2016,New England,1,0,0,HI
University of Hawaii (UH),Utilities,2016,New England,5,0,0,HI
University of Hawaii (UH),Utilities,2016,New England,10,,,HI
University of Hawaii (UH),Utilities,2016,Pacific,1,22,24,HI
University of Hawaii (UH),Utilities,2016,Pacific,5,40,44,HI
University of Hawaii (UH),Utilities,2016,Pacific,10,,,HI
University of Hawaii (UH),Utilities,2016,South Atlantic,1,0,0,HI
University of Hawaii (UH),Utilities,2016,South Atlantic,5,0,0,HI
University of Hawaii (UH),Utilities,2016,South Atlantic,10,,,HI
University of Hawaii (UH),Utilities,2016,West North Central,1,0,0,HI
University of Hawaii (UH),Utilities,2016,West North Central,5,0,0,HI
University of Hawaii (UH),Utilities,2016,West North Central,10,,,HI
University of Hawaii (UH),Utilities,2016,West South Central,1,0,0,HI
University of Hawaii (UH),Utilities,2016,West South Central,5,0,1,HI
University of Hawaii (UH),Utilities,2016,West South Central,10,,,HI
University of Hawaii (UH),Utilities,2019,East North Central,1,0,0,HI
University of Hawaii (UH),Utilities,2019,East North Central,5,,,HI
University of Hawaii (UH),Utilities,2019,East North Central,10,,,HI
University of Hawaii (UH),Utilities,2019,East South Central,1,0,0,HI
University of Hawaii (UH),Utilities,2019,East South Central,5,,,HI
University of Hawaii (UH),Utilities,2019,East South Central,10,,,HI
University of Hawaii (UH),Utilities,2019,Middle Atlantic,1,0,0,HI
University of Hawaii (UH),Utilities,2019,Middle Atlantic,5,,,HI
University of Hawaii (UH),Utilities,2019,Middle Atlantic,10,,,HI
University of Hawaii (UH),Utilities,2019,Mountain,1,0,0,HI
University of Hawaii (UH),Utilities,2019,Mountain,5,,,HI
University of Hawaii (UH),Utilities,2019,Mountain,10,,,HI
University of Hawaii (UH),Utilities,2019,New England,1,0,0,HI
University of Hawaii (UH),Utilities,2019,New England,5,,,HI
University of Hawaii (UH),Utilities,2019,New England,10,,,HI
University of Hawaii (UH),Utilities,2019,Pacific,1,10,11,HI
University of Hawaii (UH),Utilities,2019,Pacific,5,,,HI
University of Hawaii (UH),Utilities,2019,Pacific,10,,,HI
University of Hawaii (UH),Utilities,2019,South Atlantic,1,0,0,HI
University of Hawaii (UH),Utilities,2019,South Atlantic,5,,,HI
University of Hawaii (UH),Utilities,2019,South Atlantic,10,,,HI
University of Hawaii (UH),Utilities,2019,West North Central,1,0,0,HI
University of Hawaii (UH),Utilities,2019,West North Central,5,,,HI
University of Hawaii (UH),Utilities,2019,West North Central,10,,,HI
University of Hawaii (UH),Utilities,2019,West South Central,1,0,2,HI
University of Hawaii (UH),Utilities,2019,West South Central,5,,,HI
University of Hawaii (UH),Utilities,2019,West South Central,10,,,HI
University of Hawaii (UH),Wholesale,2004,East North Central,1,0,0,HI
University of Hawaii (UH),Wholesale,2004,East North Central,5,0,0,HI
University of Hawaii (UH),Wholesale,2004,East North Central,10,0,0,HI
University of Hawaii (UH),Wholesale,2004,East South Central,1,0,0,HI
University of Hawaii (UH),Wholesale,2004,East South Central,5,0,0,HI
University of Hawaii (UH),Wholesale,2004,East South Central,10,0,0,HI
University of Hawaii (UH),Wholesale,2004,Middle Atlantic,1,0,0,HI
University of Hawaii (UH),Wholesale,2004,Middle Atlantic,5,0,0,HI
University of Hawaii (UH),Wholesale,2004,Middle Atlantic,10,0,1,HI
University of Hawaii (UH),Wholesale,2004,Mountain,1,0,0,HI
University of Hawaii (UH),Wholesale,2004,Mountain,5,0,1,HI
University of Hawaii (UH),Wholesale,2004,Mountain,10,0,5,HI
University of Hawaii (UH),Wholesale,2004,New England,1,0,0,HI
University of Hawaii (UH),Wholesale,2004,New England,5,0,0,HI
University of Hawaii (UH),Wholesale,2004,New England,10,0,0,HI
University of Hawaii (UH),Wholesale,2004,Pacific,1,29,37,HI
University of Hawaii (UH),Wholesale,2004,Pacific,5,43,67,HI
University of Hawaii (UH),Wholesale,2004,Pacific,10,35,64,HI
University of Hawaii (UH),Wholesale,2004,South Atlantic,1,0,4,HI
University of Hawaii (UH),Wholesale,2004,South Atlantic,5,0,5,HI
University of Hawaii (UH),Wholesale,2004,South Atlantic,10,0,8,HI
University of Hawaii (UH),Wholesale,2004,West North Central,1,0,1,HI
University of Hawaii (UH),Wholesale,2004,West North Central,5,0,0,HI
University of Hawaii (UH),Wholesale,2004,West North Central,10,0,0,HI
University of Hawaii (UH),Wholesale,2004,West South Central,1,0,4,HI
University of Hawaii (UH),Wholesale,2004,West South Central,5,0,3,HI
University of Hawaii (UH),Wholesale,2004,West South Central,10,0,3,HI
University of Hawaii (UH),Wholesale,2007,East North Central,1,0,3,HI
University of Hawaii (UH),Wholesale,2007,East North Central,5,0,1,HI
University of Hawaii (UH),Wholesale,2007,East North Central,10,0,2,HI
University of Hawaii (UH),Wholesale,2007,East South Central,1,0,0,HI
University of Hawaii (UH),Wholesale,2007,East South Central,5,0,0,HI
University of Hawaii (UH),Wholesale,2007,East South Central,10,0,1,HI
University of Hawaii (UH),Wholesale,2007,Middle Atlantic,1,0,4,HI
University of Hawaii (UH),Wholesale,2007,Middle Atlantic,5,0,4,HI
University of Hawaii (UH),Wholesale,2007,Middle Atlantic,10,0,3,HI
University of Hawaii (UH),Wholesale,2007,Mountain,1,0,0,HI
University of Hawaii (UH),Wholesale,2007,Mountain,5,0,0,HI
University of Hawaii (UH),Wholesale,2007,Mountain,10,0,3,HI
University of Hawaii (UH),Wholesale,2007,New England,1,0,0,HI
University of Hawaii (UH),Wholesale,2007,New England,5,0,0,HI
University of Hawaii (UH),Wholesale,2007,New England,10,0,1,HI
University of Hawaii (UH),Wholesale,2007,Pacific,1,48,62,HI
University of Hawaii (UH),Wholesale,2007,Pacific,5,41,73,HI
University of Hawaii (UH),Wholesale,2007,Pacific,10,40,73,HI
University of Hawaii (UH),Wholesale,2007,South Atlantic,1,0,3,HI
University of Hawaii (UH),Wholesale,2007,South Atlantic,5,0,7,HI
University of Hawaii (UH),Wholesale,2007,South Atlantic,10,0,14,HI
University of Hawaii (UH),Wholesale,2007,West North Central,1,0,0,HI
University of Hawaii (UH),Wholesale,2007,West North Central,5,0,0,HI
University of Hawaii (UH),Wholesale,2007,West North Central,10,0,0,HI
University of Hawaii (UH),Wholesale,2007,West South Central,1,0,1,HI
University of Hawaii (UH),Wholesale,2007,West South Central,5,0,8,HI
University of Hawaii (UH),Wholesale,2007,West South Central,10,0,5,HI
University of Hawaii (UH),Wholesale,2010,East North Central,1,0,1,HI
University of Hawaii (UH),Wholesale,2010,East North Central,5,0,4,HI
University of Hawaii (UH),Wholesale,2010,East North Central,10,0,4,HI
University of Hawaii (UH),Wholesale,2010,East South Central,1,0,0,HI
University of Hawaii (UH),Wholesale,2010,East South Central,5,0,0,HI
University of Hawaii (UH),Wholesale,2010,East South Central,10,0,1,HI
University of Hawaii (UH),Wholesale,2010,Middle Atlantic,1,0,5,HI
University of Hawaii (UH),Wholesale,2010,Middle Atlantic,5,0,10,HI
University of Hawaii (UH),Wholesale,2010,Middle Atlantic,10,0,1,HI
University of Hawaii (UH),Wholesale,2010,Mountain,1,0,2,HI
University of Hawaii (UH),Wholesale,2010,Mountain,5,0,1,HI
University of Hawaii (UH),Wholesale,2010,Mountain,10,0,1,HI
University of Hawaii (UH),Wholesale,2010,New England,1,0,1,HI
University of Hawaii (UH),Wholesale,2010,New England,5,0,0,HI
University of Hawaii (UH),Wholesale,2010,New England,10,0,1,HI
University of Hawaii (UH),Wholesale,2010,Pacific,1,56,68,HI
University of Hawaii (UH),Wholesale,2010,Pacific,5,74,103,HI
University of Hawaii (UH),Wholesale,2010,Pacific,10,59,86,HI
University of Hawaii (UH),Wholesale,2010,South Atlantic,1,0,2,HI
University of Hawaii (UH),Wholesale,2010,South Atlantic,5,0,11,HI
University of Hawaii (UH),Wholesale,2010,South Atlantic,10,0,1,HI
University of Hawaii (UH),Wholesale,2010,West North Central,1,0,0,HI
University of Hawaii (UH),Wholesale,2010,West North Central,5,0,0,HI
University of Hawaii (UH),Wholesale,2010,West North Central,10,0,0,HI
University of Hawaii (UH),Wholesale,2010,West South Central,1,0,1,HI
University of Hawaii (UH),Wholesale,2010,West South Central,5,0,3,HI
University of Hawaii (UH),Wholesale,2010,West South Central,10,0,7,HI
University of Hawaii (UH),Wholesale,2013,East North Central,1,0,2,HI
University of Hawaii (UH),Wholesale,2013,East North Central,5,0,4,HI
University of Hawaii (UH),Wholesale,2013,East North Central,10,,,HI
University of Hawaii (UH),Wholesale,2013,East South Central,1,0,0,HI
University of Hawaii (UH),Wholesale,2013,East South Central,5,0,0,HI
University of Hawaii (UH),Wholesale,2013,East South Central,10,,,HI
University of Hawaii (UH),Wholesale,2013,Middle Atlantic,1,0,1,HI
University of Hawaii (UH),Wholesale,2013,Middle Atlantic,5,0,5,HI
University of Hawaii (UH),Wholesale,2013,Middle Atlantic,10,,,HI
University of Hawaii (UH),Wholesale,2013,Mountain,1,0,5,HI
University of Hawaii (UH),Wholesale,2013,Mountain,5,0,3,HI
University of Hawaii (UH),Wholesale,2013,Mountain,10,,,HI
University of Hawaii (UH),Wholesale,2013,New England,1,0,0,HI
University of Hawaii (UH),Wholesale,2013,New England,5,0,0,HI
University of Hawaii (UH),Wholesale,2013,New England,10,,,HI
University of Hawaii (UH),Wholesale,2013,Pacific,1,70,91,HI
University of Hawaii (UH),Wholesale,2013,Pacific,5,67,101,HI
University of Hawaii (UH),Wholesale,2013,Pacific,10,,,HI
University of Hawaii (UH),Wholesale,2013,South Atlantic,1,0,1,HI
University of Hawaii (UH),Wholesale,2013,South Atlantic,5,0,7,HI
University of Hawaii (UH),Wholesale,2013,South Atlantic,10,,,HI
University of Hawaii (UH),Wholesale,2013,West North Central,1,0,1,HI
University of Hawaii (UH),Wholesale,2013,West North Central,5,0,1,HI
University of Hawaii (UH),Wholesale,2013,West North Central,10,,,HI
University of Hawaii (UH),Wholesale,2013,West South Central,1,0,2,HI
University of Hawaii (UH),Wholesale,2013,West South Central,5,0,4,HI
University of Hawaii (UH),Wholesale,2013,West South Central,10,,,HI
University of Hawaii (UH),Wholesale,2016,East North Central,1,0,3,HI
University of Hawaii (UH),Wholesale,2016,East North Central,5,0,2,HI
University of Hawaii (UH),Wholesale,2016,East North Central,10,,,HI
University of Hawaii (UH),Wholesale,2016,East South Central,1,0,0,HI
University of Hawaii (UH),Wholesale,2016,East South Central,5,0,0,HI
University of Hawaii (UH),Wholesale,2016,East South Central,10,,,HI
University of Hawaii (UH),Wholesale,2016,Middle Atlantic,1,0,2,HI
University of Hawaii (UH),Wholesale,2016,Middle Atlantic,5,0,2,HI
University of Hawaii (UH),Wholesale,2016,Middle Atlantic,10,,,HI
University of Hawaii (UH),Wholesale,2016,Mountain,1,0,4,HI
University of Hawaii (UH),Wholesale,2016,Mountain,5,0,4,HI
University of Hawaii (UH),Wholesale,2016,Mountain,10,,,HI
University of Hawaii (UH),Wholesale,2016,New England,1,0,0,HI
University of Hawaii (UH),Wholesale,2016,New England,5,0,1,HI
University of Hawaii (UH),Wholesale,2016,New England,10,,,HI
University of Hawaii (UH),Wholesale,2016,Pacific,1,61,86,HI
University of Hawaii (UH),Wholesale,2016,Pacific,5,64,108,HI
University of Hawaii (UH),Wholesale,2016,Pacific,10,,,HI
University of Hawaii (UH),Wholesale,2016,South Atlantic,1,0,0,HI
University of Hawaii (UH),Wholesale,2016,South Atlantic,5,0,5,HI
University of Hawaii (UH),Wholesale,2016,South Atlantic,10,,,HI
University of Hawaii (UH),Wholesale,2016,West North Central,1,0,0,HI
University of Hawaii (UH),Wholesale,2016,West North Central,5,0,1,HI
University of Hawaii (UH),Wholesale,2016,West North Central,10,,,HI
University of Hawaii (UH),Wholesale,2016,West South Central,1,0,1,HI
University of Hawaii (UH),Wholesale,2016,West South Central,5,0,4,HI
University of Hawaii (UH),Wholesale,2016,West South Central,10,,,HI
University of Hawaii (UH),Wholesale,2019,East North Central,1,0,2,HI
University of Hawaii (UH),Wholesale,2019,East North Central,5,,,HI
University of Hawaii (UH),Wholesale,2019,East North Central,10,,,HI
University of Hawaii (UH),Wholesale,2019,East South Central,1,0,0,HI
University of Hawaii (UH),Wholesale,2019,East South Central,5,,,HI
University of Hawaii (UH),Wholesale,2019,East South Central,10,,,HI
University of Hawaii (UH),Wholesale,2019,Middle Atlantic,1,0,9,HI
University of Hawaii (UH),Wholesale,2019,Middle Atlantic,5,,,HI
University of Hawaii (UH),Wholesale,2019,Middle Atlantic,10,,,HI
University of Hawaii (UH),Wholesale,2019,Mountain,1,0,0,HI
University of Hawaii (UH),Wholesale,2019,Mountain,5,,,HI
University of Hawaii (UH),Wholesale,2019,Mountain,10,,,HI
University of Hawaii (UH),Wholesale,2019,New England,1,0,0,HI
University of Hawaii (UH),Wholesale,2019,New England,5,,,HI
University of Hawaii (UH),Wholesale,2019,New England,10,,,HI
University of Hawaii (UH),Wholesale,2019,Pacific,1,61,91,HI
University of Hawaii (UH),Wholesale,2019,Pacific,5,,,HI
University of Hawaii (UH),Wholesale,2019,Pacific,10,,,HI
University of Hawaii (UH),Wholesale,2019,South Atlantic,1,0,4,HI
University of Hawaii (UH),Wholesale,2019,South Atlantic,5,,,HI
University of Hawaii (UH),Wholesale,2019,South Atlantic,10,,,HI
University of Hawaii (UH),Wholesale,2019,West North Central,1,0,1,HI
University of Hawaii (UH),Wholesale,2019,West North Central,5,,,HI
University of Hawaii (UH),Wholesale,2019,West North Central,10,,,HI
University of Hawaii (UH),Wholesale,2019,West South Central,1,0,7,HI
University of Hawaii (UH),Wholesale,2019,West South Central,5,,,HI
University of Hawaii (UH),Wholesale,2019,West South Central,10,,,HI
