institution_cat,industry_cat,grad_cohort,horizon,emp_instate_,emp_n_,SI_by_cohort,state
CUNY Baruch,Admin/Waste,2004,1,307,351,.87464386,NY
CUNY Baruch,Admin/Waste,2004,5,203,259,.78378379,NY
CUNY Baruch,Admin/Waste,2004,10,167,220,.7590909,NY
CUNY Baruch,Admin/Waste,2007,1,249,286,.87062937,NY
CUNY Baruch,Admin/Waste,2007,5,213,261,.81609195,NY
CUNY Baruch,Admin/Waste,2007,10,195,248,.78629035,NY
CUNY Baruch,Admin/Waste,2010,1,278,323,.86068112,NY
CUNY Baruch,Admin/Waste,2010,5,225,274,.82116789,NY
CUNY Baruch,Admin/Waste,2010,10,169,247,.68421054,NY
CUNY Baruch,Admin/Waste,2013,1,425,488,.87090164,NY
CUNY Baruch,Admin/Waste,2013,5,283,326,.86809814,NY
CUNY Baruch,Admin/Waste,2013,10,,,,NY
CUNY Baruch,Admin/Waste,2016,1,455,512,.88867188,NY
CUNY Baruch,Admin/Waste,2016,5,309,396,.780303,NY
CUNY Baruch,Admin/Waste,2016,10,,,,NY
CUNY Baruch,Admin/Waste,2019,1,457,523,.87380499,NY
CUNY Baruch,Admin/Waste,2019,5,,,,NY
CUNY Baruch,Admin/Waste,2019,10,,,,NY
CUNY Baruch,Agriculture,2004,1,0,0,,NY
CUNY Baruch,Agriculture,2004,5,0,0,,NY
CUNY Baruch,Agriculture,2004,10,1,1,1,NY
CUNY Baruch,Agriculture,2007,1,2,2,1,NY
CUNY Baruch,Agriculture,2007,5,0,0,,NY
CUNY Baruch,Agriculture,2007,10,1,1,1,NY
CUNY Baruch,Agriculture,2010,1,0,2,0,NY
CUNY Baruch,Agriculture,2010,5,1,3,.33333334,NY
CUNY Baruch,Agriculture,2010,10,0,0,,NY
CUNY Baruch,Agriculture,2013,1,0,0,,NY
CUNY Baruch,Agriculture,2013,5,1,1,1,NY
CUNY Baruch,Agriculture,2013,10,,,,NY
CUNY Baruch,Agriculture,2016,1,1,1,1,NY
CUNY Baruch,Agriculture,2016,5,1,1,1,NY
CUNY Baruch,Agriculture,2016,10,,,,NY
CUNY Baruch,Agriculture,2019,1,0,0,,NY
CUNY Baruch,Agriculture,2019,5,,,,NY
CUNY Baruch,Agriculture,2019,10,,,,NY
CUNY Baruch,Arts/Entertainment,2004,1,36,37,.97297299,NY
CUNY Baruch,Arts/Entertainment,2004,5,45,52,.86538464,NY
CUNY Baruch,Arts/Entertainment,2004,10,56,62,.90322578,NY
CUNY Baruch,Arts/Entertainment,2007,1,46,48,.95833331,NY
CUNY Baruch,Arts/Entertainment,2007,5,51,52,.98076922,NY
CUNY Baruch,Arts/Entertainment,2007,10,49,53,.9245283,NY
CUNY Baruch,Arts/Entertainment,2010,1,46,51,.90196079,NY
CUNY Baruch,Arts/Entertainment,2010,5,66,69,.95652175,NY
CUNY Baruch,Arts/Entertainment,2010,10,30,44,.68181819,NY
CUNY Baruch,Arts/Entertainment,2013,1,65,70,.9285714,NY
CUNY Baruch,Arts/Entertainment,2013,5,67,76,.88157892,NY
CUNY Baruch,Arts/Entertainment,2013,10,,,,NY
CUNY Baruch,Arts/Entertainment,2016,1,75,88,.85227275,NY
CUNY Baruch,Arts/Entertainment,2016,5,64,71,.90140843,NY
CUNY Baruch,Arts/Entertainment,2016,10,,,,NY
CUNY Baruch,Arts/Entertainment,2019,1,59,73,.80821919,NY
CUNY Baruch,Arts/Entertainment,2019,5,,,,NY
CUNY Baruch,Arts/Entertainment,2019,10,,,,NY
CUNY Baruch,Construction,2004,1,51,63,.80952382,NY
CUNY Baruch,Construction,2004,5,56,60,.93333334,NY
CUNY Baruch,Construction,2004,10,63,65,.96923077,NY
CUNY Baruch,Construction,2007,1,51,61,.83606559,NY
CUNY Baruch,Construction,2007,5,59,65,.90769231,NY
CUNY Baruch,Construction,2007,10,74,95,.77894735,NY
CUNY Baruch,Construction,2010,1,58,66,.87878788,NY
CUNY Baruch,Construction,2010,5,97,105,.92380953,NY
CUNY Baruch,Construction,2010,10,90,107,.84112149,NY
CUNY Baruch,Construction,2013,1,77,87,.88505745,NY
CUNY Baruch,Construction,2013,5,106,128,.828125,NY
CUNY Baruch,Construction,2013,10,,,,NY
CUNY Baruch,Construction,2016,1,103,109,.94495416,NY
CUNY Baruch,Construction,2016,5,104,115,.90434784,NY
CUNY Baruch,Construction,2016,10,,,,NY
CUNY Baruch,Construction,2019,1,113,133,.84962404,NY
CUNY Baruch,Construction,2019,5,,,,NY
CUNY Baruch,Construction,2019,10,,,,NY
CUNY Baruch,Education,2004,1,174,210,.82857144,NY
CUNY Baruch,Education,2004,5,256,302,.84768212,NY
CUNY Baruch,Education,2004,10,323,367,.88010901,NY
CUNY Baruch,Education,2007,1,166,188,.88297874,NY
CUNY Baruch,Education,2007,5,254,296,.8581081,NY
CUNY Baruch,Education,2007,10,342,369,.92682928,NY
CUNY Baruch,Education,2010,1,152,164,.92682928,NY
CUNY Baruch,Education,2010,5,285,304,.9375,NY
CUNY Baruch,Education,2010,10,372,426,.87323946,NY
CUNY Baruch,Education,2013,1,181,216,.83796299,NY
CUNY Baruch,Education,2013,5,312,347,.89913547,NY
CUNY Baruch,Education,2013,10,,,,NY
CUNY Baruch,Education,2016,1,227,250,.90799999,NY
CUNY Baruch,Education,2016,5,352,399,.88220549,NY
CUNY Baruch,Education,2016,10,,,,NY
CUNY Baruch,Education,2019,1,263,304,.86513156,NY
CUNY Baruch,Education,2019,5,,,,NY
CUNY Baruch,Education,2019,10,,,,NY
CUNY Baruch,Finance,2004,1,1361,1518,.89657444,NY
CUNY Baruch,Finance,2004,5,1340,1584,.8459596,NY
CUNY Baruch,Finance,2004,10,1177,1421,.82828993,NY
CUNY Baruch,Finance,2007,1,1196,1340,.8925373,NY
CUNY Baruch,Finance,2007,5,1220,1395,.87455195,NY
CUNY Baruch,Finance,2007,10,1055,1291,.81719595,NY
CUNY Baruch,Finance,2010,1,1074,1165,.92188841,NY
CUNY Baruch,Finance,2010,5,1142,1319,.86580741,NY
CUNY Baruch,Finance,2010,10,965,1209,.79818034,NY
CUNY Baruch,Finance,2013,1,1196,1334,.89655173,NY
CUNY Baruch,Finance,2013,5,1208,1455,.83024055,NY
CUNY Baruch,Finance,2013,10,,,,NY
CUNY Baruch,Finance,2016,1,1178,1346,.87518573,NY
CUNY Baruch,Finance,2016,5,1287,1553,.8287186,NY
CUNY Baruch,Finance,2016,10,,,,NY
CUNY Baruch,Finance,2019,1,1204,1385,.86931407,NY
CUNY Baruch,Finance,2019,5,,,,NY
CUNY Baruch,Finance,2019,10,,,,NY
CUNY Baruch,Food/Hospitality,2004,1,138,160,.86250001,NY
CUNY Baruch,Food/Hospitality,2004,5,102,130,.7846154,NY
CUNY Baruch,Food/Hospitality,2004,10,93,128,.7265625,NY
CUNY Baruch,Food/Hospitality,2007,1,158,182,.86813188,NY
CUNY Baruch,Food/Hospitality,2007,5,149,172,.86627907,NY
CUNY Baruch,Food/Hospitality,2007,10,108,141,.76595747,NY
CUNY Baruch,Food/Hospitality,2010,1,194,220,.88181818,NY
CUNY Baruch,Food/Hospitality,2010,5,146,183,.79781419,NY
CUNY Baruch,Food/Hospitality,2010,10,105,143,.73426574,NY
CUNY Baruch,Food/Hospitality,2013,1,286,321,.89096576,NY
CUNY Baruch,Food/Hospitality,2013,5,171,215,.79534882,NY
CUNY Baruch,Food/Hospitality,2013,10,,,,NY
CUNY Baruch,Food/Hospitality,2016,1,362,401,.90274316,NY
CUNY Baruch,Food/Hospitality,2016,5,184,235,.78297871,NY
CUNY Baruch,Food/Hospitality,2016,10,,,,NY
CUNY Baruch,Food/Hospitality,2019,1,290,340,.85294116,NY
CUNY Baruch,Food/Hospitality,2019,5,,,,NY
CUNY Baruch,Food/Hospitality,2019,10,,,,NY
CUNY Baruch,Health Care,2004,1,301,345,.87246376,NY
CUNY Baruch,Health Care,2004,5,327,365,.89589041,NY
CUNY Baruch,Health Care,2004,10,394,467,.84368306,NY
CUNY Baruch,Health Care,2007,1,324,351,.92307693,NY
CUNY Baruch,Health Care,2007,5,377,432,.87268519,NY
CUNY Baruch,Health Care,2007,10,413,473,.87315011,NY
CUNY Baruch,Health Care,2010,1,332,359,.9247911,NY
CUNY Baruch,Health Care,2010,5,401,440,.91136366,NY
CUNY Baruch,Health Care,2010,10,438,537,.81564248,NY
CUNY Baruch,Health Care,2013,1,380,438,.86757994,NY
CUNY Baruch,Health Care,2013,5,464,534,.86891383,NY
CUNY Baruch,Health Care,2013,10,,,,NY
CUNY Baruch,Health Care,2016,1,491,519,.94605011,NY
CUNY Baruch,Health Care,2016,5,615,684,.89912283,NY
CUNY Baruch,Health Care,2016,10,,,,NY
CUNY Baruch,Health Care,2019,1,579,649,.89214176,NY
CUNY Baruch,Health Care,2019,5,,,,NY
CUNY Baruch,Health Care,2019,10,,,,NY
CUNY Baruch,Information,2004,1,261,296,.88175678,NY
CUNY Baruch,Information,2004,5,242,283,.8551237,NY
CUNY Baruch,Information,2004,10,214,259,.82625484,NY
CUNY Baruch,Information,2007,1,208,226,.92035401,NY
CUNY Baruch,Information,2007,5,226,262,.86259544,NY
CUNY Baruch,Information,2007,10,224,264,.84848487,NY
CUNY Baruch,Information,2010,1,194,205,.94634145,NY
CUNY Baruch,Information,2010,5,228,262,.87022901,NY
CUNY Baruch,Information,2010,10,265,344,.77034885,NY
CUNY Baruch,Information,2013,1,234,273,.85714287,NY
CUNY Baruch,Information,2013,5,323,386,.83678758,NY
CUNY Baruch,Information,2013,10,,,,NY
CUNY Baruch,Information,2016,1,315,346,.91040462,NY
CUNY Baruch,Information,2016,5,405,497,.81488931,NY
CUNY Baruch,Information,2016,10,,,,NY
CUNY Baruch,Information,2019,1,285,319,.89341694,NY
CUNY Baruch,Information,2019,5,,,,NY
CUNY Baruch,Information,2019,10,,,,NY
CUNY Baruch,Management,2004,1,128,141,.90780139,NY
CUNY Baruch,Management,2004,5,127,143,.88811189,NY
CUNY Baruch,Management,2004,10,137,167,.82035929,NY
CUNY Baruch,Management,2007,1,95,109,.87155962,NY
CUNY Baruch,Management,2007,5,134,155,.86451614,NY
CUNY Baruch,Management,2007,10,128,174,.73563218,NY
CUNY Baruch,Management,2010,1,101,110,.91818184,NY
CUNY Baruch,Management,2010,5,138,167,.82634729,NY
CUNY Baruch,Management,2010,10,123,170,.7235294,NY
CUNY Baruch,Management,2013,1,115,138,.83333331,NY
CUNY Baruch,Management,2013,5,148,175,.84571427,NY
CUNY Baruch,Management,2013,10,,,,NY
CUNY Baruch,Management,2016,1,129,153,.84313726,NY
CUNY Baruch,Management,2016,5,163,205,.79512197,NY
CUNY Baruch,Management,2016,10,,,,NY
CUNY Baruch,Management,2019,1,130,153,.84967321,NY
CUNY Baruch,Management,2019,5,,,,NY
CUNY Baruch,Management,2019,10,,,,NY
CUNY Baruch,Manufacturing,2004,1,74,94,.78723407,NY
CUNY Baruch,Manufacturing,2004,5,54,84,.64285713,NY
CUNY Baruch,Manufacturing,2004,10,52,94,.55319148,NY
CUNY Baruch,Manufacturing,2007,1,61,76,.80263156,NY
CUNY Baruch,Manufacturing,2007,5,71,95,.7473684,NY
CUNY Baruch,Manufacturing,2007,10,66,101,.65346533,NY
CUNY Baruch,Manufacturing,2010,1,66,80,.82499999,NY
CUNY Baruch,Manufacturing,2010,5,81,105,.77142859,NY
CUNY Baruch,Manufacturing,2010,10,55,99,.55555558,NY
CUNY Baruch,Manufacturing,2013,1,81,104,.77884614,NY
CUNY Baruch,Manufacturing,2013,5,74,104,.71153843,NY
CUNY Baruch,Manufacturing,2013,10,,,,NY
CUNY Baruch,Manufacturing,2016,1,82,100,.81999999,NY
CUNY Baruch,Manufacturing,2016,5,78,115,.67826086,NY
CUNY Baruch,Manufacturing,2016,10,,,,NY
CUNY Baruch,Manufacturing,2019,1,68,84,.80952382,NY
CUNY Baruch,Manufacturing,2019,5,,,,NY
CUNY Baruch,Manufacturing,2019,10,,,,NY
CUNY Baruch,Mining,2004,1,1,1,1,NY
CUNY Baruch,Mining,2004,5,0,2,0,NY
CUNY Baruch,Mining,2004,10,0,0,,NY
CUNY Baruch,Mining,2007,1,0,0,,NY
CUNY Baruch,Mining,2007,5,0,1,0,NY
CUNY Baruch,Mining,2007,10,0,0,,NY
CUNY Baruch,Mining,2010,1,0,0,,NY
CUNY Baruch,Mining,2010,5,0,0,,NY
CUNY Baruch,Mining,2010,10,0,0,,NY
CUNY Baruch,Mining,2013,1,1,1,1,NY
CUNY Baruch,Mining,2013,5,0,0,,NY
CUNY Baruch,Mining,2013,10,,,,NY
CUNY Baruch,Mining,2016,1,0,0,,NY
CUNY Baruch,Mining,2016,5,0,0,,NY
CUNY Baruch,Mining,2016,10,,,,NY
CUNY Baruch,Mining,2019,1,0,0,,NY
CUNY Baruch,Mining,2019,5,,,,NY
CUNY Baruch,Mining,2019,10,,,,NY
CUNY Baruch,Other Services,2004,1,102,114,.89473683,NY
CUNY Baruch,Other Services,2004,5,118,134,.880597,NY
CUNY Baruch,Other Services,2004,10,98,111,.88288289,NY
CUNY Baruch,Other Services,2007,1,92,114,.80701756,NY
CUNY Baruch,Other Services,2007,5,123,136,.90441179,NY
CUNY Baruch,Other Services,2007,10,110,122,.90163934,NY
CUNY Baruch,Other Services,2010,1,125,132,.94696969,NY
CUNY Baruch,Other Services,2010,5,139,148,.9391892,NY
CUNY Baruch,Other Services,2010,10,124,144,.8611111,NY
CUNY Baruch,Other Services,2013,1,171,190,.89999998,NY
CUNY Baruch,Other Services,2013,5,143,168,.85119045,NY
CUNY Baruch,Other Services,2013,10,,,,NY
CUNY Baruch,Other Services,2016,1,160,179,.89385474,NY
CUNY Baruch,Other Services,2016,5,157,179,.87709498,NY
CUNY Baruch,Other Services,2016,10,,,,NY
CUNY Baruch,Other Services,2019,1,145,162,.89506173,NY
CUNY Baruch,Other Services,2019,5,,,,NY
CUNY Baruch,Other Services,2019,10,,,,NY
CUNY Baruch,Professional Services,2004,1,1232,1307,.9426167,NY
CUNY Baruch,Professional Services,2004,5,975,1096,.88959855,NY
CUNY Baruch,Professional Services,2004,10,841,998,.84268534,NY
CUNY Baruch,Professional Services,2007,1,1023,1069,.95696914,NY
CUNY Baruch,Professional Services,2007,5,985,1094,.90036565,NY
CUNY Baruch,Professional Services,2007,10,830,1004,.82669324,NY
CUNY Baruch,Professional Services,2010,1,928,999,.92892891,NY
CUNY Baruch,Professional Services,2010,5,1180,1320,.89393938,NY
CUNY Baruch,Professional Services,2010,10,923,1169,.78956372,NY
CUNY Baruch,Professional Services,2013,1,1230,1346,.91381872,NY
CUNY Baruch,Professional Services,2013,5,1360,1516,.89709765,NY
CUNY Baruch,Professional Services,2013,10,,,,NY
CUNY Baruch,Professional Services,2016,1,1417,1567,.90427572,NY
CUNY Baruch,Professional Services,2016,5,1605,1925,.83376622,NY
CUNY Baruch,Professional Services,2016,10,,,,NY
CUNY Baruch,Professional Services,2019,1,1590,1764,.90136057,NY
CUNY Baruch,Professional Services,2019,5,,,,NY
CUNY Baruch,Professional Services,2019,10,,,,NY
CUNY Baruch,Public Admin,2004,1,126,147,.85714287,NY
CUNY Baruch,Public Admin,2004,5,197,239,.8242678,NY
CUNY Baruch,Public Admin,2004,10,234,272,.8602941,NY
CUNY Baruch,Public Admin,2007,1,147,185,.79459459,NY
CUNY Baruch,Public Admin,2007,5,217,249,.87148595,NY
CUNY Baruch,Public Admin,2007,10,323,357,.90476191,NY
CUNY Baruch,Public Admin,2010,1,75,90,.83333331,NY
CUNY Baruch,Public Admin,2010,5,185,212,.8726415,NY
CUNY Baruch,Public Admin,2010,10,276,322,.85714287,NY
CUNY Baruch,Public Admin,2013,1,89,99,.89898992,NY
CUNY Baruch,Public Admin,2013,5,218,242,.90082645,NY
CUNY Baruch,Public Admin,2013,10,,,,NY
CUNY Baruch,Public Admin,2016,1,120,134,.89552242,NY
CUNY Baruch,Public Admin,2016,5,199,232,.85775864,NY
CUNY Baruch,Public Admin,2016,10,,,,NY
CUNY Baruch,Public Admin,2019,1,114,138,.82608694,NY
CUNY Baruch,Public Admin,2019,5,,,,NY
CUNY Baruch,Public Admin,2019,10,,,,NY
CUNY Baruch,Real Estate,2004,1,162,169,.9585799,NY
CUNY Baruch,Real Estate,2004,5,136,152,.89473683,NY
CUNY Baruch,Real Estate,2004,10,135,158,.85443038,NY
CUNY Baruch,Real Estate,2007,1,151,155,.97419357,NY
CUNY Baruch,Real Estate,2007,5,141,148,.9527027,NY
CUNY Baruch,Real Estate,2007,10,150,175,.85714287,NY
CUNY Baruch,Real Estate,2010,1,139,143,.97202796,NY
CUNY Baruch,Real Estate,2010,5,173,188,.92021275,NY
CUNY Baruch,Real Estate,2010,10,161,187,.86096257,NY
CUNY Baruch,Real Estate,2013,1,169,181,.93370163,NY
CUNY Baruch,Real Estate,2013,5,215,237,.90717298,NY
CUNY Baruch,Real Estate,2013,10,,,,NY
CUNY Baruch,Real Estate,2016,1,196,213,.92018777,NY
CUNY Baruch,Real Estate,2016,5,211,233,.90557939,NY
CUNY Baruch,Real Estate,2016,10,,,,NY
CUNY Baruch,Real Estate,2019,1,205,214,.95794392,NY
CUNY Baruch,Real Estate,2019,5,,,,NY
CUNY Baruch,Real Estate,2019,10,,,,NY
CUNY Baruch,Retail,2004,1,286,320,.89375001,NY
CUNY Baruch,Retail,2004,5,194,237,.81856543,NY
CUNY Baruch,Retail,2004,10,167,219,.76255709,NY
CUNY Baruch,Retail,2007,1,268,305,.87868851,NY
CUNY Baruch,Retail,2007,5,243,286,.84965032,NY
CUNY Baruch,Retail,2007,10,208,247,.84210527,NY
CUNY Baruch,Retail,2010,1,365,397,.91939545,NY
CUNY Baruch,Retail,2010,5,270,329,.8206687,NY
CUNY Baruch,Retail,2010,10,197,259,.76061773,NY
CUNY Baruch,Retail,2013,1,404,453,.89183223,NY
CUNY Baruch,Retail,2013,5,296,378,.78306878,NY
CUNY Baruch,Retail,2013,10,,,,NY
CUNY Baruch,Retail,2016,1,500,557,.8976661,NY
CUNY Baruch,Retail,2016,5,305,378,.80687833,NY
CUNY Baruch,Retail,2016,10,,,,NY
CUNY Baruch,Retail,2019,1,451,512,.88085938,NY
CUNY Baruch,Retail,2019,5,,,,NY
CUNY Baruch,Retail,2019,10,,,,NY
CUNY Baruch,Transportation,2004,1,105,126,.83333331,NY
CUNY Baruch,Transportation,2004,5,83,99,.83838385,NY
CUNY Baruch,Transportation,2004,10,90,111,.8108108,NY
CUNY Baruch,Transportation,2007,1,61,79,.77215189,NY
CUNY Baruch,Transportation,2007,5,63,76,.82894737,NY
CUNY Baruch,Transportation,2007,10,70,90,.77777779,NY
CUNY Baruch,Transportation,2010,1,79,93,.84946239,NY
CUNY Baruch,Transportation,2010,5,98,121,.80991733,NY
CUNY Baruch,Transportation,2010,10,109,140,.77857143,NY
CUNY Baruch,Transportation,2013,1,101,127,.79527557,NY
CUNY Baruch,Transportation,2013,5,116,155,.7483871,NY
CUNY Baruch,Transportation,2013,10,,,,NY
CUNY Baruch,Transportation,2016,1,115,145,.79310346,NY
CUNY Baruch,Transportation,2016,5,125,170,.7352941,NY
CUNY Baruch,Transportation,2016,10,,,,NY
CUNY Baruch,Transportation,2019,1,113,156,.72435898,NY
CUNY Baruch,Transportation,2019,5,,,,NY
CUNY Baruch,Transportation,2019,10,,,,NY
CUNY Baruch,Utilities,2004,1,10,10,1,NY
CUNY Baruch,Utilities,2004,5,28,28,1,NY
CUNY Baruch,Utilities,2004,10,34,34,1,NY
CUNY Baruch,Utilities,2007,1,24,24,1,NY
CUNY Baruch,Utilities,2007,5,35,36,.97222221,NY
CUNY Baruch,Utilities,2007,10,28,29,.96551722,NY
CUNY Baruch,Utilities,2010,1,11,11,1,NY
CUNY Baruch,Utilities,2010,5,15,17,.88235295,NY
CUNY Baruch,Utilities,2010,10,18,22,.81818181,NY
CUNY Baruch,Utilities,2013,1,11,17,.64705884,NY
CUNY Baruch,Utilities,2013,5,14,14,1,NY
CUNY Baruch,Utilities,2013,10,,,,NY
CUNY Baruch,Utilities,2016,1,18,18,1,NY
CUNY Baruch,Utilities,2016,5,18,21,.85714287,NY
CUNY Baruch,Utilities,2016,10,,,,NY
CUNY Baruch,Utilities,2019,1,17,20,.85000002,NY
CUNY Baruch,Utilities,2019,5,,,,NY
CUNY Baruch,Utilities,2019,10,,,,NY
CUNY Baruch,Wholesale,2004,1,215,248,.86693549,NY
CUNY Baruch,Wholesale,2004,5,191,241,.79253113,NY
CUNY Baruch,Wholesale,2004,10,193,235,.82127661,NY
CUNY Baruch,Wholesale,2007,1,162,183,.88524592,NY
CUNY Baruch,Wholesale,2007,5,207,258,.80232561,NY
CUNY Baruch,Wholesale,2007,10,191,241,.79253113,NY
CUNY Baruch,Wholesale,2010,1,227,257,.88326848,NY
CUNY Baruch,Wholesale,2010,5,235,280,.83928573,NY
CUNY Baruch,Wholesale,2010,10,200,281,.71174377,NY
CUNY Baruch,Wholesale,2013,1,296,340,.87058824,NY
CUNY Baruch,Wholesale,2013,5,266,320,.83125001,NY
CUNY Baruch,Wholesale,2013,10,,,,NY
CUNY Baruch,Wholesale,2016,1,218,244,.89344263,NY
CUNY Baruch,Wholesale,2016,5,229,287,.79790938,NY
CUNY Baruch,Wholesale,2016,10,,,,NY
CUNY Baruch,Wholesale,2019,1,236,287,.82229966,NY
CUNY Baruch,Wholesale,2019,5,,,,NY
CUNY Baruch,Wholesale,2019,10,,,,NY
CUNY Brooklyn,Admin/Waste,2004,1,169,211,.80094784,NY
CUNY Brooklyn,Admin/Waste,2004,5,102,128,.796875,NY
CUNY Brooklyn,Admin/Waste,2004,10,105,153,.68627453,NY
CUNY Brooklyn,Admin/Waste,2007,1,177,199,.88944721,NY
CUNY Brooklyn,Admin/Waste,2007,5,154,184,.8369565,NY
CUNY Brooklyn,Admin/Waste,2007,10,139,198,.70202023,NY
CUNY Brooklyn,Admin/Waste,2010,1,185,206,.89805824,NY
CUNY Brooklyn,Admin/Waste,2010,5,213,259,.82239383,NY
CUNY Brooklyn,Admin/Waste,2010,10,146,199,.73366833,NY
CUNY Brooklyn,Admin/Waste,2013,1,254,293,.86689419,NY
CUNY Brooklyn,Admin/Waste,2013,5,176,242,.72727275,NY
CUNY Brooklyn,Admin/Waste,2013,10,,,,NY
CUNY Brooklyn,Admin/Waste,2016,1,299,324,.92283952,NY
CUNY Brooklyn,Admin/Waste,2016,5,225,295,.76271188,NY
CUNY Brooklyn,Admin/Waste,2016,10,,,,NY
CUNY Brooklyn,Admin/Waste,2019,1,271,306,.88562089,NY
CUNY Brooklyn,Admin/Waste,2019,5,,,,NY
CUNY Brooklyn,Admin/Waste,2019,10,,,,NY
CUNY Brooklyn,Agriculture,2004,1,1,5,.2,NY
CUNY Brooklyn,Agriculture,2004,5,3,5,.60000002,NY
CUNY Brooklyn,Agriculture,2004,10,0,0,,NY
CUNY Brooklyn,Agriculture,2007,1,2,2,1,NY
CUNY Brooklyn,Agriculture,2007,5,1,1,1,NY
CUNY Brooklyn,Agriculture,2007,10,4,4,1,NY
CUNY Brooklyn,Agriculture,2010,1,3,3,1,NY
CUNY Brooklyn,Agriculture,2010,5,0,0,,NY
CUNY Brooklyn,Agriculture,2010,10,0,0,,NY
CUNY Brooklyn,Agriculture,2013,1,0,4,0,NY
CUNY Brooklyn,Agriculture,2013,5,2,3,.66666669,NY
CUNY Brooklyn,Agriculture,2013,10,,,,NY
CUNY Brooklyn,Agriculture,2016,1,2,3,.66666669,NY
CUNY Brooklyn,Agriculture,2016,5,1,6,.16666667,NY
CUNY Brooklyn,Agriculture,2016,10,,,,NY
CUNY Brooklyn,Agriculture,2019,1,0,0,,NY
CUNY Brooklyn,Agriculture,2019,5,,,,NY
CUNY Brooklyn,Agriculture,2019,10,,,,NY
CUNY Brooklyn,Arts/Entertainment,2004,1,38,44,.86363637,NY
CUNY Brooklyn,Arts/Entertainment,2004,5,28,31,.90322578,NY
CUNY Brooklyn,Arts/Entertainment,2004,10,37,45,.82222223,NY
CUNY Brooklyn,Arts/Entertainment,2007,1,46,53,.86792451,NY
CUNY Brooklyn,Arts/Entertainment,2007,5,51,57,.89473683,NY
CUNY Brooklyn,Arts/Entertainment,2007,10,43,50,.86000001,NY
CUNY Brooklyn,Arts/Entertainment,2010,1,64,69,.92753625,NY
CUNY Brooklyn,Arts/Entertainment,2010,5,87,89,.9775281,NY
CUNY Brooklyn,Arts/Entertainment,2010,10,42,48,.875,NY
CUNY Brooklyn,Arts/Entertainment,2013,1,83,94,.88297874,NY
CUNY Brooklyn,Arts/Entertainment,2013,5,50,61,.81967211,NY
CUNY Brooklyn,Arts/Entertainment,2013,10,,,,NY
CUNY Brooklyn,Arts/Entertainment,2016,1,95,99,.95959598,NY
CUNY Brooklyn,Arts/Entertainment,2016,5,71,83,.85542166,NY
CUNY Brooklyn,Arts/Entertainment,2016,10,,,,NY
CUNY Brooklyn,Arts/Entertainment,2019,1,66,68,.97058821,NY
CUNY Brooklyn,Arts/Entertainment,2019,5,,,,NY
CUNY Brooklyn,Arts/Entertainment,2019,10,,,,NY
CUNY Brooklyn,Construction,2004,1,24,40,.60000002,NY
CUNY Brooklyn,Construction,2004,5,30,41,.73170733,NY
CUNY Brooklyn,Construction,2004,10,53,59,.89830506,NY
CUNY Brooklyn,Construction,2007,1,37,45,.82222223,NY
CUNY Brooklyn,Construction,2007,5,37,42,.88095236,NY
CUNY Brooklyn,Construction,2007,10,45,57,.78947371,NY
CUNY Brooklyn,Construction,2010,1,27,34,.79411763,NY
CUNY Brooklyn,Construction,2010,5,85,91,.93406594,NY
CUNY Brooklyn,Construction,2010,10,41,62,.66129035,NY
CUNY Brooklyn,Construction,2013,1,56,72,.77777779,NY
CUNY Brooklyn,Construction,2013,5,66,83,.79518074,NY
CUNY Brooklyn,Construction,2013,10,,,,NY
CUNY Brooklyn,Construction,2016,1,49,56,.875,NY
CUNY Brooklyn,Construction,2016,5,69,81,.85185188,NY
CUNY Brooklyn,Construction,2016,10,,,,NY
CUNY Brooklyn,Construction,2019,1,47,52,.90384614,NY
CUNY Brooklyn,Construction,2019,5,,,,NY
CUNY Brooklyn,Construction,2019,10,,,,NY
CUNY Brooklyn,Education,2004,1,412,486,.8477366,NY
CUNY Brooklyn,Education,2004,5,512,583,.87821615,NY
CUNY Brooklyn,Education,2004,10,587,709,.82792664,NY
CUNY Brooklyn,Education,2007,1,409,462,.88528138,NY
CUNY Brooklyn,Education,2007,5,629,687,.91557497,NY
CUNY Brooklyn,Education,2007,10,704,832,.84615386,NY
CUNY Brooklyn,Education,2010,1,373,410,.90975612,NY
CUNY Brooklyn,Education,2010,5,771,843,.91459078,NY
CUNY Brooklyn,Education,2010,10,841,1012,.83102769,NY
CUNY Brooklyn,Education,2013,1,433,484,.89462811,NY
CUNY Brooklyn,Education,2013,5,800,944,.84745765,NY
CUNY Brooklyn,Education,2013,10,,,,NY
CUNY Brooklyn,Education,2016,1,559,610,.91639346,NY
CUNY Brooklyn,Education,2016,5,922,1035,.89082128,NY
CUNY Brooklyn,Education,2016,10,,,,NY
CUNY Brooklyn,Education,2019,1,665,705,.9432624,NY
CUNY Brooklyn,Education,2019,5,,,,NY
CUNY Brooklyn,Education,2019,10,,,,NY
CUNY Brooklyn,Finance,2004,1,461,516,.89341086,NY
CUNY Brooklyn,Finance,2004,5,426,499,.85370743,NY
CUNY Brooklyn,Finance,2004,10,386,450,.85777777,NY
CUNY Brooklyn,Finance,2007,1,402,442,.90950227,NY
CUNY Brooklyn,Finance,2007,5,438,487,.89938396,NY
CUNY Brooklyn,Finance,2007,10,298,393,.75826973,NY
CUNY Brooklyn,Finance,2010,1,386,439,.87927109,NY
CUNY Brooklyn,Finance,2010,5,398,466,.85407728,NY
CUNY Brooklyn,Finance,2010,10,290,388,.7474227,NY
CUNY Brooklyn,Finance,2013,1,348,410,.84878051,NY
CUNY Brooklyn,Finance,2013,5,297,379,.78364116,NY
CUNY Brooklyn,Finance,2013,10,,,,NY
CUNY Brooklyn,Finance,2016,1,278,334,.83233535,NY
CUNY Brooklyn,Finance,2016,5,338,447,.75615215,NY
CUNY Brooklyn,Finance,2016,10,,,,NY
CUNY Brooklyn,Finance,2019,1,283,331,.85498488,NY
CUNY Brooklyn,Finance,2019,5,,,,NY
CUNY Brooklyn,Finance,2019,10,,,,NY
CUNY Brooklyn,Food/Hospitality,2004,1,69,107,.64485979,NY
CUNY Brooklyn,Food/Hospitality,2004,5,38,50,.75999999,NY
CUNY Brooklyn,Food/Hospitality,2004,10,36,58,.62068963,NY
CUNY Brooklyn,Food/Hospitality,2007,1,103,121,.85123968,NY
CUNY Brooklyn,Food/Hospitality,2007,5,86,101,.85148513,NY
CUNY Brooklyn,Food/Hospitality,2007,10,57,70,.8142857,NY
CUNY Brooklyn,Food/Hospitality,2010,1,137,170,.80588233,NY
CUNY Brooklyn,Food/Hospitality,2010,5,119,145,.82068968,NY
CUNY Brooklyn,Food/Hospitality,2010,10,88,113,.77876109,NY
CUNY Brooklyn,Food/Hospitality,2013,1,235,261,.90038311,NY
CUNY Brooklyn,Food/Hospitality,2013,5,119,173,.68786126,NY
CUNY Brooklyn,Food/Hospitality,2013,10,,,,NY
CUNY Brooklyn,Food/Hospitality,2016,1,259,285,.90877193,NY
CUNY Brooklyn,Food/Hospitality,2016,5,112,159,.70440251,NY
CUNY Brooklyn,Food/Hospitality,2016,10,,,,NY
CUNY Brooklyn,Food/Hospitality,2019,1,264,281,.93950176,NY
CUNY Brooklyn,Food/Hospitality,2019,5,,,,NY
CUNY Brooklyn,Food/Hospitality,2019,10,,,,NY
CUNY Brooklyn,Health Care,2004,1,487,563,.86500889,NY
CUNY Brooklyn,Health Care,2004,5,640,716,.89385474,NY
CUNY Brooklyn,Health Care,2004,10,650,778,.83547556,NY
CUNY Brooklyn,Health Care,2007,1,630,693,.90909094,NY
CUNY Brooklyn,Health Care,2007,5,830,921,.90119433,NY
CUNY Brooklyn,Health Care,2007,10,795,970,.81958765,NY
CUNY Brooklyn,Health Care,2010,1,733,776,.94458765,NY
CUNY Brooklyn,Health Care,2010,5,952,1077,.88393688,NY
CUNY Brooklyn,Health Care,2010,10,887,1084,.81826568,NY
CUNY Brooklyn,Health Care,2013,1,826,917,.90076333,NY
CUNY Brooklyn,Health Care,2013,5,1024,1186,.86340642,NY
CUNY Brooklyn,Health Care,2013,10,,,,NY
CUNY Brooklyn,Health Care,2016,1,1090,1149,.94865102,NY
CUNY Brooklyn,Health Care,2016,5,1249,1406,.8883357,NY
CUNY Brooklyn,Health Care,2016,10,,,,NY
CUNY Brooklyn,Health Care,2019,1,1217,1283,.94855809,NY
CUNY Brooklyn,Health Care,2019,5,,,,NY
CUNY Brooklyn,Health Care,2019,10,,,,NY
CUNY Brooklyn,Information,2004,1,143,161,.88819873,NY
CUNY Brooklyn,Information,2004,5,149,160,.93124998,NY
CUNY Brooklyn,Information,2004,10,127,145,.87586206,NY
CUNY Brooklyn,Information,2007,1,112,129,.86821705,NY
CUNY Brooklyn,Information,2007,5,130,138,.942029,NY
CUNY Brooklyn,Information,2007,10,221,253,.87351781,NY
CUNY Brooklyn,Information,2010,1,119,129,.92248064,NY
CUNY Brooklyn,Information,2010,5,148,176,.84090906,NY
CUNY Brooklyn,Information,2010,10,161,193,.83419687,NY
CUNY Brooklyn,Information,2013,1,131,139,.94244605,NY
CUNY Brooklyn,Information,2013,5,189,224,.84375,NY
CUNY Brooklyn,Information,2013,10,,,,NY
CUNY Brooklyn,Information,2016,1,233,245,.95102042,NY
CUNY Brooklyn,Information,2016,5,232,263,.88212925,NY
CUNY Brooklyn,Information,2016,10,,,,NY
CUNY Brooklyn,Information,2019,1,160,170,.94117647,NY
CUNY Brooklyn,Information,2019,5,,,,NY
CUNY Brooklyn,Information,2019,10,,,,NY
CUNY Brooklyn,Management,2004,1,47,56,.83928573,NY
CUNY Brooklyn,Management,2004,5,49,54,.9074074,NY
CUNY Brooklyn,Management,2004,10,62,68,.91176468,NY
CUNY Brooklyn,Management,2007,1,41,43,.95348835,NY
CUNY Brooklyn,Management,2007,5,52,55,.94545454,NY
CUNY Brooklyn,Management,2007,10,50,65,.76923078,NY
CUNY Brooklyn,Management,2010,1,38,40,.94999999,NY
CUNY Brooklyn,Management,2010,5,65,70,.9285714,NY
CUNY Brooklyn,Management,2010,10,68,84,.80952382,NY
CUNY Brooklyn,Management,2013,1,64,67,.95522386,NY
CUNY Brooklyn,Management,2013,5,75,83,.90361446,NY
CUNY Brooklyn,Management,2013,10,,,,NY
CUNY Brooklyn,Management,2016,1,55,56,.98214287,NY
CUNY Brooklyn,Management,2016,5,70,83,.84337348,NY
CUNY Brooklyn,Management,2016,10,,,,NY
CUNY Brooklyn,Management,2019,1,52,53,.98113209,NY
CUNY Brooklyn,Management,2019,5,,,,NY
CUNY Brooklyn,Management,2019,10,,,,NY
CUNY Brooklyn,Manufacturing,2004,1,23,46,.5,NY
CUNY Brooklyn,Manufacturing,2004,5,21,34,.61764705,NY
CUNY Brooklyn,Manufacturing,2004,10,22,29,.75862068,NY
CUNY Brooklyn,Manufacturing,2007,1,24,37,.64864862,NY
CUNY Brooklyn,Manufacturing,2007,5,22,35,.62857145,NY
CUNY Brooklyn,Manufacturing,2007,10,38,57,.66666669,NY
CUNY Brooklyn,Manufacturing,2010,1,34,45,.75555557,NY
CUNY Brooklyn,Manufacturing,2010,5,33,47,.70212764,NY
CUNY Brooklyn,Manufacturing,2010,10,40,76,.52631581,NY
CUNY Brooklyn,Manufacturing,2013,1,41,52,.78846157,NY
CUNY Brooklyn,Manufacturing,2013,5,38,58,.65517241,NY
CUNY Brooklyn,Manufacturing,2013,10,,,,NY
CUNY Brooklyn,Manufacturing,2016,1,33,38,.86842108,NY
CUNY Brooklyn,Manufacturing,2016,5,32,56,.5714286,NY
CUNY Brooklyn,Manufacturing,2016,10,,,,NY
CUNY Brooklyn,Manufacturing,2019,1,37,43,.86046511,NY
CUNY Brooklyn,Manufacturing,2019,5,,,,NY
CUNY Brooklyn,Manufacturing,2019,10,,,,NY
CUNY Brooklyn,Mining,2004,1,1,5,.2,NY
CUNY Brooklyn,Mining,2004,5,0,0,,NY
CUNY Brooklyn,Mining,2004,10,0,3,0,NY
CUNY Brooklyn,Mining,2007,1,3,5,.60000002,NY
CUNY Brooklyn,Mining,2007,5,0,0,,NY
CUNY Brooklyn,Mining,2007,10,0,0,,NY
CUNY Brooklyn,Mining,2010,1,0,0,,NY
CUNY Brooklyn,Mining,2010,5,1,1,1,NY
CUNY Brooklyn,Mining,2010,10,0,0,,NY
CUNY Brooklyn,Mining,2013,1,1,3,.33333334,NY
CUNY Brooklyn,Mining,2013,5,4,6,.66666669,NY
CUNY Brooklyn,Mining,2013,10,,,,NY
CUNY Brooklyn,Mining,2016,1,0,0,,NY
CUNY Brooklyn,Mining,2016,5,0,0,,NY
CUNY Brooklyn,Mining,2016,10,,,,NY
CUNY Brooklyn,Mining,2019,1,1,1,1,NY
CUNY Brooklyn,Mining,2019,5,,,,NY
CUNY Brooklyn,Mining,2019,10,,,,NY
CUNY Brooklyn,Other Services,2004,1,87,106,.82075471,NY
CUNY Brooklyn,Other Services,2004,5,68,78,.87179488,NY
CUNY Brooklyn,Other Services,2004,10,66,83,.79518074,NY
CUNY Brooklyn,Other Services,2007,1,91,103,.88349515,NY
CUNY Brooklyn,Other Services,2007,5,74,77,.96103895,NY
CUNY Brooklyn,Other Services,2007,10,67,88,.76136363,NY
CUNY Brooklyn,Other Services,2010,1,101,112,.90178573,NY
CUNY Brooklyn,Other Services,2010,5,104,116,.89655173,NY
CUNY Brooklyn,Other Services,2010,10,79,94,.84042555,NY
CUNY Brooklyn,Other Services,2013,1,108,125,.86400002,NY
CUNY Brooklyn,Other Services,2013,5,97,119,.81512606,NY
CUNY Brooklyn,Other Services,2013,10,,,,NY
CUNY Brooklyn,Other Services,2016,1,134,160,.83749998,NY
CUNY Brooklyn,Other Services,2016,5,124,144,.8611111,NY
CUNY Brooklyn,Other Services,2016,10,,,,NY
CUNY Brooklyn,Other Services,2019,1,91,99,.9191919,NY
CUNY Brooklyn,Other Services,2019,5,,,,NY
CUNY Brooklyn,Other Services,2019,10,,,,NY
CUNY Brooklyn,Professional Services,2004,1,389,435,.8942529,NY
CUNY Brooklyn,Professional Services,2004,5,324,373,.86863273,NY
CUNY Brooklyn,Professional Services,2004,10,269,343,.78425658,NY
CUNY Brooklyn,Professional Services,2007,1,295,329,.89665651,NY
CUNY Brooklyn,Professional Services,2007,5,362,411,.88077861,NY
CUNY Brooklyn,Professional Services,2007,10,346,458,.75545853,NY
CUNY Brooklyn,Professional Services,2010,1,345,391,.88235295,NY
CUNY Brooklyn,Professional Services,2010,5,406,483,.84057969,NY
CUNY Brooklyn,Professional Services,2010,10,371,509,.72888017,NY
CUNY Brooklyn,Professional Services,2013,1,425,492,.86382115,NY
CUNY Brooklyn,Professional Services,2013,5,500,600,.83333331,NY
CUNY Brooklyn,Professional Services,2013,10,,,,NY
CUNY Brooklyn,Professional Services,2016,1,551,613,.89885807,NY
CUNY Brooklyn,Professional Services,2016,5,632,758,.83377308,NY
CUNY Brooklyn,Professional Services,2016,10,,,,NY
CUNY Brooklyn,Professional Services,2019,1,588,661,.8895613,NY
CUNY Brooklyn,Professional Services,2019,5,,,,NY
CUNY Brooklyn,Professional Services,2019,10,,,,NY
CUNY Brooklyn,Public Admin,2004,1,269,307,.87622148,NY
CUNY Brooklyn,Public Admin,2004,5,374,411,.90997565,NY
CUNY Brooklyn,Public Admin,2004,10,425,466,.91201717,NY
CUNY Brooklyn,Public Admin,2007,1,251,281,.89323843,NY
CUNY Brooklyn,Public Admin,2007,5,379,411,.92214113,NY
CUNY Brooklyn,Public Admin,2007,10,542,597,.90787268,NY
CUNY Brooklyn,Public Admin,2010,1,202,230,.87826085,NY
CUNY Brooklyn,Public Admin,2010,5,502,545,.92110091,NY
CUNY Brooklyn,Public Admin,2010,10,621,662,.93806648,NY
CUNY Brooklyn,Public Admin,2013,1,238,291,.81786942,NY
CUNY Brooklyn,Public Admin,2013,5,552,617,.89465153,NY
CUNY Brooklyn,Public Admin,2013,10,,,,NY
CUNY Brooklyn,Public Admin,2016,1,339,367,.9237057,NY
CUNY Brooklyn,Public Admin,2016,5,551,616,.89448053,NY
CUNY Brooklyn,Public Admin,2016,10,,,,NY
CUNY Brooklyn,Public Admin,2019,1,341,377,.90450931,NY
CUNY Brooklyn,Public Admin,2019,5,,,,NY
CUNY Brooklyn,Public Admin,2019,10,,,,NY
CUNY Brooklyn,Real Estate,2004,1,58,63,.92063493,NY
CUNY Brooklyn,Real Estate,2004,5,50,54,.92592591,NY
CUNY Brooklyn,Real Estate,2004,10,47,50,.94,NY
CUNY Brooklyn,Real Estate,2007,1,59,60,.98333335,NY
CUNY Brooklyn,Real Estate,2007,5,62,63,.98412699,NY
CUNY Brooklyn,Real Estate,2007,10,79,84,.94047618,NY
CUNY Brooklyn,Real Estate,2010,1,57,60,.94999999,NY
CUNY Brooklyn,Real Estate,2010,5,95,101,.94059408,NY
CUNY Brooklyn,Real Estate,2010,10,75,87,.86206895,NY
CUNY Brooklyn,Real Estate,2013,1,95,98,.96938777,NY
CUNY Brooklyn,Real Estate,2013,5,177,186,.95161289,NY
CUNY Brooklyn,Real Estate,2013,10,,,,NY
CUNY Brooklyn,Real Estate,2016,1,91,98,.9285714,NY
CUNY Brooklyn,Real Estate,2016,5,98,109,.89908254,NY
CUNY Brooklyn,Real Estate,2016,10,,,,NY
CUNY Brooklyn,Real Estate,2019,1,93,97,.95876288,NY
CUNY Brooklyn,Real Estate,2019,5,,,,NY
CUNY Brooklyn,Real Estate,2019,10,,,,NY
CUNY Brooklyn,Retail,2004,1,187,225,.83111113,NY
CUNY Brooklyn,Retail,2004,5,107,142,.75352114,NY
CUNY Brooklyn,Retail,2004,10,87,136,.6397059,NY
CUNY Brooklyn,Retail,2007,1,230,268,.85820895,NY
CUNY Brooklyn,Retail,2007,5,157,187,.83957219,NY
CUNY Brooklyn,Retail,2007,10,124,176,.70454544,NY
CUNY Brooklyn,Retail,2010,1,339,373,.90884721,NY
CUNY Brooklyn,Retail,2010,5,208,248,.83870965,NY
CUNY Brooklyn,Retail,2010,10,149,217,.68663597,NY
CUNY Brooklyn,Retail,2013,1,333,387,.86046511,NY
CUNY Brooklyn,Retail,2013,5,214,281,.76156586,NY
CUNY Brooklyn,Retail,2013,10,,,,NY
CUNY Brooklyn,Retail,2016,1,414,453,.91390729,NY
CUNY Brooklyn,Retail,2016,5,257,326,.78834355,NY
CUNY Brooklyn,Retail,2016,10,,,,NY
CUNY Brooklyn,Retail,2019,1,437,464,.94181037,NY
CUNY Brooklyn,Retail,2019,5,,,,NY
CUNY Brooklyn,Retail,2019,10,,,,NY
CUNY Brooklyn,Transportation,2004,1,54,59,.91525424,NY
CUNY Brooklyn,Transportation,2004,5,50,55,.90909094,NY
CUNY Brooklyn,Transportation,2004,10,55,68,.80882353,NY
CUNY Brooklyn,Transportation,2007,1,55,61,.90163934,NY
CUNY Brooklyn,Transportation,2007,5,47,58,.81034482,NY
CUNY Brooklyn,Transportation,2007,10,73,96,.76041669,NY
CUNY Brooklyn,Transportation,2010,1,56,61,.91803277,NY
CUNY Brooklyn,Transportation,2010,5,70,85,.82352942,NY
CUNY Brooklyn,Transportation,2010,10,82,101,.81188118,NY
CUNY Brooklyn,Transportation,2013,1,68,75,.9066667,NY
CUNY Brooklyn,Transportation,2013,5,77,97,.79381442,NY
CUNY Brooklyn,Transportation,2013,10,,,,NY
CUNY Brooklyn,Transportation,2016,1,67,73,.91780823,NY
CUNY Brooklyn,Transportation,2016,5,100,127,.78740156,NY
CUNY Brooklyn,Transportation,2016,10,,,,NY
CUNY Brooklyn,Transportation,2019,1,70,77,.90909094,NY
CUNY Brooklyn,Transportation,2019,5,,,,NY
CUNY Brooklyn,Transportation,2019,10,,,,NY
CUNY Brooklyn,Utilities,2004,1,5,6,.83333331,NY
CUNY Brooklyn,Utilities,2004,5,9,10,.89999998,NY
CUNY Brooklyn,Utilities,2004,10,9,11,.81818181,NY
CUNY Brooklyn,Utilities,2007,1,11,13,.84615386,NY
CUNY Brooklyn,Utilities,2007,5,7,7,1,NY
CUNY Brooklyn,Utilities,2007,10,16,16,1,NY
CUNY Brooklyn,Utilities,2010,1,11,15,.73333335,NY
CUNY Brooklyn,Utilities,2010,5,20,20,1,NY
CUNY Brooklyn,Utilities,2010,10,22,25,.88,NY
CUNY Brooklyn,Utilities,2013,1,6,6,1,NY
CUNY Brooklyn,Utilities,2013,5,17,19,.89473683,NY
CUNY Brooklyn,Utilities,2013,10,,,,NY
CUNY Brooklyn,Utilities,2016,1,8,9,.8888889,NY
CUNY Brooklyn,Utilities,2016,5,14,18,.77777779,NY
CUNY Brooklyn,Utilities,2016,10,,,,NY
CUNY Brooklyn,Utilities,2019,1,10,10,1,NY
CUNY Brooklyn,Utilities,2019,5,,,,NY
CUNY Brooklyn,Utilities,2019,10,,,,NY
CUNY Brooklyn,Wholesale,2004,1,85,97,.87628865,NY
CUNY Brooklyn,Wholesale,2004,5,61,77,.79220778,NY
CUNY Brooklyn,Wholesale,2004,10,63,82,.76829267,NY
CUNY Brooklyn,Wholesale,2007,1,87,94,.92553192,NY
CUNY Brooklyn,Wholesale,2007,5,82,99,.82828283,NY
CUNY Brooklyn,Wholesale,2007,10,99,136,.72794116,NY
CUNY Brooklyn,Wholesale,2010,1,89,98,.90816325,NY
CUNY Brooklyn,Wholesale,2010,5,137,157,.87261146,NY
CUNY Brooklyn,Wholesale,2010,10,108,137,.7883212,NY
CUNY Brooklyn,Wholesale,2013,1,101,117,.86324787,NY
CUNY Brooklyn,Wholesale,2013,5,105,130,.80769229,NY
CUNY Brooklyn,Wholesale,2013,10,,,,NY
CUNY Brooklyn,Wholesale,2016,1,123,138,.89130437,NY
CUNY Brooklyn,Wholesale,2016,5,101,126,.80158728,NY
CUNY Brooklyn,Wholesale,2016,10,,,,NY
CUNY Brooklyn,Wholesale,2019,1,83,96,.86458331,NY
CUNY Brooklyn,Wholesale,2019,5,,,,NY
CUNY Brooklyn,Wholesale,2019,10,,,,NY
CUNY City College,Admin/Waste,2004,1,90,127,.70866144,NY
CUNY City College,Admin/Waste,2004,5,56,83,.67469877,NY
CUNY City College,Admin/Waste,2004,10,76,115,.66086954,NY
CUNY City College,Admin/Waste,2007,1,109,126,.86507934,NY
CUNY City College,Admin/Waste,2007,5,95,124,.76612902,NY
CUNY City College,Admin/Waste,2007,10,64,108,.5925926,NY
CUNY City College,Admin/Waste,2010,1,147,160,.91874999,NY
CUNY City College,Admin/Waste,2010,5,160,203,.78817731,NY
CUNY City College,Admin/Waste,2010,10,134,174,.77011496,NY
CUNY City College,Admin/Waste,2013,1,188,206,.91262138,NY
CUNY City College,Admin/Waste,2013,5,151,204,.74019605,NY
CUNY City College,Admin/Waste,2013,10,,,,NY
CUNY City College,Admin/Waste,2016,1,271,331,.81873113,NY
CUNY City College,Admin/Waste,2016,5,174,251,.69322711,NY
CUNY City College,Admin/Waste,2016,10,,,,NY
CUNY City College,Admin/Waste,2019,1,229,273,.83882785,NY
CUNY City College,Admin/Waste,2019,5,,,,NY
CUNY City College,Admin/Waste,2019,10,,,,NY
CUNY City College,Agriculture,2004,1,1,2,.5,NY
CUNY City College,Agriculture,2004,5,0,1,0,NY
CUNY City College,Agriculture,2004,10,1,2,.5,NY
CUNY City College,Agriculture,2007,1,0,0,,NY
CUNY City College,Agriculture,2007,5,0,4,0,NY
CUNY City College,Agriculture,2007,10,1,1,1,NY
CUNY City College,Agriculture,2010,1,0,0,,NY
CUNY City College,Agriculture,2010,5,2,3,.66666669,NY
CUNY City College,Agriculture,2010,10,1,1,1,NY
CUNY City College,Agriculture,2013,1,1,1,1,NY
CUNY City College,Agriculture,2013,5,0,0,,NY
CUNY City College,Agriculture,2013,10,,,,NY
CUNY City College,Agriculture,2016,1,0,3,0,NY
CUNY City College,Agriculture,2016,5,0,4,0,NY
CUNY City College,Agriculture,2016,10,,,,NY
CUNY City College,Agriculture,2019,1,0,0,,NY
CUNY City College,Agriculture,2019,5,,,,NY
CUNY City College,Agriculture,2019,10,,,,NY
CUNY City College,Arts/Entertainment,2004,1,26,30,.86666667,NY
CUNY City College,Arts/Entertainment,2004,5,26,26,1,NY
CUNY City College,Arts/Entertainment,2004,10,35,49,.71428573,NY
CUNY City College,Arts/Entertainment,2007,1,17,25,.68000001,NY
CUNY City College,Arts/Entertainment,2007,5,38,40,.94999999,NY
CUNY City College,Arts/Entertainment,2007,10,21,25,.83999997,NY
CUNY City College,Arts/Entertainment,2010,1,37,37,1,NY
CUNY City College,Arts/Entertainment,2010,5,63,71,.88732392,NY
CUNY City College,Arts/Entertainment,2010,10,41,48,.85416669,NY
CUNY City College,Arts/Entertainment,2013,1,59,59,1,NY
CUNY City College,Arts/Entertainment,2013,5,45,55,.81818181,NY
CUNY City College,Arts/Entertainment,2013,10,,,,NY
CUNY City College,Arts/Entertainment,2016,1,75,81,.92592591,NY
CUNY City College,Arts/Entertainment,2016,5,46,50,.92000002,NY
CUNY City College,Arts/Entertainment,2016,10,,,,NY
CUNY City College,Arts/Entertainment,2019,1,56,61,.91803277,NY
CUNY City College,Arts/Entertainment,2019,5,,,,NY
CUNY City College,Arts/Entertainment,2019,10,,,,NY
CUNY City College,Construction,2004,1,19,40,.47499999,NY
CUNY City College,Construction,2004,5,23,40,.57499999,NY
CUNY City College,Construction,2004,10,49,69,.71014494,NY
CUNY City College,Construction,2007,1,32,48,.66666669,NY
CUNY City College,Construction,2007,5,36,45,.80000001,NY
CUNY City College,Construction,2007,10,67,83,.80722892,NY
CUNY City College,Construction,2010,1,28,33,.84848487,NY
CUNY City College,Construction,2010,5,76,87,.87356323,NY
CUNY City College,Construction,2010,10,49,66,.74242425,NY
CUNY City College,Construction,2013,1,83,94,.88297874,NY
CUNY City College,Construction,2013,5,102,121,.8429752,NY
CUNY City College,Construction,2013,10,,,,NY
CUNY City College,Construction,2016,1,97,113,.85840708,NY
CUNY City College,Construction,2016,5,81,102,.79411763,NY
CUNY City College,Construction,2016,10,,,,NY
CUNY City College,Construction,2019,1,109,127,.85826772,NY
CUNY City College,Construction,2019,5,,,,NY
CUNY City College,Construction,2019,10,,,,NY
CUNY City College,Education,2004,1,245,306,.80065358,NY
CUNY City College,Education,2004,5,270,328,.82317072,NY
CUNY City College,Education,2004,10,322,438,.73515981,NY
CUNY City College,Education,2007,1,232,271,.85608858,NY
CUNY City College,Education,2007,5,323,400,.8075,NY
CUNY City College,Education,2007,10,376,469,.80170578,NY
CUNY City College,Education,2010,1,264,286,.92307693,NY
CUNY City College,Education,2010,5,528,615,.8585366,NY
CUNY City College,Education,2010,10,586,702,.83475786,NY
CUNY City College,Education,2013,1,381,416,.91586536,NY
CUNY City College,Education,2013,5,656,767,.85528034,NY
CUNY City College,Education,2013,10,,,,NY
CUNY City College,Education,2016,1,511,578,.88408303,NY
CUNY City College,Education,2016,5,722,850,.84941179,NY
CUNY City College,Education,2016,10,,,,NY
CUNY City College,Education,2019,1,556,613,.90701467,NY
CUNY City College,Education,2019,5,,,,NY
CUNY City College,Education,2019,10,,,,NY
CUNY City College,Finance,2004,1,184,216,.85185188,NY
CUNY City College,Finance,2004,5,150,187,.80213904,NY
CUNY City College,Finance,2004,10,150,225,.66666669,NY
CUNY City College,Finance,2007,1,195,227,.85903084,NY
CUNY City College,Finance,2007,5,195,226,.86283183,NY
CUNY City College,Finance,2007,10,112,157,.71337581,NY
CUNY City College,Finance,2010,1,218,226,.96460176,NY
CUNY City College,Finance,2010,5,229,273,.83882785,NY
CUNY City College,Finance,2010,10,133,173,.76878613,NY
CUNY City College,Finance,2013,1,197,218,.90366971,NY
CUNY City College,Finance,2013,5,150,208,.72115386,NY
CUNY City College,Finance,2013,10,,,,NY
CUNY City College,Finance,2016,1,145,188,.77127659,NY
CUNY City College,Finance,2016,5,190,276,.68840581,NY
CUNY City College,Finance,2016,10,,,,NY
CUNY City College,Finance,2019,1,200,253,.79051381,NY
CUNY City College,Finance,2019,5,,,,NY
CUNY City College,Finance,2019,10,,,,NY
CUNY City College,Food/Hospitality,2004,1,46,79,.58227849,NY
CUNY City College,Food/Hospitality,2004,5,43,58,.74137932,NY
CUNY City College,Food/Hospitality,2004,10,23,47,.4893617,NY
CUNY City College,Food/Hospitality,2007,1,81,96,.84375,NY
CUNY City College,Food/Hospitality,2007,5,76,101,.75247526,NY
CUNY City College,Food/Hospitality,2007,10,47,66,.71212119,NY
CUNY City College,Food/Hospitality,2010,1,128,137,.93430656,NY
CUNY City College,Food/Hospitality,2010,5,95,133,.71428573,NY
CUNY City College,Food/Hospitality,2010,10,83,122,.68032789,NY
CUNY City College,Food/Hospitality,2013,1,192,206,.93203884,NY
CUNY City College,Food/Hospitality,2013,5,72,121,.59504133,NY
CUNY City College,Food/Hospitality,2013,10,,,,NY
CUNY City College,Food/Hospitality,2016,1,230,252,.91269839,NY
CUNY City College,Food/Hospitality,2016,5,92,131,.70229006,NY
CUNY City College,Food/Hospitality,2016,10,,,,NY
CUNY City College,Food/Hospitality,2019,1,214,249,.85943776,NY
CUNY City College,Food/Hospitality,2019,5,,,,NY
CUNY City College,Food/Hospitality,2019,10,,,,NY
CUNY City College,Health Care,2004,1,382,453,.84326708,NY
CUNY City College,Health Care,2004,5,437,517,.8452611,NY
CUNY City College,Health Care,2004,10,404,548,.73722625,NY
CUNY City College,Health Care,2007,1,419,489,.85685074,NY
CUNY City College,Health Care,2007,5,547,660,.82878786,NY
CUNY City College,Health Care,2007,10,496,652,.76073617,NY
CUNY City College,Health Care,2010,1,552,591,.93401015,NY
CUNY City College,Health Care,2010,5,753,879,.8566553,NY
CUNY City College,Health Care,2010,10,695,858,.81002331,NY
CUNY City College,Health Care,2013,1,636,708,.89830506,NY
CUNY City College,Health Care,2013,5,803,953,.84260231,NY
CUNY City College,Health Care,2013,10,,,,NY
CUNY City College,Health Care,2016,1,768,856,.89719623,NY
CUNY City College,Health Care,2016,5,1000,1202,.83194673,NY
CUNY City College,Health Care,2016,10,,,,NY
CUNY City College,Health Care,2019,1,880,973,.9044193,NY
CUNY City College,Health Care,2019,5,,,,NY
CUNY City College,Health Care,2019,10,,,,NY
CUNY City College,Information,2004,1,65,77,.84415585,NY
CUNY City College,Information,2004,5,86,102,.84313726,NY
CUNY City College,Information,2004,10,77,103,.74757284,NY
CUNY City College,Information,2007,1,68,78,.87179488,NY
CUNY City College,Information,2007,5,69,87,.79310346,NY
CUNY City College,Information,2007,10,127,156,.81410259,NY
CUNY City College,Information,2010,1,81,84,.96428573,NY
CUNY City College,Information,2010,5,93,126,.73809522,NY
CUNY City College,Information,2010,10,108,148,.72972971,NY
CUNY City College,Information,2013,1,89,99,.89898992,NY
CUNY City College,Information,2013,5,145,160,.90625,NY
CUNY City College,Information,2013,10,,,,NY
CUNY City College,Information,2016,1,213,226,.94247788,NY
CUNY City College,Information,2016,5,171,206,.83009708,NY
CUNY City College,Information,2016,10,,,,NY
CUNY City College,Information,2019,1,138,175,.78857142,NY
CUNY City College,Information,2019,5,,,,NY
CUNY City College,Information,2019,10,,,,NY
CUNY City College,Management,2004,1,22,27,.81481481,NY
CUNY City College,Management,2004,5,24,32,.75,NY
CUNY City College,Management,2004,10,27,35,.77142859,NY
CUNY City College,Management,2007,1,23,25,.92000002,NY
CUNY City College,Management,2007,5,31,36,.8611111,NY
CUNY City College,Management,2007,10,38,53,.71698111,NY
CUNY City College,Management,2010,1,29,30,.96666664,NY
CUNY City College,Management,2010,5,59,61,.96721309,NY
CUNY City College,Management,2010,10,39,46,.84782606,NY
CUNY City College,Management,2013,1,42,45,.93333334,NY
CUNY City College,Management,2013,5,45,59,.76271188,NY
CUNY City College,Management,2013,10,,,,NY
CUNY City College,Management,2016,1,46,58,.79310346,NY
CUNY City College,Management,2016,5,56,75,.74666667,NY
CUNY City College,Management,2016,10,,,,NY
CUNY City College,Management,2019,1,53,68,.77941179,NY
CUNY City College,Management,2019,5,,,,NY
CUNY City College,Management,2019,10,,,,NY
CUNY City College,Manufacturing,2004,1,20,79,.25316456,NY
CUNY City College,Manufacturing,2004,5,21,69,.30434781,NY
CUNY City College,Manufacturing,2004,10,13,60,.21666667,NY
CUNY City College,Manufacturing,2007,1,24,79,.30379745,NY
CUNY City College,Manufacturing,2007,5,28,121,.23140496,NY
CUNY City College,Manufacturing,2007,10,20,100,.2,NY
CUNY City College,Manufacturing,2010,1,28,59,.47457626,NY
CUNY City College,Manufacturing,2010,5,45,106,.4245283,NY
CUNY City College,Manufacturing,2010,10,41,107,.38317758,NY
CUNY City College,Manufacturing,2013,1,49,85,.57647061,NY
CUNY City College,Manufacturing,2013,5,43,121,.35537189,NY
CUNY City College,Manufacturing,2013,10,,,,NY
CUNY City College,Manufacturing,2016,1,87,178,.48876405,NY
CUNY City College,Manufacturing,2016,5,71,191,.37172773,NY
CUNY City College,Manufacturing,2016,10,,,,NY
CUNY City College,Manufacturing,2019,1,77,232,.33189654,NY
CUNY City College,Manufacturing,2019,5,,,,NY
CUNY City College,Manufacturing,2019,10,,,,NY
CUNY City College,Mining,2004,1,0,6,0,NY
CUNY City College,Mining,2004,5,0,0,,NY
CUNY City College,Mining,2004,10,2,2,1,NY
CUNY City College,Mining,2007,1,0,0,,NY
CUNY City College,Mining,2007,5,2,2,1,NY
CUNY City College,Mining,2007,10,0,0,,NY
CUNY City College,Mining,2010,1,0,0,,NY
CUNY City College,Mining,2010,5,2,2,1,NY
CUNY City College,Mining,2010,10,0,0,,NY
CUNY City College,Mining,2013,1,3,3,1,NY
CUNY City College,Mining,2013,5,1,1,1,NY
CUNY City College,Mining,2013,10,,,,NY
CUNY City College,Mining,2016,1,0,1,0,NY
CUNY City College,Mining,2016,5,0,1,0,NY
CUNY City College,Mining,2016,10,,,,NY
CUNY City College,Mining,2019,1,1,1,1,NY
CUNY City College,Mining,2019,5,,,,NY
CUNY City College,Mining,2019,10,,,,NY
CUNY City College,Other Services,2004,1,54,60,.89999998,NY
CUNY City College,Other Services,2004,5,37,41,.902439,NY
CUNY City College,Other Services,2004,10,33,50,.66000003,NY
CUNY City College,Other Services,2007,1,54,56,.96428573,NY
CUNY City College,Other Services,2007,5,61,71,.85915494,NY
CUNY City College,Other Services,2007,10,66,72,.91666669,NY
CUNY City College,Other Services,2010,1,65,76,.85526317,NY
CUNY City College,Other Services,2010,5,97,111,.87387389,NY
CUNY City College,Other Services,2010,10,67,75,.89333332,NY
CUNY City College,Other Services,2013,1,87,91,.95604396,NY
CUNY City College,Other Services,2013,5,88,108,.81481481,NY
CUNY City College,Other Services,2013,10,,,,NY
CUNY City College,Other Services,2016,1,104,125,.83200002,NY
CUNY City College,Other Services,2016,5,79,91,.86813188,NY
CUNY City College,Other Services,2016,10,,,,NY
CUNY City College,Other Services,2019,1,103,122,.8442623,NY
CUNY City College,Other Services,2019,5,,,,NY
CUNY City College,Other Services,2019,10,,,,NY
CUNY City College,Professional Services,2004,1,246,289,.85121107,NY
CUNY City College,Professional Services,2004,5,222,290,.76551723,NY
CUNY City College,Professional Services,2004,10,203,301,.67441863,NY
CUNY City College,Professional Services,2007,1,303,344,.88081396,NY
CUNY City College,Professional Services,2007,5,314,385,.81558442,NY
CUNY City College,Professional Services,2007,10,240,361,.66481996,NY
CUNY City College,Professional Services,2010,1,310,350,.88571429,NY
CUNY City College,Professional Services,2010,5,400,500,.80000001,NY
CUNY City College,Professional Services,2010,10,361,483,.74741203,NY
CUNY City College,Professional Services,2013,1,475,528,.89962119,NY
CUNY City College,Professional Services,2013,5,526,675,.77925926,NY
CUNY City College,Professional Services,2013,10,,,,NY
CUNY City College,Professional Services,2016,1,552,661,.83509833,NY
CUNY City College,Professional Services,2016,5,650,831,.78219014,NY
CUNY City College,Professional Services,2016,10,,,,NY
CUNY City College,Professional Services,2019,1,637,789,.80735105,NY
CUNY City College,Professional Services,2019,5,,,,NY
CUNY City College,Professional Services,2019,10,,,,NY
CUNY City College,Public Admin,2004,1,165,219,.75342464,NY
CUNY City College,Public Admin,2004,5,206,260,.79230767,NY
CUNY City College,Public Admin,2004,10,243,319,.76175547,NY
CUNY City College,Public Admin,2007,1,155,210,.73809522,NY
CUNY City College,Public Admin,2007,5,214,278,.76978415,NY
CUNY City College,Public Admin,2007,10,274,337,.81305641,NY
CUNY City College,Public Admin,2010,1,129,158,.81645572,NY
CUNY City College,Public Admin,2010,5,289,337,.85756677,NY
CUNY City College,Public Admin,2010,10,377,435,.86666667,NY
CUNY City College,Public Admin,2013,1,180,205,.87804878,NY
CUNY City College,Public Admin,2013,5,404,473,.85412264,NY
CUNY City College,Public Admin,2013,10,,,,NY
CUNY City College,Public Admin,2016,1,290,327,.88685018,NY
CUNY City College,Public Admin,2016,5,420,481,.87318087,NY
CUNY City College,Public Admin,2016,10,,,,NY
CUNY City College,Public Admin,2019,1,291,326,.89263803,NY
CUNY City College,Public Admin,2019,5,,,,NY
CUNY City College,Public Admin,2019,10,,,,NY
CUNY City College,Real Estate,2004,1,28,28,1,NY
CUNY City College,Real Estate,2004,5,22,27,.81481481,NY
CUNY City College,Real Estate,2004,10,31,38,.81578946,NY
CUNY City College,Real Estate,2007,1,27,28,.96428573,NY
CUNY City College,Real Estate,2007,5,48,58,.82758623,NY
CUNY City College,Real Estate,2007,10,33,35,.94285715,NY
CUNY City College,Real Estate,2010,1,38,39,.97435898,NY
CUNY City College,Real Estate,2010,5,43,45,.95555556,NY
CUNY City College,Real Estate,2010,10,36,49,.73469388,NY
CUNY City College,Real Estate,2013,1,56,58,.96551722,NY
CUNY City College,Real Estate,2013,5,118,136,.86764705,NY
CUNY City College,Real Estate,2013,10,,,,NY
CUNY City College,Real Estate,2016,1,62,68,.91176468,NY
CUNY City College,Real Estate,2016,5,57,67,.85074627,NY
CUNY City College,Real Estate,2016,10,,,,NY
CUNY City College,Real Estate,2019,1,60,63,.95238096,NY
CUNY City College,Real Estate,2019,5,,,,NY
CUNY City College,Real Estate,2019,10,,,,NY
CUNY City College,Retail,2004,1,84,124,.67741936,NY
CUNY City College,Retail,2004,5,45,93,.48387095,NY
CUNY City College,Retail,2004,10,43,87,.49425286,NY
CUNY City College,Retail,2007,1,122,149,.81879193,NY
CUNY City College,Retail,2007,5,82,128,.640625,NY
CUNY City College,Retail,2007,10,75,117,.64102566,NY
CUNY City College,Retail,2010,1,242,260,.93076921,NY
CUNY City College,Retail,2010,5,169,223,.75784755,NY
CUNY City College,Retail,2010,10,103,166,.62048191,NY
CUNY City College,Retail,2013,1,308,334,.92215568,NY
CUNY City College,Retail,2013,5,166,226,.73451328,NY
CUNY City College,Retail,2013,10,,,,NY
CUNY City College,Retail,2016,1,326,382,.85340315,NY
CUNY City College,Retail,2016,5,168,211,.79620856,NY
CUNY City College,Retail,2016,10,,,,NY
CUNY City College,Retail,2019,1,301,363,.8292011,NY
CUNY City College,Retail,2019,5,,,,NY
CUNY City College,Retail,2019,10,,,,NY
CUNY City College,Transportation,2004,1,58,66,.87878788,NY
CUNY City College,Transportation,2004,5,52,66,.78787881,NY
CUNY City College,Transportation,2004,10,53,64,.828125,NY
CUNY City College,Transportation,2007,1,39,45,.86666667,NY
CUNY City College,Transportation,2007,5,48,60,.80000001,NY
CUNY City College,Transportation,2007,10,61,79,.77215189,NY
CUNY City College,Transportation,2010,1,28,32,.875,NY
CUNY City College,Transportation,2010,5,48,65,.73846155,NY
CUNY City College,Transportation,2010,10,68,81,.83950615,NY
CUNY City College,Transportation,2013,1,70,75,.93333334,NY
CUNY City College,Transportation,2013,5,101,121,.83471072,NY
CUNY City College,Transportation,2013,10,,,,NY
CUNY City College,Transportation,2016,1,79,90,.87777776,NY
CUNY City College,Transportation,2016,5,82,98,.83673471,NY
CUNY City College,Transportation,2016,10,,,,NY
CUNY City College,Transportation,2019,1,72,93,.77419353,NY
CUNY City College,Transportation,2019,5,,,,NY
CUNY City College,Transportation,2019,10,,,,NY
CUNY City College,Utilities,2004,1,35,43,.81395346,NY
CUNY City College,Utilities,2004,5,50,51,.98039216,NY
CUNY City College,Utilities,2004,10,53,53,1,NY
CUNY City College,Utilities,2007,1,46,56,.8214286,NY
CUNY City College,Utilities,2007,5,64,72,.8888889,NY
CUNY City College,Utilities,2007,10,61,75,.81333333,NY
CUNY City College,Utilities,2010,1,25,25,1,NY
CUNY City College,Utilities,2010,5,41,45,.91111112,NY
CUNY City College,Utilities,2010,10,44,46,.95652175,NY
CUNY City College,Utilities,2013,1,22,23,.95652175,NY
CUNY City College,Utilities,2013,5,40,44,.90909094,NY
CUNY City College,Utilities,2013,10,,,,NY
CUNY City College,Utilities,2016,1,37,43,.86046511,NY
CUNY City College,Utilities,2016,5,39,44,.88636363,NY
CUNY City College,Utilities,2016,10,,,,NY
CUNY City College,Utilities,2019,1,31,39,.79487181,NY
CUNY City College,Utilities,2019,5,,,,NY
CUNY City College,Utilities,2019,10,,,,NY
CUNY City College,Wholesale,2004,1,30,49,.6122449,NY
CUNY City College,Wholesale,2004,5,21,41,.51219511,NY
CUNY City College,Wholesale,2004,10,25,54,.46296296,NY
CUNY City College,Wholesale,2007,1,42,61,.6885246,NY
CUNY City College,Wholesale,2007,5,48,71,.67605633,NY
CUNY City College,Wholesale,2007,10,49,73,.67123288,NY
CUNY City College,Wholesale,2010,1,61,74,.82432431,NY
CUNY City College,Wholesale,2010,5,79,99,.79797977,NY
CUNY City College,Wholesale,2010,10,57,85,.67058825,NY
CUNY City College,Wholesale,2013,1,75,80,.9375,NY
CUNY City College,Wholesale,2013,5,73,96,.76041669,NY
CUNY City College,Wholesale,2013,10,,,,NY
CUNY City College,Wholesale,2016,1,73,96,.76041669,NY
CUNY City College,Wholesale,2016,5,85,114,.74561405,NY
CUNY City College,Wholesale,2016,10,,,,NY
CUNY City College,Wholesale,2019,1,67,87,.77011496,NY
CUNY City College,Wholesale,2019,5,,,,NY
CUNY City College,Wholesale,2019,10,,,,NY
CUNY Hunter,Admin/Waste,2004,1,225,248,.90725809,NY
CUNY Hunter,Admin/Waste,2004,5,152,181,.83977902,NY
CUNY Hunter,Admin/Waste,2004,10,154,187,.82352942,NY
CUNY Hunter,Admin/Waste,2007,1,164,179,.91620111,NY
CUNY Hunter,Admin/Waste,2007,5,152,187,.8128342,NY
CUNY Hunter,Admin/Waste,2007,10,152,219,.6940639,NY
CUNY Hunter,Admin/Waste,2010,1,206,228,.90350878,NY
CUNY Hunter,Admin/Waste,2010,5,200,257,.7782101,NY
CUNY Hunter,Admin/Waste,2010,10,145,207,.70048308,NY
CUNY Hunter,Admin/Waste,2013,1,245,262,.9351145,NY
CUNY Hunter,Admin/Waste,2013,5,210,260,.80769229,NY
CUNY Hunter,Admin/Waste,2013,10,,,,NY
CUNY Hunter,Admin/Waste,2016,1,281,313,.89776355,NY
CUNY Hunter,Admin/Waste,2016,5,253,336,.75297618,NY
CUNY Hunter,Admin/Waste,2016,10,,,,NY
CUNY Hunter,Admin/Waste,2019,1,304,322,.94409937,NY
CUNY Hunter,Admin/Waste,2019,5,,,,NY
CUNY Hunter,Admin/Waste,2019,10,,,,NY
CUNY Hunter,Agriculture,2004,1,1,1,1,NY
CUNY Hunter,Agriculture,2004,5,0,1,0,NY
CUNY Hunter,Agriculture,2004,10,0,3,0,NY
CUNY Hunter,Agriculture,2007,1,0,3,0,NY
CUNY Hunter,Agriculture,2007,5,3,4,.75,NY
CUNY Hunter,Agriculture,2007,10,2,4,.5,NY
CUNY Hunter,Agriculture,2010,1,0,0,,NY
CUNY Hunter,Agriculture,2010,5,4,4,1,NY
CUNY Hunter,Agriculture,2010,10,0,1,0,NY
CUNY Hunter,Agriculture,2013,1,1,1,1,NY
CUNY Hunter,Agriculture,2013,5,0,0,,NY
CUNY Hunter,Agriculture,2013,10,,,,NY
CUNY Hunter,Agriculture,2016,1,1,1,1,NY
CUNY Hunter,Agriculture,2016,5,6,6,1,NY
CUNY Hunter,Agriculture,2016,10,,,,NY
CUNY Hunter,Agriculture,2019,1,0,0,,NY
CUNY Hunter,Agriculture,2019,5,,,,NY
CUNY Hunter,Agriculture,2019,10,,,,NY
CUNY Hunter,Arts/Entertainment,2004,1,79,79,1,NY
CUNY Hunter,Arts/Entertainment,2004,5,80,90,.8888889,NY
CUNY Hunter,Arts/Entertainment,2004,10,80,88,.90909094,NY
CUNY Hunter,Arts/Entertainment,2007,1,68,71,.95774651,NY
CUNY Hunter,Arts/Entertainment,2007,5,66,72,.91666669,NY
CUNY Hunter,Arts/Entertainment,2007,10,64,73,.87671232,NY
CUNY Hunter,Arts/Entertainment,2010,1,72,74,.97297299,NY
CUNY Hunter,Arts/Entertainment,2010,5,98,108,.9074074,NY
CUNY Hunter,Arts/Entertainment,2010,10,55,69,.79710144,NY
CUNY Hunter,Arts/Entertainment,2013,1,89,99,.89898992,NY
CUNY Hunter,Arts/Entertainment,2013,5,73,87,.83908045,NY
CUNY Hunter,Arts/Entertainment,2013,10,,,,NY
CUNY Hunter,Arts/Entertainment,2016,1,121,126,.96031743,NY
CUNY Hunter,Arts/Entertainment,2016,5,65,78,.83333331,NY
CUNY Hunter,Arts/Entertainment,2016,10,,,,NY
CUNY Hunter,Arts/Entertainment,2019,1,108,110,.9818182,NY
CUNY Hunter,Arts/Entertainment,2019,5,,,,NY
CUNY Hunter,Arts/Entertainment,2019,10,,,,NY
CUNY Hunter,Construction,2004,1,42,48,.875,NY
CUNY Hunter,Construction,2004,5,36,43,.83720928,NY
CUNY Hunter,Construction,2004,10,54,64,.84375,NY
CUNY Hunter,Construction,2007,1,34,37,.91891891,NY
CUNY Hunter,Construction,2007,5,44,52,.84615386,NY
CUNY Hunter,Construction,2007,10,32,46,.69565219,NY
CUNY Hunter,Construction,2010,1,31,40,.77499998,NY
CUNY Hunter,Construction,2010,5,81,98,.82653064,NY
CUNY Hunter,Construction,2010,10,36,51,.70588237,NY
CUNY Hunter,Construction,2013,1,65,68,.95588237,NY
CUNY Hunter,Construction,2013,5,54,62,.87096775,NY
CUNY Hunter,Construction,2013,10,,,,NY
CUNY Hunter,Construction,2016,1,27,35,.77142859,NY
CUNY Hunter,Construction,2016,5,46,65,.70769233,NY
CUNY Hunter,Construction,2016,10,,,,NY
CUNY Hunter,Construction,2019,1,41,43,.95348835,NY
CUNY Hunter,Construction,2019,5,,,,NY
CUNY Hunter,Construction,2019,10,,,,NY
CUNY Hunter,Education,2004,1,391,446,.87668163,NY
CUNY Hunter,Education,2004,5,591,683,.86530012,NY
CUNY Hunter,Education,2004,10,642,821,.78197318,NY
CUNY Hunter,Education,2007,1,378,411,.91970801,NY
CUNY Hunter,Education,2007,5,569,650,.87538463,NY
CUNY Hunter,Education,2007,10,687,878,.78246015,NY
CUNY Hunter,Education,2010,1,337,389,.86632389,NY
CUNY Hunter,Education,2010,5,667,773,.86287194,NY
CUNY Hunter,Education,2010,10,738,891,.82828283,NY
CUNY Hunter,Education,2013,1,396,435,.91034484,NY
CUNY Hunter,Education,2013,5,729,870,.83793104,NY
CUNY Hunter,Education,2013,10,,,,NY
CUNY Hunter,Education,2016,1,529,597,.88609713,NY
CUNY Hunter,Education,2016,5,822,979,.83963227,NY
CUNY Hunter,Education,2016,10,,,,NY
CUNY Hunter,Education,2019,1,602,655,.91908395,NY
CUNY Hunter,Education,2019,5,,,,NY
CUNY Hunter,Education,2019,10,,,,NY
CUNY Hunter,Finance,2004,1,427,451,.94678491,NY
CUNY Hunter,Finance,2004,5,369,425,.86823529,NY
CUNY Hunter,Finance,2004,10,351,418,.83971292,NY
CUNY Hunter,Finance,2007,1,355,386,.91968912,NY
CUNY Hunter,Finance,2007,5,373,404,.9232673,NY
CUNY Hunter,Finance,2007,10,278,354,.78531075,NY
CUNY Hunter,Finance,2010,1,278,303,.91749173,NY
CUNY Hunter,Finance,2010,5,331,397,.83375317,NY
CUNY Hunter,Finance,2010,10,258,312,.82692307,NY
CUNY Hunter,Finance,2013,1,297,316,.9398734,NY
CUNY Hunter,Finance,2013,5,279,340,.82058823,NY
CUNY Hunter,Finance,2013,10,,,,NY
CUNY Hunter,Finance,2016,1,202,237,.85232067,NY
CUNY Hunter,Finance,2016,5,269,327,.82262999,NY
CUNY Hunter,Finance,2016,10,,,,NY
CUNY Hunter,Finance,2019,1,229,272,.84191179,NY
CUNY Hunter,Finance,2019,5,,,,NY
CUNY Hunter,Finance,2019,10,,,,NY
CUNY Hunter,Food/Hospitality,2004,1,188,214,.87850469,NY
CUNY Hunter,Food/Hospitality,2004,5,107,142,.75352114,NY
CUNY Hunter,Food/Hospitality,2004,10,77,97,.79381442,NY
CUNY Hunter,Food/Hospitality,2007,1,246,264,.93181819,NY
CUNY Hunter,Food/Hospitality,2007,5,170,203,.8374384,NY
CUNY Hunter,Food/Hospitality,2007,10,109,178,.61235952,NY
CUNY Hunter,Food/Hospitality,2010,1,296,327,.90519875,NY
CUNY Hunter,Food/Hospitality,2010,5,184,246,.74796748,NY
CUNY Hunter,Food/Hospitality,2010,10,128,167,.76646709,NY
CUNY Hunter,Food/Hospitality,2013,1,293,336,.87202382,NY
CUNY Hunter,Food/Hospitality,2013,5,158,209,.75598085,NY
CUNY Hunter,Food/Hospitality,2013,10,,,,NY
CUNY Hunter,Food/Hospitality,2016,1,374,417,.89688247,NY
CUNY Hunter,Food/Hospitality,2016,5,148,188,.78723407,NY
CUNY Hunter,Food/Hospitality,2016,10,,,,NY
CUNY Hunter,Food/Hospitality,2019,1,315,329,.95744681,NY
CUNY Hunter,Food/Hospitality,2019,5,,,,NY
CUNY Hunter,Food/Hospitality,2019,10,,,,NY
CUNY Hunter,Health Care,2004,1,932,990,.94141412,NY
CUNY Hunter,Health Care,2004,5,973,1095,.88858449,NY
CUNY Hunter,Health Care,2004,10,950,1128,.84219861,NY
CUNY Hunter,Health Care,2007,1,965,1029,.93780369,NY
CUNY Hunter,Health Care,2007,5,1172,1292,.90712076,NY
CUNY Hunter,Health Care,2007,10,1130,1391,.81236523,NY
CUNY Hunter,Health Care,2010,1,1097,1178,.93123937,NY
CUNY Hunter,Health Care,2010,5,1398,1568,.89158165,NY
CUNY Hunter,Health Care,2010,10,1329,1660,.80060244,NY
CUNY Hunter,Health Care,2013,1,1221,1291,.94577849,NY
CUNY Hunter,Health Care,2013,5,1610,1828,.88074398,NY
CUNY Hunter,Health Care,2013,10,,,,NY
CUNY Hunter,Health Care,2016,1,1512,1635,.92477065,NY
CUNY Hunter,Health Care,2016,5,1800,2030,.8866995,NY
CUNY Hunter,Health Care,2016,10,,,,NY
CUNY Hunter,Health Care,2019,1,1974,2083,.94767165,NY
CUNY Hunter,Health Care,2019,5,,,,NY
CUNY Hunter,Health Care,2019,10,,,,NY
CUNY Hunter,Information,2004,1,186,192,.96875,NY
CUNY Hunter,Information,2004,5,168,199,.84422112,NY
CUNY Hunter,Information,2004,10,181,205,.88292682,NY
CUNY Hunter,Information,2007,1,182,195,.93333334,NY
CUNY Hunter,Information,2007,5,198,218,.90825689,NY
CUNY Hunter,Information,2007,10,290,329,.88145894,NY
CUNY Hunter,Information,2010,1,150,166,.90361446,NY
CUNY Hunter,Information,2010,5,219,262,.83587784,NY
CUNY Hunter,Information,2010,10,207,264,.78409094,NY
CUNY Hunter,Information,2013,1,172,186,.92473119,NY
CUNY Hunter,Information,2013,5,222,266,.83458644,NY
CUNY Hunter,Information,2013,10,,,,NY
CUNY Hunter,Information,2016,1,254,285,.89122808,NY
CUNY Hunter,Information,2016,5,254,304,.83552629,NY
CUNY Hunter,Information,2016,10,,,,NY
CUNY Hunter,Information,2019,1,191,217,.88018435,NY
CUNY Hunter,Information,2019,5,,,,NY
CUNY Hunter,Information,2019,10,,,,NY
CUNY Hunter,Management,2004,1,63,67,.9402985,NY
CUNY Hunter,Management,2004,5,80,89,.89887643,NY
CUNY Hunter,Management,2004,10,65,75,.86666667,NY
CUNY Hunter,Management,2007,1,69,73,.94520545,NY
CUNY Hunter,Management,2007,5,77,82,.93902439,NY
CUNY Hunter,Management,2007,10,71,87,.81609195,NY
CUNY Hunter,Management,2010,1,69,69,1,NY
CUNY Hunter,Management,2010,5,78,87,.89655173,NY
CUNY Hunter,Management,2010,10,92,100,.92000002,NY
CUNY Hunter,Management,2013,1,57,57,1,NY
CUNY Hunter,Management,2013,5,83,93,.8924731,NY
CUNY Hunter,Management,2013,10,,,,NY
CUNY Hunter,Management,2016,1,68,72,.94444442,NY
CUNY Hunter,Management,2016,5,80,92,.86956519,NY
CUNY Hunter,Management,2016,10,,,,NY
CUNY Hunter,Management,2019,1,56,58,.96551722,NY
CUNY Hunter,Management,2019,5,,,,NY
CUNY Hunter,Management,2019,10,,,,NY
CUNY Hunter,Manufacturing,2004,1,38,41,.92682928,NY
CUNY Hunter,Manufacturing,2004,5,23,34,.67647058,NY
CUNY Hunter,Manufacturing,2004,10,16,33,.4848485,NY
CUNY Hunter,Manufacturing,2007,1,23,42,.54761904,NY
CUNY Hunter,Manufacturing,2007,5,35,54,.64814812,NY
CUNY Hunter,Manufacturing,2007,10,29,68,.42647058,NY
CUNY Hunter,Manufacturing,2010,1,32,44,.72727275,NY
CUNY Hunter,Manufacturing,2010,5,38,75,.50666666,NY
CUNY Hunter,Manufacturing,2010,10,38,70,.54285717,NY
CUNY Hunter,Manufacturing,2013,1,36,52,.69230771,NY
CUNY Hunter,Manufacturing,2013,5,28,51,.54901963,NY
CUNY Hunter,Manufacturing,2013,10,,,,NY
CUNY Hunter,Manufacturing,2016,1,45,66,.68181819,NY
CUNY Hunter,Manufacturing,2016,5,40,76,.52631581,NY
CUNY Hunter,Manufacturing,2016,10,,,,NY
CUNY Hunter,Manufacturing,2019,1,48,64,.75,NY
CUNY Hunter,Manufacturing,2019,5,,,,NY
CUNY Hunter,Manufacturing,2019,10,,,,NY
CUNY Hunter,Mining,2004,1,1,1,1,NY
CUNY Hunter,Mining,2004,5,0,0,,NY
CUNY Hunter,Mining,2004,10,0,0,,NY
CUNY Hunter,Mining,2007,1,1,1,1,NY
CUNY Hunter,Mining,2007,5,0,0,,NY
CUNY Hunter,Mining,2007,10,1,1,1,NY
CUNY Hunter,Mining,2010,1,0,0,,NY
CUNY Hunter,Mining,2010,5,3,5,.60000002,NY
CUNY Hunter,Mining,2010,10,0,0,,NY
CUNY Hunter,Mining,2013,1,0,0,,NY
CUNY Hunter,Mining,2013,5,2,2,1,NY
CUNY Hunter,Mining,2013,10,,,,NY
CUNY Hunter,Mining,2016,1,0,0,,NY
CUNY Hunter,Mining,2016,5,0,0,,NY
CUNY Hunter,Mining,2016,10,,,,NY
CUNY Hunter,Mining,2019,1,0,0,,NY
CUNY Hunter,Mining,2019,5,,,,NY
CUNY Hunter,Mining,2019,10,,,,NY
CUNY Hunter,Other Services,2004,1,146,152,.96052629,NY
CUNY Hunter,Other Services,2004,5,105,114,.92105263,NY
CUNY Hunter,Other Services,2004,10,110,128,.859375,NY
CUNY Hunter,Other Services,2007,1,138,155,.89032257,NY
CUNY Hunter,Other Services,2007,5,133,144,.9236111,NY
CUNY Hunter,Other Services,2007,10,120,151,.79470199,NY
CUNY Hunter,Other Services,2010,1,113,119,.94957983,NY
CUNY Hunter,Other Services,2010,5,139,160,.86874998,NY
CUNY Hunter,Other Services,2010,10,104,125,.83200002,NY
CUNY Hunter,Other Services,2013,1,151,159,.94968551,NY
CUNY Hunter,Other Services,2013,5,121,145,.83448273,NY
CUNY Hunter,Other Services,2013,10,,,,NY
CUNY Hunter,Other Services,2016,1,168,184,.9130435,NY
CUNY Hunter,Other Services,2016,5,139,172,.80813956,NY
CUNY Hunter,Other Services,2016,10,,,,NY
CUNY Hunter,Other Services,2019,1,119,135,.88148147,NY
CUNY Hunter,Other Services,2019,5,,,,NY
CUNY Hunter,Other Services,2019,10,,,,NY
CUNY Hunter,Professional Services,2004,1,500,543,.92081034,NY
CUNY Hunter,Professional Services,2004,5,428,517,.82785302,NY
CUNY Hunter,Professional Services,2004,10,356,461,.77223426,NY
CUNY Hunter,Professional Services,2007,1,441,489,.90184051,NY
CUNY Hunter,Professional Services,2007,5,439,510,.86078429,NY
CUNY Hunter,Professional Services,2007,10,425,579,.73402417,NY
CUNY Hunter,Professional Services,2010,1,395,444,.88963962,NY
CUNY Hunter,Professional Services,2010,5,480,572,.83916086,NY
CUNY Hunter,Professional Services,2010,10,445,604,.73675495,NY
CUNY Hunter,Professional Services,2013,1,438,477,.918239,NY
CUNY Hunter,Professional Services,2013,5,624,727,.85832185,NY
CUNY Hunter,Professional Services,2013,10,,,,NY
CUNY Hunter,Professional Services,2016,1,521,583,.89365351,NY
CUNY Hunter,Professional Services,2016,5,632,791,.79898864,NY
CUNY Hunter,Professional Services,2016,10,,,,NY
CUNY Hunter,Professional Services,2019,1,563,627,.89792663,NY
CUNY Hunter,Professional Services,2019,5,,,,NY
CUNY Hunter,Professional Services,2019,10,,,,NY
CUNY Hunter,Public Admin,2004,1,214,225,.95111114,NY
CUNY Hunter,Public Admin,2004,5,349,375,.93066669,NY
CUNY Hunter,Public Admin,2004,10,387,429,.90209788,NY
CUNY Hunter,Public Admin,2007,1,181,205,.88292682,NY
CUNY Hunter,Public Admin,2007,5,311,351,.88603991,NY
CUNY Hunter,Public Admin,2007,10,479,549,.87249547,NY
CUNY Hunter,Public Admin,2010,1,129,143,.90209788,NY
CUNY Hunter,Public Admin,2010,5,318,362,.87845302,NY
CUNY Hunter,Public Admin,2010,10,442,489,.90388548,NY
CUNY Hunter,Public Admin,2013,1,157,172,.91279072,NY
CUNY Hunter,Public Admin,2013,5,401,448,.89508927,NY
CUNY Hunter,Public Admin,2013,10,,,,NY
CUNY Hunter,Public Admin,2016,1,221,263,.8403042,NY
CUNY Hunter,Public Admin,2016,5,390,429,.90909094,NY
CUNY Hunter,Public Admin,2016,10,,,,NY
CUNY Hunter,Public Admin,2019,1,225,262,.85877866,NY
CUNY Hunter,Public Admin,2019,5,,,,NY
CUNY Hunter,Public Admin,2019,10,,,,NY
CUNY Hunter,Real Estate,2004,1,89,93,.95698923,NY
CUNY Hunter,Real Estate,2004,5,81,87,.93103451,NY
CUNY Hunter,Real Estate,2004,10,79,86,.91860467,NY
CUNY Hunter,Real Estate,2007,1,71,72,.9861111,NY
CUNY Hunter,Real Estate,2007,5,52,58,.89655173,NY
CUNY Hunter,Real Estate,2007,10,67,86,.77906978,NY
CUNY Hunter,Real Estate,2010,1,79,80,.98750001,NY
CUNY Hunter,Real Estate,2010,5,89,96,.92708331,NY
CUNY Hunter,Real Estate,2010,10,85,96,.88541669,NY
CUNY Hunter,Real Estate,2013,1,81,88,.92045456,NY
CUNY Hunter,Real Estate,2013,5,164,173,.94797689,NY
CUNY Hunter,Real Estate,2013,10,,,,NY
CUNY Hunter,Real Estate,2016,1,93,98,.94897962,NY
CUNY Hunter,Real Estate,2016,5,90,94,.95744681,NY
CUNY Hunter,Real Estate,2016,10,,,,NY
CUNY Hunter,Real Estate,2019,1,74,77,.96103895,NY
CUNY Hunter,Real Estate,2019,5,,,,NY
CUNY Hunter,Real Estate,2019,10,,,,NY
CUNY Hunter,Retail,2004,1,263,295,.89152545,NY
CUNY Hunter,Retail,2004,5,135,168,.8035714,NY
CUNY Hunter,Retail,2004,10,114,146,.78082192,NY
CUNY Hunter,Retail,2007,1,278,312,.89102566,NY
CUNY Hunter,Retail,2007,5,204,250,.81599998,NY
CUNY Hunter,Retail,2007,10,147,201,.73134327,NY
CUNY Hunter,Retail,2010,1,347,379,.91556728,NY
CUNY Hunter,Retail,2010,5,226,289,.78200692,NY
CUNY Hunter,Retail,2010,10,137,209,.65550238,NY
CUNY Hunter,Retail,2013,1,401,442,.90723979,NY
CUNY Hunter,Retail,2013,5,229,277,.82671481,NY
CUNY Hunter,Retail,2013,10,,,,NY
CUNY Hunter,Retail,2016,1,494,541,.91312385,NY
CUNY Hunter,Retail,2016,5,244,330,.73939395,NY
CUNY Hunter,Retail,2016,10,,,,NY
CUNY Hunter,Retail,2019,1,428,455,.94065934,NY
CUNY Hunter,Retail,2019,5,,,,NY
CUNY Hunter,Retail,2019,10,,,,NY
CUNY Hunter,Transportation,2004,1,37,39,.94871795,NY
CUNY Hunter,Transportation,2004,5,31,38,.81578946,NY
CUNY Hunter,Transportation,2004,10,37,43,.86046511,NY
CUNY Hunter,Transportation,2007,1,25,29,.86206895,NY
CUNY Hunter,Transportation,2007,5,36,49,.73469388,NY
CUNY Hunter,Transportation,2007,10,45,64,.703125,NY
CUNY Hunter,Transportation,2010,1,47,54,.87037039,NY
CUNY Hunter,Transportation,2010,5,58,71,.81690139,NY
CUNY Hunter,Transportation,2010,10,50,65,.76923078,NY
CUNY Hunter,Transportation,2013,1,43,55,.78181821,NY
CUNY Hunter,Transportation,2013,5,54,72,.75,NY
CUNY Hunter,Transportation,2013,10,,,,NY
CUNY Hunter,Transportation,2016,1,43,51,.84313726,NY
CUNY Hunter,Transportation,2016,5,59,78,.75641024,NY
CUNY Hunter,Transportation,2016,10,,,,NY
CUNY Hunter,Transportation,2019,1,48,52,.92307693,NY
CUNY Hunter,Transportation,2019,5,,,,NY
CUNY Hunter,Transportation,2019,10,,,,NY
CUNY Hunter,Utilities,2004,1,7,7,1,NY
CUNY Hunter,Utilities,2004,5,8,8,1,NY
CUNY Hunter,Utilities,2004,10,7,7,1,NY
CUNY Hunter,Utilities,2007,1,5,5,1,NY
CUNY Hunter,Utilities,2007,5,3,3,1,NY
CUNY Hunter,Utilities,2007,10,11,13,.84615386,NY
CUNY Hunter,Utilities,2010,1,0,0,,NY
CUNY Hunter,Utilities,2010,5,5,5,1,NY
CUNY Hunter,Utilities,2010,10,5,5,1,NY
CUNY Hunter,Utilities,2013,1,9,9,1,NY
CUNY Hunter,Utilities,2013,5,8,8,1,NY
CUNY Hunter,Utilities,2013,10,,,,NY
CUNY Hunter,Utilities,2016,1,5,6,.83333331,NY
CUNY Hunter,Utilities,2016,5,12,12,1,NY
CUNY Hunter,Utilities,2016,10,,,,NY
CUNY Hunter,Utilities,2019,1,2,2,1,NY
CUNY Hunter,Utilities,2019,5,,,,NY
CUNY Hunter,Utilities,2019,10,,,,NY
CUNY Hunter,Wholesale,2004,1,100,118,.84745765,NY
CUNY Hunter,Wholesale,2004,5,92,110,.83636361,NY
CUNY Hunter,Wholesale,2004,10,87,108,.80555558,NY
CUNY Hunter,Wholesale,2007,1,101,115,.87826085,NY
CUNY Hunter,Wholesale,2007,5,80,112,.71428573,NY
CUNY Hunter,Wholesale,2007,10,106,143,.74125874,NY
CUNY Hunter,Wholesale,2010,1,79,93,.84946239,NY
CUNY Hunter,Wholesale,2010,5,106,122,.86885244,NY
CUNY Hunter,Wholesale,2010,10,77,100,.76999998,NY
CUNY Hunter,Wholesale,2013,1,96,109,.88073397,NY
CUNY Hunter,Wholesale,2013,5,85,117,.72649574,NY
CUNY Hunter,Wholesale,2013,10,,,,NY
CUNY Hunter,Wholesale,2016,1,131,157,.83439493,NY
CUNY Hunter,Wholesale,2016,5,82,114,.71929824,NY
CUNY Hunter,Wholesale,2016,10,,,,NY
CUNY Hunter,Wholesale,2019,1,72,89,.80898875,NY
CUNY Hunter,Wholesale,2019,5,,,,NY
CUNY Hunter,Wholesale,2019,10,,,,NY
CUNY Lehman,Admin/Waste,2004,1,115,146,.78767121,NY
CUNY Lehman,Admin/Waste,2004,5,85,111,.76576579,NY
CUNY Lehman,Admin/Waste,2004,10,86,123,.69918698,NY
CUNY Lehman,Admin/Waste,2007,1,117,140,.83571428,NY
CUNY Lehman,Admin/Waste,2007,5,100,125,.80000001,NY
CUNY Lehman,Admin/Waste,2007,10,86,110,.78181821,NY
CUNY Lehman,Admin/Waste,2010,1,151,190,.79473686,NY
CUNY Lehman,Admin/Waste,2010,5,145,169,.85798818,NY
CUNY Lehman,Admin/Waste,2010,10,101,156,.6474359,NY
CUNY Lehman,Admin/Waste,2013,1,239,264,.905303,NY
CUNY Lehman,Admin/Waste,2013,5,166,192,.86458331,NY
CUNY Lehman,Admin/Waste,2013,10,,,,NY
CUNY Lehman,Admin/Waste,2016,1,275,307,.89576548,NY
CUNY Lehman,Admin/Waste,2016,5,239,309,.77346277,NY
CUNY Lehman,Admin/Waste,2016,10,,,,NY
CUNY Lehman,Admin/Waste,2019,1,350,398,.87939698,NY
CUNY Lehman,Admin/Waste,2019,5,,,,NY
CUNY Lehman,Admin/Waste,2019,10,,,,NY
CUNY Lehman,Agriculture,2004,1,1,1,1,NY
CUNY Lehman,Agriculture,2004,5,0,0,,NY
CUNY Lehman,Agriculture,2004,10,0,0,,NY
CUNY Lehman,Agriculture,2007,1,2,2,1,NY
CUNY Lehman,Agriculture,2007,5,2,2,1,NY
CUNY Lehman,Agriculture,2007,10,0,4,0,NY
CUNY Lehman,Agriculture,2010,1,1,1,1,NY
CUNY Lehman,Agriculture,2010,5,0,1,0,NY
CUNY Lehman,Agriculture,2010,10,1,2,.5,NY
CUNY Lehman,Agriculture,2013,1,2,2,1,NY
CUNY Lehman,Agriculture,2013,5,2,2,1,NY
CUNY Lehman,Agriculture,2013,10,,,,NY
CUNY Lehman,Agriculture,2016,1,0,0,,NY
CUNY Lehman,Agriculture,2016,5,4,4,1,NY
CUNY Lehman,Agriculture,2016,10,,,,NY
CUNY Lehman,Agriculture,2019,1,4,6,.66666669,NY
CUNY Lehman,Agriculture,2019,5,,,,NY
CUNY Lehman,Agriculture,2019,10,,,,NY
CUNY Lehman,Arts/Entertainment,2004,1,28,32,.875,NY
CUNY Lehman,Arts/Entertainment,2004,5,20,22,.90909094,NY
CUNY Lehman,Arts/Entertainment,2004,10,25,29,.86206895,NY
CUNY Lehman,Arts/Entertainment,2007,1,27,30,.89999998,NY
CUNY Lehman,Arts/Entertainment,2007,5,38,41,.92682928,NY
CUNY Lehman,Arts/Entertainment,2007,10,25,27,.92592591,NY
CUNY Lehman,Arts/Entertainment,2010,1,32,35,.91428572,NY
CUNY Lehman,Arts/Entertainment,2010,5,38,39,.97435898,NY
CUNY Lehman,Arts/Entertainment,2010,10,16,22,.72727275,NY
CUNY Lehman,Arts/Entertainment,2013,1,45,45,1,NY
CUNY Lehman,Arts/Entertainment,2013,5,32,36,.8888889,NY
CUNY Lehman,Arts/Entertainment,2013,10,,,,NY
CUNY Lehman,Arts/Entertainment,2016,1,76,85,.89411765,NY
CUNY Lehman,Arts/Entertainment,2016,5,38,47,.80851066,NY
CUNY Lehman,Arts/Entertainment,2016,10,,,,NY
CUNY Lehman,Arts/Entertainment,2019,1,57,68,.83823532,NY
CUNY Lehman,Arts/Entertainment,2019,5,,,,NY
CUNY Lehman,Arts/Entertainment,2019,10,,,,NY
CUNY Lehman,Construction,2004,1,16,25,.63999999,NY
CUNY Lehman,Construction,2004,5,18,21,.85714287,NY
CUNY Lehman,Construction,2004,10,31,37,.83783782,NY
CUNY Lehman,Construction,2007,1,24,34,.70588237,NY
CUNY Lehman,Construction,2007,5,25,30,.83333331,NY
CUNY Lehman,Construction,2007,10,31,34,.91176468,NY
CUNY Lehman,Construction,2010,1,15,22,.68181819,NY
CUNY Lehman,Construction,2010,5,35,44,.79545456,NY
CUNY Lehman,Construction,2010,10,17,29,.58620691,NY
CUNY Lehman,Construction,2013,1,34,34,1,NY
CUNY Lehman,Construction,2013,5,26,32,.8125,NY
CUNY Lehman,Construction,2013,10,,,,NY
CUNY Lehman,Construction,2016,1,31,42,.73809522,NY
CUNY Lehman,Construction,2016,5,28,38,.7368421,NY
CUNY Lehman,Construction,2016,10,,,,NY
CUNY Lehman,Construction,2019,1,24,31,.77419353,NY
CUNY Lehman,Construction,2019,5,,,,NY
CUNY Lehman,Construction,2019,10,,,,NY
CUNY Lehman,Education,2004,1,287,333,.86186188,NY
CUNY Lehman,Education,2004,5,367,421,.87173396,NY
CUNY Lehman,Education,2004,10,424,517,.82011604,NY
CUNY Lehman,Education,2007,1,317,365,.86849314,NY
CUNY Lehman,Education,2007,5,430,486,.88477367,NY
CUNY Lehman,Education,2007,10,557,645,.86356586,NY
CUNY Lehman,Education,2010,1,323,396,.81565654,NY
CUNY Lehman,Education,2010,5,582,661,.8804841,NY
CUNY Lehman,Education,2010,10,643,748,.8596257,NY
CUNY Lehman,Education,2013,1,360,393,.91603053,NY
CUNY Lehman,Education,2013,5,603,685,.880292,NY
CUNY Lehman,Education,2013,10,,,,NY
CUNY Lehman,Education,2016,1,495,543,.9116022,NY
CUNY Lehman,Education,2016,5,722,818,.8826406,NY
CUNY Lehman,Education,2016,10,,,,NY
CUNY Lehman,Education,2019,1,748,841,.88941735,NY
CUNY Lehman,Education,2019,5,,,,NY
CUNY Lehman,Education,2019,10,,,,NY
CUNY Lehman,Finance,2004,1,201,236,.85169494,NY
CUNY Lehman,Finance,2004,5,184,222,.82882881,NY
CUNY Lehman,Finance,2004,10,163,196,.83163267,NY
CUNY Lehman,Finance,2007,1,198,222,.8918919,NY
CUNY Lehman,Finance,2007,5,201,230,.87391305,NY
CUNY Lehman,Finance,2007,10,140,175,.80000001,NY
CUNY Lehman,Finance,2010,1,233,258,.90310079,NY
CUNY Lehman,Finance,2010,5,215,246,.87398374,NY
CUNY Lehman,Finance,2010,10,152,226,.67256635,NY
CUNY Lehman,Finance,2013,1,231,249,.92771083,NY
CUNY Lehman,Finance,2013,5,181,243,.74485594,NY
CUNY Lehman,Finance,2013,10,,,,NY
CUNY Lehman,Finance,2016,1,190,231,.82251084,NY
CUNY Lehman,Finance,2016,5,199,274,.72627735,NY
CUNY Lehman,Finance,2016,10,,,,NY
CUNY Lehman,Finance,2019,1,216,276,.78260869,NY
CUNY Lehman,Finance,2019,5,,,,NY
CUNY Lehman,Finance,2019,10,,,,NY
CUNY Lehman,Food/Hospitality,2004,1,47,54,.87037039,NY
CUNY Lehman,Food/Hospitality,2004,5,32,48,.66666669,NY
CUNY Lehman,Food/Hospitality,2004,10,28,45,.62222224,NY
CUNY Lehman,Food/Hospitality,2007,1,56,77,.72727275,NY
CUNY Lehman,Food/Hospitality,2007,5,47,60,.78333336,NY
CUNY Lehman,Food/Hospitality,2007,10,36,59,.61016947,NY
CUNY Lehman,Food/Hospitality,2010,1,79,98,.80612242,NY
CUNY Lehman,Food/Hospitality,2010,5,63,80,.78750002,NY
CUNY Lehman,Food/Hospitality,2010,10,44,73,.60273975,NY
CUNY Lehman,Food/Hospitality,2013,1,129,134,.96268654,NY
CUNY Lehman,Food/Hospitality,2013,5,86,97,.88659793,NY
CUNY Lehman,Food/Hospitality,2013,10,,,,NY
CUNY Lehman,Food/Hospitality,2016,1,169,180,.93888891,NY
CUNY Lehman,Food/Hospitality,2016,5,75,98,.76530612,NY
CUNY Lehman,Food/Hospitality,2016,10,,,,NY
CUNY Lehman,Food/Hospitality,2019,1,204,241,.84647304,NY
CUNY Lehman,Food/Hospitality,2019,5,,,,NY
CUNY Lehman,Food/Hospitality,2019,10,,,,NY
CUNY Lehman,Health Care,2004,1,992,1071,.92623717,NY
CUNY Lehman,Health Care,2004,5,1011,1122,.90106952,NY
CUNY Lehman,Health Care,2004,10,919,1087,.84544617,NY
CUNY Lehman,Health Care,2007,1,1072,1183,.90617073,NY
CUNY Lehman,Health Care,2007,5,1159,1280,.90546876,NY
CUNY Lehman,Health Care,2007,10,1017,1214,.83772653,NY
CUNY Lehman,Health Care,2010,1,1187,1267,.93685871,NY
CUNY Lehman,Health Care,2010,5,1240,1399,.88634741,NY
CUNY Lehman,Health Care,2010,10,1080,1322,.816944,NY
CUNY Lehman,Health Care,2013,1,1626,1734,.93771625,NY
CUNY Lehman,Health Care,2013,5,1647,1869,.88121992,NY
CUNY Lehman,Health Care,2013,10,,,,NY
CUNY Lehman,Health Care,2016,1,1971,2088,.94396549,NY
CUNY Lehman,Health Care,2016,5,1833,2064,.88808137,NY
CUNY Lehman,Health Care,2016,10,,,,NY
CUNY Lehman,Health Care,2019,1,2246,2420,.92809916,NY
CUNY Lehman,Health Care,2019,5,,,,NY
CUNY Lehman,Health Care,2019,10,,,,NY
CUNY Lehman,Information,2004,1,51,57,.89473683,NY
CUNY Lehman,Information,2004,5,63,74,.85135138,NY
CUNY Lehman,Information,2004,10,58,82,.70731705,NY
CUNY Lehman,Information,2007,1,70,82,.85365856,NY
CUNY Lehman,Information,2007,5,67,80,.83749998,NY
CUNY Lehman,Information,2007,10,104,112,.9285714,NY
CUNY Lehman,Information,2010,1,58,71,.81690139,NY
CUNY Lehman,Information,2010,5,67,77,.87012988,NY
CUNY Lehman,Information,2010,10,51,67,.76119405,NY
CUNY Lehman,Information,2013,1,67,71,.94366199,NY
CUNY Lehman,Information,2013,5,81,104,.77884614,NY
CUNY Lehman,Information,2013,10,,,,NY
CUNY Lehman,Information,2016,1,160,174,.91954023,NY
CUNY Lehman,Information,2016,5,98,120,.81666666,NY
CUNY Lehman,Information,2016,10,,,,NY
CUNY Lehman,Information,2019,1,89,111,.8018018,NY
CUNY Lehman,Information,2019,5,,,,NY
CUNY Lehman,Information,2019,10,,,,NY
CUNY Lehman,Management,2004,1,34,37,.91891891,NY
CUNY Lehman,Management,2004,5,50,52,.96153843,NY
CUNY Lehman,Management,2004,10,47,58,.81034482,NY
CUNY Lehman,Management,2007,1,43,48,.89583331,NY
CUNY Lehman,Management,2007,5,44,49,.89795917,NY
CUNY Lehman,Management,2007,10,42,52,.80769229,NY
CUNY Lehman,Management,2010,1,59,73,.80821919,NY
CUNY Lehman,Management,2010,5,62,65,.95384616,NY
CUNY Lehman,Management,2010,10,63,75,.83999997,NY
CUNY Lehman,Management,2013,1,59,64,.921875,NY
CUNY Lehman,Management,2013,5,76,82,.92682928,NY
CUNY Lehman,Management,2013,10,,,,NY
CUNY Lehman,Management,2016,1,72,75,.95999998,NY
CUNY Lehman,Management,2016,5,81,87,.93103451,NY
CUNY Lehman,Management,2016,10,,,,NY
CUNY Lehman,Management,2019,1,75,82,.91463417,NY
CUNY Lehman,Management,2019,5,,,,NY
CUNY Lehman,Management,2019,10,,,,NY
CUNY Lehman,Manufacturing,2004,1,21,33,.63636363,NY
CUNY Lehman,Manufacturing,2004,5,15,21,.71428573,NY
CUNY Lehman,Manufacturing,2004,10,14,35,.40000001,NY
CUNY Lehman,Manufacturing,2007,1,13,18,.72222221,NY
CUNY Lehman,Manufacturing,2007,5,14,33,.42424244,NY
CUNY Lehman,Manufacturing,2007,10,7,13,.53846157,NY
CUNY Lehman,Manufacturing,2010,1,21,36,.58333331,NY
CUNY Lehman,Manufacturing,2010,5,21,37,.56756759,NY
CUNY Lehman,Manufacturing,2010,10,19,32,.59375,NY
CUNY Lehman,Manufacturing,2013,1,25,36,.69444442,NY
CUNY Lehman,Manufacturing,2013,5,26,42,.61904764,NY
CUNY Lehman,Manufacturing,2013,10,,,,NY
CUNY Lehman,Manufacturing,2016,1,21,32,.65625,NY
CUNY Lehman,Manufacturing,2016,5,20,33,.60606062,NY
CUNY Lehman,Manufacturing,2016,10,,,,NY
CUNY Lehman,Manufacturing,2019,1,28,50,.56,NY
CUNY Lehman,Manufacturing,2019,5,,,,NY
CUNY Lehman,Manufacturing,2019,10,,,,NY
CUNY Lehman,Mining,2004,1,1,1,1,NY
CUNY Lehman,Mining,2004,5,0,0,,NY
CUNY Lehman,Mining,2004,10,0,2,0,NY
CUNY Lehman,Mining,2007,1,0,0,,NY
CUNY Lehman,Mining,2007,5,0,0,,NY
CUNY Lehman,Mining,2007,10,1,2,.5,NY
CUNY Lehman,Mining,2010,1,2,2,1,NY
CUNY Lehman,Mining,2010,5,0,1,0,NY
CUNY Lehman,Mining,2010,10,0,0,,NY
CUNY Lehman,Mining,2013,1,0,1,0,NY
CUNY Lehman,Mining,2013,5,2,3,.66666669,NY
CUNY Lehman,Mining,2013,10,,,,NY
CUNY Lehman,Mining,2016,1,0,0,,NY
CUNY Lehman,Mining,2016,5,0,1,0,NY
CUNY Lehman,Mining,2016,10,,,,NY
CUNY Lehman,Mining,2019,1,1,1,1,NY
CUNY Lehman,Mining,2019,5,,,,NY
CUNY Lehman,Mining,2019,10,,,,NY
CUNY Lehman,Other Services,2004,1,43,52,.82692307,NY
CUNY Lehman,Other Services,2004,5,46,52,.88461536,NY
CUNY Lehman,Other Services,2004,10,43,56,.76785713,NY
CUNY Lehman,Other Services,2007,1,55,77,.71428573,NY
CUNY Lehman,Other Services,2007,5,48,58,.82758623,NY
CUNY Lehman,Other Services,2007,10,60,66,.90909094,NY
CUNY Lehman,Other Services,2010,1,76,88,.86363637,NY
CUNY Lehman,Other Services,2010,5,83,93,.8924731,NY
CUNY Lehman,Other Services,2010,10,44,74,.5945946,NY
CUNY Lehman,Other Services,2013,1,80,82,.97560978,NY
CUNY Lehman,Other Services,2013,5,61,64,.953125,NY
CUNY Lehman,Other Services,2013,10,,,,NY
CUNY Lehman,Other Services,2016,1,89,99,.89898992,NY
CUNY Lehman,Other Services,2016,5,76,91,.83516484,NY
CUNY Lehman,Other Services,2016,10,,,,NY
CUNY Lehman,Other Services,2019,1,117,138,.84782606,NY
CUNY Lehman,Other Services,2019,5,,,,NY
CUNY Lehman,Other Services,2019,10,,,,NY
CUNY Lehman,Professional Services,2004,1,144,180,.80000001,NY
CUNY Lehman,Professional Services,2004,5,112,137,.81751823,NY
CUNY Lehman,Professional Services,2004,10,97,127,.76377952,NY
CUNY Lehman,Professional Services,2007,1,158,191,.82722515,NY
CUNY Lehman,Professional Services,2007,5,135,169,.79881656,NY
CUNY Lehman,Professional Services,2007,10,125,189,.66137564,NY
CUNY Lehman,Professional Services,2010,1,142,171,.83040935,NY
CUNY Lehman,Professional Services,2010,5,166,210,.7904762,NY
CUNY Lehman,Professional Services,2010,10,141,219,.6438356,NY
CUNY Lehman,Professional Services,2013,1,187,205,.91219515,NY
CUNY Lehman,Professional Services,2013,5,203,238,.85294116,NY
CUNY Lehman,Professional Services,2013,10,,,,NY
CUNY Lehman,Professional Services,2016,1,256,293,.87372011,NY
CUNY Lehman,Professional Services,2016,5,274,359,.76323122,NY
CUNY Lehman,Professional Services,2016,10,,,,NY
CUNY Lehman,Professional Services,2019,1,335,408,.82107842,NY
CUNY Lehman,Professional Services,2019,5,,,,NY
CUNY Lehman,Professional Services,2019,10,,,,NY
CUNY Lehman,Public Admin,2004,1,197,225,.87555557,NY
CUNY Lehman,Public Admin,2004,5,270,296,.91216218,NY
CUNY Lehman,Public Admin,2004,10,280,319,.87774295,NY
CUNY Lehman,Public Admin,2007,1,217,250,.86799997,NY
CUNY Lehman,Public Admin,2007,5,308,341,.90322578,NY
CUNY Lehman,Public Admin,2007,10,388,430,.90232557,NY
CUNY Lehman,Public Admin,2010,1,189,211,.89573461,NY
CUNY Lehman,Public Admin,2010,5,338,379,.89182061,NY
CUNY Lehman,Public Admin,2010,10,423,487,.86858314,NY
CUNY Lehman,Public Admin,2013,1,196,217,.90322578,NY
CUNY Lehman,Public Admin,2013,5,410,454,.90308368,NY
CUNY Lehman,Public Admin,2013,10,,,,NY
CUNY Lehman,Public Admin,2016,1,304,331,.91842902,NY
CUNY Lehman,Public Admin,2016,5,416,467,.89079231,NY
CUNY Lehman,Public Admin,2016,10,,,,NY
CUNY Lehman,Public Admin,2019,1,411,462,.88961041,NY
CUNY Lehman,Public Admin,2019,5,,,,NY
CUNY Lehman,Public Admin,2019,10,,,,NY
CUNY Lehman,Real Estate,2004,1,48,51,.94117647,NY
CUNY Lehman,Real Estate,2004,5,36,40,.89999998,NY
CUNY Lehman,Real Estate,2004,10,33,42,.78571427,NY
CUNY Lehman,Real Estate,2007,1,39,48,.8125,NY
CUNY Lehman,Real Estate,2007,5,34,37,.91891891,NY
CUNY Lehman,Real Estate,2007,10,37,44,.84090906,NY
CUNY Lehman,Real Estate,2010,1,48,55,.87272727,NY
CUNY Lehman,Real Estate,2010,5,53,60,.88333333,NY
CUNY Lehman,Real Estate,2010,10,50,61,.81967211,NY
CUNY Lehman,Real Estate,2013,1,43,46,.93478262,NY
CUNY Lehman,Real Estate,2013,5,101,106,.9528302,NY
CUNY Lehman,Real Estate,2013,10,,,,NY
CUNY Lehman,Real Estate,2016,1,77,81,.95061731,NY
CUNY Lehman,Real Estate,2016,5,64,75,.85333335,NY
CUNY Lehman,Real Estate,2016,10,,,,NY
CUNY Lehman,Real Estate,2019,1,96,105,.91428572,NY
CUNY Lehman,Real Estate,2019,5,,,,NY
CUNY Lehman,Real Estate,2019,10,,,,NY
CUNY Lehman,Retail,2004,1,110,131,.83969468,NY
CUNY Lehman,Retail,2004,5,72,98,.73469388,NY
CUNY Lehman,Retail,2004,10,52,86,.60465115,NY
CUNY Lehman,Retail,2007,1,184,220,.83636361,NY
CUNY Lehman,Retail,2007,5,124,168,.73809522,NY
CUNY Lehman,Retail,2007,10,95,139,.68345326,NY
CUNY Lehman,Retail,2010,1,210,241,.8713693,NY
CUNY Lehman,Retail,2010,5,123,150,.81999999,NY
CUNY Lehman,Retail,2010,10,70,113,.61946905,NY
CUNY Lehman,Retail,2013,1,247,267,.92509365,NY
CUNY Lehman,Retail,2013,5,143,182,.78571427,NY
CUNY Lehman,Retail,2013,10,,,,NY
CUNY Lehman,Retail,2016,1,329,356,.92415732,NY
CUNY Lehman,Retail,2016,5,134,189,.70899469,NY
CUNY Lehman,Retail,2016,10,,,,NY
CUNY Lehman,Retail,2019,1,388,440,.88181818,NY
CUNY Lehman,Retail,2019,5,,,,NY
CUNY Lehman,Retail,2019,10,,,,NY
CUNY Lehman,Transportation,2004,1,19,22,.86363637,NY
CUNY Lehman,Transportation,2004,5,21,21,1,NY
CUNY Lehman,Transportation,2004,10,39,42,.9285714,NY
CUNY Lehman,Transportation,2007,1,26,28,.9285714,NY
CUNY Lehman,Transportation,2007,5,31,36,.8611111,NY
CUNY Lehman,Transportation,2007,10,42,55,.76363635,NY
CUNY Lehman,Transportation,2010,1,28,29,.96551722,NY
CUNY Lehman,Transportation,2010,5,43,44,.97727275,NY
CUNY Lehman,Transportation,2010,10,48,59,.81355929,NY
CUNY Lehman,Transportation,2013,1,45,48,.9375,NY
CUNY Lehman,Transportation,2013,5,56,67,.83582091,NY
CUNY Lehman,Transportation,2013,10,,,,NY
CUNY Lehman,Transportation,2016,1,69,74,.93243241,NY
CUNY Lehman,Transportation,2016,5,68,86,.79069769,NY
CUNY Lehman,Transportation,2016,10,,,,NY
CUNY Lehman,Transportation,2019,1,69,82,.84146339,NY
CUNY Lehman,Transportation,2019,5,,,,NY
CUNY Lehman,Transportation,2019,10,,,,NY
CUNY Lehman,Utilities,2004,1,5,5,1,NY
CUNY Lehman,Utilities,2004,5,5,8,.625,NY
CUNY Lehman,Utilities,2004,10,5,6,.83333331,NY
CUNY Lehman,Utilities,2007,1,4,4,1,NY
CUNY Lehman,Utilities,2007,5,10,11,.90909094,NY
CUNY Lehman,Utilities,2007,10,10,10,1,NY
CUNY Lehman,Utilities,2010,1,1,1,1,NY
CUNY Lehman,Utilities,2010,5,7,9,.77777779,NY
CUNY Lehman,Utilities,2010,10,7,7,1,NY
CUNY Lehman,Utilities,2013,1,5,7,.71428573,NY
CUNY Lehman,Utilities,2013,5,2,2,1,NY
CUNY Lehman,Utilities,2013,10,,,,NY
CUNY Lehman,Utilities,2016,1,2,2,1,NY
CUNY Lehman,Utilities,2016,5,13,14,.9285714,NY
CUNY Lehman,Utilities,2016,10,,,,NY
CUNY Lehman,Utilities,2019,1,7,9,.77777779,NY
CUNY Lehman,Utilities,2019,5,,,,NY
CUNY Lehman,Utilities,2019,10,,,,NY
CUNY Lehman,Wholesale,2004,1,42,61,.6885246,NY
CUNY Lehman,Wholesale,2004,5,39,54,.72222221,NY
CUNY Lehman,Wholesale,2004,10,31,47,.65957445,NY
CUNY Lehman,Wholesale,2007,1,31,39,.79487181,NY
CUNY Lehman,Wholesale,2007,5,40,57,.70175439,NY
CUNY Lehman,Wholesale,2007,10,31,45,.68888891,NY
CUNY Lehman,Wholesale,2010,1,46,59,.779661,NY
CUNY Lehman,Wholesale,2010,5,46,69,.66666669,NY
CUNY Lehman,Wholesale,2010,10,37,49,.75510204,NY
CUNY Lehman,Wholesale,2013,1,51,58,.87931037,NY
CUNY Lehman,Wholesale,2013,5,54,74,.72972971,NY
CUNY Lehman,Wholesale,2013,10,,,,NY
CUNY Lehman,Wholesale,2016,1,78,85,.91764706,NY
CUNY Lehman,Wholesale,2016,5,50,73,.68493152,NY
CUNY Lehman,Wholesale,2016,10,,,,NY
CUNY Lehman,Wholesale,2019,1,60,91,.65934068,NY
CUNY Lehman,Wholesale,2019,5,,,,NY
CUNY Lehman,Wholesale,2019,10,,,,NY
CUNY Queens,Admin/Waste,2004,1,187,204,.91666669,NY
CUNY Queens,Admin/Waste,2004,5,122,132,.92424244,NY
CUNY Queens,Admin/Waste,2004,10,122,156,.78205127,NY
CUNY Queens,Admin/Waste,2007,1,175,193,.90673578,NY
CUNY Queens,Admin/Waste,2007,5,170,204,.83333331,NY
CUNY Queens,Admin/Waste,2007,10,143,191,.74869108,NY
CUNY Queens,Admin/Waste,2010,1,192,221,.86877829,NY
CUNY Queens,Admin/Waste,2010,5,227,260,.87307692,NY
CUNY Queens,Admin/Waste,2010,10,155,199,.77889448,NY
CUNY Queens,Admin/Waste,2013,1,269,288,.93402779,NY
CUNY Queens,Admin/Waste,2013,5,209,271,.7712177,NY
CUNY Queens,Admin/Waste,2013,10,,,,NY
CUNY Queens,Admin/Waste,2016,1,298,320,.93124998,NY
CUNY Queens,Admin/Waste,2016,5,249,306,.81372547,NY
CUNY Queens,Admin/Waste,2016,10,,,,NY
CUNY Queens,Admin/Waste,2019,1,286,338,.84615386,NY
CUNY Queens,Admin/Waste,2019,5,,,,NY
CUNY Queens,Admin/Waste,2019,10,,,,NY
CUNY Queens,Agriculture,2004,1,2,3,.66666669,NY
CUNY Queens,Agriculture,2004,5,0,1,0,NY
CUNY Queens,Agriculture,2004,10,0,0,,NY
CUNY Queens,Agriculture,2007,1,1,1,1,NY
CUNY Queens,Agriculture,2007,5,3,6,.5,NY
CUNY Queens,Agriculture,2007,10,4,9,.44444445,NY
CUNY Queens,Agriculture,2010,1,4,4,1,NY
CUNY Queens,Agriculture,2010,5,2,4,.5,NY
CUNY Queens,Agriculture,2010,10,0,0,,NY
CUNY Queens,Agriculture,2013,1,2,5,.40000001,NY
CUNY Queens,Agriculture,2013,5,1,2,.5,NY
CUNY Queens,Agriculture,2013,10,,,,NY
CUNY Queens,Agriculture,2016,1,1,1,1,NY
CUNY Queens,Agriculture,2016,5,1,2,.5,NY
CUNY Queens,Agriculture,2016,10,,,,NY
CUNY Queens,Agriculture,2019,1,3,3,1,NY
CUNY Queens,Agriculture,2019,5,,,,NY
CUNY Queens,Agriculture,2019,10,,,,NY
CUNY Queens,Arts/Entertainment,2004,1,56,58,.96551722,NY
CUNY Queens,Arts/Entertainment,2004,5,47,55,.85454547,NY
CUNY Queens,Arts/Entertainment,2004,10,60,63,.95238096,NY
CUNY Queens,Arts/Entertainment,2007,1,57,59,.96610171,NY
CUNY Queens,Arts/Entertainment,2007,5,62,73,.84931505,NY
CUNY Queens,Arts/Entertainment,2007,10,49,58,.84482759,NY
CUNY Queens,Arts/Entertainment,2010,1,82,89,.92134833,NY
CUNY Queens,Arts/Entertainment,2010,5,88,94,.93617022,NY
CUNY Queens,Arts/Entertainment,2010,10,35,40,.875,NY
CUNY Queens,Arts/Entertainment,2013,1,86,88,.97727275,NY
CUNY Queens,Arts/Entertainment,2013,5,87,94,.92553192,NY
CUNY Queens,Arts/Entertainment,2013,10,,,,NY
CUNY Queens,Arts/Entertainment,2016,1,99,106,.93396229,NY
CUNY Queens,Arts/Entertainment,2016,5,64,74,.86486489,NY
CUNY Queens,Arts/Entertainment,2016,10,,,,NY
CUNY Queens,Arts/Entertainment,2019,1,73,83,.87951809,NY
CUNY Queens,Arts/Entertainment,2019,5,,,,NY
CUNY Queens,Arts/Entertainment,2019,10,,,,NY
CUNY Queens,Construction,2004,1,52,55,.94545454,NY
CUNY Queens,Construction,2004,5,49,52,.94230771,NY
CUNY Queens,Construction,2004,10,65,71,.91549295,NY
CUNY Queens,Construction,2007,1,47,53,.88679248,NY
CUNY Queens,Construction,2007,5,66,77,.85714287,NY
CUNY Queens,Construction,2007,10,84,101,.83168316,NY
CUNY Queens,Construction,2010,1,67,73,.91780823,NY
CUNY Queens,Construction,2010,5,112,124,.90322578,NY
CUNY Queens,Construction,2010,10,96,105,.91428572,NY
CUNY Queens,Construction,2013,1,85,90,.94444442,NY
CUNY Queens,Construction,2013,5,98,117,.83760685,NY
CUNY Queens,Construction,2013,10,,,,NY
CUNY Queens,Construction,2016,1,84,93,.90322578,NY
CUNY Queens,Construction,2016,5,79,94,.84042555,NY
CUNY Queens,Construction,2016,10,,,,NY
CUNY Queens,Construction,2019,1,60,69,.86956519,NY
CUNY Queens,Construction,2019,5,,,,NY
CUNY Queens,Construction,2019,10,,,,NY
CUNY Queens,Education,2004,1,594,653,.90964776,NY
CUNY Queens,Education,2004,5,770,847,.90909094,NY
CUNY Queens,Education,2004,10,817,939,.87007457,NY
CUNY Queens,Education,2007,1,544,595,.91428572,NY
CUNY Queens,Education,2007,5,853,965,.88393784,NY
CUNY Queens,Education,2007,10,958,1100,.87090909,NY
CUNY Queens,Education,2010,1,519,588,.88265306,NY
CUNY Queens,Education,2010,5,985,1092,.90201467,NY
CUNY Queens,Education,2010,10,1048,1203,.87115544,NY
CUNY Queens,Education,2013,1,619,669,.92526156,NY
CUNY Queens,Education,2013,5,1034,1168,.88527399,NY
CUNY Queens,Education,2013,10,,,,NY
CUNY Queens,Education,2016,1,644,701,.91868758,NY
CUNY Queens,Education,2016,5,997,1153,.86470079,NY
CUNY Queens,Education,2016,10,,,,NY
CUNY Queens,Education,2019,1,774,880,.87954545,NY
CUNY Queens,Education,2019,5,,,,NY
CUNY Queens,Education,2019,10,,,,NY
CUNY Queens,Finance,2004,1,458,507,.90335304,NY
CUNY Queens,Finance,2004,5,446,505,.88316834,NY
CUNY Queens,Finance,2004,10,423,480,.88125002,NY
CUNY Queens,Finance,2007,1,407,442,.92081445,NY
CUNY Queens,Finance,2007,5,455,537,.84729981,NY
CUNY Queens,Finance,2007,10,378,463,.81641471,NY
CUNY Queens,Finance,2010,1,462,492,.93902439,NY
CUNY Queens,Finance,2010,5,492,578,.85121107,NY
CUNY Queens,Finance,2010,10,419,521,.80422264,NY
CUNY Queens,Finance,2013,1,471,512,.91992188,NY
CUNY Queens,Finance,2013,5,456,543,.83977902,NY
CUNY Queens,Finance,2013,10,,,,NY
CUNY Queens,Finance,2016,1,336,391,.85933506,NY
CUNY Queens,Finance,2016,5,422,533,.79174483,NY
CUNY Queens,Finance,2016,10,,,,NY
CUNY Queens,Finance,2019,1,429,499,.85971946,NY
CUNY Queens,Finance,2019,5,,,,NY
CUNY Queens,Finance,2019,10,,,,NY
CUNY Queens,Food/Hospitality,2004,1,98,116,.84482759,NY
CUNY Queens,Food/Hospitality,2004,5,64,74,.86486489,NY
CUNY Queens,Food/Hospitality,2004,10,54,75,.72000003,NY
CUNY Queens,Food/Hospitality,2007,1,162,181,.89502764,NY
CUNY Queens,Food/Hospitality,2007,5,130,179,.72625697,NY
CUNY Queens,Food/Hospitality,2007,10,106,141,.75177306,NY
CUNY Queens,Food/Hospitality,2010,1,224,255,.87843138,NY
CUNY Queens,Food/Hospitality,2010,5,166,196,.84693879,NY
CUNY Queens,Food/Hospitality,2010,10,132,160,.82499999,NY
CUNY Queens,Food/Hospitality,2013,1,273,293,.93174064,NY
CUNY Queens,Food/Hospitality,2013,5,160,203,.78817731,NY
CUNY Queens,Food/Hospitality,2013,10,,,,NY
CUNY Queens,Food/Hospitality,2016,1,291,316,.9208861,NY
CUNY Queens,Food/Hospitality,2016,5,146,190,.76842105,NY
CUNY Queens,Food/Hospitality,2016,10,,,,NY
CUNY Queens,Food/Hospitality,2019,1,290,329,.88145894,NY
CUNY Queens,Food/Hospitality,2019,5,,,,NY
CUNY Queens,Food/Hospitality,2019,10,,,,NY
CUNY Queens,Health Care,2004,1,504,563,.89520425,NY
CUNY Queens,Health Care,2004,5,638,709,.89985895,NY
CUNY Queens,Health Care,2004,10,619,777,.79665381,NY
CUNY Queens,Health Care,2007,1,583,641,.90951639,NY
CUNY Queens,Health Care,2007,5,814,911,.89352357,NY
CUNY Queens,Health Care,2007,10,758,950,.79789472,NY
CUNY Queens,Health Care,2010,1,744,807,.92193311,NY
CUNY Queens,Health Care,2010,5,976,1087,.89788407,NY
CUNY Queens,Health Care,2010,10,958,1134,.84479719,NY
CUNY Queens,Health Care,2013,1,810,865,.93641621,NY
CUNY Queens,Health Care,2013,5,1166,1332,.87537539,NY
CUNY Queens,Health Care,2013,10,,,,NY
CUNY Queens,Health Care,2016,1,1036,1098,.94353372,NY
CUNY Queens,Health Care,2016,5,1284,1452,.88429755,NY
CUNY Queens,Health Care,2016,10,,,,NY
CUNY Queens,Health Care,2019,1,1093,1196,.91387957,NY
CUNY Queens,Health Care,2019,5,,,,NY
CUNY Queens,Health Care,2019,10,,,,NY
CUNY Queens,Information,2004,1,129,140,.92142856,NY
CUNY Queens,Information,2004,5,148,157,.94267517,NY
CUNY Queens,Information,2004,10,141,144,.97916669,NY
CUNY Queens,Information,2007,1,113,124,.91129035,NY
CUNY Queens,Information,2007,5,132,160,.82499999,NY
CUNY Queens,Information,2007,10,199,217,.91705072,NY
CUNY Queens,Information,2010,1,98,111,.88288289,NY
CUNY Queens,Information,2010,5,143,161,.88819873,NY
CUNY Queens,Information,2010,10,177,202,.87623763,NY
CUNY Queens,Information,2013,1,129,140,.92142856,NY
CUNY Queens,Information,2013,5,179,204,.877451,NY
CUNY Queens,Information,2013,10,,,,NY
CUNY Queens,Information,2016,1,192,202,.95049506,NY
CUNY Queens,Information,2016,5,192,229,.83842796,NY
CUNY Queens,Information,2016,10,,,,NY
CUNY Queens,Information,2019,1,128,147,.87074828,NY
CUNY Queens,Information,2019,5,,,,NY
CUNY Queens,Information,2019,10,,,,NY
CUNY Queens,Management,2004,1,54,59,.91525424,NY
CUNY Queens,Management,2004,5,61,72,.84722221,NY
CUNY Queens,Management,2004,10,56,62,.90322578,NY
CUNY Queens,Management,2007,1,54,54,1,NY
CUNY Queens,Management,2007,5,76,80,.94999999,NY
CUNY Queens,Management,2007,10,62,72,.8611111,NY
CUNY Queens,Management,2010,1,66,68,.97058821,NY
CUNY Queens,Management,2010,5,97,105,.92380953,NY
CUNY Queens,Management,2010,10,76,89,.85393256,NY
CUNY Queens,Management,2013,1,65,65,1,NY
CUNY Queens,Management,2013,5,90,109,.82568806,NY
CUNY Queens,Management,2013,10,,,,NY
CUNY Queens,Management,2016,1,71,80,.88749999,NY
CUNY Queens,Management,2016,5,84,100,.83999997,NY
CUNY Queens,Management,2016,10,,,,NY
CUNY Queens,Management,2019,1,73,82,.89024389,NY
CUNY Queens,Management,2019,5,,,,NY
CUNY Queens,Management,2019,10,,,,NY
CUNY Queens,Manufacturing,2004,1,55,61,.90163934,NY
CUNY Queens,Manufacturing,2004,5,46,58,.79310346,NY
CUNY Queens,Manufacturing,2004,10,28,42,.66666669,NY
CUNY Queens,Manufacturing,2007,1,51,68,.75,NY
CUNY Queens,Manufacturing,2007,5,51,84,.60714287,NY
CUNY Queens,Manufacturing,2007,10,45,70,.64285713,NY
CUNY Queens,Manufacturing,2010,1,45,58,.7758621,NY
CUNY Queens,Manufacturing,2010,5,52,68,.7647059,NY
CUNY Queens,Manufacturing,2010,10,48,70,.6857143,NY
CUNY Queens,Manufacturing,2013,1,51,62,.82258064,NY
CUNY Queens,Manufacturing,2013,5,43,71,.6056338,NY
CUNY Queens,Manufacturing,2013,10,,,,NY
CUNY Queens,Manufacturing,2016,1,65,79,.82278478,NY
CUNY Queens,Manufacturing,2016,5,69,117,.58974361,NY
CUNY Queens,Manufacturing,2016,10,,,,NY
CUNY Queens,Manufacturing,2019,1,48,75,.63999999,NY
CUNY Queens,Manufacturing,2019,5,,,,NY
CUNY Queens,Manufacturing,2019,10,,,,NY
CUNY Queens,Mining,2004,1,1,1,1,NY
CUNY Queens,Mining,2004,5,0,0,,NY
CUNY Queens,Mining,2004,10,0,0,,NY
CUNY Queens,Mining,2007,1,0,0,,NY
CUNY Queens,Mining,2007,5,0,0,,NY
CUNY Queens,Mining,2007,10,0,0,,NY
CUNY Queens,Mining,2010,1,0,0,,NY
CUNY Queens,Mining,2010,5,0,0,,NY
CUNY Queens,Mining,2010,10,1,2,.5,NY
CUNY Queens,Mining,2013,1,0,1,0,NY
CUNY Queens,Mining,2013,5,0,0,,NY
CUNY Queens,Mining,2013,10,,,,NY
CUNY Queens,Mining,2016,1,0,0,,NY
CUNY Queens,Mining,2016,5,0,0,,NY
CUNY Queens,Mining,2016,10,,,,NY
CUNY Queens,Mining,2019,1,0,0,,NY
CUNY Queens,Mining,2019,5,,,,NY
CUNY Queens,Mining,2019,10,,,,NY
CUNY Queens,Other Services,2004,1,113,124,.91129035,NY
CUNY Queens,Other Services,2004,5,90,103,.87378639,NY
CUNY Queens,Other Services,2004,10,82,100,.81999999,NY
CUNY Queens,Other Services,2007,1,109,121,.90082645,NY
CUNY Queens,Other Services,2007,5,112,139,.80575538,NY
CUNY Queens,Other Services,2007,10,102,124,.82258064,NY
CUNY Queens,Other Services,2010,1,135,152,.8881579,NY
CUNY Queens,Other Services,2010,5,158,172,.91860467,NY
CUNY Queens,Other Services,2010,10,137,159,.86163521,NY
CUNY Queens,Other Services,2013,1,152,163,.93251532,NY
CUNY Queens,Other Services,2013,5,137,154,.88961041,NY
CUNY Queens,Other Services,2013,10,,,,NY
CUNY Queens,Other Services,2016,1,164,181,.90607733,NY
CUNY Queens,Other Services,2016,5,147,177,.83050847,NY
CUNY Queens,Other Services,2016,10,,,,NY
CUNY Queens,Other Services,2019,1,141,160,.88125002,NY
CUNY Queens,Other Services,2019,5,,,,NY
CUNY Queens,Other Services,2019,10,,,,NY
CUNY Queens,Professional Services,2004,1,558,585,.95384616,NY
CUNY Queens,Professional Services,2004,5,488,534,.9138577,NY
CUNY Queens,Professional Services,2004,10,438,519,.84393066,NY
CUNY Queens,Professional Services,2007,1,473,500,.94599998,NY
CUNY Queens,Professional Services,2007,5,515,585,.88034189,NY
CUNY Queens,Professional Services,2007,10,471,576,.81770831,NY
CUNY Queens,Professional Services,2010,1,405,450,.89999998,NY
CUNY Queens,Professional Services,2010,5,643,735,.87482995,NY
CUNY Queens,Professional Services,2010,10,519,664,.78162652,NY
CUNY Queens,Professional Services,2013,1,544,601,.90515804,NY
CUNY Queens,Professional Services,2013,5,711,826,.86077482,NY
CUNY Queens,Professional Services,2013,10,,,,NY
CUNY Queens,Professional Services,2016,1,610,690,.884058,NY
CUNY Queens,Professional Services,2016,5,751,902,.83259422,NY
CUNY Queens,Professional Services,2016,10,,,,NY
CUNY Queens,Professional Services,2019,1,784,903,.86821705,NY
CUNY Queens,Professional Services,2019,5,,,,NY
CUNY Queens,Professional Services,2019,10,,,,NY
CUNY Queens,Public Admin,2004,1,313,325,.96307695,NY
CUNY Queens,Public Admin,2004,5,459,492,.93292683,NY
CUNY Queens,Public Admin,2004,10,477,523,.9120459,NY
CUNY Queens,Public Admin,2007,1,301,336,.89583331,NY
CUNY Queens,Public Admin,2007,5,492,544,.90441179,NY
CUNY Queens,Public Admin,2007,10,681,749,.90921229,NY
CUNY Queens,Public Admin,2010,1,270,305,.88524592,NY
CUNY Queens,Public Admin,2010,5,588,647,.9088099,NY
CUNY Queens,Public Admin,2010,10,774,823,.94046175,NY
CUNY Queens,Public Admin,2013,1,292,315,.92698413,NY
CUNY Queens,Public Admin,2013,5,697,753,.92563081,NY
CUNY Queens,Public Admin,2013,10,,,,NY
CUNY Queens,Public Admin,2016,1,375,408,.91911763,NY
CUNY Queens,Public Admin,2016,5,607,675,.89925927,NY
CUNY Queens,Public Admin,2016,10,,,,NY
CUNY Queens,Public Admin,2019,1,364,417,.87290168,NY
CUNY Queens,Public Admin,2019,5,,,,NY
CUNY Queens,Public Admin,2019,10,,,,NY
CUNY Queens,Real Estate,2004,1,85,85,1,NY
CUNY Queens,Real Estate,2004,5,66,67,.98507464,NY
CUNY Queens,Real Estate,2004,10,69,73,.94520545,NY
CUNY Queens,Real Estate,2007,1,69,78,.88461536,NY
CUNY Queens,Real Estate,2007,5,90,92,.97826087,NY
CUNY Queens,Real Estate,2007,10,99,109,.90825689,NY
CUNY Queens,Real Estate,2010,1,92,99,.92929292,NY
CUNY Queens,Real Estate,2010,5,121,137,.88321167,NY
CUNY Queens,Real Estate,2010,10,116,131,.8854962,NY
CUNY Queens,Real Estate,2013,1,98,99,.98989898,NY
CUNY Queens,Real Estate,2013,5,203,219,.92694062,NY
CUNY Queens,Real Estate,2013,10,,,,NY
CUNY Queens,Real Estate,2016,1,97,104,.93269229,NY
CUNY Queens,Real Estate,2016,5,120,132,.90909094,NY
CUNY Queens,Real Estate,2016,10,,,,NY
CUNY Queens,Real Estate,2019,1,88,96,.91666669,NY
CUNY Queens,Real Estate,2019,5,,,,NY
CUNY Queens,Real Estate,2019,10,,,,NY
CUNY Queens,Retail,2004,1,202,220,.91818184,NY
CUNY Queens,Retail,2004,5,129,170,.75882351,NY
CUNY Queens,Retail,2004,10,96,122,.78688526,NY
CUNY Queens,Retail,2007,1,244,270,.90370369,NY
CUNY Queens,Retail,2007,5,216,264,.81818181,NY
CUNY Queens,Retail,2007,10,170,229,.74235809,NY
CUNY Queens,Retail,2010,1,381,407,.93611795,NY
CUNY Queens,Retail,2010,5,284,346,.82080925,NY
CUNY Queens,Retail,2010,10,202,244,.82786888,NY
CUNY Queens,Retail,2013,1,444,466,.95278972,NY
CUNY Queens,Retail,2013,5,278,344,.80813956,NY
CUNY Queens,Retail,2013,10,,,,NY
CUNY Queens,Retail,2016,1,435,469,.92750531,NY
CUNY Queens,Retail,2016,5,270,334,.80838323,NY
CUNY Queens,Retail,2016,10,,,,NY
CUNY Queens,Retail,2019,1,447,496,.90120965,NY
CUNY Queens,Retail,2019,5,,,,NY
CUNY Queens,Retail,2019,10,,,,NY
CUNY Queens,Transportation,2004,1,78,80,.97500002,NY
CUNY Queens,Transportation,2004,5,72,81,.8888889,NY
CUNY Queens,Transportation,2004,10,62,68,.91176468,NY
CUNY Queens,Transportation,2007,1,75,79,.94936711,NY
CUNY Queens,Transportation,2007,5,77,86,.89534885,NY
CUNY Queens,Transportation,2007,10,77,93,.82795697,NY
CUNY Queens,Transportation,2010,1,92,99,.92929292,NY
CUNY Queens,Transportation,2010,5,114,134,.85074627,NY
CUNY Queens,Transportation,2010,10,122,140,.87142855,NY
CUNY Queens,Transportation,2013,1,107,117,.91452992,NY
CUNY Queens,Transportation,2013,5,119,149,.79865772,NY
CUNY Queens,Transportation,2013,10,,,,NY
CUNY Queens,Transportation,2016,1,107,119,.89915967,NY
CUNY Queens,Transportation,2016,5,103,134,.76865673,NY
CUNY Queens,Transportation,2016,10,,,,NY
CUNY Queens,Transportation,2019,1,122,148,.82432431,NY
CUNY Queens,Transportation,2019,5,,,,NY
CUNY Queens,Transportation,2019,10,,,,NY
CUNY Queens,Utilities,2004,1,6,6,1,NY
CUNY Queens,Utilities,2004,5,7,7,1,NY
CUNY Queens,Utilities,2004,10,11,11,1,NY
CUNY Queens,Utilities,2007,1,6,8,.75,NY
CUNY Queens,Utilities,2007,5,2,4,.5,NY
CUNY Queens,Utilities,2007,10,8,8,1,NY
CUNY Queens,Utilities,2010,1,11,11,1,NY
CUNY Queens,Utilities,2010,5,19,19,1,NY
CUNY Queens,Utilities,2010,10,24,24,1,NY
CUNY Queens,Utilities,2013,1,7,7,1,NY
CUNY Queens,Utilities,2013,5,21,23,.9130435,NY
CUNY Queens,Utilities,2013,10,,,,NY
CUNY Queens,Utilities,2016,1,5,7,.71428573,NY
CUNY Queens,Utilities,2016,5,16,19,.84210527,NY
CUNY Queens,Utilities,2016,10,,,,NY
CUNY Queens,Utilities,2019,1,6,6,1,NY
CUNY Queens,Utilities,2019,5,,,,NY
CUNY Queens,Utilities,2019,10,,,,NY
CUNY Queens,Wholesale,2004,1,134,141,.95035464,NY
CUNY Queens,Wholesale,2004,5,151,169,.89349115,NY
CUNY Queens,Wholesale,2004,10,115,132,.87121212,NY
CUNY Queens,Wholesale,2007,1,143,155,.92258066,NY
CUNY Queens,Wholesale,2007,5,161,185,.87027025,NY
CUNY Queens,Wholesale,2007,10,132,164,.80487806,NY
CUNY Queens,Wholesale,2010,1,161,174,.92528737,NY
CUNY Queens,Wholesale,2010,5,178,197,.90355331,NY
CUNY Queens,Wholesale,2010,10,139,185,.75135136,NY
CUNY Queens,Wholesale,2013,1,158,179,.88268155,NY
CUNY Queens,Wholesale,2013,5,162,199,.81407034,NY
CUNY Queens,Wholesale,2013,10,,,,NY
CUNY Queens,Wholesale,2016,1,161,172,.93604654,NY
CUNY Queens,Wholesale,2016,5,153,183,.83606559,NY
CUNY Queens,Wholesale,2016,10,,,,NY
CUNY Queens,Wholesale,2019,1,127,160,.79374999,NY
CUNY Queens,Wholesale,2019,5,,,,NY
CUNY Queens,Wholesale,2019,10,,,,NY
CUNY Staten Island,Admin/Waste,2004,1,82,97,.84536082,NY
CUNY Staten Island,Admin/Waste,2004,5,55,71,.77464789,NY
CUNY Staten Island,Admin/Waste,2004,10,44,71,.61971831,NY
CUNY Staten Island,Admin/Waste,2007,1,74,102,.72549021,NY
CUNY Staten Island,Admin/Waste,2007,5,77,97,.79381442,NY
CUNY Staten Island,Admin/Waste,2007,10,56,89,.62921351,NY
CUNY Staten Island,Admin/Waste,2010,1,83,95,.87368423,NY
CUNY Staten Island,Admin/Waste,2010,5,102,134,.76119405,NY
CUNY Staten Island,Admin/Waste,2010,10,74,106,.6981132,NY
CUNY Staten Island,Admin/Waste,2013,1,124,163,.76073617,NY
CUNY Staten Island,Admin/Waste,2013,5,97,131,.74045801,NY
CUNY Staten Island,Admin/Waste,2013,10,,,,NY
CUNY Staten Island,Admin/Waste,2016,1,147,183,.80327868,NY
CUNY Staten Island,Admin/Waste,2016,5,97,146,.66438359,NY
CUNY Staten Island,Admin/Waste,2016,10,,,,NY
CUNY Staten Island,Admin/Waste,2019,1,148,184,.80434781,NY
CUNY Staten Island,Admin/Waste,2019,5,,,,NY
CUNY Staten Island,Admin/Waste,2019,10,,,,NY
CUNY Staten Island,Agriculture,2004,1,0,0,,NY
CUNY Staten Island,Agriculture,2004,5,0,2,0,NY
CUNY Staten Island,Agriculture,2004,10,1,1,1,NY
CUNY Staten Island,Agriculture,2007,1,0,0,,NY
CUNY Staten Island,Agriculture,2007,5,0,1,0,NY
CUNY Staten Island,Agriculture,2007,10,1,2,.5,NY
CUNY Staten Island,Agriculture,2010,1,1,1,1,NY
CUNY Staten Island,Agriculture,2010,5,0,3,0,NY
CUNY Staten Island,Agriculture,2010,10,1,3,.33333334,NY
CUNY Staten Island,Agriculture,2013,1,1,2,.5,NY
CUNY Staten Island,Agriculture,2013,5,2,5,.40000001,NY
CUNY Staten Island,Agriculture,2013,10,,,,NY
CUNY Staten Island,Agriculture,2016,1,3,4,.75,NY
CUNY Staten Island,Agriculture,2016,5,2,2,1,NY
CUNY Staten Island,Agriculture,2016,10,,,,NY
CUNY Staten Island,Agriculture,2019,1,1,2,.5,NY
CUNY Staten Island,Agriculture,2019,5,,,,NY
CUNY Staten Island,Agriculture,2019,10,,,,NY
CUNY Staten Island,Arts/Entertainment,2004,1,19,25,.75999999,NY
CUNY Staten Island,Arts/Entertainment,2004,5,18,20,.89999998,NY
CUNY Staten Island,Arts/Entertainment,2004,10,17,18,.94444442,NY
CUNY Staten Island,Arts/Entertainment,2007,1,19,20,.94999999,NY
CUNY Staten Island,Arts/Entertainment,2007,5,20,27,.74074072,NY
CUNY Staten Island,Arts/Entertainment,2007,10,12,18,.66666669,NY
CUNY Staten Island,Arts/Entertainment,2010,1,15,15,1,NY
CUNY Staten Island,Arts/Entertainment,2010,5,32,32,1,NY
CUNY Staten Island,Arts/Entertainment,2010,10,7,14,.5,NY
CUNY Staten Island,Arts/Entertainment,2013,1,39,43,.90697676,NY
CUNY Staten Island,Arts/Entertainment,2013,5,16,16,1,NY
CUNY Staten Island,Arts/Entertainment,2013,10,,,,NY
CUNY Staten Island,Arts/Entertainment,2016,1,29,40,.72500002,NY
CUNY Staten Island,Arts/Entertainment,2016,5,15,22,.68181819,NY
CUNY Staten Island,Arts/Entertainment,2016,10,,,,NY
CUNY Staten Island,Arts/Entertainment,2019,1,23,25,.92000002,NY
CUNY Staten Island,Arts/Entertainment,2019,5,,,,NY
CUNY Staten Island,Arts/Entertainment,2019,10,,,,NY
CUNY Staten Island,Construction,2004,1,20,24,.83333331,NY
CUNY Staten Island,Construction,2004,5,24,28,.85714287,NY
CUNY Staten Island,Construction,2004,10,32,40,.80000001,NY
CUNY Staten Island,Construction,2007,1,24,31,.77419353,NY
CUNY Staten Island,Construction,2007,5,34,54,.62962961,NY
CUNY Staten Island,Construction,2007,10,33,55,.60000002,NY
CUNY Staten Island,Construction,2010,1,26,31,.83870965,NY
CUNY Staten Island,Construction,2010,5,54,57,.94736844,NY
CUNY Staten Island,Construction,2010,10,41,61,.67213112,NY
CUNY Staten Island,Construction,2013,1,35,44,.79545456,NY
CUNY Staten Island,Construction,2013,5,57,73,.78082192,NY
CUNY Staten Island,Construction,2013,10,,,,NY
CUNY Staten Island,Construction,2016,1,57,80,.71249998,NY
CUNY Staten Island,Construction,2016,5,50,52,.96153843,NY
CUNY Staten Island,Construction,2016,10,,,,NY
CUNY Staten Island,Construction,2019,1,43,57,.75438595,NY
CUNY Staten Island,Construction,2019,5,,,,NY
CUNY Staten Island,Construction,2019,10,,,,NY
CUNY Staten Island,Education,2004,1,243,292,.83219177,NY
CUNY Staten Island,Education,2004,5,310,346,.89595377,NY
CUNY Staten Island,Education,2004,10,321,400,.80250001,NY
CUNY Staten Island,Education,2007,1,203,237,.85654008,NY
CUNY Staten Island,Education,2007,5,367,416,.88221157,NY
CUNY Staten Island,Education,2007,10,396,483,.81987578,NY
CUNY Staten Island,Education,2010,1,205,229,.8951965,NY
CUNY Staten Island,Education,2010,5,459,518,.88610041,NY
CUNY Staten Island,Education,2010,10,505,601,.84026623,NY
CUNY Staten Island,Education,2013,1,253,302,.83774835,NY
CUNY Staten Island,Education,2013,5,451,526,.85741442,NY
CUNY Staten Island,Education,2013,10,,,,NY
CUNY Staten Island,Education,2016,1,316,367,.86103541,NY
CUNY Staten Island,Education,2016,5,531,621,.85507244,NY
CUNY Staten Island,Education,2016,10,,,,NY
CUNY Staten Island,Education,2019,1,350,402,.87064677,NY
CUNY Staten Island,Education,2019,5,,,,NY
CUNY Staten Island,Education,2019,10,,,,NY
CUNY Staten Island,Finance,2004,1,231,307,.75244302,NY
CUNY Staten Island,Finance,2004,5,230,297,.77441078,NY
CUNY Staten Island,Finance,2004,10,204,262,.77862597,NY
CUNY Staten Island,Finance,2007,1,185,217,.85253453,NY
CUNY Staten Island,Finance,2007,5,179,245,.73061222,NY
CUNY Staten Island,Finance,2007,10,128,188,.68085104,NY
CUNY Staten Island,Finance,2010,1,196,212,.9245283,NY
CUNY Staten Island,Finance,2010,5,229,281,.81494659,NY
CUNY Staten Island,Finance,2010,10,139,220,.63181818,NY
CUNY Staten Island,Finance,2013,1,181,236,.76694918,NY
CUNY Staten Island,Finance,2013,5,154,200,.76999998,NY
CUNY Staten Island,Finance,2013,10,,,,NY
CUNY Staten Island,Finance,2016,1,152,201,.75621891,NY
CUNY Staten Island,Finance,2016,5,183,239,.76569039,NY
CUNY Staten Island,Finance,2016,10,,,,NY
CUNY Staten Island,Finance,2019,1,125,174,.71839082,NY
CUNY Staten Island,Finance,2019,5,,,,NY
CUNY Staten Island,Finance,2019,10,,,,NY
CUNY Staten Island,Food/Hospitality,2004,1,50,67,.74626863,NY
CUNY Staten Island,Food/Hospitality,2004,5,19,31,.61290324,NY
CUNY Staten Island,Food/Hospitality,2004,10,22,37,.5945946,NY
CUNY Staten Island,Food/Hospitality,2007,1,60,65,.92307693,NY
CUNY Staten Island,Food/Hospitality,2007,5,37,70,.52857143,NY
CUNY Staten Island,Food/Hospitality,2007,10,31,59,.52542371,NY
CUNY Staten Island,Food/Hospitality,2010,1,82,85,.96470588,NY
CUNY Staten Island,Food/Hospitality,2010,5,38,53,.71698111,NY
CUNY Staten Island,Food/Hospitality,2010,10,46,79,.58227849,NY
CUNY Staten Island,Food/Hospitality,2013,1,90,111,.8108108,NY
CUNY Staten Island,Food/Hospitality,2013,5,53,77,.6883117,NY
CUNY Staten Island,Food/Hospitality,2013,10,,,,NY
CUNY Staten Island,Food/Hospitality,2016,1,124,167,.74251497,NY
CUNY Staten Island,Food/Hospitality,2016,5,49,85,.57647061,NY
CUNY Staten Island,Food/Hospitality,2016,10,,,,NY
CUNY Staten Island,Food/Hospitality,2019,1,122,156,.78205127,NY
CUNY Staten Island,Food/Hospitality,2019,5,,,,NY
CUNY Staten Island,Food/Hospitality,2019,10,,,,NY
CUNY Staten Island,Health Care,2004,1,350,419,.8353222,NY
CUNY Staten Island,Health Care,2004,5,362,444,.81531531,NY
CUNY Staten Island,Health Care,2004,10,339,428,.79205608,NY
CUNY Staten Island,Health Care,2007,1,412,456,.90350878,NY
CUNY Staten Island,Health Care,2007,5,423,515,.82135922,NY
CUNY Staten Island,Health Care,2007,10,439,561,.7825312,NY
CUNY Staten Island,Health Care,2010,1,444,469,.94669509,NY
CUNY Staten Island,Health Care,2010,5,574,690,.83188409,NY
CUNY Staten Island,Health Care,2010,10,481,618,.77831715,NY
CUNY Staten Island,Health Care,2013,1,795,874,.90961099,NY
CUNY Staten Island,Health Care,2013,5,853,994,.85814887,NY
CUNY Staten Island,Health Care,2013,10,,,,NY
CUNY Staten Island,Health Care,2016,1,835,932,.89592272,NY
CUNY Staten Island,Health Care,2016,5,844,1017,.82989186,NY
CUNY Staten Island,Health Care,2016,10,,,,NY
CUNY Staten Island,Health Care,2019,1,839,965,.86943007,NY
CUNY Staten Island,Health Care,2019,5,,,,NY
CUNY Staten Island,Health Care,2019,10,,,,NY
CUNY Staten Island,Information,2004,1,67,81,.82716048,NY
CUNY Staten Island,Information,2004,5,64,79,.8101266,NY
CUNY Staten Island,Information,2004,10,59,72,.81944442,NY
CUNY Staten Island,Information,2007,1,53,71,.74647886,NY
CUNY Staten Island,Information,2007,5,70,82,.85365856,NY
CUNY Staten Island,Information,2007,10,81,116,.69827586,NY
CUNY Staten Island,Information,2010,1,69,73,.94520545,NY
CUNY Staten Island,Information,2010,5,70,81,.86419755,NY
CUNY Staten Island,Information,2010,10,66,90,.73333335,NY
CUNY Staten Island,Information,2013,1,57,70,.8142857,NY
CUNY Staten Island,Information,2013,5,72,92,.78260869,NY
CUNY Staten Island,Information,2013,10,,,,NY
CUNY Staten Island,Information,2016,1,99,119,.83193278,NY
CUNY Staten Island,Information,2016,5,74,96,.77083331,NY
CUNY Staten Island,Information,2016,10,,,,NY
CUNY Staten Island,Information,2019,1,45,57,.78947371,NY
CUNY Staten Island,Information,2019,5,,,,NY
CUNY Staten Island,Information,2019,10,,,,NY
CUNY Staten Island,Management,2004,1,19,27,.7037037,NY
CUNY Staten Island,Management,2004,5,23,32,.71875,NY
CUNY Staten Island,Management,2004,10,17,30,.56666666,NY
CUNY Staten Island,Management,2007,1,17,17,1,NY
CUNY Staten Island,Management,2007,5,25,30,.83333331,NY
CUNY Staten Island,Management,2007,10,16,26,.61538464,NY
CUNY Staten Island,Management,2010,1,18,18,1,NY
CUNY Staten Island,Management,2010,5,32,47,.68085104,NY
CUNY Staten Island,Management,2010,10,35,49,.71428573,NY
CUNY Staten Island,Management,2013,1,35,41,.85365856,NY
CUNY Staten Island,Management,2013,5,27,39,.69230771,NY
CUNY Staten Island,Management,2013,10,,,,NY
CUNY Staten Island,Management,2016,1,34,38,.89473683,NY
CUNY Staten Island,Management,2016,5,43,55,.78181821,NY
CUNY Staten Island,Management,2016,10,,,,NY
CUNY Staten Island,Management,2019,1,44,49,.89795917,NY
CUNY Staten Island,Management,2019,5,,,,NY
CUNY Staten Island,Management,2019,10,,,,NY
CUNY Staten Island,Manufacturing,2004,1,12,27,.44444445,NY
CUNY Staten Island,Manufacturing,2004,5,9,29,.31034482,NY
CUNY Staten Island,Manufacturing,2004,10,17,30,.56666666,NY
CUNY Staten Island,Manufacturing,2007,1,10,23,.43478259,NY
CUNY Staten Island,Manufacturing,2007,5,13,31,.41935483,NY
CUNY Staten Island,Manufacturing,2007,10,11,33,.33333334,NY
CUNY Staten Island,Manufacturing,2010,1,11,17,.64705884,NY
CUNY Staten Island,Manufacturing,2010,5,17,26,.65384614,NY
CUNY Staten Island,Manufacturing,2010,10,10,40,.25,NY
CUNY Staten Island,Manufacturing,2013,1,15,20,.75,NY
CUNY Staten Island,Manufacturing,2013,5,19,41,.46341464,NY
CUNY Staten Island,Manufacturing,2013,10,,,,NY
CUNY Staten Island,Manufacturing,2016,1,21,38,.55263156,NY
CUNY Staten Island,Manufacturing,2016,5,15,50,.30000001,NY
CUNY Staten Island,Manufacturing,2016,10,,,,NY
CUNY Staten Island,Manufacturing,2019,1,21,42,.5,NY
CUNY Staten Island,Manufacturing,2019,5,,,,NY
CUNY Staten Island,Manufacturing,2019,10,,,,NY
CUNY Staten Island,Mining,2004,1,0,0,,NY
CUNY Staten Island,Mining,2004,5,0,0,,NY
CUNY Staten Island,Mining,2004,10,1,1,1,NY
CUNY Staten Island,Mining,2007,1,0,0,,NY
CUNY Staten Island,Mining,2007,5,0,1,0,NY
CUNY Staten Island,Mining,2007,10,0,0,,NY
CUNY Staten Island,Mining,2010,1,0,0,,NY
CUNY Staten Island,Mining,2010,5,0,0,,NY
CUNY Staten Island,Mining,2010,10,2,2,1,NY
CUNY Staten Island,Mining,2013,1,0,3,0,NY
CUNY Staten Island,Mining,2013,5,2,5,.40000001,NY
CUNY Staten Island,Mining,2013,10,,,,NY
CUNY Staten Island,Mining,2016,1,1,2,.5,NY
CUNY Staten Island,Mining,2016,5,0,1,0,NY
CUNY Staten Island,Mining,2016,10,,,,NY
CUNY Staten Island,Mining,2019,1,0,1,0,NY
CUNY Staten Island,Mining,2019,5,,,,NY
CUNY Staten Island,Mining,2019,10,,,,NY
CUNY Staten Island,Other Services,2004,1,29,32,.90625,NY
CUNY Staten Island,Other Services,2004,5,22,24,.91666669,NY
CUNY Staten Island,Other Services,2004,10,30,33,.90909094,NY
CUNY Staten Island,Other Services,2007,1,31,42,.73809522,NY
CUNY Staten Island,Other Services,2007,5,46,53,.86792451,NY
CUNY Staten Island,Other Services,2007,10,28,41,.68292683,NY
CUNY Staten Island,Other Services,2010,1,27,27,1,NY
CUNY Staten Island,Other Services,2010,5,45,47,.95744681,NY
CUNY Staten Island,Other Services,2010,10,36,56,.64285713,NY
CUNY Staten Island,Other Services,2013,1,34,38,.89473683,NY
CUNY Staten Island,Other Services,2013,5,38,47,.80851066,NY
CUNY Staten Island,Other Services,2013,10,,,,NY
CUNY Staten Island,Other Services,2016,1,59,69,.85507244,NY
CUNY Staten Island,Other Services,2016,5,64,76,.84210527,NY
CUNY Staten Island,Other Services,2016,10,,,,NY
CUNY Staten Island,Other Services,2019,1,58,67,.86567163,NY
CUNY Staten Island,Other Services,2019,5,,,,NY
CUNY Staten Island,Other Services,2019,10,,,,NY
CUNY Staten Island,Professional Services,2004,1,166,206,.80582523,NY
CUNY Staten Island,Professional Services,2004,5,133,180,.73888886,NY
CUNY Staten Island,Professional Services,2004,10,115,180,.6388889,NY
CUNY Staten Island,Professional Services,2007,1,133,161,.82608694,NY
CUNY Staten Island,Professional Services,2007,5,157,205,.76585364,NY
CUNY Staten Island,Professional Services,2007,10,139,207,.67149758,NY
CUNY Staten Island,Professional Services,2010,1,127,165,.76969695,NY
CUNY Staten Island,Professional Services,2010,5,187,252,.74206346,NY
CUNY Staten Island,Professional Services,2010,10,145,222,.65315318,NY
CUNY Staten Island,Professional Services,2013,1,163,210,.77619046,NY
CUNY Staten Island,Professional Services,2013,5,191,275,.69454545,NY
CUNY Staten Island,Professional Services,2013,10,,,,NY
CUNY Staten Island,Professional Services,2016,1,207,270,.76666665,NY
CUNY Staten Island,Professional Services,2016,5,265,352,.75284094,NY
CUNY Staten Island,Professional Services,2016,10,,,,NY
CUNY Staten Island,Professional Services,2019,1,227,277,.81949461,NY
CUNY Staten Island,Professional Services,2019,5,,,,NY
CUNY Staten Island,Professional Services,2019,10,,,,NY
CUNY Staten Island,Public Admin,2004,1,183,200,.91500002,NY
CUNY Staten Island,Public Admin,2004,5,242,252,.96031743,NY
CUNY Staten Island,Public Admin,2004,10,255,284,.89788735,NY
CUNY Staten Island,Public Admin,2007,1,149,168,.88690478,NY
CUNY Staten Island,Public Admin,2007,5,256,277,.92418772,NY
CUNY Staten Island,Public Admin,2007,10,357,410,.87073171,NY
CUNY Staten Island,Public Admin,2010,1,139,145,.95862067,NY
CUNY Staten Island,Public Admin,2010,5,346,372,.93010753,NY
CUNY Staten Island,Public Admin,2010,10,437,473,.92389005,NY
CUNY Staten Island,Public Admin,2013,1,166,191,.86910993,NY
CUNY Staten Island,Public Admin,2013,5,381,423,.90070921,NY
CUNY Staten Island,Public Admin,2013,10,,,,NY
CUNY Staten Island,Public Admin,2016,1,257,280,.91785717,NY
CUNY Staten Island,Public Admin,2016,5,441,487,.90554416,NY
CUNY Staten Island,Public Admin,2016,10,,,,NY
CUNY Staten Island,Public Admin,2019,1,253,282,.89716309,NY
CUNY Staten Island,Public Admin,2019,5,,,,NY
CUNY Staten Island,Public Admin,2019,10,,,,NY
CUNY Staten Island,Real Estate,2004,1,29,44,.65909094,NY
CUNY Staten Island,Real Estate,2004,5,15,21,.71428573,NY
CUNY Staten Island,Real Estate,2004,10,14,18,.77777779,NY
CUNY Staten Island,Real Estate,2007,1,28,32,.875,NY
CUNY Staten Island,Real Estate,2007,5,33,40,.82499999,NY
CUNY Staten Island,Real Estate,2007,10,26,33,.78787881,NY
CUNY Staten Island,Real Estate,2010,1,23,26,.88461536,NY
CUNY Staten Island,Real Estate,2010,5,26,31,.83870965,NY
CUNY Staten Island,Real Estate,2010,10,28,36,.77777779,NY
CUNY Staten Island,Real Estate,2013,1,33,35,.94285715,NY
CUNY Staten Island,Real Estate,2013,5,99,105,.94285715,NY
CUNY Staten Island,Real Estate,2013,10,,,,NY
CUNY Staten Island,Real Estate,2016,1,29,38,.7631579,NY
CUNY Staten Island,Real Estate,2016,5,36,45,.80000001,NY
CUNY Staten Island,Real Estate,2016,10,,,,NY
CUNY Staten Island,Real Estate,2019,1,23,23,1,NY
CUNY Staten Island,Real Estate,2019,5,,,,NY
CUNY Staten Island,Real Estate,2019,10,,,,NY
CUNY Staten Island,Retail,2004,1,119,162,.73456788,NY
CUNY Staten Island,Retail,2004,5,70,110,.63636363,NY
CUNY Staten Island,Retail,2004,10,58,97,.59793812,NY
CUNY Staten Island,Retail,2007,1,152,185,.8216216,NY
CUNY Staten Island,Retail,2007,5,107,160,.66874999,NY
CUNY Staten Island,Retail,2007,10,77,129,.59689921,NY
CUNY Staten Island,Retail,2010,1,196,225,.87111109,NY
CUNY Staten Island,Retail,2010,5,135,184,.73369563,NY
CUNY Staten Island,Retail,2010,10,76,142,.53521127,NY
CUNY Staten Island,Retail,2013,1,226,257,.87937742,NY
CUNY Staten Island,Retail,2013,5,111,177,.62711865,NY
CUNY Staten Island,Retail,2013,10,,,,NY
CUNY Staten Island,Retail,2016,1,285,346,.82369941,NY
CUNY Staten Island,Retail,2016,5,148,210,.70476192,NY
CUNY Staten Island,Retail,2016,10,,,,NY
CUNY Staten Island,Retail,2019,1,293,340,.86176473,NY
CUNY Staten Island,Retail,2019,5,,,,NY
CUNY Staten Island,Retail,2019,10,,,,NY
CUNY Staten Island,Transportation,2004,1,19,35,.54285717,NY
CUNY Staten Island,Transportation,2004,5,19,31,.61290324,NY
CUNY Staten Island,Transportation,2004,10,21,36,.58333331,NY
CUNY Staten Island,Transportation,2007,1,22,30,.73333335,NY
CUNY Staten Island,Transportation,2007,5,23,39,.58974361,NY
CUNY Staten Island,Transportation,2007,10,28,55,.5090909,NY
CUNY Staten Island,Transportation,2010,1,17,24,.70833331,NY
CUNY Staten Island,Transportation,2010,5,32,47,.68085104,NY
CUNY Staten Island,Transportation,2010,10,44,81,.54320985,NY
CUNY Staten Island,Transportation,2013,1,36,45,.80000001,NY
CUNY Staten Island,Transportation,2013,5,60,81,.74074072,NY
CUNY Staten Island,Transportation,2013,10,,,,NY
CUNY Staten Island,Transportation,2016,1,37,58,.63793105,NY
CUNY Staten Island,Transportation,2016,5,65,89,.73033708,NY
CUNY Staten Island,Transportation,2016,10,,,,NY
CUNY Staten Island,Transportation,2019,1,98,127,.77165353,NY
CUNY Staten Island,Transportation,2019,5,,,,NY
CUNY Staten Island,Transportation,2019,10,,,,NY
CUNY Staten Island,Utilities,2004,1,2,5,.40000001,NY
CUNY Staten Island,Utilities,2004,5,5,5,1,NY
CUNY Staten Island,Utilities,2004,10,5,8,.625,NY
CUNY Staten Island,Utilities,2007,1,3,3,1,NY
CUNY Staten Island,Utilities,2007,5,17,17,1,NY
CUNY Staten Island,Utilities,2007,10,16,16,1,NY
CUNY Staten Island,Utilities,2010,1,8,9,.8888889,NY
CUNY Staten Island,Utilities,2010,5,20,21,.95238096,NY
CUNY Staten Island,Utilities,2010,10,14,14,1,NY
CUNY Staten Island,Utilities,2013,1,16,16,1,NY
CUNY Staten Island,Utilities,2013,5,25,25,1,NY
CUNY Staten Island,Utilities,2013,10,,,,NY
CUNY Staten Island,Utilities,2016,1,7,7,1,NY
CUNY Staten Island,Utilities,2016,5,9,10,.89999998,NY
CUNY Staten Island,Utilities,2016,10,,,,NY
CUNY Staten Island,Utilities,2019,1,11,11,1,NY
CUNY Staten Island,Utilities,2019,5,,,,NY
CUNY Staten Island,Utilities,2019,10,,,,NY
CUNY Staten Island,Wholesale,2004,1,39,56,.6964286,NY
CUNY Staten Island,Wholesale,2004,5,32,53,.60377359,NY
CUNY Staten Island,Wholesale,2004,10,34,52,.65384614,NY
CUNY Staten Island,Wholesale,2007,1,31,49,.63265306,NY
CUNY Staten Island,Wholesale,2007,5,27,53,.50943398,NY
CUNY Staten Island,Wholesale,2007,10,31,52,.59615386,NY
CUNY Staten Island,Wholesale,2010,1,27,34,.79411763,NY
CUNY Staten Island,Wholesale,2010,5,44,63,.69841272,NY
CUNY Staten Island,Wholesale,2010,10,36,52,.69230771,NY
CUNY Staten Island,Wholesale,2013,1,41,52,.78846157,NY
CUNY Staten Island,Wholesale,2013,5,40,60,.66666669,NY
CUNY Staten Island,Wholesale,2013,10,,,,NY
CUNY Staten Island,Wholesale,2016,1,38,63,.60317463,NY
CUNY Staten Island,Wholesale,2016,5,41,71,.57746476,NY
CUNY Staten Island,Wholesale,2016,10,,,,NY
CUNY Staten Island,Wholesale,2019,1,42,56,.75,NY
CUNY Staten Island,Wholesale,2019,5,,,,NY
CUNY Staten Island,Wholesale,2019,10,,,,NY
CUNY York,Admin/Waste,2004,1,93,104,.89423078,NY
CUNY York,Admin/Waste,2004,5,51,75,.68000001,NY
CUNY York,Admin/Waste,2004,10,60,82,.73170733,NY
CUNY York,Admin/Waste,2007,1,64,80,.80000001,NY
CUNY York,Admin/Waste,2007,5,54,66,.81818181,NY
CUNY York,Admin/Waste,2007,10,66,85,.7764706,NY
CUNY York,Admin/Waste,2010,1,89,105,.84761906,NY
CUNY York,Admin/Waste,2010,5,71,101,.70297033,NY
CUNY York,Admin/Waste,2010,10,51,81,.62962961,NY
CUNY York,Admin/Waste,2013,1,119,132,.90151513,NY
CUNY York,Admin/Waste,2013,5,95,135,.7037037,NY
CUNY York,Admin/Waste,2013,10,,,,NY
CUNY York,Admin/Waste,2016,1,151,170,.88823527,NY
CUNY York,Admin/Waste,2016,5,112,138,.81159419,NY
CUNY York,Admin/Waste,2016,10,,,,NY
CUNY York,Admin/Waste,2019,1,174,199,.87437189,NY
CUNY York,Admin/Waste,2019,5,,,,NY
CUNY York,Admin/Waste,2019,10,,,,NY
CUNY York,Agriculture,2004,1,0,1,0,NY
CUNY York,Agriculture,2004,5,1,4,.25,NY
CUNY York,Agriculture,2004,10,3,4,.75,NY
CUNY York,Agriculture,2007,1,4,4,1,NY
CUNY York,Agriculture,2007,5,0,1,0,NY
CUNY York,Agriculture,2007,10,2,2,1,NY
CUNY York,Agriculture,2010,1,1,1,1,NY
CUNY York,Agriculture,2010,5,0,2,0,NY
CUNY York,Agriculture,2010,10,1,3,.33333334,NY
CUNY York,Agriculture,2013,1,4,8,.5,NY
CUNY York,Agriculture,2013,5,2,5,.40000001,NY
CUNY York,Agriculture,2013,10,,,,NY
CUNY York,Agriculture,2016,1,0,2,0,NY
CUNY York,Agriculture,2016,5,0,1,0,NY
CUNY York,Agriculture,2016,10,,,,NY
CUNY York,Agriculture,2019,1,1,1,1,NY
CUNY York,Agriculture,2019,5,,,,NY
CUNY York,Agriculture,2019,10,,,,NY
CUNY York,Arts/Entertainment,2004,1,11,15,.73333335,NY
CUNY York,Arts/Entertainment,2004,5,8,12,.66666669,NY
CUNY York,Arts/Entertainment,2004,10,7,16,.4375,NY
CUNY York,Arts/Entertainment,2007,1,9,22,.40909091,NY
CUNY York,Arts/Entertainment,2007,5,11,14,.78571427,NY
CUNY York,Arts/Entertainment,2007,10,7,7,1,NY
CUNY York,Arts/Entertainment,2010,1,20,26,.76923078,NY
CUNY York,Arts/Entertainment,2010,5,16,27,.5925926,NY
CUNY York,Arts/Entertainment,2010,10,11,20,.55000001,NY
CUNY York,Arts/Entertainment,2013,1,13,19,.68421054,NY
CUNY York,Arts/Entertainment,2013,5,17,26,.65384614,NY
CUNY York,Arts/Entertainment,2013,10,,,,NY
CUNY York,Arts/Entertainment,2016,1,19,26,.73076922,NY
CUNY York,Arts/Entertainment,2016,5,8,10,.80000001,NY
CUNY York,Arts/Entertainment,2016,10,,,,NY
CUNY York,Arts/Entertainment,2019,1,18,27,.66666669,NY
CUNY York,Arts/Entertainment,2019,5,,,,NY
CUNY York,Arts/Entertainment,2019,10,,,,NY
CUNY York,Construction,2004,1,8,17,.47058824,NY
CUNY York,Construction,2004,5,12,23,.52173913,NY
CUNY York,Construction,2004,10,19,28,.6785714,NY
CUNY York,Construction,2007,1,8,24,.33333334,NY
CUNY York,Construction,2007,5,11,14,.78571427,NY
CUNY York,Construction,2007,10,12,18,.66666669,NY
CUNY York,Construction,2010,1,7,9,.77777779,NY
CUNY York,Construction,2010,5,12,18,.66666669,NY
CUNY York,Construction,2010,10,14,24,.58333331,NY
CUNY York,Construction,2013,1,14,21,.66666669,NY
CUNY York,Construction,2013,5,15,31,.48387095,NY
CUNY York,Construction,2013,10,,,,NY
CUNY York,Construction,2016,1,11,25,.44,NY
CUNY York,Construction,2016,5,17,23,.73913044,NY
CUNY York,Construction,2016,10,,,,NY
CUNY York,Construction,2019,1,11,19,.57894737,NY
CUNY York,Construction,2019,5,,,,NY
CUNY York,Construction,2019,10,,,,NY
CUNY York,Education,2004,1,171,194,.88144332,NY
CUNY York,Education,2004,5,211,253,.83399212,NY
CUNY York,Education,2004,10,240,274,.87591243,NY
CUNY York,Education,2007,1,149,193,.7720207,NY
CUNY York,Education,2007,5,192,213,.90140843,NY
CUNY York,Education,2007,10,240,279,.86021507,NY
CUNY York,Education,2010,1,142,167,.85029942,NY
CUNY York,Education,2010,5,270,322,.83850932,NY
CUNY York,Education,2010,10,302,357,.84593838,NY
CUNY York,Education,2013,1,167,187,.89304811,NY
CUNY York,Education,2013,5,282,338,.83431953,NY
CUNY York,Education,2013,10,,,,NY
CUNY York,Education,2016,1,205,233,.87982833,NY
CUNY York,Education,2016,5,322,364,.88461536,NY
CUNY York,Education,2016,10,,,,NY
CUNY York,Education,2019,1,206,249,.82730925,NY
CUNY York,Education,2019,5,,,,NY
CUNY York,Education,2019,10,,,,NY
CUNY York,Finance,2004,1,181,200,.90499997,NY
CUNY York,Finance,2004,5,135,175,.77142859,NY
CUNY York,Finance,2004,10,121,153,.79084969,NY
CUNY York,Finance,2007,1,145,170,.85294116,NY
CUNY York,Finance,2007,5,118,136,.86764705,NY
CUNY York,Finance,2007,10,76,98,.77551019,NY
CUNY York,Finance,2010,1,127,135,.94074076,NY
CUNY York,Finance,2010,5,143,174,.82183909,NY
CUNY York,Finance,2010,10,80,107,.74766356,NY
CUNY York,Finance,2013,1,113,125,.90399998,NY
CUNY York,Finance,2013,5,96,132,.72727275,NY
CUNY York,Finance,2013,10,,,,NY
CUNY York,Finance,2016,1,75,98,.76530612,NY
CUNY York,Finance,2016,5,103,126,.8174603,NY
CUNY York,Finance,2016,10,,,,NY
CUNY York,Finance,2019,1,103,114,.90350878,NY
CUNY York,Finance,2019,5,,,,NY
CUNY York,Finance,2019,10,,,,NY
CUNY York,Food/Hospitality,2004,1,36,51,.70588237,NY
CUNY York,Food/Hospitality,2004,5,23,38,.60526317,NY
CUNY York,Food/Hospitality,2004,10,20,28,.71428573,NY
CUNY York,Food/Hospitality,2007,1,28,60,.46666667,NY
CUNY York,Food/Hospitality,2007,5,23,33,.69696969,NY
CUNY York,Food/Hospitality,2007,10,17,27,.62962961,NY
CUNY York,Food/Hospitality,2010,1,34,48,.70833331,NY
CUNY York,Food/Hospitality,2010,5,29,41,.70731705,NY
CUNY York,Food/Hospitality,2010,10,33,47,.70212764,NY
CUNY York,Food/Hospitality,2013,1,59,68,.86764705,NY
CUNY York,Food/Hospitality,2013,5,37,62,.59677422,NY
CUNY York,Food/Hospitality,2013,10,,,,NY
CUNY York,Food/Hospitality,2016,1,85,102,.83333331,NY
CUNY York,Food/Hospitality,2016,5,44,54,.81481481,NY
CUNY York,Food/Hospitality,2016,10,,,,NY
CUNY York,Food/Hospitality,2019,1,80,91,.87912089,NY
CUNY York,Food/Hospitality,2019,5,,,,NY
CUNY York,Food/Hospitality,2019,10,,,,NY
CUNY York,Health Care,2004,1,498,547,.91042048,NY
CUNY York,Health Care,2004,5,470,587,.80068141,NY
CUNY York,Health Care,2004,10,423,507,.83431953,NY
CUNY York,Health Care,2007,1,558,625,.89279997,NY
CUNY York,Health Care,2007,5,596,631,.94453251,NY
CUNY York,Health Care,2007,10,538,626,.85942495,NY
CUNY York,Health Care,2010,1,624,663,.94117647,NY
CUNY York,Health Care,2010,5,761,857,.88798136,NY
CUNY York,Health Care,2010,10,675,779,.86649549,NY
CUNY York,Health Care,2013,1,786,833,.94357741,NY
CUNY York,Health Care,2013,5,896,1025,.87414634,NY
CUNY York,Health Care,2013,10,,,,NY
CUNY York,Health Care,2016,1,938,1010,.92871284,NY
CUNY York,Health Care,2016,5,978,1101,.88828337,NY
CUNY York,Health Care,2016,10,,,,NY
CUNY York,Health Care,2019,1,979,1063,.92097837,NY
CUNY York,Health Care,2019,5,,,,NY
CUNY York,Health Care,2019,10,,,,NY
CUNY York,Information,2004,1,34,49,.69387758,NY
CUNY York,Information,2004,5,24,37,.64864862,NY
CUNY York,Information,2004,10,18,19,.94736844,NY
CUNY York,Information,2007,1,24,30,.80000001,NY
CUNY York,Information,2007,5,14,21,.66666669,NY
CUNY York,Information,2007,10,36,45,.80000001,NY
CUNY York,Information,2010,1,26,26,1,NY
CUNY York,Information,2010,5,27,28,.96428573,NY
CUNY York,Information,2010,10,35,44,.79545456,NY
CUNY York,Information,2013,1,13,23,.56521738,NY
CUNY York,Information,2013,5,32,52,.61538464,NY
CUNY York,Information,2013,10,,,,NY
CUNY York,Information,2016,1,70,77,.90909094,NY
CUNY York,Information,2016,5,41,48,.85416669,NY
CUNY York,Information,2016,10,,,,NY
CUNY York,Information,2019,1,23,31,.74193549,NY
CUNY York,Information,2019,5,,,,NY
CUNY York,Information,2019,10,,,,NY
CUNY York,Management,2004,1,32,34,.94117647,NY
CUNY York,Management,2004,5,20,33,.60606062,NY
CUNY York,Management,2004,10,28,32,.875,NY
CUNY York,Management,2007,1,25,29,.86206895,NY
CUNY York,Management,2007,5,18,22,.81818181,NY
CUNY York,Management,2007,10,32,34,.94117647,NY
CUNY York,Management,2010,1,31,31,1,NY
CUNY York,Management,2010,5,38,39,.97435898,NY
CUNY York,Management,2010,10,26,33,.78787881,NY
CUNY York,Management,2013,1,31,37,.83783782,NY
CUNY York,Management,2013,5,32,36,.8888889,NY
CUNY York,Management,2013,10,,,,NY
CUNY York,Management,2016,1,43,45,.95555556,NY
CUNY York,Management,2016,5,36,38,.94736844,NY
CUNY York,Management,2016,10,,,,NY
CUNY York,Management,2019,1,26,27,.96296299,NY
CUNY York,Management,2019,5,,,,NY
CUNY York,Management,2019,10,,,,NY
CUNY York,Manufacturing,2004,1,13,22,.59090906,NY
CUNY York,Manufacturing,2004,5,12,29,.41379312,NY
CUNY York,Manufacturing,2004,10,10,19,.52631581,NY
CUNY York,Manufacturing,2007,1,13,29,.44827586,NY
CUNY York,Manufacturing,2007,5,6,15,.40000001,NY
CUNY York,Manufacturing,2007,10,10,24,.41666666,NY
CUNY York,Manufacturing,2010,1,5,12,.41666666,NY
CUNY York,Manufacturing,2010,5,19,36,.52777779,NY
CUNY York,Manufacturing,2010,10,17,29,.58620691,NY
CUNY York,Manufacturing,2013,1,15,36,.41666666,NY
CUNY York,Manufacturing,2013,5,26,44,.59090906,NY
CUNY York,Manufacturing,2013,10,,,,NY
CUNY York,Manufacturing,2016,1,21,38,.55263156,NY
CUNY York,Manufacturing,2016,5,15,35,.42857143,NY
CUNY York,Manufacturing,2016,10,,,,NY
CUNY York,Manufacturing,2019,1,29,44,.65909094,NY
CUNY York,Manufacturing,2019,5,,,,NY
CUNY York,Manufacturing,2019,10,,,,NY
CUNY York,Mining,2004,1,0,0,,NY
CUNY York,Mining,2004,5,1,3,.33333334,NY
CUNY York,Mining,2004,10,3,6,.5,NY
CUNY York,Mining,2007,1,0,1,0,NY
CUNY York,Mining,2007,5,3,3,1,NY
CUNY York,Mining,2007,10,0,0,,NY
CUNY York,Mining,2010,1,0,1,0,NY
CUNY York,Mining,2010,5,3,3,1,NY
CUNY York,Mining,2010,10,2,6,.33333334,NY
CUNY York,Mining,2013,1,0,0,,NY
CUNY York,Mining,2013,5,0,1,0,NY
CUNY York,Mining,2013,10,,,,NY
CUNY York,Mining,2016,1,1,1,1,NY
CUNY York,Mining,2016,5,0,0,,NY
CUNY York,Mining,2016,10,,,,NY
CUNY York,Mining,2019,1,0,0,,NY
CUNY York,Mining,2019,5,,,,NY
CUNY York,Mining,2019,10,,,,NY
CUNY York,Other Services,2004,1,30,33,.90909094,NY
CUNY York,Other Services,2004,5,34,40,.85000002,NY
CUNY York,Other Services,2004,10,27,36,.75,NY
CUNY York,Other Services,2007,1,39,52,.75,NY
CUNY York,Other Services,2007,5,32,35,.91428572,NY
CUNY York,Other Services,2007,10,29,37,.78378379,NY
CUNY York,Other Services,2010,1,35,37,.94594592,NY
CUNY York,Other Services,2010,5,45,50,.89999998,NY
CUNY York,Other Services,2010,10,40,49,.81632656,NY
CUNY York,Other Services,2013,1,37,40,.92500001,NY
CUNY York,Other Services,2013,5,36,43,.83720928,NY
CUNY York,Other Services,2013,10,,,,NY
CUNY York,Other Services,2016,1,47,61,.77049178,NY
CUNY York,Other Services,2016,5,35,52,.67307693,NY
CUNY York,Other Services,2016,10,,,,NY
CUNY York,Other Services,2019,1,45,46,.97826087,NY
CUNY York,Other Services,2019,5,,,,NY
CUNY York,Other Services,2019,10,,,,NY
CUNY York,Professional Services,2004,1,103,110,.93636364,NY
CUNY York,Professional Services,2004,5,86,106,.81132078,NY
CUNY York,Professional Services,2004,10,83,107,.77570093,NY
CUNY York,Professional Services,2007,1,73,110,.66363639,NY
CUNY York,Professional Services,2007,5,66,79,.83544302,NY
CUNY York,Professional Services,2007,10,60,91,.65934068,NY
CUNY York,Professional Services,2010,1,63,80,.78750002,NY
CUNY York,Professional Services,2010,5,89,114,.78070176,NY
CUNY York,Professional Services,2010,10,79,100,.79000002,NY
CUNY York,Professional Services,2013,1,86,99,.86868685,NY
CUNY York,Professional Services,2013,5,106,138,.76811594,NY
CUNY York,Professional Services,2013,10,,,,NY
CUNY York,Professional Services,2016,1,114,133,.85714287,NY
CUNY York,Professional Services,2016,5,157,193,.8134715,NY
CUNY York,Professional Services,2016,10,,,,NY
CUNY York,Professional Services,2019,1,157,185,.84864867,NY
CUNY York,Professional Services,2019,5,,,,NY
CUNY York,Professional Services,2019,10,,,,NY
CUNY York,Public Admin,2004,1,130,145,.89655173,NY
CUNY York,Public Admin,2004,5,175,201,.87064677,NY
CUNY York,Public Admin,2004,10,171,195,.87692308,NY
CUNY York,Public Admin,2007,1,120,148,.8108108,NY
CUNY York,Public Admin,2007,5,152,161,.94409937,NY
CUNY York,Public Admin,2007,10,210,236,.88983053,NY
CUNY York,Public Admin,2010,1,93,109,.85321099,NY
CUNY York,Public Admin,2010,5,180,210,.85714287,NY
CUNY York,Public Admin,2010,10,235,269,.87360597,NY
CUNY York,Public Admin,2013,1,106,113,.93805307,NY
CUNY York,Public Admin,2013,5,241,281,.85765123,NY
CUNY York,Public Admin,2013,10,,,,NY
CUNY York,Public Admin,2016,1,139,158,.87974685,NY
CUNY York,Public Admin,2016,5,218,235,.92765957,NY
CUNY York,Public Admin,2016,10,,,,NY
CUNY York,Public Admin,2019,1,126,141,.89361703,NY
CUNY York,Public Admin,2019,5,,,,NY
CUNY York,Public Admin,2019,10,,,,NY
CUNY York,Real Estate,2004,1,18,18,1,NY
CUNY York,Real Estate,2004,5,16,17,.94117647,NY
CUNY York,Real Estate,2004,10,16,19,.84210527,NY
CUNY York,Real Estate,2007,1,19,20,.94999999,NY
CUNY York,Real Estate,2007,5,17,18,.94444442,NY
CUNY York,Real Estate,2007,10,17,20,.85000002,NY
CUNY York,Real Estate,2010,1,11,13,.84615386,NY
CUNY York,Real Estate,2010,5,26,34,.7647059,NY
CUNY York,Real Estate,2010,10,18,25,.72000003,NY
CUNY York,Real Estate,2013,1,23,24,.95833331,NY
CUNY York,Real Estate,2013,5,49,54,.9074074,NY
CUNY York,Real Estate,2013,10,,,,NY
CUNY York,Real Estate,2016,1,23,25,.92000002,NY
CUNY York,Real Estate,2016,5,23,30,.76666665,NY
CUNY York,Real Estate,2016,10,,,,NY
CUNY York,Real Estate,2019,1,29,30,.96666664,NY
CUNY York,Real Estate,2019,5,,,,NY
CUNY York,Real Estate,2019,10,,,,NY
CUNY York,Retail,2004,1,95,123,.7723577,NY
CUNY York,Retail,2004,5,34,62,.54838711,NY
CUNY York,Retail,2004,10,33,66,.5,NY
CUNY York,Retail,2007,1,85,111,.76576579,NY
CUNY York,Retail,2007,5,52,71,.73239434,NY
CUNY York,Retail,2007,10,42,72,.58333331,NY
CUNY York,Retail,2010,1,117,127,.92125982,NY
CUNY York,Retail,2010,5,76,109,.69724768,NY
CUNY York,Retail,2010,10,43,77,.55844158,NY
CUNY York,Retail,2013,1,159,174,.91379309,NY
CUNY York,Retail,2013,5,85,134,.63432837,NY
CUNY York,Retail,2013,10,,,,NY
CUNY York,Retail,2016,1,209,240,.87083334,NY
CUNY York,Retail,2016,5,100,120,.83333331,NY
CUNY York,Retail,2016,10,,,,NY
CUNY York,Retail,2019,1,192,225,.85333335,NY
CUNY York,Retail,2019,5,,,,NY
CUNY York,Retail,2019,10,,,,NY
CUNY York,Transportation,2004,1,52,61,.85245901,NY
CUNY York,Transportation,2004,5,43,57,.75438595,NY
CUNY York,Transportation,2004,10,57,67,.85074627,NY
CUNY York,Transportation,2007,1,41,61,.67213112,NY
CUNY York,Transportation,2007,5,30,46,.65217394,NY
CUNY York,Transportation,2007,10,49,65,.75384617,NY
CUNY York,Transportation,2010,1,54,55,.9818182,NY
CUNY York,Transportation,2010,5,90,107,.84112149,NY
CUNY York,Transportation,2010,10,81,105,.77142859,NY
CUNY York,Transportation,2013,1,70,73,.95890409,NY
CUNY York,Transportation,2013,5,70,100,.69999999,NY
CUNY York,Transportation,2013,10,,,,NY
CUNY York,Transportation,2016,1,88,95,.92631578,NY
CUNY York,Transportation,2016,5,82,105,.78095239,NY
CUNY York,Transportation,2016,10,,,,NY
CUNY York,Transportation,2019,1,97,104,.93269229,NY
CUNY York,Transportation,2019,5,,,,NY
CUNY York,Transportation,2019,10,,,,NY
CUNY York,Utilities,2004,1,2,3,.66666669,NY
CUNY York,Utilities,2004,5,2,2,1,NY
CUNY York,Utilities,2004,10,3,3,1,NY
CUNY York,Utilities,2007,1,4,4,1,NY
CUNY York,Utilities,2007,5,2,2,1,NY
CUNY York,Utilities,2007,10,9,9,1,NY
CUNY York,Utilities,2010,1,1,3,.33333334,NY
CUNY York,Utilities,2010,5,11,11,1,NY
CUNY York,Utilities,2010,10,6,6,1,NY
CUNY York,Utilities,2013,1,3,3,1,NY
CUNY York,Utilities,2013,5,8,12,.66666669,NY
CUNY York,Utilities,2013,10,,,,NY
CUNY York,Utilities,2016,1,3,4,.75,NY
CUNY York,Utilities,2016,5,3,3,1,NY
CUNY York,Utilities,2016,10,,,,NY
CUNY York,Utilities,2019,1,3,5,.60000002,NY
CUNY York,Utilities,2019,5,,,,NY
CUNY York,Utilities,2019,10,,,,NY
CUNY York,Wholesale,2004,1,23,29,.79310346,NY
CUNY York,Wholesale,2004,5,37,44,.84090906,NY
CUNY York,Wholesale,2004,10,28,32,.875,NY
CUNY York,Wholesale,2007,1,31,52,.59615386,NY
CUNY York,Wholesale,2007,5,32,57,.56140351,NY
CUNY York,Wholesale,2007,10,32,42,.76190478,NY
CUNY York,Wholesale,2010,1,26,28,.9285714,NY
CUNY York,Wholesale,2010,5,26,32,.8125,NY
CUNY York,Wholesale,2010,10,23,40,.57499999,NY
CUNY York,Wholesale,2013,1,30,34,.88235295,NY
CUNY York,Wholesale,2013,5,29,42,.69047618,NY
CUNY York,Wholesale,2013,10,,,,NY
CUNY York,Wholesale,2016,1,26,36,.72222221,NY
CUNY York,Wholesale,2016,5,25,29,.86206895,NY
CUNY York,Wholesale,2016,10,,,,NY
CUNY York,Wholesale,2019,1,28,40,.69999999,NY
CUNY York,Wholesale,2019,5,,,,NY
CUNY York,Wholesale,2019,10,,,,NY
Empire State,Admin/Waste,2004,1,85,114,.74561405,NY
Empire State,Admin/Waste,2004,5,72,102,.70588237,NY
Empire State,Admin/Waste,2004,10,70,123,.56910568,NY
Empire State,Admin/Waste,2007,1,90,127,.70866144,NY
Empire State,Admin/Waste,2007,5,75,106,.70754719,NY
Empire State,Admin/Waste,2007,10,77,116,.66379309,NY
Empire State,Admin/Waste,2010,1,153,192,.796875,NY
Empire State,Admin/Waste,2010,5,136,180,.75555557,NY
Empire State,Admin/Waste,2010,10,120,156,.76923078,NY
Empire State,Admin/Waste,2013,1,175,230,.76086956,NY
Empire State,Admin/Waste,2013,5,120,168,.71428573,NY
Empire State,Admin/Waste,2013,10,,,,NY
Empire State,Admin/Waste,2016,1,189,216,.875,NY
Empire State,Admin/Waste,2016,5,176,241,.73029047,NY
Empire State,Admin/Waste,2016,10,,,,NY
Empire State,Admin/Waste,2019,1,149,180,.8277778,NY
Empire State,Admin/Waste,2019,5,,,,NY
Empire State,Admin/Waste,2019,10,,,,NY
Empire State,Agriculture,2004,1,0,1,0,NY
Empire State,Agriculture,2004,5,2,3,.66666669,NY
Empire State,Agriculture,2004,10,2,3,.66666669,NY
Empire State,Agriculture,2007,1,4,4,1,NY
Empire State,Agriculture,2007,5,2,2,1,NY
Empire State,Agriculture,2007,10,2,3,.66666669,NY
Empire State,Agriculture,2010,1,0,1,0,NY
Empire State,Agriculture,2010,5,1,1,1,NY
Empire State,Agriculture,2010,10,0,2,0,NY
Empire State,Agriculture,2013,1,2,2,1,NY
Empire State,Agriculture,2013,5,1,2,.5,NY
Empire State,Agriculture,2013,10,,,,NY
Empire State,Agriculture,2016,1,2,2,1,NY
Empire State,Agriculture,2016,5,1,2,.5,NY
Empire State,Agriculture,2016,10,,,,NY
Empire State,Agriculture,2019,1,4,9,.44444445,NY
Empire State,Agriculture,2019,5,,,,NY
Empire State,Agriculture,2019,10,,,,NY
Empire State,Arts/Entertainment,2004,1,32,36,.8888889,NY
Empire State,Arts/Entertainment,2004,5,26,32,.8125,NY
Empire State,Arts/Entertainment,2004,10,26,31,.83870965,NY
Empire State,Arts/Entertainment,2007,1,35,42,.83333331,NY
Empire State,Arts/Entertainment,2007,5,39,45,.86666667,NY
Empire State,Arts/Entertainment,2007,10,28,34,.82352942,NY
Empire State,Arts/Entertainment,2010,1,43,44,.97727275,NY
Empire State,Arts/Entertainment,2010,5,37,45,.82222223,NY
Empire State,Arts/Entertainment,2010,10,33,37,.8918919,NY
Empire State,Arts/Entertainment,2013,1,50,59,.84745765,NY
Empire State,Arts/Entertainment,2013,5,32,35,.91428572,NY
Empire State,Arts/Entertainment,2013,10,,,,NY
Empire State,Arts/Entertainment,2016,1,40,45,.8888889,NY
Empire State,Arts/Entertainment,2016,5,30,37,.8108108,NY
Empire State,Arts/Entertainment,2016,10,,,,NY
Empire State,Arts/Entertainment,2019,1,27,27,1,NY
Empire State,Arts/Entertainment,2019,5,,,,NY
Empire State,Arts/Entertainment,2019,10,,,,NY
Empire State,Construction,2004,1,72,93,.77419353,NY
Empire State,Construction,2004,5,90,103,.87378639,NY
Empire State,Construction,2004,10,69,89,.77528089,NY
Empire State,Construction,2007,1,69,77,.89610392,NY
Empire State,Construction,2007,5,46,60,.76666665,NY
Empire State,Construction,2007,10,40,63,.63492066,NY
Empire State,Construction,2010,1,82,101,.81188118,NY
Empire State,Construction,2010,5,94,125,.75199997,NY
Empire State,Construction,2010,10,72,82,.87804878,NY
Empire State,Construction,2013,1,95,108,.87962961,NY
Empire State,Construction,2013,5,81,98,.82653064,NY
Empire State,Construction,2013,10,,,,NY
Empire State,Construction,2016,1,96,116,.82758623,NY
Empire State,Construction,2016,5,78,91,.85714287,NY
Empire State,Construction,2016,10,,,,NY
Empire State,Construction,2019,1,69,78,.88461536,NY
Empire State,Construction,2019,5,,,,NY
Empire State,Construction,2019,10,,,,NY
Empire State,Education,2004,1,572,632,.90506327,NY
Empire State,Education,2004,5,570,666,.85585588,NY
Empire State,Education,2004,10,522,648,.80555558,NY
Empire State,Education,2007,1,578,648,.89197528,NY
Empire State,Education,2007,5,585,666,.87837839,NY
Empire State,Education,2007,10,508,609,.83415437,NY
Empire State,Education,2010,1,534,618,.86407769,NY
Empire State,Education,2010,5,601,722,.83240998,NY
Empire State,Education,2010,10,550,693,.79365081,NY
Empire State,Education,2013,1,571,663,.86123681,NY
Empire State,Education,2013,5,613,743,.82503366,NY
Empire State,Education,2013,10,,,,NY
Empire State,Education,2016,1,568,614,.92508143,NY
Empire State,Education,2016,5,594,688,.86337209,NY
Empire State,Education,2016,10,,,,NY
Empire State,Education,2019,1,563,635,.88661414,NY
Empire State,Education,2019,5,,,,NY
Empire State,Education,2019,10,,,,NY
Empire State,Finance,2004,1,143,178,.80337077,NY
Empire State,Finance,2004,5,131,171,.76608187,NY
Empire State,Finance,2004,10,121,159,.7610063,NY
Empire State,Finance,2007,1,207,240,.86250001,NY
Empire State,Finance,2007,5,184,231,.7965368,NY
Empire State,Finance,2007,10,132,210,.62857145,NY
Empire State,Finance,2010,1,283,317,.89274448,NY
Empire State,Finance,2010,5,259,330,.78484851,NY
Empire State,Finance,2010,10,201,262,.76717556,NY
Empire State,Finance,2013,1,320,368,.86956519,NY
Empire State,Finance,2013,5,282,345,.81739128,NY
Empire State,Finance,2013,10,,,,NY
Empire State,Finance,2016,1,270,313,.86261982,NY
Empire State,Finance,2016,5,274,340,.80588233,NY
Empire State,Finance,2016,10,,,,NY
Empire State,Finance,2019,1,233,286,.81468529,NY
Empire State,Finance,2019,5,,,,NY
Empire State,Finance,2019,10,,,,NY
Empire State,Food/Hospitality,2004,1,30,44,.68181819,NY
Empire State,Food/Hospitality,2004,5,25,42,.59523809,NY
Empire State,Food/Hospitality,2004,10,23,44,.52272725,NY
Empire State,Food/Hospitality,2007,1,41,64,.640625,NY
Empire State,Food/Hospitality,2007,5,31,48,.64583331,NY
Empire State,Food/Hospitality,2007,10,27,43,.62790698,NY
Empire State,Food/Hospitality,2010,1,66,93,.7096774,NY
Empire State,Food/Hospitality,2010,5,60,86,.69767439,NY
Empire State,Food/Hospitality,2010,10,43,64,.671875,NY
Empire State,Food/Hospitality,2013,1,78,106,.73584908,NY
Empire State,Food/Hospitality,2013,5,49,68,.72058821,NY
Empire State,Food/Hospitality,2013,10,,,,NY
Empire State,Food/Hospitality,2016,1,82,99,.82828283,NY
Empire State,Food/Hospitality,2016,5,56,73,.76712328,NY
Empire State,Food/Hospitality,2016,10,,,,NY
Empire State,Food/Hospitality,2019,1,47,58,.81034482,NY
Empire State,Food/Hospitality,2019,5,,,,NY
Empire State,Food/Hospitality,2019,10,,,,NY
Empire State,Health Care,2004,1,573,660,.86818182,NY
Empire State,Health Care,2004,5,577,672,.85863096,NY
Empire State,Health Care,2004,10,502,619,.81098545,NY
Empire State,Health Care,2007,1,719,815,.88220859,NY
Empire State,Health Care,2007,5,652,759,.85902506,NY
Empire State,Health Care,2007,10,601,764,.78664923,NY
Empire State,Health Care,2010,1,874,996,.87751001,NY
Empire State,Health Care,2010,5,808,935,.86417115,NY
Empire State,Health Care,2010,10,716,872,.82110089,NY
Empire State,Health Care,2013,1,1298,1434,.90516037,NY
Empire State,Health Care,2013,5,1220,1382,.88277858,NY
Empire State,Health Care,2013,10,,,,NY
Empire State,Health Care,2016,1,1501,1618,.92768848,NY
Empire State,Health Care,2016,5,1354,1570,.86242038,NY
Empire State,Health Care,2016,10,,,,NY
Empire State,Health Care,2019,1,1175,1307,.89900535,NY
Empire State,Health Care,2019,5,,,,NY
Empire State,Health Care,2019,10,,,,NY
Empire State,Information,2004,1,221,241,.91701245,NY
Empire State,Information,2004,5,146,187,.78074867,NY
Empire State,Information,2004,10,122,147,.82993197,NY
Empire State,Information,2007,1,170,192,.88541669,NY
Empire State,Information,2007,5,153,178,.85955054,NY
Empire State,Information,2007,10,108,126,.85714287,NY
Empire State,Information,2010,1,129,152,.84868419,NY
Empire State,Information,2010,5,121,161,.75155282,NY
Empire State,Information,2010,10,91,111,.81981981,NY
Empire State,Information,2013,1,121,136,.8897059,NY
Empire State,Information,2013,5,89,119,.74789917,NY
Empire State,Information,2013,10,,,,NY
Empire State,Information,2016,1,80,96,.83333331,NY
Empire State,Information,2016,5,85,109,.77981651,NY
Empire State,Information,2016,10,,,,NY
Empire State,Information,2019,1,60,77,.77922076,NY
Empire State,Information,2019,5,,,,NY
Empire State,Information,2019,10,,,,NY
Empire State,Management,2004,1,62,76,.81578946,NY
Empire State,Management,2004,5,65,79,.82278478,NY
Empire State,Management,2004,10,64,77,.83116883,NY
Empire State,Management,2007,1,83,91,.91208792,NY
Empire State,Management,2007,5,75,101,.74257427,NY
Empire State,Management,2007,10,63,78,.80769229,NY
Empire State,Management,2010,1,79,88,.89772725,NY
Empire State,Management,2010,5,84,104,.80769229,NY
Empire State,Management,2010,10,74,94,.78723407,NY
Empire State,Management,2013,1,110,129,.85271317,NY
Empire State,Management,2013,5,99,115,.86086959,NY
Empire State,Management,2013,10,,,,NY
Empire State,Management,2016,1,107,123,.8699187,NY
Empire State,Management,2016,5,115,128,.8984375,NY
Empire State,Management,2016,10,,,,NY
Empire State,Management,2019,1,78,90,.86666667,NY
Empire State,Management,2019,5,,,,NY
Empire State,Management,2019,10,,,,NY
Empire State,Manufacturing,2004,1,197,238,.82773107,NY
Empire State,Manufacturing,2004,5,155,205,.75609756,NY
Empire State,Manufacturing,2004,10,129,189,.6825397,NY
Empire State,Manufacturing,2007,1,216,282,.76595747,NY
Empire State,Manufacturing,2007,5,181,229,.79039299,NY
Empire State,Manufacturing,2007,10,142,184,.77173913,NY
Empire State,Manufacturing,2010,1,195,229,.85152841,NY
Empire State,Manufacturing,2010,5,187,255,.73333335,NY
Empire State,Manufacturing,2010,10,158,206,.7669903,NY
Empire State,Manufacturing,2013,1,167,212,.78773582,NY
Empire State,Manufacturing,2013,5,189,229,.82532752,NY
Empire State,Manufacturing,2013,10,,,,NY
Empire State,Manufacturing,2016,1,197,233,.84549356,NY
Empire State,Manufacturing,2016,5,172,217,.79262674,NY
Empire State,Manufacturing,2016,10,,,,NY
Empire State,Manufacturing,2019,1,119,149,.79865772,NY
Empire State,Manufacturing,2019,5,,,,NY
Empire State,Manufacturing,2019,10,,,,NY
Empire State,Mining,2004,1,0,0,,NY
Empire State,Mining,2004,5,0,1,0,NY
Empire State,Mining,2004,10,0,0,,NY
Empire State,Mining,2007,1,0,0,,NY
Empire State,Mining,2007,5,1,1,1,NY
Empire State,Mining,2007,10,0,0,,NY
Empire State,Mining,2010,1,1,1,1,NY
Empire State,Mining,2010,5,0,0,,NY
Empire State,Mining,2010,10,0,0,,NY
Empire State,Mining,2013,1,0,0,,NY
Empire State,Mining,2013,5,0,0,,NY
Empire State,Mining,2013,10,,,,NY
Empire State,Mining,2016,1,0,0,,NY
Empire State,Mining,2016,5,0,0,,NY
Empire State,Mining,2016,10,,,,NY
Empire State,Mining,2019,1,2,2,1,NY
Empire State,Mining,2019,5,,,,NY
Empire State,Mining,2019,10,,,,NY
Empire State,Other Services,2004,1,78,92,.84782606,NY
Empire State,Other Services,2004,5,63,81,.77777779,NY
Empire State,Other Services,2004,10,62,85,.72941178,NY
Empire State,Other Services,2007,1,85,94,.90425533,NY
Empire State,Other Services,2007,5,66,77,.85714287,NY
Empire State,Other Services,2007,10,62,72,.8611111,NY
Empire State,Other Services,2010,1,91,99,.9191919,NY
Empire State,Other Services,2010,5,90,104,.86538464,NY
Empire State,Other Services,2010,10,78,94,.82978725,NY
Empire State,Other Services,2013,1,116,138,.84057969,NY
Empire State,Other Services,2013,5,135,155,.87096775,NY
Empire State,Other Services,2013,10,,,,NY
Empire State,Other Services,2016,1,112,124,.90322578,NY
Empire State,Other Services,2016,5,107,125,.85600001,NY
Empire State,Other Services,2016,10,,,,NY
Empire State,Other Services,2019,1,89,98,.90816325,NY
Empire State,Other Services,2019,5,,,,NY
Empire State,Other Services,2019,10,,,,NY
Empire State,Professional Services,2004,1,193,252,.76587301,NY
Empire State,Professional Services,2004,5,143,194,.73711342,NY
Empire State,Professional Services,2004,10,167,231,.72294372,NY
Empire State,Professional Services,2007,1,187,236,.79237288,NY
Empire State,Professional Services,2007,5,193,259,.74517375,NY
Empire State,Professional Services,2007,10,187,244,.76639342,NY
Empire State,Professional Services,2010,1,246,302,.81456953,NY
Empire State,Professional Services,2010,5,264,354,.74576271,NY
Empire State,Professional Services,2010,10,239,350,.68285716,NY
Empire State,Professional Services,2013,1,287,360,.7972222,NY
Empire State,Professional Services,2013,5,264,348,.75862068,NY
Empire State,Professional Services,2013,10,,,,NY
Empire State,Professional Services,2016,1,255,318,.8018868,NY
Empire State,Professional Services,2016,5,259,354,.73163843,NY
Empire State,Professional Services,2016,10,,,,NY
Empire State,Professional Services,2019,1,213,254,.83858269,NY
Empire State,Professional Services,2019,5,,,,NY
Empire State,Professional Services,2019,10,,,,NY
Empire State,Public Admin,2004,1,442,490,.90204084,NY
Empire State,Public Admin,2004,5,458,523,.87571704,NY
Empire State,Public Admin,2004,10,407,477,.85324949,NY
Empire State,Public Admin,2007,1,465,519,.89595377,NY
Empire State,Public Admin,2007,5,471,528,.89204544,NY
Empire State,Public Admin,2007,10,452,517,.87427467,NY
Empire State,Public Admin,2010,1,508,548,.92700732,NY
Empire State,Public Admin,2010,5,565,665,.84962404,NY
Empire State,Public Admin,2010,10,537,625,.8592,NY
Empire State,Public Admin,2013,1,525,582,.90206188,NY
Empire State,Public Admin,2013,5,635,708,.89689267,NY
Empire State,Public Admin,2013,10,,,,NY
Empire State,Public Admin,2016,1,594,641,.92667705,NY
Empire State,Public Admin,2016,5,623,707,.88118809,NY
Empire State,Public Admin,2016,10,,,,NY
Empire State,Public Admin,2019,1,529,554,.95487362,NY
Empire State,Public Admin,2019,5,,,,NY
Empire State,Public Admin,2019,10,,,,NY
Empire State,Real Estate,2004,1,31,38,.81578946,NY
Empire State,Real Estate,2004,5,21,28,.75,NY
Empire State,Real Estate,2004,10,20,30,.66666669,NY
Empire State,Real Estate,2007,1,24,29,.82758623,NY
Empire State,Real Estate,2007,5,20,28,.71428573,NY
Empire State,Real Estate,2007,10,25,28,.89285713,NY
Empire State,Real Estate,2010,1,47,55,.85454547,NY
Empire State,Real Estate,2010,5,47,54,.87037039,NY
Empire State,Real Estate,2010,10,34,49,.69387758,NY
Empire State,Real Estate,2013,1,54,60,.89999998,NY
Empire State,Real Estate,2013,5,54,63,.85714287,NY
Empire State,Real Estate,2013,10,,,,NY
Empire State,Real Estate,2016,1,56,60,.93333334,NY
Empire State,Real Estate,2016,5,37,46,.80434781,NY
Empire State,Real Estate,2016,10,,,,NY
Empire State,Real Estate,2019,1,33,38,.86842108,NY
Empire State,Real Estate,2019,5,,,,NY
Empire State,Real Estate,2019,10,,,,NY
Empire State,Retail,2004,1,70,99,.70707071,NY
Empire State,Retail,2004,5,46,78,.58974361,NY
Empire State,Retail,2004,10,49,102,.48039216,NY
Empire State,Retail,2007,1,101,139,.72661871,NY
Empire State,Retail,2007,5,84,122,.6885246,NY
Empire State,Retail,2007,10,76,104,.73076922,NY
Empire State,Retail,2010,1,139,178,.78089887,NY
Empire State,Retail,2010,5,101,152,.66447371,NY
Empire State,Retail,2010,10,83,126,.65873015,NY
Empire State,Retail,2013,1,172,226,.76106197,NY
Empire State,Retail,2013,5,119,157,.75796181,NY
Empire State,Retail,2013,10,,,,NY
Empire State,Retail,2016,1,181,214,.84579438,NY
Empire State,Retail,2016,5,111,159,.6981132,NY
Empire State,Retail,2016,10,,,,NY
Empire State,Retail,2019,1,118,148,.7972973,NY
Empire State,Retail,2019,5,,,,NY
Empire State,Retail,2019,10,,,,NY
Empire State,Transportation,2004,1,72,84,.85714287,NY
Empire State,Transportation,2004,5,59,79,.74683547,NY
Empire State,Transportation,2004,10,46,61,.75409836,NY
Empire State,Transportation,2007,1,52,65,.80000001,NY
Empire State,Transportation,2007,5,48,57,.84210527,NY
Empire State,Transportation,2007,10,42,54,.77777779,NY
Empire State,Transportation,2010,1,57,77,.74025977,NY
Empire State,Transportation,2010,5,48,77,.62337661,NY
Empire State,Transportation,2010,10,56,77,.72727275,NY
Empire State,Transportation,2013,1,83,101,.82178217,NY
Empire State,Transportation,2013,5,77,94,.81914896,NY
Empire State,Transportation,2013,10,,,,NY
Empire State,Transportation,2016,1,65,77,.84415585,NY
Empire State,Transportation,2016,5,68,90,.75555557,NY
Empire State,Transportation,2016,10,,,,NY
Empire State,Transportation,2019,1,53,75,.70666665,NY
Empire State,Transportation,2019,5,,,,NY
Empire State,Transportation,2019,10,,,,NY
Empire State,Utilities,2004,1,19,21,.90476191,NY
Empire State,Utilities,2004,5,24,26,.92307693,NY
Empire State,Utilities,2004,10,24,24,1,NY
Empire State,Utilities,2007,1,21,21,1,NY
Empire State,Utilities,2007,5,20,21,.95238096,NY
Empire State,Utilities,2007,10,25,26,.96153843,NY
Empire State,Utilities,2010,1,20,22,.90909094,NY
Empire State,Utilities,2010,5,21,24,.875,NY
Empire State,Utilities,2010,10,16,17,.94117647,NY
Empire State,Utilities,2013,1,21,21,1,NY
Empire State,Utilities,2013,5,23,23,1,NY
Empire State,Utilities,2013,10,,,,NY
Empire State,Utilities,2016,1,30,30,1,NY
Empire State,Utilities,2016,5,33,33,1,NY
Empire State,Utilities,2016,10,,,,NY
Empire State,Utilities,2019,1,27,28,.96428573,NY
Empire State,Utilities,2019,5,,,,NY
Empire State,Utilities,2019,10,,,,NY
Empire State,Wholesale,2004,1,83,110,.75454545,NY
Empire State,Wholesale,2004,5,53,76,.69736844,NY
Empire State,Wholesale,2004,10,43,73,.58904111,NY
Empire State,Wholesale,2007,1,99,111,.8918919,NY
Empire State,Wholesale,2007,5,81,112,.72321427,NY
Empire State,Wholesale,2007,10,65,94,.69148934,NY
Empire State,Wholesale,2010,1,107,136,.78676468,NY
Empire State,Wholesale,2010,5,106,152,.69736844,NY
Empire State,Wholesale,2010,10,80,110,.72727275,NY
Empire State,Wholesale,2013,1,124,159,.77987421,NY
Empire State,Wholesale,2013,5,110,150,.73333335,NY
Empire State,Wholesale,2013,10,,,,NY
Empire State,Wholesale,2016,1,104,123,.84552848,NY
Empire State,Wholesale,2016,5,90,112,.8035714,NY
Empire State,Wholesale,2016,10,,,,NY
Empire State,Wholesale,2019,1,85,105,.80952382,NY
Empire State,Wholesale,2019,5,,,,NY
Empire State,Wholesale,2019,10,,,,NY
SUNY Albany,Admin/Waste,2004,1,290,352,.82386363,NY
SUNY Albany,Admin/Waste,2004,5,182,245,.74285716,NY
SUNY Albany,Admin/Waste,2004,10,156,254,.61417323,NY
SUNY Albany,Admin/Waste,2007,1,269,304,.88486844,NY
SUNY Albany,Admin/Waste,2007,5,186,279,.66666669,NY
SUNY Albany,Admin/Waste,2007,10,188,288,.65277779,NY
SUNY Albany,Admin/Waste,2010,1,332,387,.85788113,NY
SUNY Albany,Admin/Waste,2010,5,223,340,.65588236,NY
SUNY Albany,Admin/Waste,2010,10,169,281,.6014235,NY
SUNY Albany,Admin/Waste,2013,1,378,439,.86104786,NY
SUNY Albany,Admin/Waste,2013,5,234,301,.77740866,NY
SUNY Albany,Admin/Waste,2013,10,,,,NY
SUNY Albany,Admin/Waste,2016,1,418,475,.88,NY
SUNY Albany,Admin/Waste,2016,5,268,363,.73829204,NY
SUNY Albany,Admin/Waste,2016,10,,,,NY
SUNY Albany,Admin/Waste,2019,1,431,514,.83852142,NY
SUNY Albany,Admin/Waste,2019,5,,,,NY
SUNY Albany,Admin/Waste,2019,10,,,,NY
SUNY Albany,Agriculture,2004,1,7,8,.875,NY
SUNY Albany,Agriculture,2004,5,4,6,.66666669,NY
SUNY Albany,Agriculture,2004,10,4,6,.66666669,NY
SUNY Albany,Agriculture,2007,1,1,1,1,NY
SUNY Albany,Agriculture,2007,5,6,6,1,NY
SUNY Albany,Agriculture,2007,10,1,2,.5,NY
SUNY Albany,Agriculture,2010,1,1,2,.5,NY
SUNY Albany,Agriculture,2010,5,3,4,.75,NY
SUNY Albany,Agriculture,2010,10,3,3,1,NY
SUNY Albany,Agriculture,2013,1,5,5,1,NY
SUNY Albany,Agriculture,2013,5,5,5,1,NY
SUNY Albany,Agriculture,2013,10,,,,NY
SUNY Albany,Agriculture,2016,1,6,7,.85714287,NY
SUNY Albany,Agriculture,2016,5,2,4,.5,NY
SUNY Albany,Agriculture,2016,10,,,,NY
SUNY Albany,Agriculture,2019,1,5,5,1,NY
SUNY Albany,Agriculture,2019,5,,,,NY
SUNY Albany,Agriculture,2019,10,,,,NY
SUNY Albany,Arts/Entertainment,2004,1,58,71,.81690139,NY
SUNY Albany,Arts/Entertainment,2004,5,53,61,.86885244,NY
SUNY Albany,Arts/Entertainment,2004,10,65,76,.85526317,NY
SUNY Albany,Arts/Entertainment,2007,1,57,68,.83823532,NY
SUNY Albany,Arts/Entertainment,2007,5,60,78,.76923078,NY
SUNY Albany,Arts/Entertainment,2007,10,45,66,.68181819,NY
SUNY Albany,Arts/Entertainment,2010,1,73,96,.76041669,NY
SUNY Albany,Arts/Entertainment,2010,5,81,102,.79411763,NY
SUNY Albany,Arts/Entertainment,2010,10,51,74,.6891892,NY
SUNY Albany,Arts/Entertainment,2013,1,95,110,.86363637,NY
SUNY Albany,Arts/Entertainment,2013,5,69,87,.79310346,NY
SUNY Albany,Arts/Entertainment,2013,10,,,,NY
SUNY Albany,Arts/Entertainment,2016,1,88,96,.91666669,NY
SUNY Albany,Arts/Entertainment,2016,5,52,62,.83870965,NY
SUNY Albany,Arts/Entertainment,2016,10,,,,NY
SUNY Albany,Arts/Entertainment,2019,1,64,79,.8101266,NY
SUNY Albany,Arts/Entertainment,2019,5,,,,NY
SUNY Albany,Arts/Entertainment,2019,10,,,,NY
SUNY Albany,Construction,2004,1,66,81,.81481481,NY
SUNY Albany,Construction,2004,5,67,87,.77011496,NY
SUNY Albany,Construction,2004,10,76,88,.86363637,NY
SUNY Albany,Construction,2007,1,57,73,.78082192,NY
SUNY Albany,Construction,2007,5,70,98,.71428573,NY
SUNY Albany,Construction,2007,10,72,102,.70588237,NY
SUNY Albany,Construction,2010,1,59,74,.7972973,NY
SUNY Albany,Construction,2010,5,111,132,.84090906,NY
SUNY Albany,Construction,2010,10,114,141,.80851066,NY
SUNY Albany,Construction,2013,1,91,104,.875,NY
SUNY Albany,Construction,2013,5,98,116,.84482759,NY
SUNY Albany,Construction,2013,10,,,,NY
SUNY Albany,Construction,2016,1,76,86,.88372093,NY
SUNY Albany,Construction,2016,5,94,116,.81034482,NY
SUNY Albany,Construction,2016,10,,,,NY
SUNY Albany,Construction,2019,1,93,110,.84545457,NY
SUNY Albany,Construction,2019,5,,,,NY
SUNY Albany,Construction,2019,10,,,,NY
SUNY Albany,Education,2004,1,417,497,.8390342,NY
SUNY Albany,Education,2004,5,757,927,.81661272,NY
SUNY Albany,Education,2004,10,801,1058,.75708884,NY
SUNY Albany,Education,2007,1,324,392,.82653064,NY
SUNY Albany,Education,2007,5,644,826,.779661,NY
SUNY Albany,Education,2007,10,734,1021,.71890306,NY
SUNY Albany,Education,2010,1,263,337,.78041542,NY
SUNY Albany,Education,2010,5,727,933,.77920687,NY
SUNY Albany,Education,2010,10,774,993,.7794562,NY
SUNY Albany,Education,2013,1,314,398,.78894472,NY
SUNY Albany,Education,2013,5,718,871,.82433987,NY
SUNY Albany,Education,2013,10,,,,NY
SUNY Albany,Education,2016,1,411,483,.8509317,NY
SUNY Albany,Education,2016,5,648,810,.80000001,NY
SUNY Albany,Education,2016,10,,,,NY
SUNY Albany,Education,2019,1,451,549,.82149363,NY
SUNY Albany,Education,2019,5,,,,NY
SUNY Albany,Education,2019,10,,,,NY
SUNY Albany,Finance,2004,1,655,748,.87566847,NY
SUNY Albany,Finance,2004,5,609,751,.81091875,NY
SUNY Albany,Finance,2004,10,587,777,.75546974,NY
SUNY Albany,Finance,2007,1,491,545,.90091741,NY
SUNY Albany,Finance,2007,5,575,715,.80419582,NY
SUNY Albany,Finance,2007,10,506,677,.74741507,NY
SUNY Albany,Finance,2010,1,502,578,.86851209,NY
SUNY Albany,Finance,2010,5,594,750,.792,NY
SUNY Albany,Finance,2010,10,538,707,.76096183,NY
SUNY Albany,Finance,2013,1,409,469,.87206823,NY
SUNY Albany,Finance,2013,5,513,618,.83009708,NY
SUNY Albany,Finance,2013,10,,,,NY
SUNY Albany,Finance,2016,1,427,490,.87142855,NY
SUNY Albany,Finance,2016,5,571,721,.79195559,NY
SUNY Albany,Finance,2016,10,,,,NY
SUNY Albany,Finance,2019,1,476,556,.8561151,NY
SUNY Albany,Finance,2019,5,,,,NY
SUNY Albany,Finance,2019,10,,,,NY
SUNY Albany,Food/Hospitality,2004,1,368,424,.86792451,NY
SUNY Albany,Food/Hospitality,2004,5,150,230,.65217394,NY
SUNY Albany,Food/Hospitality,2004,10,112,209,.53588516,NY
SUNY Albany,Food/Hospitality,2007,1,356,399,.89223057,NY
SUNY Albany,Food/Hospitality,2007,5,218,294,.74149662,NY
SUNY Albany,Food/Hospitality,2007,10,113,189,.59788358,NY
SUNY Albany,Food/Hospitality,2010,1,460,512,.8984375,NY
SUNY Albany,Food/Hospitality,2010,5,246,366,.67213112,NY
SUNY Albany,Food/Hospitality,2010,10,135,211,.63981044,NY
SUNY Albany,Food/Hospitality,2013,1,420,487,.862423,NY
SUNY Albany,Food/Hospitality,2013,5,192,261,.73563218,NY
SUNY Albany,Food/Hospitality,2013,10,,,,NY
SUNY Albany,Food/Hospitality,2016,1,462,523,.88336521,NY
SUNY Albany,Food/Hospitality,2016,5,153,239,.64016736,NY
SUNY Albany,Food/Hospitality,2016,10,,,,NY
SUNY Albany,Food/Hospitality,2019,1,405,495,.81818181,NY
SUNY Albany,Food/Hospitality,2019,5,,,,NY
SUNY Albany,Food/Hospitality,2019,10,,,,NY
SUNY Albany,Health Care,2004,1,663,755,.87814569,NY
SUNY Albany,Health Care,2004,5,657,805,.81614906,NY
SUNY Albany,Health Care,2004,10,641,869,.73762947,NY
SUNY Albany,Health Care,2007,1,731,801,.91260922,NY
SUNY Albany,Health Care,2007,5,829,1027,.80720544,NY
SUNY Albany,Health Care,2007,10,787,1037,.75891995,NY
SUNY Albany,Health Care,2010,1,871,954,.9129979,NY
SUNY Albany,Health Care,2010,5,1039,1311,.79252481,NY
SUNY Albany,Health Care,2010,10,968,1313,.73724294,NY
SUNY Albany,Health Care,2013,1,924,1024,.90234375,NY
SUNY Albany,Health Care,2013,5,1074,1327,.80934441,NY
SUNY Albany,Health Care,2013,10,,,,NY
SUNY Albany,Health Care,2016,1,1094,1196,.91471571,NY
SUNY Albany,Health Care,2016,5,1148,1378,.83309144,NY
SUNY Albany,Health Care,2016,10,,,,NY
SUNY Albany,Health Care,2019,1,1185,1297,.91364688,NY
SUNY Albany,Health Care,2019,5,,,,NY
SUNY Albany,Health Care,2019,10,,,,NY
SUNY Albany,Information,2004,1,209,234,.89316237,NY
SUNY Albany,Information,2004,5,225,261,.86206895,NY
SUNY Albany,Information,2004,10,198,262,.7557252,NY
SUNY Albany,Information,2007,1,133,143,.93006992,NY
SUNY Albany,Information,2007,5,188,228,.82456142,NY
SUNY Albany,Information,2007,10,192,257,.7470817,NY
SUNY Albany,Information,2010,1,187,209,.89473683,NY
SUNY Albany,Information,2010,5,265,321,.82554519,NY
SUNY Albany,Information,2010,10,248,325,.7630769,NY
SUNY Albany,Information,2013,1,189,208,.90865386,NY
SUNY Albany,Information,2013,5,258,300,.86000001,NY
SUNY Albany,Information,2013,10,,,,NY
SUNY Albany,Information,2016,1,183,197,.92893404,NY
SUNY Albany,Information,2016,5,229,280,.81785715,NY
SUNY Albany,Information,2016,10,,,,NY
SUNY Albany,Information,2019,1,165,194,.85051548,NY
SUNY Albany,Information,2019,5,,,,NY
SUNY Albany,Information,2019,10,,,,NY
SUNY Albany,Management,2004,1,108,111,.97297299,NY
SUNY Albany,Management,2004,5,99,117,.84615386,NY
SUNY Albany,Management,2004,10,113,148,.76351351,NY
SUNY Albany,Management,2007,1,93,95,.97894734,NY
SUNY Albany,Management,2007,5,111,138,.80434781,NY
SUNY Albany,Management,2007,10,94,130,.72307694,NY
SUNY Albany,Management,2010,1,99,108,.91666669,NY
SUNY Albany,Management,2010,5,134,166,.80722892,NY
SUNY Albany,Management,2010,10,114,130,.87692308,NY
SUNY Albany,Management,2013,1,108,120,.89999998,NY
SUNY Albany,Management,2013,5,101,125,.80800003,NY
SUNY Albany,Management,2013,10,,,,NY
SUNY Albany,Management,2016,1,118,124,.95161289,NY
SUNY Albany,Management,2016,5,117,140,.83571428,NY
SUNY Albany,Management,2016,10,,,,NY
SUNY Albany,Management,2019,1,124,133,.93233085,NY
SUNY Albany,Management,2019,5,,,,NY
SUNY Albany,Management,2019,10,,,,NY
SUNY Albany,Manufacturing,2004,1,94,121,.77685952,NY
SUNY Albany,Manufacturing,2004,5,110,153,.71895427,NY
SUNY Albany,Manufacturing,2004,10,107,185,.57837838,NY
SUNY Albany,Manufacturing,2007,1,99,120,.82499999,NY
SUNY Albany,Manufacturing,2007,5,119,176,.67613637,NY
SUNY Albany,Manufacturing,2007,10,147,210,.69999999,NY
SUNY Albany,Manufacturing,2010,1,125,162,.77160496,NY
SUNY Albany,Manufacturing,2010,5,193,289,.6678201,NY
SUNY Albany,Manufacturing,2010,10,211,301,.7009967,NY
SUNY Albany,Manufacturing,2013,1,165,207,.79710144,NY
SUNY Albany,Manufacturing,2013,5,236,300,.78666669,NY
SUNY Albany,Manufacturing,2013,10,,,,NY
SUNY Albany,Manufacturing,2016,1,167,202,.8267327,NY
SUNY Albany,Manufacturing,2016,5,243,318,.76415092,NY
SUNY Albany,Manufacturing,2016,10,,,,NY
SUNY Albany,Manufacturing,2019,1,191,248,.77016127,NY
SUNY Albany,Manufacturing,2019,5,,,,NY
SUNY Albany,Manufacturing,2019,10,,,,NY
SUNY Albany,Mining,2004,1,1,1,1,NY
SUNY Albany,Mining,2004,5,0,0,,NY
SUNY Albany,Mining,2004,10,0,0,,NY
SUNY Albany,Mining,2007,1,0,0,,NY
SUNY Albany,Mining,2007,5,0,1,0,NY
SUNY Albany,Mining,2007,10,0,0,,NY
SUNY Albany,Mining,2010,1,0,0,,NY
SUNY Albany,Mining,2010,5,1,1,1,NY
SUNY Albany,Mining,2010,10,0,0,,NY
SUNY Albany,Mining,2013,1,0,0,,NY
SUNY Albany,Mining,2013,5,0,1,0,NY
SUNY Albany,Mining,2013,10,,,,NY
SUNY Albany,Mining,2016,1,0,0,,NY
SUNY Albany,Mining,2016,5,1,1,1,NY
SUNY Albany,Mining,2016,10,,,,NY
SUNY Albany,Mining,2019,1,0,1,0,NY
SUNY Albany,Mining,2019,5,,,,NY
SUNY Albany,Mining,2019,10,,,,NY
SUNY Albany,Other Services,2004,1,108,119,.90756303,NY
SUNY Albany,Other Services,2004,5,105,126,.83333331,NY
SUNY Albany,Other Services,2004,10,90,139,.64748204,NY
SUNY Albany,Other Services,2007,1,103,110,.93636364,NY
SUNY Albany,Other Services,2007,5,129,158,.81645572,NY
SUNY Albany,Other Services,2007,10,108,139,.77697843,NY
SUNY Albany,Other Services,2010,1,121,142,.85211265,NY
SUNY Albany,Other Services,2010,5,132,166,.79518074,NY
SUNY Albany,Other Services,2010,10,106,146,.72602737,NY
SUNY Albany,Other Services,2013,1,125,142,.88028169,NY
SUNY Albany,Other Services,2013,5,114,143,.79720283,NY
SUNY Albany,Other Services,2013,10,,,,NY
SUNY Albany,Other Services,2016,1,157,168,.93452382,NY
SUNY Albany,Other Services,2016,5,136,155,.87741935,NY
SUNY Albany,Other Services,2016,10,,,,NY
SUNY Albany,Other Services,2019,1,128,166,.77108431,NY
SUNY Albany,Other Services,2019,5,,,,NY
SUNY Albany,Other Services,2019,10,,,,NY
SUNY Albany,Professional Services,2004,1,753,864,.87152779,NY
SUNY Albany,Professional Services,2004,5,745,931,.80021483,NY
SUNY Albany,Professional Services,2004,10,639,932,.68562233,NY
SUNY Albany,Professional Services,2007,1,679,772,.87953371,NY
SUNY Albany,Professional Services,2007,5,753,973,.77389514,NY
SUNY Albany,Professional Services,2007,10,667,964,.69190872,NY
SUNY Albany,Professional Services,2010,1,663,762,.87007874,NY
SUNY Albany,Professional Services,2010,5,987,1278,.77230048,NY
SUNY Albany,Professional Services,2010,10,844,1227,.68785655,NY
SUNY Albany,Professional Services,2013,1,753,886,.84988713,NY
SUNY Albany,Professional Services,2013,5,1037,1304,.79524541,NY
SUNY Albany,Professional Services,2013,10,,,,NY
SUNY Albany,Professional Services,2016,1,917,1079,.84986097,NY
SUNY Albany,Professional Services,2016,5,1113,1418,.78490829,NY
SUNY Albany,Professional Services,2016,10,,,,NY
SUNY Albany,Professional Services,2019,1,958,1130,.84778762,NY
SUNY Albany,Professional Services,2019,5,,,,NY
SUNY Albany,Professional Services,2019,10,,,,NY
SUNY Albany,Public Admin,2004,1,398,440,.90454543,NY
SUNY Albany,Public Admin,2004,5,576,645,.89302325,NY
SUNY Albany,Public Admin,2004,10,673,784,.85841835,NY
SUNY Albany,Public Admin,2007,1,397,432,.91898149,NY
SUNY Albany,Public Admin,2007,5,541,644,.84006214,NY
SUNY Albany,Public Admin,2007,10,766,881,.86946654,NY
SUNY Albany,Public Admin,2010,1,337,376,.89627659,NY
SUNY Albany,Public Admin,2010,5,682,807,.84510535,NY
SUNY Albany,Public Admin,2010,10,870,1003,.86739779,NY
SUNY Albany,Public Admin,2013,1,409,465,.87956989,NY
SUNY Albany,Public Admin,2013,5,754,851,.88601643,NY
SUNY Albany,Public Admin,2013,10,,,,NY
SUNY Albany,Public Admin,2016,1,471,506,.93083006,NY
SUNY Albany,Public Admin,2016,5,725,822,.88199514,NY
SUNY Albany,Public Admin,2016,10,,,,NY
SUNY Albany,Public Admin,2019,1,450,543,.82872927,NY
SUNY Albany,Public Admin,2019,5,,,,NY
SUNY Albany,Public Admin,2019,10,,,,NY
SUNY Albany,Real Estate,2004,1,100,114,.87719297,NY
SUNY Albany,Real Estate,2004,5,56,68,.82352942,NY
SUNY Albany,Real Estate,2004,10,50,67,.74626863,NY
SUNY Albany,Real Estate,2007,1,78,83,.93975902,NY
SUNY Albany,Real Estate,2007,5,75,95,.78947371,NY
SUNY Albany,Real Estate,2007,10,58,70,.82857144,NY
SUNY Albany,Real Estate,2010,1,86,90,.95555556,NY
SUNY Albany,Real Estate,2010,5,83,108,.76851851,NY
SUNY Albany,Real Estate,2010,10,83,104,.79807693,NY
SUNY Albany,Real Estate,2013,1,86,91,.94505495,NY
SUNY Albany,Real Estate,2013,5,94,112,.83928573,NY
SUNY Albany,Real Estate,2013,10,,,,NY
SUNY Albany,Real Estate,2016,1,82,85,.96470588,NY
SUNY Albany,Real Estate,2016,5,88,101,.87128711,NY
SUNY Albany,Real Estate,2016,10,,,,NY
SUNY Albany,Real Estate,2019,1,70,76,.92105263,NY
SUNY Albany,Real Estate,2019,5,,,,NY
SUNY Albany,Real Estate,2019,10,,,,NY
SUNY Albany,Retail,2004,1,478,547,.87385738,NY
SUNY Albany,Retail,2004,5,246,330,.74545455,NY
SUNY Albany,Retail,2004,10,179,285,.62807018,NY
SUNY Albany,Retail,2007,1,461,508,.9074803,NY
SUNY Albany,Retail,2007,5,307,408,.752451,NY
SUNY Albany,Retail,2007,10,204,312,.65384614,NY
SUNY Albany,Retail,2010,1,621,687,.90393013,NY
SUNY Albany,Retail,2010,5,331,443,.74717832,NY
SUNY Albany,Retail,2010,10,202,330,.61212122,NY
SUNY Albany,Retail,2013,1,601,675,.89037037,NY
SUNY Albany,Retail,2013,5,240,345,.69565219,NY
SUNY Albany,Retail,2013,10,,,,NY
SUNY Albany,Retail,2016,1,495,558,.88709676,NY
SUNY Albany,Retail,2016,5,212,294,.72108841,NY
SUNY Albany,Retail,2016,10,,,,NY
SUNY Albany,Retail,2019,1,560,659,.84977239,NY
SUNY Albany,Retail,2019,5,,,,NY
SUNY Albany,Retail,2019,10,,,,NY
SUNY Albany,Transportation,2004,1,53,63,.84126985,NY
SUNY Albany,Transportation,2004,5,37,48,.77083331,NY
SUNY Albany,Transportation,2004,10,48,73,.65753424,NY
SUNY Albany,Transportation,2007,1,43,57,.75438595,NY
SUNY Albany,Transportation,2007,5,59,79,.74683547,NY
SUNY Albany,Transportation,2007,10,50,81,.61728394,NY
SUNY Albany,Transportation,2010,1,66,77,.85714287,NY
SUNY Albany,Transportation,2010,5,74,112,.66071427,NY
SUNY Albany,Transportation,2010,10,92,112,.8214286,NY
SUNY Albany,Transportation,2013,1,67,71,.94366199,NY
SUNY Albany,Transportation,2013,5,81,98,.82653064,NY
SUNY Albany,Transportation,2013,10,,,,NY
SUNY Albany,Transportation,2016,1,69,80,.86250001,NY
SUNY Albany,Transportation,2016,5,77,95,.81052631,NY
SUNY Albany,Transportation,2016,10,,,,NY
SUNY Albany,Transportation,2019,1,111,133,.83458644,NY
SUNY Albany,Transportation,2019,5,,,,NY
SUNY Albany,Transportation,2019,10,,,,NY
SUNY Albany,Utilities,2004,1,4,4,1,NY
SUNY Albany,Utilities,2004,5,5,6,.83333331,NY
SUNY Albany,Utilities,2004,10,17,17,1,NY
SUNY Albany,Utilities,2007,1,5,5,1,NY
SUNY Albany,Utilities,2007,5,11,11,1,NY
SUNY Albany,Utilities,2007,10,15,17,.88235295,NY
SUNY Albany,Utilities,2010,1,7,9,.77777779,NY
SUNY Albany,Utilities,2010,5,9,9,1,NY
SUNY Albany,Utilities,2010,10,14,14,1,NY
SUNY Albany,Utilities,2013,1,5,6,.83333331,NY
SUNY Albany,Utilities,2013,5,14,14,1,NY
SUNY Albany,Utilities,2013,10,,,,NY
SUNY Albany,Utilities,2016,1,6,6,1,NY
SUNY Albany,Utilities,2016,5,9,11,.81818181,NY
SUNY Albany,Utilities,2016,10,,,,NY
SUNY Albany,Utilities,2019,1,9,11,.81818181,NY
SUNY Albany,Utilities,2019,5,,,,NY
SUNY Albany,Utilities,2019,10,,,,NY
SUNY Albany,Wholesale,2004,1,131,166,.78915662,NY
SUNY Albany,Wholesale,2004,5,142,193,.73575127,NY
SUNY Albany,Wholesale,2004,10,161,240,.67083335,NY
SUNY Albany,Wholesale,2007,1,116,130,.8923077,NY
SUNY Albany,Wholesale,2007,5,178,233,.7639485,NY
SUNY Albany,Wholesale,2007,10,153,202,.75742573,NY
SUNY Albany,Wholesale,2010,1,145,169,.85798818,NY
SUNY Albany,Wholesale,2010,5,182,251,.72509962,NY
SUNY Albany,Wholesale,2010,10,174,247,.70445347,NY
SUNY Albany,Wholesale,2013,1,146,173,.84393066,NY
SUNY Albany,Wholesale,2013,5,155,214,.72429907,NY
SUNY Albany,Wholesale,2013,10,,,,NY
SUNY Albany,Wholesale,2016,1,119,146,.81506848,NY
SUNY Albany,Wholesale,2016,5,145,208,.69711536,NY
SUNY Albany,Wholesale,2016,10,,,,NY
SUNY Albany,Wholesale,2019,1,117,150,.77999997,NY
SUNY Albany,Wholesale,2019,5,,,,NY
SUNY Albany,Wholesale,2019,10,,,,NY
SUNY Binghamton,Admin/Waste,2004,1,98,124,.7903226,NY
SUNY Binghamton,Admin/Waste,2004,5,55,74,.74324322,NY
SUNY Binghamton,Admin/Waste,2004,10,47,76,.61842108,NY
SUNY Binghamton,Admin/Waste,2007,1,129,160,.80624998,NY
SUNY Binghamton,Admin/Waste,2007,5,125,159,.78616351,NY
SUNY Binghamton,Admin/Waste,2007,10,136,206,.66019416,NY
SUNY Binghamton,Admin/Waste,2010,1,229,275,.83272725,NY
SUNY Binghamton,Admin/Waste,2010,5,207,295,.70169491,NY
SUNY Binghamton,Admin/Waste,2010,10,147,268,.54850745,NY
SUNY Binghamton,Admin/Waste,2013,1,294,347,.84726226,NY
SUNY Binghamton,Admin/Waste,2013,5,239,336,.71130955,NY
SUNY Binghamton,Admin/Waste,2013,10,,,,NY
SUNY Binghamton,Admin/Waste,2016,1,413,479,.86221296,NY
SUNY Binghamton,Admin/Waste,2016,5,250,370,.67567569,NY
SUNY Binghamton,Admin/Waste,2016,10,,,,NY
SUNY Binghamton,Admin/Waste,2019,1,354,421,.84085512,NY
SUNY Binghamton,Admin/Waste,2019,5,,,,NY
SUNY Binghamton,Admin/Waste,2019,10,,,,NY
SUNY Binghamton,Agriculture,2004,1,2,2,1,NY
SUNY Binghamton,Agriculture,2004,5,0,0,,NY
SUNY Binghamton,Agriculture,2004,10,4,4,1,NY
SUNY Binghamton,Agriculture,2007,1,1,1,1,NY
SUNY Binghamton,Agriculture,2007,5,3,4,.75,NY
SUNY Binghamton,Agriculture,2007,10,0,4,0,NY
SUNY Binghamton,Agriculture,2010,1,0,0,,NY
SUNY Binghamton,Agriculture,2010,5,1,2,.5,NY
SUNY Binghamton,Agriculture,2010,10,3,5,.60000002,NY
SUNY Binghamton,Agriculture,2013,1,1,1,1,NY
SUNY Binghamton,Agriculture,2013,5,3,3,1,NY
SUNY Binghamton,Agriculture,2013,10,,,,NY
SUNY Binghamton,Agriculture,2016,1,0,2,0,NY
SUNY Binghamton,Agriculture,2016,5,7,7,1,NY
SUNY Binghamton,Agriculture,2016,10,,,,NY
SUNY Binghamton,Agriculture,2019,1,2,4,.5,NY
SUNY Binghamton,Agriculture,2019,5,,,,NY
SUNY Binghamton,Agriculture,2019,10,,,,NY
SUNY Binghamton,Arts/Entertainment,2004,1,29,42,.69047618,NY
SUNY Binghamton,Arts/Entertainment,2004,5,18,31,.58064514,NY
SUNY Binghamton,Arts/Entertainment,2004,10,20,33,.60606062,NY
SUNY Binghamton,Arts/Entertainment,2007,1,31,34,.91176468,NY
SUNY Binghamton,Arts/Entertainment,2007,5,46,51,.90196079,NY
SUNY Binghamton,Arts/Entertainment,2007,10,25,38,.65789473,NY
SUNY Binghamton,Arts/Entertainment,2010,1,66,81,.81481481,NY
SUNY Binghamton,Arts/Entertainment,2010,5,62,78,.79487181,NY
SUNY Binghamton,Arts/Entertainment,2010,10,40,70,.5714286,NY
SUNY Binghamton,Arts/Entertainment,2013,1,66,78,.84615386,NY
SUNY Binghamton,Arts/Entertainment,2013,5,61,84,.72619045,NY
SUNY Binghamton,Arts/Entertainment,2013,10,,,,NY
SUNY Binghamton,Arts/Entertainment,2016,1,76,101,.75247526,NY
SUNY Binghamton,Arts/Entertainment,2016,5,76,94,.80851066,NY
SUNY Binghamton,Arts/Entertainment,2016,10,,,,NY
SUNY Binghamton,Arts/Entertainment,2019,1,59,79,.74683547,NY
SUNY Binghamton,Arts/Entertainment,2019,5,,,,NY
SUNY Binghamton,Arts/Entertainment,2019,10,,,,NY
SUNY Binghamton,Construction,2004,1,13,29,.44827586,NY
SUNY Binghamton,Construction,2004,5,15,16,.9375,NY
SUNY Binghamton,Construction,2004,10,18,26,.69230771,NY
SUNY Binghamton,Construction,2007,1,31,36,.8611111,NY
SUNY Binghamton,Construction,2007,5,45,51,.88235295,NY
SUNY Binghamton,Construction,2007,10,42,67,.62686568,NY
SUNY Binghamton,Construction,2010,1,62,66,.93939394,NY
SUNY Binghamton,Construction,2010,5,89,110,.80909091,NY
SUNY Binghamton,Construction,2010,10,69,92,.75,NY
SUNY Binghamton,Construction,2013,1,76,89,.85393256,NY
SUNY Binghamton,Construction,2013,5,63,86,.73255813,NY
SUNY Binghamton,Construction,2013,10,,,,NY
SUNY Binghamton,Construction,2016,1,78,98,.79591835,NY
SUNY Binghamton,Construction,2016,5,75,117,.64102566,NY
SUNY Binghamton,Construction,2016,10,,,,NY
SUNY Binghamton,Construction,2019,1,79,97,.81443298,NY
SUNY Binghamton,Construction,2019,5,,,,NY
SUNY Binghamton,Construction,2019,10,,,,NY
SUNY Binghamton,Education,2004,1,193,260,.74230766,NY
SUNY Binghamton,Education,2004,5,379,460,.82391304,NY
SUNY Binghamton,Education,2004,10,388,528,.7348485,NY
SUNY Binghamton,Education,2007,1,207,265,.7811321,NY
SUNY Binghamton,Education,2007,5,490,633,.7740916,NY
SUNY Binghamton,Education,2007,10,546,767,.71186441,NY
SUNY Binghamton,Education,2010,1,233,342,.68128657,NY
SUNY Binghamton,Education,2010,5,671,931,.72073042,NY
SUNY Binghamton,Education,2010,10,712,1092,.65201467,NY
SUNY Binghamton,Education,2013,1,266,371,.71698111,NY
SUNY Binghamton,Education,2013,5,596,832,.71634614,NY
SUNY Binghamton,Education,2013,10,,,,NY
SUNY Binghamton,Education,2016,1,415,554,.74909747,NY
SUNY Binghamton,Education,2016,5,594,826,.71912831,NY
SUNY Binghamton,Education,2016,10,,,,NY
SUNY Binghamton,Education,2019,1,447,584,.76541096,NY
SUNY Binghamton,Education,2019,5,,,,NY
SUNY Binghamton,Education,2019,10,,,,NY
SUNY Binghamton,Finance,2004,1,227,274,.82846713,NY
SUNY Binghamton,Finance,2004,5,259,319,.81191224,NY
SUNY Binghamton,Finance,2004,10,246,319,.77115989,NY
SUNY Binghamton,Finance,2007,1,269,319,.84326017,NY
SUNY Binghamton,Finance,2007,5,334,435,.76781607,NY
SUNY Binghamton,Finance,2007,10,348,500,.69599998,NY
SUNY Binghamton,Finance,2010,1,366,463,.79049677,NY
SUNY Binghamton,Finance,2010,5,521,672,.77529764,NY
SUNY Binghamton,Finance,2010,10,516,700,.73714286,NY
SUNY Binghamton,Finance,2013,1,329,409,.80440098,NY
SUNY Binghamton,Finance,2013,5,438,602,.72757477,NY
SUNY Binghamton,Finance,2013,10,,,,NY
SUNY Binghamton,Finance,2016,1,379,504,.75198412,NY
SUNY Binghamton,Finance,2016,5,620,794,.78085643,NY
SUNY Binghamton,Finance,2016,10,,,,NY
SUNY Binghamton,Finance,2019,1,480,602,.79734218,NY
SUNY Binghamton,Finance,2019,5,,,,NY
SUNY Binghamton,Finance,2019,10,,,,NY
SUNY Binghamton,Food/Hospitality,2004,1,66,100,.66000003,NY
SUNY Binghamton,Food/Hospitality,2004,5,28,46,.60869563,NY
SUNY Binghamton,Food/Hospitality,2004,10,28,45,.62222224,NY
SUNY Binghamton,Food/Hospitality,2007,1,128,150,.85333335,NY
SUNY Binghamton,Food/Hospitality,2007,5,86,112,.76785713,NY
SUNY Binghamton,Food/Hospitality,2007,10,60,112,.53571427,NY
SUNY Binghamton,Food/Hospitality,2010,1,180,211,.85308057,NY
SUNY Binghamton,Food/Hospitality,2010,5,113,159,.71069181,NY
SUNY Binghamton,Food/Hospitality,2010,10,64,136,.47058824,NY
SUNY Binghamton,Food/Hospitality,2013,1,176,211,.83412319,NY
SUNY Binghamton,Food/Hospitality,2013,5,80,147,.54421771,NY
SUNY Binghamton,Food/Hospitality,2013,10,,,,NY
SUNY Binghamton,Food/Hospitality,2016,1,211,267,.79026216,NY
SUNY Binghamton,Food/Hospitality,2016,5,72,124,.58064514,NY
SUNY Binghamton,Food/Hospitality,2016,10,,,,NY
SUNY Binghamton,Food/Hospitality,2019,1,245,293,.83617747,NY
SUNY Binghamton,Food/Hospitality,2019,5,,,,NY
SUNY Binghamton,Food/Hospitality,2019,10,,,,NY
SUNY Binghamton,Health Care,2004,1,401,489,.82004088,NY
SUNY Binghamton,Health Care,2004,5,499,664,.75150603,NY
SUNY Binghamton,Health Care,2004,10,526,727,.72352129,NY
SUNY Binghamton,Health Care,2007,1,700,803,.87173098,NY
SUNY Binghamton,Health Care,2007,5,820,1057,.7757805,NY
SUNY Binghamton,Health Care,2007,10,838,1212,.69141912,NY
SUNY Binghamton,Health Care,2010,1,867,1019,.85083413,NY
SUNY Binghamton,Health Care,2010,5,1121,1476,.75948507,NY
SUNY Binghamton,Health Care,2010,10,1125,1717,.65521258,NY
SUNY Binghamton,Health Care,2013,1,880,1027,.85686463,NY
SUNY Binghamton,Health Care,2013,5,1070,1466,.72987723,NY
SUNY Binghamton,Health Care,2013,10,,,,NY
SUNY Binghamton,Health Care,2016,1,1037,1214,.85420096,NY
SUNY Binghamton,Health Care,2016,5,1189,1583,.75110549,NY
SUNY Binghamton,Health Care,2016,10,,,,NY
SUNY Binghamton,Health Care,2019,1,1250,1478,.84573746,NY
SUNY Binghamton,Health Care,2019,5,,,,NY
SUNY Binghamton,Health Care,2019,10,,,,NY
SUNY Binghamton,Information,2004,1,64,73,.87671232,NY
SUNY Binghamton,Information,2004,5,70,91,.76923078,NY
SUNY Binghamton,Information,2004,10,74,96,.77083331,NY
SUNY Binghamton,Information,2007,1,89,102,.872549,NY
SUNY Binghamton,Information,2007,5,128,150,.85333335,NY
SUNY Binghamton,Information,2007,10,147,207,.71014494,NY
SUNY Binghamton,Information,2010,1,157,197,.79695433,NY
SUNY Binghamton,Information,2010,5,248,341,.72727275,NY
SUNY Binghamton,Information,2010,10,272,408,.66666669,NY
SUNY Binghamton,Information,2013,1,158,196,.80612242,NY
SUNY Binghamton,Information,2013,5,278,368,.75543481,NY
SUNY Binghamton,Information,2013,10,,,,NY
SUNY Binghamton,Information,2016,1,198,255,.7764706,NY
SUNY Binghamton,Information,2016,5,336,412,.815534,NY
SUNY Binghamton,Information,2016,10,,,,NY
SUNY Binghamton,Information,2019,1,157,219,.71689498,NY
SUNY Binghamton,Information,2019,5,,,,NY
SUNY Binghamton,Information,2019,10,,,,NY
SUNY Binghamton,Management,2004,1,41,47,.87234044,NY
SUNY Binghamton,Management,2004,5,31,36,.8611111,NY
SUNY Binghamton,Management,2004,10,31,39,.79487181,NY
SUNY Binghamton,Management,2007,1,51,53,.96226418,NY
SUNY Binghamton,Management,2007,5,66,78,.84615386,NY
SUNY Binghamton,Management,2007,10,67,98,.68367344,NY
SUNY Binghamton,Management,2010,1,64,75,.85333335,NY
SUNY Binghamton,Management,2010,5,118,146,.80821919,NY
SUNY Binghamton,Management,2010,10,115,161,.71428573,NY
SUNY Binghamton,Management,2013,1,54,58,.93103451,NY
SUNY Binghamton,Management,2013,5,77,116,.66379309,NY
SUNY Binghamton,Management,2013,10,,,,NY
SUNY Binghamton,Management,2016,1,77,102,.75490195,NY
SUNY Binghamton,Management,2016,5,126,161,.78260869,NY
SUNY Binghamton,Management,2016,10,,,,NY
SUNY Binghamton,Management,2019,1,94,115,.81739128,NY
SUNY Binghamton,Management,2019,5,,,,NY
SUNY Binghamton,Management,2019,10,,,,NY
SUNY Binghamton,Manufacturing,2004,1,101,148,.68243241,NY
SUNY Binghamton,Manufacturing,2004,5,89,123,.72357726,NY
SUNY Binghamton,Manufacturing,2004,10,82,128,.640625,NY
SUNY Binghamton,Manufacturing,2007,1,163,226,.72123891,NY
SUNY Binghamton,Manufacturing,2007,5,163,269,.60594797,NY
SUNY Binghamton,Manufacturing,2007,10,150,256,.5859375,NY
SUNY Binghamton,Manufacturing,2010,1,230,311,.73954982,NY
SUNY Binghamton,Manufacturing,2010,5,249,399,.62406015,NY
SUNY Binghamton,Manufacturing,2010,10,234,406,.57635468,NY
SUNY Binghamton,Manufacturing,2013,1,212,326,.65030676,NY
SUNY Binghamton,Manufacturing,2013,5,252,419,.60143197,NY
SUNY Binghamton,Manufacturing,2013,10,,,,NY
SUNY Binghamton,Manufacturing,2016,1,287,414,.69323671,NY
SUNY Binghamton,Manufacturing,2016,5,321,504,.63690478,NY
SUNY Binghamton,Manufacturing,2016,10,,,,NY
SUNY Binghamton,Manufacturing,2019,1,332,448,.7410714,NY
SUNY Binghamton,Manufacturing,2019,5,,,,NY
SUNY Binghamton,Manufacturing,2019,10,,,,NY
SUNY Binghamton,Mining,2004,1,0,0,,NY
SUNY Binghamton,Mining,2004,5,0,0,,NY
SUNY Binghamton,Mining,2004,10,0,0,,NY
SUNY Binghamton,Mining,2007,1,0,0,,NY
SUNY Binghamton,Mining,2007,5,1,2,.5,NY
SUNY Binghamton,Mining,2007,10,0,1,0,NY
SUNY Binghamton,Mining,2010,1,0,1,0,NY
SUNY Binghamton,Mining,2010,5,0,2,0,NY
SUNY Binghamton,Mining,2010,10,4,4,1,NY
SUNY Binghamton,Mining,2013,1,1,4,.25,NY
SUNY Binghamton,Mining,2013,5,0,4,0,NY
SUNY Binghamton,Mining,2013,10,,,,NY
SUNY Binghamton,Mining,2016,1,0,0,,NY
SUNY Binghamton,Mining,2016,5,4,5,.80000001,NY
SUNY Binghamton,Mining,2016,10,,,,NY
SUNY Binghamton,Mining,2019,1,1,3,.33333334,NY
SUNY Binghamton,Mining,2019,5,,,,NY
SUNY Binghamton,Mining,2019,10,,,,NY
SUNY Binghamton,Other Services,2004,1,35,42,.83333331,NY
SUNY Binghamton,Other Services,2004,5,34,45,.75555557,NY
SUNY Binghamton,Other Services,2004,10,42,55,.76363635,NY
SUNY Binghamton,Other Services,2007,1,44,53,.83018869,NY
SUNY Binghamton,Other Services,2007,5,83,103,.80582523,NY
SUNY Binghamton,Other Services,2007,10,71,96,.73958331,NY
SUNY Binghamton,Other Services,2010,1,91,111,.81981981,NY
SUNY Binghamton,Other Services,2010,5,119,157,.75796181,NY
SUNY Binghamton,Other Services,2010,10,105,162,.64814812,NY
SUNY Binghamton,Other Services,2013,1,90,103,.87378639,NY
SUNY Binghamton,Other Services,2013,5,106,156,.67948717,NY
SUNY Binghamton,Other Services,2013,10,,,,NY
SUNY Binghamton,Other Services,2016,1,106,130,.81538463,NY
SUNY Binghamton,Other Services,2016,5,116,152,.7631579,NY
SUNY Binghamton,Other Services,2016,10,,,,NY
SUNY Binghamton,Other Services,2019,1,118,146,.80821919,NY
SUNY Binghamton,Other Services,2019,5,,,,NY
SUNY Binghamton,Other Services,2019,10,,,,NY
SUNY Binghamton,Professional Services,2004,1,403,471,.85562634,NY
SUNY Binghamton,Professional Services,2004,5,371,462,.80303031,NY
SUNY Binghamton,Professional Services,2004,10,284,422,.67298579,NY
SUNY Binghamton,Professional Services,2007,1,517,617,.83792543,NY
SUNY Binghamton,Professional Services,2007,5,626,827,.75695282,NY
SUNY Binghamton,Professional Services,2007,10,521,786,.66284984,NY
SUNY Binghamton,Professional Services,2010,1,782,930,.84086019,NY
SUNY Binghamton,Professional Services,2010,5,1048,1382,.75832129,NY
SUNY Binghamton,Professional Services,2010,10,860,1320,.65151513,NY
SUNY Binghamton,Professional Services,2013,1,927,1107,.83739835,NY
SUNY Binghamton,Professional Services,2013,5,1183,1597,.7407639,NY
SUNY Binghamton,Professional Services,2013,10,,,,NY
SUNY Binghamton,Professional Services,2016,1,1165,1420,.82042253,NY
SUNY Binghamton,Professional Services,2016,5,1294,1739,.74410582,NY
SUNY Binghamton,Professional Services,2016,10,,,,NY
SUNY Binghamton,Professional Services,2019,1,1115,1362,.81864905,NY
SUNY Binghamton,Professional Services,2019,5,,,,NY
SUNY Binghamton,Professional Services,2019,10,,,,NY
SUNY Binghamton,Public Admin,2004,1,106,144,.7361111,NY
SUNY Binghamton,Public Admin,2004,5,176,212,.83018869,NY
SUNY Binghamton,Public Admin,2004,10,196,257,.7626459,NY
SUNY Binghamton,Public Admin,2007,1,145,187,.77540106,NY
SUNY Binghamton,Public Admin,2007,5,242,300,.80666667,NY
SUNY Binghamton,Public Admin,2007,10,304,385,.78961039,NY
SUNY Binghamton,Public Admin,2010,1,154,192,.80208331,NY
SUNY Binghamton,Public Admin,2010,5,351,436,.80504584,NY
SUNY Binghamton,Public Admin,2010,10,419,539,.77736551,NY
SUNY Binghamton,Public Admin,2013,1,147,184,.79891306,NY
SUNY Binghamton,Public Admin,2013,5,326,394,.82741117,NY
SUNY Binghamton,Public Admin,2013,10,,,,NY
SUNY Binghamton,Public Admin,2016,1,191,235,.81276596,NY
SUNY Binghamton,Public Admin,2016,5,311,408,.76225489,NY
SUNY Binghamton,Public Admin,2016,10,,,,NY
SUNY Binghamton,Public Admin,2019,1,189,235,.80425531,NY
SUNY Binghamton,Public Admin,2019,5,,,,NY
SUNY Binghamton,Public Admin,2019,10,,,,NY
SUNY Binghamton,Real Estate,2004,1,14,14,1,NY
SUNY Binghamton,Real Estate,2004,5,14,18,.77777779,NY
SUNY Binghamton,Real Estate,2004,10,24,26,.92307693,NY
SUNY Binghamton,Real Estate,2007,1,25,26,.96153843,NY
SUNY Binghamton,Real Estate,2007,5,32,32,1,NY
SUNY Binghamton,Real Estate,2007,10,46,57,.80701756,NY
SUNY Binghamton,Real Estate,2010,1,50,58,.86206895,NY
SUNY Binghamton,Real Estate,2010,5,64,67,.95522386,NY
SUNY Binghamton,Real Estate,2010,10,76,101,.75247526,NY
SUNY Binghamton,Real Estate,2013,1,47,49,.95918369,NY
SUNY Binghamton,Real Estate,2013,5,82,95,.86315787,NY
SUNY Binghamton,Real Estate,2013,10,,,,NY
SUNY Binghamton,Real Estate,2016,1,51,58,.87931037,NY
SUNY Binghamton,Real Estate,2016,5,80,98,.81632656,NY
SUNY Binghamton,Real Estate,2016,10,,,,NY
SUNY Binghamton,Real Estate,2019,1,47,55,.85454547,NY
SUNY Binghamton,Real Estate,2019,5,,,,NY
SUNY Binghamton,Real Estate,2019,10,,,,NY
SUNY Binghamton,Retail,2004,1,121,162,.74691355,NY
SUNY Binghamton,Retail,2004,5,53,97,.54639173,NY
SUNY Binghamton,Retail,2004,10,52,119,.43697479,NY
SUNY Binghamton,Retail,2007,1,170,204,.83333331,NY
SUNY Binghamton,Retail,2007,5,147,221,.66515839,NY
SUNY Binghamton,Retail,2007,10,90,172,.52325583,NY
SUNY Binghamton,Retail,2010,1,323,385,.83896106,NY
SUNY Binghamton,Retail,2010,5,225,348,.64655173,NY
SUNY Binghamton,Retail,2010,10,170,308,.55194807,NY
SUNY Binghamton,Retail,2013,1,252,305,.82622951,NY
SUNY Binghamton,Retail,2013,5,132,251,.52589643,NY
SUNY Binghamton,Retail,2013,10,,,,NY
SUNY Binghamton,Retail,2016,1,256,337,.75964391,NY
SUNY Binghamton,Retail,2016,5,191,266,.71804512,NY
SUNY Binghamton,Retail,2016,10,,,,NY
SUNY Binghamton,Retail,2019,1,336,403,.83374691,NY
SUNY Binghamton,Retail,2019,5,,,,NY
SUNY Binghamton,Retail,2019,10,,,,NY
SUNY Binghamton,Transportation,2004,1,10,27,.37037036,NY
SUNY Binghamton,Transportation,2004,5,13,19,.68421054,NY
SUNY Binghamton,Transportation,2004,10,10,26,.38461539,NY
SUNY Binghamton,Transportation,2007,1,17,20,.85000002,NY
SUNY Binghamton,Transportation,2007,5,21,27,.77777779,NY
SUNY Binghamton,Transportation,2007,10,40,69,.57971013,NY
SUNY Binghamton,Transportation,2010,1,26,40,.64999998,NY
SUNY Binghamton,Transportation,2010,5,40,60,.66666669,NY
SUNY Binghamton,Transportation,2010,10,43,62,.69354838,NY
SUNY Binghamton,Transportation,2013,1,30,37,.8108108,NY
SUNY Binghamton,Transportation,2013,5,42,68,.61764705,NY
SUNY Binghamton,Transportation,2013,10,,,,NY
SUNY Binghamton,Transportation,2016,1,34,65,.52307695,NY
SUNY Binghamton,Transportation,2016,5,55,91,.60439563,NY
SUNY Binghamton,Transportation,2016,10,,,,NY
SUNY Binghamton,Transportation,2019,1,50,77,.64935064,NY
SUNY Binghamton,Transportation,2019,5,,,,NY
SUNY Binghamton,Transportation,2019,10,,,,NY
SUNY Binghamton,Utilities,2004,1,6,6,1,NY
SUNY Binghamton,Utilities,2004,5,8,10,.80000001,NY
SUNY Binghamton,Utilities,2004,10,13,14,.9285714,NY
SUNY Binghamton,Utilities,2007,1,21,22,.95454544,NY
SUNY Binghamton,Utilities,2007,5,31,32,.96875,NY
SUNY Binghamton,Utilities,2007,10,35,35,1,NY
SUNY Binghamton,Utilities,2010,1,18,19,.94736844,NY
SUNY Binghamton,Utilities,2010,5,25,29,.86206895,NY
SUNY Binghamton,Utilities,2010,10,36,47,.76595747,NY
SUNY Binghamton,Utilities,2013,1,30,30,1,NY
SUNY Binghamton,Utilities,2013,5,40,44,.90909094,NY
SUNY Binghamton,Utilities,2013,10,,,,NY
SUNY Binghamton,Utilities,2016,1,22,22,1,NY
SUNY Binghamton,Utilities,2016,5,34,37,.91891891,NY
SUNY Binghamton,Utilities,2016,10,,,,NY
SUNY Binghamton,Utilities,2019,1,32,33,.969697,NY
SUNY Binghamton,Utilities,2019,5,,,,NY
SUNY Binghamton,Utilities,2019,10,,,,NY
SUNY Binghamton,Wholesale,2004,1,51,66,.77272725,NY
SUNY Binghamton,Wholesale,2004,5,54,73,.73972601,NY
SUNY Binghamton,Wholesale,2004,10,52,89,.58426964,NY
SUNY Binghamton,Wholesale,2007,1,69,79,.87341774,NY
SUNY Binghamton,Wholesale,2007,5,111,157,.70700639,NY
SUNY Binghamton,Wholesale,2007,10,110,178,.6179775,NY
SUNY Binghamton,Wholesale,2010,1,130,165,.78787881,NY
SUNY Binghamton,Wholesale,2010,5,160,224,.71428573,NY
SUNY Binghamton,Wholesale,2010,10,121,209,.57894737,NY
SUNY Binghamton,Wholesale,2013,1,101,142,.71126759,NY
SUNY Binghamton,Wholesale,2013,5,128,199,.64321607,NY
SUNY Binghamton,Wholesale,2013,10,,,,NY
SUNY Binghamton,Wholesale,2016,1,151,201,.75124377,NY
SUNY Binghamton,Wholesale,2016,5,176,250,.704,NY
SUNY Binghamton,Wholesale,2016,10,,,,NY
SUNY Binghamton,Wholesale,2019,1,146,188,.77659577,NY
SUNY Binghamton,Wholesale,2019,5,,,,NY
SUNY Binghamton,Wholesale,2019,10,,,,NY
SUNY Brockport,Admin/Waste,2004,1,179,225,.79555553,NY
SUNY Brockport,Admin/Waste,2004,5,120,154,.77922076,NY
SUNY Brockport,Admin/Waste,2004,10,94,134,.70149255,NY
SUNY Brockport,Admin/Waste,2007,1,169,195,.86666667,NY
SUNY Brockport,Admin/Waste,2007,5,135,184,.73369563,NY
SUNY Brockport,Admin/Waste,2007,10,104,157,.66242039,NY
SUNY Brockport,Admin/Waste,2010,1,261,300,.87,NY
SUNY Brockport,Admin/Waste,2010,5,149,232,.64224136,NY
SUNY Brockport,Admin/Waste,2010,10,115,179,.64245808,NY
SUNY Brockport,Admin/Waste,2013,1,260,297,.87542087,NY
SUNY Brockport,Admin/Waste,2013,5,156,227,.68722469,NY
SUNY Brockport,Admin/Waste,2013,10,,,,NY
SUNY Brockport,Admin/Waste,2016,1,229,271,.84501845,NY
SUNY Brockport,Admin/Waste,2016,5,181,253,.715415,NY
SUNY Brockport,Admin/Waste,2016,10,,,,NY
SUNY Brockport,Admin/Waste,2019,1,236,279,.84587812,NY
SUNY Brockport,Admin/Waste,2019,5,,,,NY
SUNY Brockport,Admin/Waste,2019,10,,,,NY
SUNY Brockport,Agriculture,2004,1,1,6,.16666667,NY
SUNY Brockport,Agriculture,2004,5,1,5,.2,NY
SUNY Brockport,Agriculture,2004,10,2,2,1,NY
SUNY Brockport,Agriculture,2007,1,1,5,.2,NY
SUNY Brockport,Agriculture,2007,5,7,7,1,NY
SUNY Brockport,Agriculture,2007,10,4,4,1,NY
SUNY Brockport,Agriculture,2010,1,0,0,,NY
SUNY Brockport,Agriculture,2010,5,8,15,.53333336,NY
SUNY Brockport,Agriculture,2010,10,5,9,.55555558,NY
SUNY Brockport,Agriculture,2013,1,2,4,.5,NY
SUNY Brockport,Agriculture,2013,5,1,5,.2,NY
SUNY Brockport,Agriculture,2013,10,,,,NY
SUNY Brockport,Agriculture,2016,1,6,10,.60000002,NY
SUNY Brockport,Agriculture,2016,5,0,1,0,NY
SUNY Brockport,Agriculture,2016,10,,,,NY
SUNY Brockport,Agriculture,2019,1,1,1,1,NY
SUNY Brockport,Agriculture,2019,5,,,,NY
SUNY Brockport,Agriculture,2019,10,,,,NY
SUNY Brockport,Arts/Entertainment,2004,1,67,78,.85897434,NY
SUNY Brockport,Arts/Entertainment,2004,5,41,60,.68333334,NY
SUNY Brockport,Arts/Entertainment,2004,10,35,50,.69999999,NY
SUNY Brockport,Arts/Entertainment,2007,1,57,62,.91935486,NY
SUNY Brockport,Arts/Entertainment,2007,5,42,57,.7368421,NY
SUNY Brockport,Arts/Entertainment,2007,10,35,44,.79545456,NY
SUNY Brockport,Arts/Entertainment,2010,1,65,81,.80246913,NY
SUNY Brockport,Arts/Entertainment,2010,5,55,73,.75342464,NY
SUNY Brockport,Arts/Entertainment,2010,10,41,63,.65079367,NY
SUNY Brockport,Arts/Entertainment,2013,1,95,106,.89622641,NY
SUNY Brockport,Arts/Entertainment,2013,5,62,93,.66666669,NY
SUNY Brockport,Arts/Entertainment,2013,10,,,,NY
SUNY Brockport,Arts/Entertainment,2016,1,117,129,.90697676,NY
SUNY Brockport,Arts/Entertainment,2016,5,66,85,.7764706,NY
SUNY Brockport,Arts/Entertainment,2016,10,,,,NY
SUNY Brockport,Arts/Entertainment,2019,1,86,96,.89583331,NY
SUNY Brockport,Arts/Entertainment,2019,5,,,,NY
SUNY Brockport,Arts/Entertainment,2019,10,,,,NY
SUNY Brockport,Construction,2004,1,31,48,.64583331,NY
SUNY Brockport,Construction,2004,5,31,46,.67391306,NY
SUNY Brockport,Construction,2004,10,28,40,.69999999,NY
SUNY Brockport,Construction,2007,1,29,41,.70731705,NY
SUNY Brockport,Construction,2007,5,44,57,.7719298,NY
SUNY Brockport,Construction,2007,10,52,62,.83870965,NY
SUNY Brockport,Construction,2010,1,47,66,.71212119,NY
SUNY Brockport,Construction,2010,5,45,66,.68181819,NY
SUNY Brockport,Construction,2010,10,69,94,.73404253,NY
SUNY Brockport,Construction,2013,1,50,63,.79365081,NY
SUNY Brockport,Construction,2013,5,49,69,.71014494,NY
SUNY Brockport,Construction,2013,10,,,,NY
SUNY Brockport,Construction,2016,1,58,65,.8923077,NY
SUNY Brockport,Construction,2016,5,66,84,.78571427,NY
SUNY Brockport,Construction,2016,10,,,,NY
SUNY Brockport,Construction,2019,1,42,52,.80769229,NY
SUNY Brockport,Construction,2019,5,,,,NY
SUNY Brockport,Construction,2019,10,,,,NY
SUNY Brockport,Education,2004,1,604,760,.79473686,NY
SUNY Brockport,Education,2004,5,811,1024,.79199219,NY
SUNY Brockport,Education,2004,10,828,1077,.76880223,NY
SUNY Brockport,Education,2007,1,590,685,.86131388,NY
SUNY Brockport,Education,2007,5,763,987,.77304965,NY
SUNY Brockport,Education,2007,10,801,1009,.79385531,NY
SUNY Brockport,Education,2010,1,462,558,.82795697,NY
SUNY Brockport,Education,2010,5,783,1057,.74077576,NY
SUNY Brockport,Education,2010,10,860,1092,.7875458,NY
SUNY Brockport,Education,2013,1,544,627,.86762363,NY
SUNY Brockport,Education,2013,5,777,927,.83818769,NY
SUNY Brockport,Education,2013,10,,,,NY
SUNY Brockport,Education,2016,1,519,586,.88566554,NY
SUNY Brockport,Education,2016,5,731,891,.82042646,NY
SUNY Brockport,Education,2016,10,,,,NY
SUNY Brockport,Education,2019,1,585,654,.89449543,NY
SUNY Brockport,Education,2019,5,,,,NY
SUNY Brockport,Education,2019,10,,,,NY
SUNY Brockport,Finance,2004,1,154,188,.81914896,NY
SUNY Brockport,Finance,2004,5,169,224,.75446427,NY
SUNY Brockport,Finance,2004,10,194,245,.79183674,NY
SUNY Brockport,Finance,2007,1,134,150,.89333332,NY
SUNY Brockport,Finance,2007,5,186,226,.82300884,NY
SUNY Brockport,Finance,2007,10,205,239,.85774058,NY
SUNY Brockport,Finance,2010,1,182,219,.83105022,NY
SUNY Brockport,Finance,2010,5,230,290,.79310346,NY
SUNY Brockport,Finance,2010,10,220,293,.75085324,NY
SUNY Brockport,Finance,2013,1,178,196,.90816325,NY
SUNY Brockport,Finance,2013,5,229,294,.77891159,NY
SUNY Brockport,Finance,2013,10,,,,NY
SUNY Brockport,Finance,2016,1,191,210,.90952379,NY
SUNY Brockport,Finance,2016,5,210,249,.84337348,NY
SUNY Brockport,Finance,2016,10,,,,NY
SUNY Brockport,Finance,2019,1,152,168,.90476191,NY
SUNY Brockport,Finance,2019,5,,,,NY
SUNY Brockport,Finance,2019,10,,,,NY
SUNY Brockport,Food/Hospitality,2004,1,196,244,.80327868,NY
SUNY Brockport,Food/Hospitality,2004,5,80,139,.57553959,NY
SUNY Brockport,Food/Hospitality,2004,10,82,134,.61194032,NY
SUNY Brockport,Food/Hospitality,2007,1,213,235,.90638298,NY
SUNY Brockport,Food/Hospitality,2007,5,120,165,.72727275,NY
SUNY Brockport,Food/Hospitality,2007,10,76,108,.7037037,NY
SUNY Brockport,Food/Hospitality,2010,1,233,298,.78187919,NY
SUNY Brockport,Food/Hospitality,2010,5,132,196,.67346936,NY
SUNY Brockport,Food/Hospitality,2010,10,67,134,.5,NY
SUNY Brockport,Food/Hospitality,2013,1,241,297,.8114478,NY
SUNY Brockport,Food/Hospitality,2013,5,123,201,.61194032,NY
SUNY Brockport,Food/Hospitality,2013,10,,,,NY
SUNY Brockport,Food/Hospitality,2016,1,275,324,.84876543,NY
SUNY Brockport,Food/Hospitality,2016,5,115,149,.77181208,NY
SUNY Brockport,Food/Hospitality,2016,10,,,,NY
SUNY Brockport,Food/Hospitality,2019,1,228,281,.8113879,NY
SUNY Brockport,Food/Hospitality,2019,5,,,,NY
SUNY Brockport,Food/Hospitality,2019,10,,,,NY
SUNY Brockport,Health Care,2004,1,637,729,.87379974,NY
SUNY Brockport,Health Care,2004,5,633,749,.84512681,NY
SUNY Brockport,Health Care,2004,10,575,718,.80083567,NY
SUNY Brockport,Health Care,2007,1,672,737,.91180462,NY
SUNY Brockport,Health Care,2007,5,697,870,.80114943,NY
SUNY Brockport,Health Care,2007,10,671,839,.79976159,NY
SUNY Brockport,Health Care,2010,1,748,833,.89795917,NY
SUNY Brockport,Health Care,2010,5,824,1015,.81182265,NY
SUNY Brockport,Health Care,2010,10,708,912,.77631581,NY
SUNY Brockport,Health Care,2013,1,978,1107,.88346881,NY
SUNY Brockport,Health Care,2013,5,1014,1238,.81906301,NY
SUNY Brockport,Health Care,2013,10,,,,NY
SUNY Brockport,Health Care,2016,1,1110,1214,.91433281,NY
SUNY Brockport,Health Care,2016,5,1052,1283,.81995326,NY
SUNY Brockport,Health Care,2016,10,,,,NY
SUNY Brockport,Health Care,2019,1,1151,1276,.90203762,NY
SUNY Brockport,Health Care,2019,5,,,,NY
SUNY Brockport,Health Care,2019,10,,,,NY
SUNY Brockport,Information,2004,1,81,93,.87096775,NY
SUNY Brockport,Information,2004,5,65,90,.72222221,NY
SUNY Brockport,Information,2004,10,37,52,.71153843,NY
SUNY Brockport,Information,2007,1,51,63,.80952382,NY
SUNY Brockport,Information,2007,5,66,87,.75862068,NY
SUNY Brockport,Information,2007,10,54,64,.84375,NY
SUNY Brockport,Information,2010,1,65,73,.89041096,NY
SUNY Brockport,Information,2010,5,61,88,.69318181,NY
SUNY Brockport,Information,2010,10,65,111,.58558559,NY
SUNY Brockport,Information,2013,1,58,64,.90625,NY
SUNY Brockport,Information,2013,5,71,89,.7977528,NY
SUNY Brockport,Information,2013,10,,,,NY
SUNY Brockport,Information,2016,1,68,79,.8607595,NY
SUNY Brockport,Information,2016,5,83,99,.83838385,NY
SUNY Brockport,Information,2016,10,,,,NY
SUNY Brockport,Information,2019,1,51,54,.94444442,NY
SUNY Brockport,Information,2019,5,,,,NY
SUNY Brockport,Information,2019,10,,,,NY
SUNY Brockport,Management,2004,1,91,104,.875,NY
SUNY Brockport,Management,2004,5,94,110,.85454547,NY
SUNY Brockport,Management,2004,10,65,71,.91549295,NY
SUNY Brockport,Management,2007,1,88,88,1,NY
SUNY Brockport,Management,2007,5,112,126,.8888889,NY
SUNY Brockport,Management,2007,10,84,91,.92307693,NY
SUNY Brockport,Management,2010,1,108,112,.96428573,NY
SUNY Brockport,Management,2010,5,106,127,.83464569,NY
SUNY Brockport,Management,2010,10,113,143,.79020977,NY
SUNY Brockport,Management,2013,1,108,116,.93103451,NY
SUNY Brockport,Management,2013,5,87,98,.8877551,NY
SUNY Brockport,Management,2013,10,,,,NY
SUNY Brockport,Management,2016,1,98,99,.98989898,NY
SUNY Brockport,Management,2016,5,86,100,.86000001,NY
SUNY Brockport,Management,2016,10,,,,NY
SUNY Brockport,Management,2019,1,105,107,.9813084,NY
SUNY Brockport,Management,2019,5,,,,NY
SUNY Brockport,Management,2019,10,,,,NY
SUNY Brockport,Manufacturing,2004,1,91,114,.79824561,NY
SUNY Brockport,Manufacturing,2004,5,96,124,.77419353,NY
SUNY Brockport,Manufacturing,2004,10,113,150,.75333333,NY
SUNY Brockport,Manufacturing,2007,1,73,93,.78494626,NY
SUNY Brockport,Manufacturing,2007,5,108,146,.73972601,NY
SUNY Brockport,Manufacturing,2007,10,128,145,.88275862,NY
SUNY Brockport,Manufacturing,2010,1,88,118,.74576271,NY
SUNY Brockport,Manufacturing,2010,5,144,217,.66359448,NY
SUNY Brockport,Manufacturing,2010,10,174,242,.71900827,NY
SUNY Brockport,Manufacturing,2013,1,143,177,.80790961,NY
SUNY Brockport,Manufacturing,2013,5,180,215,.83720928,NY
SUNY Brockport,Manufacturing,2013,10,,,,NY
SUNY Brockport,Manufacturing,2016,1,139,166,.83734941,NY
SUNY Brockport,Manufacturing,2016,5,153,192,.796875,NY
SUNY Brockport,Manufacturing,2016,10,,,,NY
SUNY Brockport,Manufacturing,2019,1,127,147,.8639456,NY
SUNY Brockport,Manufacturing,2019,5,,,,NY
SUNY Brockport,Manufacturing,2019,10,,,,NY
SUNY Brockport,Mining,2004,1,0,0,,NY
SUNY Brockport,Mining,2004,5,1,1,1,NY
SUNY Brockport,Mining,2004,10,2,2,1,NY
SUNY Brockport,Mining,2007,1,0,1,0,NY
SUNY Brockport,Mining,2007,5,1,1,1,NY
SUNY Brockport,Mining,2007,10,0,0,,NY
SUNY Brockport,Mining,2010,1,0,0,,NY
SUNY Brockport,Mining,2010,5,2,5,.40000001,NY
SUNY Brockport,Mining,2010,10,0,0,,NY
SUNY Brockport,Mining,2013,1,0,0,,NY
SUNY Brockport,Mining,2013,5,1,4,.25,NY
SUNY Brockport,Mining,2013,10,,,,NY
SUNY Brockport,Mining,2016,1,0,0,,NY
SUNY Brockport,Mining,2016,5,0,0,,NY
SUNY Brockport,Mining,2016,10,,,,NY
SUNY Brockport,Mining,2019,1,0,0,,NY
SUNY Brockport,Mining,2019,5,,,,NY
SUNY Brockport,Mining,2019,10,,,,NY
SUNY Brockport,Other Services,2004,1,67,78,.85897434,NY
SUNY Brockport,Other Services,2004,5,51,62,.82258064,NY
SUNY Brockport,Other Services,2004,10,49,61,.80327868,NY
SUNY Brockport,Other Services,2007,1,70,76,.92105263,NY
SUNY Brockport,Other Services,2007,5,71,81,.87654322,NY
SUNY Brockport,Other Services,2007,10,52,64,.8125,NY
SUNY Brockport,Other Services,2010,1,86,102,.84313726,NY
SUNY Brockport,Other Services,2010,5,82,96,.85416669,NY
SUNY Brockport,Other Services,2010,10,69,102,.67647058,NY
SUNY Brockport,Other Services,2013,1,107,117,.91452992,NY
SUNY Brockport,Other Services,2013,5,91,114,.79824561,NY
SUNY Brockport,Other Services,2013,10,,,,NY
SUNY Brockport,Other Services,2016,1,107,109,.98165137,NY
SUNY Brockport,Other Services,2016,5,67,82,.81707317,NY
SUNY Brockport,Other Services,2016,10,,,,NY
SUNY Brockport,Other Services,2019,1,74,82,.902439,NY
SUNY Brockport,Other Services,2019,5,,,,NY
SUNY Brockport,Other Services,2019,10,,,,NY
SUNY Brockport,Professional Services,2004,1,234,264,.88636363,NY
SUNY Brockport,Professional Services,2004,5,231,303,.76237625,NY
SUNY Brockport,Professional Services,2004,10,189,258,.73255813,NY
SUNY Brockport,Professional Services,2007,1,245,277,.88447654,NY
SUNY Brockport,Professional Services,2007,5,267,335,.79701495,NY
SUNY Brockport,Professional Services,2007,10,242,303,.79867989,NY
SUNY Brockport,Professional Services,2010,1,257,307,.83713353,NY
SUNY Brockport,Professional Services,2010,5,326,424,.76886791,NY
SUNY Brockport,Professional Services,2010,10,295,429,.68764567,NY
SUNY Brockport,Professional Services,2013,1,296,346,.85549134,NY
SUNY Brockport,Professional Services,2013,5,379,480,.78958333,NY
SUNY Brockport,Professional Services,2013,10,,,,NY
SUNY Brockport,Professional Services,2016,1,325,378,.85978836,NY
SUNY Brockport,Professional Services,2016,5,352,439,.8018223,NY
SUNY Brockport,Professional Services,2016,10,,,,NY
SUNY Brockport,Professional Services,2019,1,291,316,.9208861,NY
SUNY Brockport,Professional Services,2019,5,,,,NY
SUNY Brockport,Professional Services,2019,10,,,,NY
SUNY Brockport,Public Admin,2004,1,140,181,.77348065,NY
SUNY Brockport,Public Admin,2004,5,234,305,.76721311,NY
SUNY Brockport,Public Admin,2004,10,263,303,.8679868,NY
SUNY Brockport,Public Admin,2007,1,164,182,.90109891,NY
SUNY Brockport,Public Admin,2007,5,230,273,.84249085,NY
SUNY Brockport,Public Admin,2007,10,286,330,.86666667,NY
SUNY Brockport,Public Admin,2010,1,132,163,.80981594,NY
SUNY Brockport,Public Admin,2010,5,249,313,.79552716,NY
SUNY Brockport,Public Admin,2010,10,326,405,.80493826,NY
SUNY Brockport,Public Admin,2013,1,155,184,.84239131,NY
SUNY Brockport,Public Admin,2013,5,318,385,.82597405,NY
SUNY Brockport,Public Admin,2013,10,,,,NY
SUNY Brockport,Public Admin,2016,1,168,197,.85279191,NY
SUNY Brockport,Public Admin,2016,5,280,342,.81871343,NY
SUNY Brockport,Public Admin,2016,10,,,,NY
SUNY Brockport,Public Admin,2019,1,167,194,.86082476,NY
SUNY Brockport,Public Admin,2019,5,,,,NY
SUNY Brockport,Public Admin,2019,10,,,,NY
SUNY Brockport,Real Estate,2004,1,39,41,.9512195,NY
SUNY Brockport,Real Estate,2004,5,27,31,.87096775,NY
SUNY Brockport,Real Estate,2004,10,33,35,.94285715,NY
SUNY Brockport,Real Estate,2007,1,27,33,.81818181,NY
SUNY Brockport,Real Estate,2007,5,25,29,.86206895,NY
SUNY Brockport,Real Estate,2007,10,23,25,.92000002,NY
SUNY Brockport,Real Estate,2010,1,34,38,.89473683,NY
SUNY Brockport,Real Estate,2010,5,39,41,.9512195,NY
SUNY Brockport,Real Estate,2010,10,36,39,.92307693,NY
SUNY Brockport,Real Estate,2013,1,52,57,.91228068,NY
SUNY Brockport,Real Estate,2013,5,54,64,.84375,NY
SUNY Brockport,Real Estate,2013,10,,,,NY
SUNY Brockport,Real Estate,2016,1,63,65,.96923077,NY
SUNY Brockport,Real Estate,2016,5,46,53,.86792451,NY
SUNY Brockport,Real Estate,2016,10,,,,NY
SUNY Brockport,Real Estate,2019,1,27,29,.93103451,NY
SUNY Brockport,Real Estate,2019,5,,,,NY
SUNY Brockport,Real Estate,2019,10,,,,NY
SUNY Brockport,Retail,2004,1,336,414,.81159419,NY
SUNY Brockport,Retail,2004,5,179,266,.67293233,NY
SUNY Brockport,Retail,2004,10,148,241,.61410791,NY
SUNY Brockport,Retail,2007,1,355,393,.90330791,NY
SUNY Brockport,Retail,2007,5,213,307,.69381106,NY
SUNY Brockport,Retail,2007,10,155,233,.66523606,NY
SUNY Brockport,Retail,2010,1,397,470,.84468085,NY
SUNY Brockport,Retail,2010,5,239,347,.68876082,NY
SUNY Brockport,Retail,2010,10,181,274,.66058391,NY
SUNY Brockport,Retail,2013,1,412,468,.88034189,NY
SUNY Brockport,Retail,2013,5,207,308,.67207789,NY
SUNY Brockport,Retail,2013,10,,,,NY
SUNY Brockport,Retail,2016,1,307,352,.87215906,NY
SUNY Brockport,Retail,2016,5,159,210,.75714284,NY
SUNY Brockport,Retail,2016,10,,,,NY
SUNY Brockport,Retail,2019,1,361,396,.91161615,NY
SUNY Brockport,Retail,2019,5,,,,NY
SUNY Brockport,Retail,2019,10,,,,NY
SUNY Brockport,Transportation,2004,1,45,61,.73770493,NY
SUNY Brockport,Transportation,2004,5,43,57,.75438595,NY
SUNY Brockport,Transportation,2004,10,50,60,.83333331,NY
SUNY Brockport,Transportation,2007,1,39,41,.9512195,NY
SUNY Brockport,Transportation,2007,5,42,55,.76363635,NY
SUNY Brockport,Transportation,2007,10,53,56,.9464286,NY
SUNY Brockport,Transportation,2010,1,39,55,.70909089,NY
SUNY Brockport,Transportation,2010,5,42,61,.6885246,NY
SUNY Brockport,Transportation,2010,10,55,74,.74324322,NY
SUNY Brockport,Transportation,2013,1,45,58,.7758621,NY
SUNY Brockport,Transportation,2013,5,53,73,.72602737,NY
SUNY Brockport,Transportation,2013,10,,,,NY
SUNY Brockport,Transportation,2016,1,61,71,.85915494,NY
SUNY Brockport,Transportation,2016,5,65,76,.85526317,NY
SUNY Brockport,Transportation,2016,10,,,,NY
SUNY Brockport,Transportation,2019,1,58,73,.79452056,NY
SUNY Brockport,Transportation,2019,5,,,,NY
SUNY Brockport,Transportation,2019,10,,,,NY
SUNY Brockport,Utilities,2004,1,0,0,,NY
SUNY Brockport,Utilities,2004,5,3,5,.60000002,NY
SUNY Brockport,Utilities,2004,10,1,1,1,NY
SUNY Brockport,Utilities,2007,1,2,2,1,NY
SUNY Brockport,Utilities,2007,5,3,6,.5,NY
SUNY Brockport,Utilities,2007,10,4,4,1,NY
SUNY Brockport,Utilities,2010,1,2,2,1,NY
SUNY Brockport,Utilities,2010,5,3,6,.5,NY
SUNY Brockport,Utilities,2010,10,10,12,.83333331,NY
SUNY Brockport,Utilities,2013,1,3,4,.75,NY
SUNY Brockport,Utilities,2013,5,5,8,.625,NY
SUNY Brockport,Utilities,2013,10,,,,NY
SUNY Brockport,Utilities,2016,1,3,3,1,NY
SUNY Brockport,Utilities,2016,5,10,13,.76923078,NY
SUNY Brockport,Utilities,2016,10,,,,NY
SUNY Brockport,Utilities,2019,1,1,5,.2,NY
SUNY Brockport,Utilities,2019,5,,,,NY
SUNY Brockport,Utilities,2019,10,,,,NY
SUNY Brockport,Wholesale,2004,1,73,94,.77659577,NY
SUNY Brockport,Wholesale,2004,5,96,108,.8888889,NY
SUNY Brockport,Wholesale,2004,10,83,105,.7904762,NY
SUNY Brockport,Wholesale,2007,1,82,87,.94252872,NY
SUNY Brockport,Wholesale,2007,5,83,114,.7280702,NY
SUNY Brockport,Wholesale,2007,10,77,98,.78571427,NY
SUNY Brockport,Wholesale,2010,1,66,83,.79518074,NY
SUNY Brockport,Wholesale,2010,5,99,150,.66000003,NY
SUNY Brockport,Wholesale,2010,10,115,163,.70552146,NY
SUNY Brockport,Wholesale,2013,1,82,94,.87234044,NY
SUNY Brockport,Wholesale,2013,5,85,126,.67460316,NY
SUNY Brockport,Wholesale,2013,10,,,,NY
SUNY Brockport,Wholesale,2016,1,81,100,.81,NY
SUNY Brockport,Wholesale,2016,5,110,138,.79710144,NY
SUNY Brockport,Wholesale,2016,10,,,,NY
SUNY Brockport,Wholesale,2019,1,66,93,.7096774,NY
SUNY Brockport,Wholesale,2019,5,,,,NY
SUNY Brockport,Wholesale,2019,10,,,,NY
SUNY Buffalo,Admin/Waste,2004,1,443,544,.81433821,NY
SUNY Buffalo,Admin/Waste,2004,5,272,403,.67493796,NY
SUNY Buffalo,Admin/Waste,2004,10,198,330,.60000002,NY
SUNY Buffalo,Admin/Waste,2007,1,366,444,.82432431,NY
SUNY Buffalo,Admin/Waste,2007,5,308,427,.72131145,NY
SUNY Buffalo,Admin/Waste,2007,10,213,324,.6574074,NY
SUNY Buffalo,Admin/Waste,2010,1,449,534,.84082395,NY
SUNY Buffalo,Admin/Waste,2010,5,276,406,.67980295,NY
SUNY Buffalo,Admin/Waste,2010,10,209,365,.57260275,NY
SUNY Buffalo,Admin/Waste,2013,1,429,512,.83789062,NY
SUNY Buffalo,Admin/Waste,2013,5,259,379,.68337733,NY
SUNY Buffalo,Admin/Waste,2013,10,,,,NY
SUNY Buffalo,Admin/Waste,2016,1,500,595,.84033614,NY
SUNY Buffalo,Admin/Waste,2016,5,313,462,.67748916,NY
SUNY Buffalo,Admin/Waste,2016,10,,,,NY
SUNY Buffalo,Admin/Waste,2019,1,480,580,.82758623,NY
SUNY Buffalo,Admin/Waste,2019,5,,,,NY
SUNY Buffalo,Admin/Waste,2019,10,,,,NY
SUNY Buffalo,Agriculture,2004,1,1,4,.25,NY
SUNY Buffalo,Agriculture,2004,5,1,1,1,NY
SUNY Buffalo,Agriculture,2004,10,2,5,.40000001,NY
SUNY Buffalo,Agriculture,2007,1,0,0,,NY
SUNY Buffalo,Agriculture,2007,5,2,5,.40000001,NY
SUNY Buffalo,Agriculture,2007,10,7,9,.77777779,NY
SUNY Buffalo,Agriculture,2010,1,3,3,1,NY
SUNY Buffalo,Agriculture,2010,5,1,1,1,NY
SUNY Buffalo,Agriculture,2010,10,5,7,.71428573,NY
SUNY Buffalo,Agriculture,2013,1,1,1,1,NY
SUNY Buffalo,Agriculture,2013,5,0,1,0,NY
SUNY Buffalo,Agriculture,2013,10,,,,NY
SUNY Buffalo,Agriculture,2016,1,3,4,.75,NY
SUNY Buffalo,Agriculture,2016,5,0,0,,NY
SUNY Buffalo,Agriculture,2016,10,,,,NY
SUNY Buffalo,Agriculture,2019,1,5,6,.83333331,NY
SUNY Buffalo,Agriculture,2019,5,,,,NY
SUNY Buffalo,Agriculture,2019,10,,,,NY
SUNY Buffalo,Arts/Entertainment,2004,1,103,121,.85123968,NY
SUNY Buffalo,Arts/Entertainment,2004,5,80,103,.77669901,NY
SUNY Buffalo,Arts/Entertainment,2004,10,62,91,.6813187,NY
SUNY Buffalo,Arts/Entertainment,2007,1,103,126,.8174603,NY
SUNY Buffalo,Arts/Entertainment,2007,5,94,118,.79661018,NY
SUNY Buffalo,Arts/Entertainment,2007,10,75,100,.75,NY
SUNY Buffalo,Arts/Entertainment,2010,1,106,130,.81538463,NY
SUNY Buffalo,Arts/Entertainment,2010,5,92,129,.71317828,NY
SUNY Buffalo,Arts/Entertainment,2010,10,48,89,.53932583,NY
SUNY Buffalo,Arts/Entertainment,2013,1,112,128,.875,NY
SUNY Buffalo,Arts/Entertainment,2013,5,86,123,.69918698,NY
SUNY Buffalo,Arts/Entertainment,2013,10,,,,NY
SUNY Buffalo,Arts/Entertainment,2016,1,127,141,.90070921,NY
SUNY Buffalo,Arts/Entertainment,2016,5,89,133,.66917294,NY
SUNY Buffalo,Arts/Entertainment,2016,10,,,,NY
SUNY Buffalo,Arts/Entertainment,2019,1,108,127,.85039371,NY
SUNY Buffalo,Arts/Entertainment,2019,5,,,,NY
SUNY Buffalo,Arts/Entertainment,2019,10,,,,NY
SUNY Buffalo,Construction,2004,1,101,149,.67785233,NY
SUNY Buffalo,Construction,2004,5,114,174,.65517241,NY
SUNY Buffalo,Construction,2004,10,117,179,.65363127,NY
SUNY Buffalo,Construction,2007,1,120,149,.80536914,NY
SUNY Buffalo,Construction,2007,5,135,183,.73770493,NY
SUNY Buffalo,Construction,2007,10,136,184,.73913044,NY
SUNY Buffalo,Construction,2010,1,132,164,.80487806,NY
SUNY Buffalo,Construction,2010,5,138,194,.71134019,NY
SUNY Buffalo,Construction,2010,10,156,218,.71559632,NY
SUNY Buffalo,Construction,2013,1,164,202,.81188118,NY
SUNY Buffalo,Construction,2013,5,164,214,.76635516,NY
SUNY Buffalo,Construction,2013,10,,,,NY
SUNY Buffalo,Construction,2016,1,154,197,.78172588,NY
SUNY Buffalo,Construction,2016,5,160,217,.73732722,NY
SUNY Buffalo,Construction,2016,10,,,,NY
SUNY Buffalo,Construction,2019,1,181,215,.84186047,NY
SUNY Buffalo,Construction,2019,5,,,,NY
SUNY Buffalo,Construction,2019,10,,,,NY
SUNY Buffalo,Education,2004,1,404,532,.75939852,NY
SUNY Buffalo,Education,2004,5,763,1084,.70387453,NY
SUNY Buffalo,Education,2004,10,800,1231,.64987814,NY
SUNY Buffalo,Education,2007,1,360,474,.75949365,NY
SUNY Buffalo,Education,2007,5,676,983,.68769073,NY
SUNY Buffalo,Education,2007,10,774,1150,.67304349,NY
SUNY Buffalo,Education,2010,1,256,394,.64974618,NY
SUNY Buffalo,Education,2010,5,628,937,.67022413,NY
SUNY Buffalo,Education,2010,10,698,1065,.65539908,NY
SUNY Buffalo,Education,2013,1,350,463,.75593954,NY
SUNY Buffalo,Education,2013,5,647,926,.69870412,NY
SUNY Buffalo,Education,2013,10,,,,NY
SUNY Buffalo,Education,2016,1,404,501,.80638725,NY
SUNY Buffalo,Education,2016,5,661,882,.7494331,NY
SUNY Buffalo,Education,2016,10,,,,NY
SUNY Buffalo,Education,2019,1,415,516,.80426359,NY
SUNY Buffalo,Education,2019,5,,,,NY
SUNY Buffalo,Education,2019,10,,,,NY
SUNY Buffalo,Finance,2004,1,646,744,.86827958,NY
SUNY Buffalo,Finance,2004,5,697,854,.81615925,NY
SUNY Buffalo,Finance,2004,10,681,890,.76516855,NY
SUNY Buffalo,Finance,2007,1,635,713,.89060307,NY
SUNY Buffalo,Finance,2007,5,713,852,.83685446,NY
SUNY Buffalo,Finance,2007,10,729,949,.76817703,NY
SUNY Buffalo,Finance,2010,1,597,688,.86773258,NY
SUNY Buffalo,Finance,2010,5,741,886,.83634311,NY
SUNY Buffalo,Finance,2010,10,702,946,.74207187,NY
SUNY Buffalo,Finance,2013,1,547,642,.85202491,NY
SUNY Buffalo,Finance,2013,5,650,802,.8104738,NY
SUNY Buffalo,Finance,2013,10,,,,NY
SUNY Buffalo,Finance,2016,1,579,682,.84897363,NY
SUNY Buffalo,Finance,2016,5,659,807,.81660473,NY
SUNY Buffalo,Finance,2016,10,,,,NY
SUNY Buffalo,Finance,2019,1,559,662,.8444109,NY
SUNY Buffalo,Finance,2019,5,,,,NY
SUNY Buffalo,Finance,2019,10,,,,NY
SUNY Buffalo,Food/Hospitality,2004,1,364,434,.83870965,NY
SUNY Buffalo,Food/Hospitality,2004,5,145,232,.625,NY
SUNY Buffalo,Food/Hospitality,2004,10,99,196,.50510204,NY
SUNY Buffalo,Food/Hospitality,2007,1,360,431,.83526683,NY
SUNY Buffalo,Food/Hospitality,2007,5,205,296,.69256759,NY
SUNY Buffalo,Food/Hospitality,2007,10,140,241,.58091289,NY
SUNY Buffalo,Food/Hospitality,2010,1,383,465,.8236559,NY
SUNY Buffalo,Food/Hospitality,2010,5,218,316,.6898734,NY
SUNY Buffalo,Food/Hospitality,2010,10,128,203,.63054186,NY
SUNY Buffalo,Food/Hospitality,2013,1,420,482,.8713693,NY
SUNY Buffalo,Food/Hospitality,2013,5,186,270,.68888891,NY
SUNY Buffalo,Food/Hospitality,2013,10,,,,NY
SUNY Buffalo,Food/Hospitality,2016,1,399,456,.875,NY
SUNY Buffalo,Food/Hospitality,2016,5,168,242,.69421488,NY
SUNY Buffalo,Food/Hospitality,2016,10,,,,NY
SUNY Buffalo,Food/Hospitality,2019,1,412,474,.86919832,NY
SUNY Buffalo,Food/Hospitality,2019,5,,,,NY
SUNY Buffalo,Food/Hospitality,2019,10,,,,NY
SUNY Buffalo,Health Care,2004,1,918,1079,.85078776,NY
SUNY Buffalo,Health Care,2004,5,1114,1457,.76458478,NY
SUNY Buffalo,Health Care,2004,10,1107,1555,.71189713,NY
SUNY Buffalo,Health Care,2007,1,1108,1289,.85958105,NY
SUNY Buffalo,Health Care,2007,5,1362,1794,.75919729,NY
SUNY Buffalo,Health Care,2007,10,1346,1893,.71104068,NY
SUNY Buffalo,Health Care,2010,1,1102,1267,.86977112,NY
SUNY Buffalo,Health Care,2010,5,1361,1777,.76589757,NY
SUNY Buffalo,Health Care,2010,10,1324,1933,.6849457,NY
SUNY Buffalo,Health Care,2013,1,1207,1338,.9020927,NY
SUNY Buffalo,Health Care,2013,5,1429,1836,.77832246,NY
SUNY Buffalo,Health Care,2013,10,,,,NY
SUNY Buffalo,Health Care,2016,1,1422,1566,.90804595,NY
SUNY Buffalo,Health Care,2016,5,1514,1962,.77166158,NY
SUNY Buffalo,Health Care,2016,10,,,,NY
SUNY Buffalo,Health Care,2019,1,1596,1780,.89662921,NY
SUNY Buffalo,Health Care,2019,5,,,,NY
SUNY Buffalo,Health Care,2019,10,,,,NY
SUNY Buffalo,Information,2004,1,211,234,.90170938,NY
SUNY Buffalo,Information,2004,5,202,285,.70877194,NY
SUNY Buffalo,Information,2004,10,203,317,.64037853,NY
SUNY Buffalo,Information,2007,1,179,211,.84834123,NY
SUNY Buffalo,Information,2007,5,179,230,.77826089,NY
SUNY Buffalo,Information,2007,10,199,298,.66778523,NY
SUNY Buffalo,Information,2010,1,166,200,.82999998,NY
SUNY Buffalo,Information,2010,5,228,308,.74025977,NY
SUNY Buffalo,Information,2010,10,215,340,.63235295,NY
SUNY Buffalo,Information,2013,1,164,199,.82412058,NY
SUNY Buffalo,Information,2013,5,218,308,.70779222,NY
SUNY Buffalo,Information,2013,10,,,,NY
SUNY Buffalo,Information,2016,1,160,196,.81632656,NY
SUNY Buffalo,Information,2016,5,229,325,.70461541,NY
SUNY Buffalo,Information,2016,10,,,,NY
SUNY Buffalo,Information,2019,1,146,199,.73366833,NY
SUNY Buffalo,Information,2019,5,,,,NY
SUNY Buffalo,Information,2019,10,,,,NY
SUNY Buffalo,Management,2004,1,172,189,.9100529,NY
SUNY Buffalo,Management,2004,5,187,231,.80952382,NY
SUNY Buffalo,Management,2004,10,237,294,.80612242,NY
SUNY Buffalo,Management,2007,1,191,206,.92718446,NY
SUNY Buffalo,Management,2007,5,250,290,.86206895,NY
SUNY Buffalo,Management,2007,10,260,315,.82539684,NY
SUNY Buffalo,Management,2010,1,217,234,.9273504,NY
SUNY Buffalo,Management,2010,5,249,296,.84121621,NY
SUNY Buffalo,Management,2010,10,229,301,.76079732,NY
SUNY Buffalo,Management,2013,1,222,238,.93277311,NY
SUNY Buffalo,Management,2013,5,232,285,.81403506,NY
SUNY Buffalo,Management,2013,10,,,,NY
SUNY Buffalo,Management,2016,1,213,238,.89495796,NY
SUNY Buffalo,Management,2016,5,268,332,.80722892,NY
SUNY Buffalo,Management,2016,10,,,,NY
SUNY Buffalo,Management,2019,1,224,241,.92946059,NY
SUNY Buffalo,Management,2019,5,,,,NY
SUNY Buffalo,Management,2019,10,,,,NY
SUNY Buffalo,Manufacturing,2004,1,515,629,.81875992,NY
SUNY Buffalo,Manufacturing,2004,5,461,643,.71695179,NY
SUNY Buffalo,Manufacturing,2004,10,430,673,.63893014,NY
SUNY Buffalo,Manufacturing,2007,1,473,583,.81132078,NY
SUNY Buffalo,Manufacturing,2007,5,518,751,.68974698,NY
SUNY Buffalo,Manufacturing,2007,10,548,822,.66666669,NY
SUNY Buffalo,Manufacturing,2010,1,499,634,.78706622,NY
SUNY Buffalo,Manufacturing,2010,5,557,788,.70685279,NY
SUNY Buffalo,Manufacturing,2010,10,537,804,.66791046,NY
SUNY Buffalo,Manufacturing,2013,1,572,756,.75661373,NY
SUNY Buffalo,Manufacturing,2013,5,593,895,.66256982,NY
SUNY Buffalo,Manufacturing,2013,10,,,,NY
SUNY Buffalo,Manufacturing,2016,1,673,873,.7709049,NY
SUNY Buffalo,Manufacturing,2016,5,698,1025,.68097562,NY
SUNY Buffalo,Manufacturing,2016,10,,,,NY
SUNY Buffalo,Manufacturing,2019,1,758,979,.77425945,NY
SUNY Buffalo,Manufacturing,2019,5,,,,NY
SUNY Buffalo,Manufacturing,2019,10,,,,NY
SUNY Buffalo,Mining,2004,1,1,1,1,NY
SUNY Buffalo,Mining,2004,5,2,9,.22222222,NY
SUNY Buffalo,Mining,2004,10,3,6,.5,NY
SUNY Buffalo,Mining,2007,1,5,5,1,NY
SUNY Buffalo,Mining,2007,5,2,2,1,NY
SUNY Buffalo,Mining,2007,10,1,4,.25,NY
SUNY Buffalo,Mining,2010,1,1,2,.5,NY
SUNY Buffalo,Mining,2010,5,2,3,.66666669,NY
SUNY Buffalo,Mining,2010,10,1,3,.33333334,NY
SUNY Buffalo,Mining,2013,1,1,1,1,NY
SUNY Buffalo,Mining,2013,5,0,0,,NY
SUNY Buffalo,Mining,2013,10,,,,NY
SUNY Buffalo,Mining,2016,1,0,3,0,NY
SUNY Buffalo,Mining,2016,5,3,5,.60000002,NY
SUNY Buffalo,Mining,2016,10,,,,NY
SUNY Buffalo,Mining,2019,1,0,2,0,NY
SUNY Buffalo,Mining,2019,5,,,,NY
SUNY Buffalo,Mining,2019,10,,,,NY
SUNY Buffalo,Other Services,2004,1,143,167,.85628742,NY
SUNY Buffalo,Other Services,2004,5,156,203,.76847291,NY
SUNY Buffalo,Other Services,2004,10,144,200,.72000003,NY
SUNY Buffalo,Other Services,2007,1,136,146,.93150687,NY
SUNY Buffalo,Other Services,2007,5,151,187,.80748665,NY
SUNY Buffalo,Other Services,2007,10,132,181,.72928178,NY
SUNY Buffalo,Other Services,2010,1,132,150,.88,NY
SUNY Buffalo,Other Services,2010,5,122,179,.68156427,NY
SUNY Buffalo,Other Services,2010,10,142,196,.72448981,NY
SUNY Buffalo,Other Services,2013,1,122,139,.87769783,NY
SUNY Buffalo,Other Services,2013,5,122,169,.72189349,NY
SUNY Buffalo,Other Services,2013,10,,,,NY
SUNY Buffalo,Other Services,2016,1,137,161,.8509317,NY
SUNY Buffalo,Other Services,2016,5,141,173,.81502891,NY
SUNY Buffalo,Other Services,2016,10,,,,NY
SUNY Buffalo,Other Services,2019,1,162,187,.86631018,NY
SUNY Buffalo,Other Services,2019,5,,,,NY
SUNY Buffalo,Other Services,2019,10,,,,NY
SUNY Buffalo,Professional Services,2004,1,1040,1309,.79449964,NY
SUNY Buffalo,Professional Services,2004,5,1018,1383,.736081,NY
SUNY Buffalo,Professional Services,2004,10,881,1390,.63381296,NY
SUNY Buffalo,Professional Services,2007,1,1058,1246,.84911716,NY
SUNY Buffalo,Professional Services,2007,5,1102,1510,.7298013,NY
SUNY Buffalo,Professional Services,2007,10,939,1412,.66501415,NY
SUNY Buffalo,Professional Services,2010,1,961,1195,.80418408,NY
SUNY Buffalo,Professional Services,2010,5,1166,1608,.72512436,NY
SUNY Buffalo,Professional Services,2010,10,943,1545,.61035597,NY
SUNY Buffalo,Professional Services,2013,1,1020,1271,.80251771,NY
SUNY Buffalo,Professional Services,2013,5,1245,1724,.72215778,NY
SUNY Buffalo,Professional Services,2013,10,,,,NY
SUNY Buffalo,Professional Services,2016,1,1190,1493,.79705292,NY
SUNY Buffalo,Professional Services,2016,5,1430,2019,.70827144,NY
SUNY Buffalo,Professional Services,2016,10,,,,NY
SUNY Buffalo,Professional Services,2019,1,1384,1729,.80046272,NY
SUNY Buffalo,Professional Services,2019,5,,,,NY
SUNY Buffalo,Professional Services,2019,10,,,,NY
SUNY Buffalo,Public Admin,2004,1,230,269,.85501862,NY
SUNY Buffalo,Public Admin,2004,5,328,436,.75229359,NY
SUNY Buffalo,Public Admin,2004,10,395,570,.69298244,NY
SUNY Buffalo,Public Admin,2007,1,261,300,.87,NY
SUNY Buffalo,Public Admin,2007,5,344,436,.78899086,NY
SUNY Buffalo,Public Admin,2007,10,470,617,.7617504,NY
SUNY Buffalo,Public Admin,2010,1,165,231,.71428573,NY
SUNY Buffalo,Public Admin,2010,5,326,442,.73755658,NY
SUNY Buffalo,Public Admin,2010,10,434,603,.71973467,NY
SUNY Buffalo,Public Admin,2013,1,187,237,.78902954,NY
SUNY Buffalo,Public Admin,2013,5,330,456,.72368419,NY
SUNY Buffalo,Public Admin,2013,10,,,,NY
SUNY Buffalo,Public Admin,2016,1,245,284,.86267608,NY
SUNY Buffalo,Public Admin,2016,5,336,447,.75167787,NY
SUNY Buffalo,Public Admin,2016,10,,,,NY
SUNY Buffalo,Public Admin,2019,1,218,275,.79272729,NY
SUNY Buffalo,Public Admin,2019,5,,,,NY
SUNY Buffalo,Public Admin,2019,10,,,,NY
SUNY Buffalo,Real Estate,2004,1,111,116,.95689654,NY
SUNY Buffalo,Real Estate,2004,5,79,107,.73831773,NY
SUNY Buffalo,Real Estate,2004,10,76,99,.76767677,NY
SUNY Buffalo,Real Estate,2007,1,74,74,1,NY
SUNY Buffalo,Real Estate,2007,5,79,94,.84042555,NY
SUNY Buffalo,Real Estate,2007,10,81,98,.82653064,NY
SUNY Buffalo,Real Estate,2010,1,76,84,.90476191,NY
SUNY Buffalo,Real Estate,2010,5,90,116,.7758621,NY
SUNY Buffalo,Real Estate,2010,10,75,106,.70754719,NY
SUNY Buffalo,Real Estate,2013,1,107,117,.91452992,NY
SUNY Buffalo,Real Estate,2013,5,114,135,.84444445,NY
SUNY Buffalo,Real Estate,2013,10,,,,NY
SUNY Buffalo,Real Estate,2016,1,120,133,.90225565,NY
SUNY Buffalo,Real Estate,2016,5,100,121,.82644629,NY
SUNY Buffalo,Real Estate,2016,10,,,,NY
SUNY Buffalo,Real Estate,2019,1,103,110,.93636364,NY
SUNY Buffalo,Real Estate,2019,5,,,,NY
SUNY Buffalo,Real Estate,2019,10,,,,NY
SUNY Buffalo,Retail,2004,1,556,653,.85145479,NY
SUNY Buffalo,Retail,2004,5,303,422,.71800947,NY
SUNY Buffalo,Retail,2004,10,228,359,.6350975,NY
SUNY Buffalo,Retail,2007,1,569,678,.83923304,NY
SUNY Buffalo,Retail,2007,5,390,536,.72761196,NY
SUNY Buffalo,Retail,2007,10,287,459,.62527233,NY
SUNY Buffalo,Retail,2010,1,574,658,.87234044,NY
SUNY Buffalo,Retail,2010,5,402,568,.70774651,NY
SUNY Buffalo,Retail,2010,10,271,449,.60356349,NY
SUNY Buffalo,Retail,2013,1,550,664,.82831323,NY
SUNY Buffalo,Retail,2013,5,310,438,.70776254,NY
SUNY Buffalo,Retail,2013,10,,,,NY
SUNY Buffalo,Retail,2016,1,463,541,.85582256,NY
SUNY Buffalo,Retail,2016,5,255,380,.67105263,NY
SUNY Buffalo,Retail,2016,10,,,,NY
SUNY Buffalo,Retail,2019,1,577,668,.86377245,NY
SUNY Buffalo,Retail,2019,5,,,,NY
SUNY Buffalo,Retail,2019,10,,,,NY
SUNY Buffalo,Transportation,2004,1,92,108,.85185188,NY
SUNY Buffalo,Transportation,2004,5,79,123,.64227641,NY
SUNY Buffalo,Transportation,2004,10,82,121,.67768598,NY
SUNY Buffalo,Transportation,2007,1,66,79,.83544302,NY
SUNY Buffalo,Transportation,2007,5,97,129,.75193799,NY
SUNY Buffalo,Transportation,2007,10,103,147,.70068026,NY
SUNY Buffalo,Transportation,2010,1,93,119,.78151262,NY
SUNY Buffalo,Transportation,2010,5,102,139,.73381293,NY
SUNY Buffalo,Transportation,2010,10,109,160,.68124998,NY
SUNY Buffalo,Transportation,2013,1,92,117,.7863248,NY
SUNY Buffalo,Transportation,2013,5,101,146,.69178081,NY
SUNY Buffalo,Transportation,2013,10,,,,NY
SUNY Buffalo,Transportation,2016,1,95,127,.7480315,NY
SUNY Buffalo,Transportation,2016,5,108,153,.70588237,NY
SUNY Buffalo,Transportation,2016,10,,,,NY
SUNY Buffalo,Transportation,2019,1,133,178,.74719101,NY
SUNY Buffalo,Transportation,2019,5,,,,NY
SUNY Buffalo,Transportation,2019,10,,,,NY
SUNY Buffalo,Utilities,2004,1,16,16,1,NY
SUNY Buffalo,Utilities,2004,5,25,29,.86206895,NY
SUNY Buffalo,Utilities,2004,10,36,46,.78260869,NY
SUNY Buffalo,Utilities,2007,1,30,34,.88235295,NY
SUNY Buffalo,Utilities,2007,5,45,49,.91836733,NY
SUNY Buffalo,Utilities,2007,10,46,53,.86792451,NY
SUNY Buffalo,Utilities,2010,1,16,17,.94117647,NY
SUNY Buffalo,Utilities,2010,5,37,42,.88095236,NY
SUNY Buffalo,Utilities,2010,10,51,57,.89473683,NY
SUNY Buffalo,Utilities,2013,1,30,33,.90909094,NY
SUNY Buffalo,Utilities,2013,5,46,49,.93877554,NY
SUNY Buffalo,Utilities,2013,10,,,,NY
SUNY Buffalo,Utilities,2016,1,23,25,.92000002,NY
SUNY Buffalo,Utilities,2016,5,55,59,.93220341,NY
SUNY Buffalo,Utilities,2016,10,,,,NY
SUNY Buffalo,Utilities,2019,1,50,52,.96153843,NY
SUNY Buffalo,Utilities,2019,5,,,,NY
SUNY Buffalo,Utilities,2019,10,,,,NY
SUNY Buffalo,Wholesale,2004,1,287,332,.86445785,NY
SUNY Buffalo,Wholesale,2004,5,258,363,.71074378,NY
SUNY Buffalo,Wholesale,2004,10,266,394,.67512691,NY
SUNY Buffalo,Wholesale,2007,1,194,243,.79835391,NY
SUNY Buffalo,Wholesale,2007,5,273,363,.75206614,NY
SUNY Buffalo,Wholesale,2007,10,254,380,.66842103,NY
SUNY Buffalo,Wholesale,2010,1,274,325,.84307694,NY
SUNY Buffalo,Wholesale,2010,5,301,410,.73414636,NY
SUNY Buffalo,Wholesale,2010,10,307,442,.69457012,NY
SUNY Buffalo,Wholesale,2013,1,281,354,.79378533,NY
SUNY Buffalo,Wholesale,2013,5,277,378,.73280424,NY
SUNY Buffalo,Wholesale,2013,10,,,,NY
SUNY Buffalo,Wholesale,2016,1,266,321,.82866043,NY
SUNY Buffalo,Wholesale,2016,5,294,392,.75,NY
SUNY Buffalo,Wholesale,2016,10,,,,NY
SUNY Buffalo,Wholesale,2019,1,248,298,.83221477,NY
SUNY Buffalo,Wholesale,2019,5,,,,NY
SUNY Buffalo,Wholesale,2019,10,,,,NY
SUNY Buffalo State,Admin/Waste,2004,1,77,92,.8369565,NY
SUNY Buffalo State,Admin/Waste,2004,5,44,63,.69841272,NY
SUNY Buffalo State,Admin/Waste,2004,10,42,66,.63636363,NY
SUNY Buffalo State,Admin/Waste,2007,1,124,150,.82666665,NY
SUNY Buffalo State,Admin/Waste,2007,5,95,146,.65068495,NY
SUNY Buffalo State,Admin/Waste,2007,10,67,97,.69072163,NY
SUNY Buffalo State,Admin/Waste,2010,1,150,169,.88757396,NY
SUNY Buffalo State,Admin/Waste,2010,5,106,131,.80916029,NY
SUNY Buffalo State,Admin/Waste,2010,10,68,99,.68686867,NY
SUNY Buffalo State,Admin/Waste,2013,1,227,253,.89723319,NY
SUNY Buffalo State,Admin/Waste,2013,5,122,153,.79738563,NY
SUNY Buffalo State,Admin/Waste,2013,10,,,,NY
SUNY Buffalo State,Admin/Waste,2016,1,223,252,.88492066,NY
SUNY Buffalo State,Admin/Waste,2016,5,169,202,.83663368,NY
SUNY Buffalo State,Admin/Waste,2016,10,,,,NY
SUNY Buffalo State,Admin/Waste,2019,1,209,250,.83600003,NY
SUNY Buffalo State,Admin/Waste,2019,5,,,,NY
SUNY Buffalo State,Admin/Waste,2019,10,,,,NY
SUNY Buffalo State,Agriculture,2004,1,2,3,.66666669,NY
SUNY Buffalo State,Agriculture,2004,5,0,0,,NY
SUNY Buffalo State,Agriculture,2004,10,2,3,.66666669,NY
SUNY Buffalo State,Agriculture,2007,1,0,0,,NY
SUNY Buffalo State,Agriculture,2007,5,0,1,0,NY
SUNY Buffalo State,Agriculture,2007,10,1,4,.25,NY
SUNY Buffalo State,Agriculture,2010,1,0,0,,NY
SUNY Buffalo State,Agriculture,2010,5,0,0,,NY
SUNY Buffalo State,Agriculture,2010,10,0,3,0,NY
SUNY Buffalo State,Agriculture,2013,1,1,1,1,NY
SUNY Buffalo State,Agriculture,2013,5,1,3,.33333334,NY
SUNY Buffalo State,Agriculture,2013,10,,,,NY
SUNY Buffalo State,Agriculture,2016,1,2,3,.66666669,NY
SUNY Buffalo State,Agriculture,2016,5,0,1,0,NY
SUNY Buffalo State,Agriculture,2016,10,,,,NY
SUNY Buffalo State,Agriculture,2019,1,1,4,.25,NY
SUNY Buffalo State,Agriculture,2019,5,,,,NY
SUNY Buffalo State,Agriculture,2019,10,,,,NY
SUNY Buffalo State,Arts/Entertainment,2004,1,12,13,.92307693,NY
SUNY Buffalo State,Arts/Entertainment,2004,5,13,13,1,NY
SUNY Buffalo State,Arts/Entertainment,2004,10,7,9,.77777779,NY
SUNY Buffalo State,Arts/Entertainment,2007,1,26,31,.83870965,NY
SUNY Buffalo State,Arts/Entertainment,2007,5,26,42,.61904764,NY
SUNY Buffalo State,Arts/Entertainment,2007,10,16,27,.5925926,NY
SUNY Buffalo State,Arts/Entertainment,2010,1,34,36,.94444442,NY
SUNY Buffalo State,Arts/Entertainment,2010,5,35,36,.97222221,NY
SUNY Buffalo State,Arts/Entertainment,2010,10,25,30,.83333331,NY
SUNY Buffalo State,Arts/Entertainment,2013,1,58,60,.96666664,NY
SUNY Buffalo State,Arts/Entertainment,2013,5,50,61,.81967211,NY
SUNY Buffalo State,Arts/Entertainment,2013,10,,,,NY
SUNY Buffalo State,Arts/Entertainment,2016,1,69,76,.90789473,NY
SUNY Buffalo State,Arts/Entertainment,2016,5,34,37,.91891891,NY
SUNY Buffalo State,Arts/Entertainment,2016,10,,,,NY
SUNY Buffalo State,Arts/Entertainment,2019,1,28,34,.82352942,NY
SUNY Buffalo State,Arts/Entertainment,2019,5,,,,NY
SUNY Buffalo State,Arts/Entertainment,2019,10,,,,NY
SUNY Buffalo State,Construction,2004,1,8,11,.72727275,NY
SUNY Buffalo State,Construction,2004,5,12,16,.75,NY
SUNY Buffalo State,Construction,2004,10,16,21,.76190478,NY
SUNY Buffalo State,Construction,2007,1,30,42,.71428573,NY
SUNY Buffalo State,Construction,2007,5,24,37,.64864862,NY
SUNY Buffalo State,Construction,2007,10,28,37,.75675678,NY
SUNY Buffalo State,Construction,2010,1,22,27,.81481481,NY
SUNY Buffalo State,Construction,2010,5,27,31,.87096775,NY
SUNY Buffalo State,Construction,2010,10,32,39,.82051283,NY
SUNY Buffalo State,Construction,2013,1,29,34,.85294116,NY
SUNY Buffalo State,Construction,2013,5,44,58,.75862068,NY
SUNY Buffalo State,Construction,2013,10,,,,NY
SUNY Buffalo State,Construction,2016,1,44,55,.80000001,NY
SUNY Buffalo State,Construction,2016,5,43,48,.89583331,NY
SUNY Buffalo State,Construction,2016,10,,,,NY
SUNY Buffalo State,Construction,2019,1,31,39,.79487181,NY
SUNY Buffalo State,Construction,2019,5,,,,NY
SUNY Buffalo State,Construction,2019,10,,,,NY
SUNY Buffalo State,Education,2004,1,256,288,.8888889,NY
SUNY Buffalo State,Education,2004,5,350,412,.84951454,NY
SUNY Buffalo State,Education,2004,10,343,408,.84068626,NY
SUNY Buffalo State,Education,2007,1,328,415,.79036146,NY
SUNY Buffalo State,Education,2007,5,427,531,.80414313,NY
SUNY Buffalo State,Education,2007,10,487,582,.83676976,NY
SUNY Buffalo State,Education,2010,1,204,257,.79377431,NY
SUNY Buffalo State,Education,2010,5,411,520,.79038459,NY
SUNY Buffalo State,Education,2010,10,496,605,.81983471,NY
SUNY Buffalo State,Education,2013,1,286,354,.80790961,NY
SUNY Buffalo State,Education,2013,5,571,650,.87846154,NY
SUNY Buffalo State,Education,2013,10,,,,NY
SUNY Buffalo State,Education,2016,1,339,395,.85822785,NY
SUNY Buffalo State,Education,2016,5,569,625,.91039997,NY
SUNY Buffalo State,Education,2016,10,,,,NY
SUNY Buffalo State,Education,2019,1,438,488,.89754099,NY
SUNY Buffalo State,Education,2019,5,,,,NY
SUNY Buffalo State,Education,2019,10,,,,NY
SUNY Buffalo State,Finance,2004,1,85,95,.89473683,NY
SUNY Buffalo State,Finance,2004,5,91,111,.81981981,NY
SUNY Buffalo State,Finance,2004,10,101,119,.8487395,NY
SUNY Buffalo State,Finance,2007,1,140,166,.84337348,NY
SUNY Buffalo State,Finance,2007,5,185,218,.84862387,NY
SUNY Buffalo State,Finance,2007,10,175,210,.83333331,NY
SUNY Buffalo State,Finance,2010,1,163,177,.92090398,NY
SUNY Buffalo State,Finance,2010,5,241,257,.93774319,NY
SUNY Buffalo State,Finance,2010,10,225,264,.85227275,NY
SUNY Buffalo State,Finance,2013,1,226,243,.93004113,NY
SUNY Buffalo State,Finance,2013,5,303,342,.88596493,NY
SUNY Buffalo State,Finance,2013,10,,,,NY
SUNY Buffalo State,Finance,2016,1,202,219,.92237443,NY
SUNY Buffalo State,Finance,2016,5,243,281,.86476868,NY
SUNY Buffalo State,Finance,2016,10,,,,NY
SUNY Buffalo State,Finance,2019,1,155,178,.87078649,NY
SUNY Buffalo State,Finance,2019,5,,,,NY
SUNY Buffalo State,Finance,2019,10,,,,NY
SUNY Buffalo State,Food/Hospitality,2004,1,101,125,.80800003,NY
SUNY Buffalo State,Food/Hospitality,2004,5,52,82,.63414633,NY
SUNY Buffalo State,Food/Hospitality,2004,10,26,54,.48148149,NY
SUNY Buffalo State,Food/Hospitality,2007,1,220,249,.88353413,NY
SUNY Buffalo State,Food/Hospitality,2007,5,115,176,.65340906,NY
SUNY Buffalo State,Food/Hospitality,2007,10,85,120,.70833331,NY
SUNY Buffalo State,Food/Hospitality,2010,1,271,291,.93127149,NY
SUNY Buffalo State,Food/Hospitality,2010,5,139,172,.80813956,NY
SUNY Buffalo State,Food/Hospitality,2010,10,55,79,.69620252,NY
SUNY Buffalo State,Food/Hospitality,2013,1,360,398,.9045226,NY
SUNY Buffalo State,Food/Hospitality,2013,5,152,200,.75999999,NY
SUNY Buffalo State,Food/Hospitality,2013,10,,,,NY
SUNY Buffalo State,Food/Hospitality,2016,1,378,414,.9130435,NY
SUNY Buffalo State,Food/Hospitality,2016,5,160,208,.76923078,NY
SUNY Buffalo State,Food/Hospitality,2016,10,,,,NY
SUNY Buffalo State,Food/Hospitality,2019,1,254,286,.88811189,NY
SUNY Buffalo State,Food/Hospitality,2019,5,,,,NY
SUNY Buffalo State,Food/Hospitality,2019,10,,,,NY
SUNY Buffalo State,Health Care,2004,1,205,243,.84362137,NY
SUNY Buffalo State,Health Care,2004,5,243,295,.8237288,NY
SUNY Buffalo State,Health Care,2004,10,212,270,.78518516,NY
SUNY Buffalo State,Health Care,2007,1,315,370,.85135138,NY
SUNY Buffalo State,Health Care,2007,5,371,448,.828125,NY
SUNY Buffalo State,Health Care,2007,10,368,442,.8325792,NY
SUNY Buffalo State,Health Care,2010,1,376,408,.92156863,NY
SUNY Buffalo State,Health Care,2010,5,443,504,.87896824,NY
SUNY Buffalo State,Health Care,2010,10,386,445,.86741573,NY
SUNY Buffalo State,Health Care,2013,1,474,516,.91860467,NY
SUNY Buffalo State,Health Care,2013,5,550,633,.86887836,NY
SUNY Buffalo State,Health Care,2013,10,,,,NY
SUNY Buffalo State,Health Care,2016,1,633,706,.89660054,NY
SUNY Buffalo State,Health Care,2016,5,585,680,.8602941,NY
SUNY Buffalo State,Health Care,2016,10,,,,NY
SUNY Buffalo State,Health Care,2019,1,547,609,.89819378,NY
SUNY Buffalo State,Health Care,2019,5,,,,NY
SUNY Buffalo State,Health Care,2019,10,,,,NY
SUNY Buffalo State,Information,2004,1,27,32,.84375,NY
SUNY Buffalo State,Information,2004,5,26,36,.72222221,NY
SUNY Buffalo State,Information,2004,10,18,32,.5625,NY
SUNY Buffalo State,Information,2007,1,37,50,.74000001,NY
SUNY Buffalo State,Information,2007,5,40,62,.64516127,NY
SUNY Buffalo State,Information,2007,10,34,46,.73913044,NY
SUNY Buffalo State,Information,2010,1,51,54,.94444442,NY
SUNY Buffalo State,Information,2010,5,55,66,.83333331,NY
SUNY Buffalo State,Information,2010,10,41,54,.75925928,NY
SUNY Buffalo State,Information,2013,1,66,75,.88,NY
SUNY Buffalo State,Information,2013,5,74,93,.79569894,NY
SUNY Buffalo State,Information,2013,10,,,,NY
SUNY Buffalo State,Information,2016,1,84,91,.92307693,NY
SUNY Buffalo State,Information,2016,5,67,82,.81707317,NY
SUNY Buffalo State,Information,2016,10,,,,NY
SUNY Buffalo State,Information,2019,1,55,63,.87301588,NY
SUNY Buffalo State,Information,2019,5,,,,NY
SUNY Buffalo State,Information,2019,10,,,,NY
SUNY Buffalo State,Management,2004,1,28,33,.84848487,NY
SUNY Buffalo State,Management,2004,5,28,38,.7368421,NY
SUNY Buffalo State,Management,2004,10,19,27,.7037037,NY
SUNY Buffalo State,Management,2007,1,62,67,.92537314,NY
SUNY Buffalo State,Management,2007,5,78,83,.93975902,NY
SUNY Buffalo State,Management,2007,10,50,56,.89285713,NY
SUNY Buffalo State,Management,2010,1,57,66,.86363637,NY
SUNY Buffalo State,Management,2010,5,78,79,.98734176,NY
SUNY Buffalo State,Management,2010,10,55,64,.859375,NY
SUNY Buffalo State,Management,2013,1,81,89,.91011238,NY
SUNY Buffalo State,Management,2013,5,90,98,.91836733,NY
SUNY Buffalo State,Management,2013,10,,,,NY
SUNY Buffalo State,Management,2016,1,93,96,.96875,NY
SUNY Buffalo State,Management,2016,5,85,88,.96590906,NY
SUNY Buffalo State,Management,2016,10,,,,NY
SUNY Buffalo State,Management,2019,1,68,74,.91891891,NY
SUNY Buffalo State,Management,2019,5,,,,NY
SUNY Buffalo State,Management,2019,10,,,,NY
SUNY Buffalo State,Manufacturing,2004,1,60,83,.72289157,NY
SUNY Buffalo State,Manufacturing,2004,5,69,104,.66346157,NY
SUNY Buffalo State,Manufacturing,2004,10,59,83,.71084338,NY
SUNY Buffalo State,Manufacturing,2007,1,79,113,.69911504,NY
SUNY Buffalo State,Manufacturing,2007,5,110,162,.67901236,NY
SUNY Buffalo State,Manufacturing,2007,10,96,134,.71641791,NY
SUNY Buffalo State,Manufacturing,2010,1,121,150,.80666667,NY
SUNY Buffalo State,Manufacturing,2010,5,158,199,.79396987,NY
SUNY Buffalo State,Manufacturing,2010,10,152,190,.80000001,NY
SUNY Buffalo State,Manufacturing,2013,1,141,169,.83431953,NY
SUNY Buffalo State,Manufacturing,2013,5,181,221,.81900454,NY
SUNY Buffalo State,Manufacturing,2013,10,,,,NY
SUNY Buffalo State,Manufacturing,2016,1,220,265,.83018869,NY
SUNY Buffalo State,Manufacturing,2016,5,233,251,.92828685,NY
SUNY Buffalo State,Manufacturing,2016,10,,,,NY
SUNY Buffalo State,Manufacturing,2019,1,185,217,.85253453,NY
SUNY Buffalo State,Manufacturing,2019,5,,,,NY
SUNY Buffalo State,Manufacturing,2019,10,,,,NY
SUNY Buffalo State,Mining,2004,1,0,0,,NY
SUNY Buffalo State,Mining,2004,5,2,3,.66666669,NY
SUNY Buffalo State,Mining,2004,10,1,1,1,NY
SUNY Buffalo State,Mining,2007,1,0,1,0,NY
SUNY Buffalo State,Mining,2007,5,0,0,,NY
SUNY Buffalo State,Mining,2007,10,0,1,0,NY
SUNY Buffalo State,Mining,2010,1,0,0,,NY
SUNY Buffalo State,Mining,2010,5,1,1,1,NY
SUNY Buffalo State,Mining,2010,10,1,1,1,NY
SUNY Buffalo State,Mining,2013,1,0,1,0,NY
SUNY Buffalo State,Mining,2013,5,0,0,,NY
SUNY Buffalo State,Mining,2013,10,,,,NY
SUNY Buffalo State,Mining,2016,1,0,2,0,NY
SUNY Buffalo State,Mining,2016,5,0,0,,NY
SUNY Buffalo State,Mining,2016,10,,,,NY
SUNY Buffalo State,Mining,2019,1,1,1,1,NY
SUNY Buffalo State,Mining,2019,5,,,,NY
SUNY Buffalo State,Mining,2019,10,,,,NY
SUNY Buffalo State,Other Services,2004,1,26,32,.8125,NY
SUNY Buffalo State,Other Services,2004,5,37,42,.88095236,NY
SUNY Buffalo State,Other Services,2004,10,28,37,.75675678,NY
SUNY Buffalo State,Other Services,2007,1,69,80,.86250001,NY
SUNY Buffalo State,Other Services,2007,5,66,84,.78571427,NY
SUNY Buffalo State,Other Services,2007,10,48,61,.78688526,NY
SUNY Buffalo State,Other Services,2010,1,63,74,.85135138,NY
SUNY Buffalo State,Other Services,2010,5,60,68,.88235295,NY
SUNY Buffalo State,Other Services,2010,10,66,86,.76744187,NY
SUNY Buffalo State,Other Services,2013,1,90,105,.85714287,NY
SUNY Buffalo State,Other Services,2013,5,100,114,.87719297,NY
SUNY Buffalo State,Other Services,2013,10,,,,NY
SUNY Buffalo State,Other Services,2016,1,105,117,.8974359,NY
SUNY Buffalo State,Other Services,2016,5,89,104,.85576922,NY
SUNY Buffalo State,Other Services,2016,10,,,,NY
SUNY Buffalo State,Other Services,2019,1,100,109,.91743118,NY
SUNY Buffalo State,Other Services,2019,5,,,,NY
SUNY Buffalo State,Other Services,2019,10,,,,NY
SUNY Buffalo State,Professional Services,2004,1,68,81,.83950615,NY
SUNY Buffalo State,Professional Services,2004,5,67,92,.72826087,NY
SUNY Buffalo State,Professional Services,2004,10,59,99,.5959596,NY
SUNY Buffalo State,Professional Services,2007,1,97,131,.74045801,NY
SUNY Buffalo State,Professional Services,2007,5,115,177,.64971751,NY
SUNY Buffalo State,Professional Services,2007,10,117,162,.72222221,NY
SUNY Buffalo State,Professional Services,2010,1,89,111,.8018018,NY
SUNY Buffalo State,Professional Services,2010,5,118,138,.85507244,NY
SUNY Buffalo State,Professional Services,2010,10,132,174,.75862068,NY
SUNY Buffalo State,Professional Services,2013,1,164,186,.88172042,NY
SUNY Buffalo State,Professional Services,2013,5,250,281,.88967973,NY
SUNY Buffalo State,Professional Services,2013,10,,,,NY
SUNY Buffalo State,Professional Services,2016,1,218,254,.85826772,NY
SUNY Buffalo State,Professional Services,2016,5,263,312,.84294873,NY
SUNY Buffalo State,Professional Services,2016,10,,,,NY
SUNY Buffalo State,Professional Services,2019,1,205,243,.84362137,NY
SUNY Buffalo State,Professional Services,2019,5,,,,NY
SUNY Buffalo State,Professional Services,2019,10,,,,NY
SUNY Buffalo State,Public Admin,2004,1,34,46,.73913044,NY
SUNY Buffalo State,Public Admin,2004,5,70,84,.83333331,NY
SUNY Buffalo State,Public Admin,2004,10,85,103,.8252427,NY
SUNY Buffalo State,Public Admin,2007,1,52,86,.60465115,NY
SUNY Buffalo State,Public Admin,2007,5,114,141,.80851066,NY
SUNY Buffalo State,Public Admin,2007,10,148,176,.84090906,NY
SUNY Buffalo State,Public Admin,2010,1,70,77,.90909094,NY
SUNY Buffalo State,Public Admin,2010,5,140,151,.92715234,NY
SUNY Buffalo State,Public Admin,2010,10,212,250,.84799999,NY
SUNY Buffalo State,Public Admin,2013,1,85,105,.80952382,NY
SUNY Buffalo State,Public Admin,2013,5,261,291,.89690721,NY
SUNY Buffalo State,Public Admin,2013,10,,,,NY
SUNY Buffalo State,Public Admin,2016,1,117,146,.80136985,NY
SUNY Buffalo State,Public Admin,2016,5,223,272,.81985295,NY
SUNY Buffalo State,Public Admin,2016,10,,,,NY
SUNY Buffalo State,Public Admin,2019,1,100,113,.88495576,NY
SUNY Buffalo State,Public Admin,2019,5,,,,NY
SUNY Buffalo State,Public Admin,2019,10,,,,NY
SUNY Buffalo State,Real Estate,2004,1,9,14,.64285713,NY
SUNY Buffalo State,Real Estate,2004,5,13,20,.64999998,NY
SUNY Buffalo State,Real Estate,2004,10,2,5,.40000001,NY
SUNY Buffalo State,Real Estate,2007,1,19,27,.7037037,NY
SUNY Buffalo State,Real Estate,2007,5,20,33,.60606062,NY
SUNY Buffalo State,Real Estate,2007,10,12,22,.54545456,NY
SUNY Buffalo State,Real Estate,2010,1,16,23,.69565219,NY
SUNY Buffalo State,Real Estate,2010,5,21,24,.875,NY
SUNY Buffalo State,Real Estate,2010,10,24,32,.75,NY
SUNY Buffalo State,Real Estate,2013,1,31,40,.77499998,NY
SUNY Buffalo State,Real Estate,2013,5,46,51,.90196079,NY
SUNY Buffalo State,Real Estate,2013,10,,,,NY
SUNY Buffalo State,Real Estate,2016,1,45,52,.86538464,NY
SUNY Buffalo State,Real Estate,2016,5,45,49,.91836733,NY
SUNY Buffalo State,Real Estate,2016,10,,,,NY
SUNY Buffalo State,Real Estate,2019,1,38,45,.84444445,NY
SUNY Buffalo State,Real Estate,2019,5,,,,NY
SUNY Buffalo State,Real Estate,2019,10,,,,NY
SUNY Buffalo State,Retail,2004,1,131,165,.79393941,NY
SUNY Buffalo State,Retail,2004,5,62,94,.65957445,NY
SUNY Buffalo State,Retail,2004,10,42,69,.60869563,NY
SUNY Buffalo State,Retail,2007,1,244,281,.86832738,NY
SUNY Buffalo State,Retail,2007,5,139,189,.73544973,NY
SUNY Buffalo State,Retail,2007,10,96,140,.6857143,NY
SUNY Buffalo State,Retail,2010,1,308,345,.8927536,NY
SUNY Buffalo State,Retail,2010,5,148,183,.80874318,NY
SUNY Buffalo State,Retail,2010,10,92,132,.69696969,NY
SUNY Buffalo State,Retail,2013,1,406,463,.87688982,NY
SUNY Buffalo State,Retail,2013,5,193,259,.74517375,NY
SUNY Buffalo State,Retail,2013,10,,,,NY
SUNY Buffalo State,Retail,2016,1,404,430,.9395349,NY
SUNY Buffalo State,Retail,2016,5,222,256,.8671875,NY
SUNY Buffalo State,Retail,2016,10,,,,NY
SUNY Buffalo State,Retail,2019,1,406,442,.91855204,NY
SUNY Buffalo State,Retail,2019,5,,,,NY
SUNY Buffalo State,Retail,2019,10,,,,NY
SUNY Buffalo State,Transportation,2004,1,19,20,.94999999,NY
SUNY Buffalo State,Transportation,2004,5,23,30,.76666665,NY
SUNY Buffalo State,Transportation,2004,10,15,19,.78947371,NY
SUNY Buffalo State,Transportation,2007,1,43,49,.87755102,NY
SUNY Buffalo State,Transportation,2007,5,44,53,.83018869,NY
SUNY Buffalo State,Transportation,2007,10,34,48,.70833331,NY
SUNY Buffalo State,Transportation,2010,1,32,41,.78048778,NY
SUNY Buffalo State,Transportation,2010,5,45,54,.83333331,NY
SUNY Buffalo State,Transportation,2010,10,39,48,.8125,NY
SUNY Buffalo State,Transportation,2013,1,40,42,.95238096,NY
SUNY Buffalo State,Transportation,2013,5,61,69,.884058,NY
SUNY Buffalo State,Transportation,2013,10,,,,NY
SUNY Buffalo State,Transportation,2016,1,57,67,.85074627,NY
SUNY Buffalo State,Transportation,2016,5,65,70,.9285714,NY
SUNY Buffalo State,Transportation,2016,10,,,,NY
SUNY Buffalo State,Transportation,2019,1,66,80,.82499999,NY
SUNY Buffalo State,Transportation,2019,5,,,,NY
SUNY Buffalo State,Transportation,2019,10,,,,NY
SUNY Buffalo State,Utilities,2004,1,0,0,,NY
SUNY Buffalo State,Utilities,2004,5,1,1,1,NY
SUNY Buffalo State,Utilities,2004,10,3,3,1,NY
SUNY Buffalo State,Utilities,2007,1,4,7,.5714286,NY
SUNY Buffalo State,Utilities,2007,5,8,8,1,NY
SUNY Buffalo State,Utilities,2007,10,10,10,1,NY
SUNY Buffalo State,Utilities,2010,1,1,1,1,NY
SUNY Buffalo State,Utilities,2010,5,5,5,1,NY
SUNY Buffalo State,Utilities,2010,10,14,15,.93333334,NY
SUNY Buffalo State,Utilities,2013,1,0,0,,NY
SUNY Buffalo State,Utilities,2013,5,4,4,1,NY
SUNY Buffalo State,Utilities,2013,10,,,,NY
SUNY Buffalo State,Utilities,2016,1,4,5,.80000001,NY
SUNY Buffalo State,Utilities,2016,5,16,16,1,NY
SUNY Buffalo State,Utilities,2016,10,,,,NY
SUNY Buffalo State,Utilities,2019,1,12,14,.85714287,NY
SUNY Buffalo State,Utilities,2019,5,,,,NY
SUNY Buffalo State,Utilities,2019,10,,,,NY
SUNY Buffalo State,Wholesale,2004,1,33,50,.66000003,NY
SUNY Buffalo State,Wholesale,2004,5,31,50,.62,NY
SUNY Buffalo State,Wholesale,2004,10,30,62,.48387095,NY
SUNY Buffalo State,Wholesale,2007,1,63,89,.70786518,NY
SUNY Buffalo State,Wholesale,2007,5,75,100,.75,NY
SUNY Buffalo State,Wholesale,2007,10,65,80,.8125,NY
SUNY Buffalo State,Wholesale,2010,1,65,69,.942029,NY
SUNY Buffalo State,Wholesale,2010,5,101,107,.94392526,NY
SUNY Buffalo State,Wholesale,2010,10,95,116,.81896549,NY
SUNY Buffalo State,Wholesale,2013,1,97,111,.87387389,NY
SUNY Buffalo State,Wholesale,2013,5,111,132,.84090906,NY
SUNY Buffalo State,Wholesale,2013,10,,,,NY
SUNY Buffalo State,Wholesale,2016,1,114,128,.890625,NY
SUNY Buffalo State,Wholesale,2016,5,127,151,.84105963,NY
SUNY Buffalo State,Wholesale,2016,10,,,,NY
SUNY Buffalo State,Wholesale,2019,1,88,105,.83809525,NY
SUNY Buffalo State,Wholesale,2019,5,,,,NY
SUNY Buffalo State,Wholesale,2019,10,,,,NY
SUNY Cortland,Admin/Waste,2004,1,86,124,.69354838,NY
SUNY Cortland,Admin/Waste,2004,5,59,79,.74683547,NY
SUNY Cortland,Admin/Waste,2004,10,61,96,.63541669,NY
SUNY Cortland,Admin/Waste,2007,1,77,97,.79381442,NY
SUNY Cortland,Admin/Waste,2007,5,76,119,.63865548,NY
SUNY Cortland,Admin/Waste,2007,10,63,90,.69999999,NY
SUNY Cortland,Admin/Waste,2010,1,122,139,.87769783,NY
SUNY Cortland,Admin/Waste,2010,5,93,117,.79487181,NY
SUNY Cortland,Admin/Waste,2010,10,84,137,.61313868,NY
SUNY Cortland,Admin/Waste,2013,1,123,146,.84246576,NY
SUNY Cortland,Admin/Waste,2013,5,102,139,.73381293,NY
SUNY Cortland,Admin/Waste,2013,10,,,,NY
SUNY Cortland,Admin/Waste,2016,1,166,202,.82178217,NY
SUNY Cortland,Admin/Waste,2016,5,105,156,.67307693,NY
SUNY Cortland,Admin/Waste,2016,10,,,,NY
SUNY Cortland,Admin/Waste,2019,1,129,144,.89583331,NY
SUNY Cortland,Admin/Waste,2019,5,,,,NY
SUNY Cortland,Admin/Waste,2019,10,,,,NY
SUNY Cortland,Agriculture,2004,1,0,4,0,NY
SUNY Cortland,Agriculture,2004,5,0,0,,NY
SUNY Cortland,Agriculture,2004,10,3,3,1,NY
SUNY Cortland,Agriculture,2007,1,1,1,1,NY
SUNY Cortland,Agriculture,2007,5,3,3,1,NY
SUNY Cortland,Agriculture,2007,10,1,6,.16666667,NY
SUNY Cortland,Agriculture,2010,1,2,4,.5,NY
SUNY Cortland,Agriculture,2010,5,1,1,1,NY
SUNY Cortland,Agriculture,2010,10,3,6,.5,NY
SUNY Cortland,Agriculture,2013,1,1,2,.5,NY
SUNY Cortland,Agriculture,2013,5,2,5,.40000001,NY
SUNY Cortland,Agriculture,2013,10,,,,NY
SUNY Cortland,Agriculture,2016,1,6,7,.85714287,NY
SUNY Cortland,Agriculture,2016,5,2,7,.2857143,NY
SUNY Cortland,Agriculture,2016,10,,,,NY
SUNY Cortland,Agriculture,2019,1,0,3,0,NY
SUNY Cortland,Agriculture,2019,5,,,,NY
SUNY Cortland,Agriculture,2019,10,,,,NY
SUNY Cortland,Arts/Entertainment,2004,1,91,115,.79130435,NY
SUNY Cortland,Arts/Entertainment,2004,5,38,63,.60317463,NY
SUNY Cortland,Arts/Entertainment,2004,10,35,61,.57377046,NY
SUNY Cortland,Arts/Entertainment,2007,1,101,111,.9099099,NY
SUNY Cortland,Arts/Entertainment,2007,5,78,112,.6964286,NY
SUNY Cortland,Arts/Entertainment,2007,10,50,101,.49504951,NY
SUNY Cortland,Arts/Entertainment,2010,1,112,122,.91803277,NY
SUNY Cortland,Arts/Entertainment,2010,5,83,116,.71551722,NY
SUNY Cortland,Arts/Entertainment,2010,10,52,74,.7027027,NY
SUNY Cortland,Arts/Entertainment,2013,1,124,156,.79487181,NY
SUNY Cortland,Arts/Entertainment,2013,5,87,115,.75652176,NY
SUNY Cortland,Arts/Entertainment,2013,10,,,,NY
SUNY Cortland,Arts/Entertainment,2016,1,130,156,.83333331,NY
SUNY Cortland,Arts/Entertainment,2016,5,68,98,.69387758,NY
SUNY Cortland,Arts/Entertainment,2016,10,,,,NY
SUNY Cortland,Arts/Entertainment,2019,1,105,125,.83999997,NY
SUNY Cortland,Arts/Entertainment,2019,5,,,,NY
SUNY Cortland,Arts/Entertainment,2019,10,,,,NY
SUNY Cortland,Construction,2004,1,37,42,.88095236,NY
SUNY Cortland,Construction,2004,5,26,42,.61904764,NY
SUNY Cortland,Construction,2004,10,33,58,.56896549,NY
SUNY Cortland,Construction,2007,1,39,44,.88636363,NY
SUNY Cortland,Construction,2007,5,39,58,.67241377,NY
SUNY Cortland,Construction,2007,10,49,69,.71014494,NY
SUNY Cortland,Construction,2010,1,60,65,.92307693,NY
SUNY Cortland,Construction,2010,5,66,88,.75,NY
SUNY Cortland,Construction,2010,10,60,84,.71428573,NY
SUNY Cortland,Construction,2013,1,65,78,.83333331,NY
SUNY Cortland,Construction,2013,5,66,77,.85714287,NY
SUNY Cortland,Construction,2013,10,,,,NY
SUNY Cortland,Construction,2016,1,56,69,.81159419,NY
SUNY Cortland,Construction,2016,5,53,67,.79104477,NY
SUNY Cortland,Construction,2016,10,,,,NY
SUNY Cortland,Construction,2019,1,64,72,.8888889,NY
SUNY Cortland,Construction,2019,5,,,,NY
SUNY Cortland,Construction,2019,10,,,,NY
SUNY Cortland,Education,2004,1,916,1104,.82971013,NY
SUNY Cortland,Education,2004,5,1159,1467,.79004771,NY
SUNY Cortland,Education,2004,10,1156,1471,.78585994,NY
SUNY Cortland,Education,2007,1,748,876,.8538813,NY
SUNY Cortland,Education,2007,5,967,1304,.74156439,NY
SUNY Cortland,Education,2007,10,1036,1369,.75675678,NY
SUNY Cortland,Education,2010,1,635,748,.84893048,NY
SUNY Cortland,Education,2010,5,1106,1454,.76066023,NY
SUNY Cortland,Education,2010,10,1124,1442,.77947295,NY
SUNY Cortland,Education,2013,1,784,941,.83315623,NY
SUNY Cortland,Education,2013,5,1162,1402,.828816,NY
SUNY Cortland,Education,2013,10,,,,NY
SUNY Cortland,Education,2016,1,786,902,.8713969,NY
SUNY Cortland,Education,2016,5,1034,1196,.8645485,NY
SUNY Cortland,Education,2016,10,,,,NY
SUNY Cortland,Education,2019,1,953,1046,.91108984,NY
SUNY Cortland,Education,2019,5,,,,NY
SUNY Cortland,Education,2019,10,,,,NY
SUNY Cortland,Finance,2004,1,93,112,.83035713,NY
SUNY Cortland,Finance,2004,5,104,133,.78195488,NY
SUNY Cortland,Finance,2004,10,95,124,.76612902,NY
SUNY Cortland,Finance,2007,1,87,97,.89690721,NY
SUNY Cortland,Finance,2007,5,115,150,.76666665,NY
SUNY Cortland,Finance,2007,10,112,144,.77777779,NY
SUNY Cortland,Finance,2010,1,98,108,.9074074,NY
SUNY Cortland,Finance,2010,5,131,157,.83439493,NY
SUNY Cortland,Finance,2010,10,117,163,.71779144,NY
SUNY Cortland,Finance,2013,1,110,135,.81481481,NY
SUNY Cortland,Finance,2013,5,145,182,.79670328,NY
SUNY Cortland,Finance,2013,10,,,,NY
SUNY Cortland,Finance,2016,1,101,125,.80800003,NY
SUNY Cortland,Finance,2016,5,120,165,.72727275,NY
SUNY Cortland,Finance,2016,10,,,,NY
SUNY Cortland,Finance,2019,1,104,123,.84552848,NY
SUNY Cortland,Finance,2019,5,,,,NY
SUNY Cortland,Finance,2019,10,,,,NY
SUNY Cortland,Food/Hospitality,2004,1,156,192,.8125,NY
SUNY Cortland,Food/Hospitality,2004,5,71,105,.6761905,NY
SUNY Cortland,Food/Hospitality,2004,10,56,100,.56,NY
SUNY Cortland,Food/Hospitality,2007,1,181,212,.85377359,NY
SUNY Cortland,Food/Hospitality,2007,5,81,148,.5472973,NY
SUNY Cortland,Food/Hospitality,2007,10,60,118,.50847459,NY
SUNY Cortland,Food/Hospitality,2010,1,233,254,.91732281,NY
SUNY Cortland,Food/Hospitality,2010,5,94,144,.65277779,NY
SUNY Cortland,Food/Hospitality,2010,10,48,86,.55813956,NY
SUNY Cortland,Food/Hospitality,2013,1,226,259,.87258685,NY
SUNY Cortland,Food/Hospitality,2013,5,93,133,.69924814,NY
SUNY Cortland,Food/Hospitality,2013,10,,,,NY
SUNY Cortland,Food/Hospitality,2016,1,223,266,.83834589,NY
SUNY Cortland,Food/Hospitality,2016,5,88,140,.62857145,NY
SUNY Cortland,Food/Hospitality,2016,10,,,,NY
SUNY Cortland,Food/Hospitality,2019,1,234,262,.89312977,NY
SUNY Cortland,Food/Hospitality,2019,5,,,,NY
SUNY Cortland,Food/Hospitality,2019,10,,,,NY
SUNY Cortland,Health Care,2004,1,327,384,.8515625,NY
SUNY Cortland,Health Care,2004,5,345,458,.7532751,NY
SUNY Cortland,Health Care,2004,10,355,500,.70999998,NY
SUNY Cortland,Health Care,2007,1,333,375,.88800001,NY
SUNY Cortland,Health Care,2007,5,433,551,.78584391,NY
SUNY Cortland,Health Care,2007,10,387,524,.73854959,NY
SUNY Cortland,Health Care,2010,1,409,443,.92325056,NY
SUNY Cortland,Health Care,2010,5,458,599,.76460767,NY
SUNY Cortland,Health Care,2010,10,395,524,.75381678,NY
SUNY Cortland,Health Care,2013,1,414,485,.85360825,NY
SUNY Cortland,Health Care,2013,5,526,645,.8155039,NY
SUNY Cortland,Health Care,2013,10,,,,NY
SUNY Cortland,Health Care,2016,1,512,608,.84210527,NY
SUNY Cortland,Health Care,2016,5,577,710,.81267607,NY
SUNY Cortland,Health Care,2016,10,,,,NY
SUNY Cortland,Health Care,2019,1,443,493,.89858013,NY
SUNY Cortland,Health Care,2019,5,,,,NY
SUNY Cortland,Health Care,2019,10,,,,NY
SUNY Cortland,Information,2004,1,48,64,.75,NY
SUNY Cortland,Information,2004,5,54,72,.75,NY
SUNY Cortland,Information,2004,10,37,57,.64912283,NY
SUNY Cortland,Information,2007,1,33,45,.73333335,NY
SUNY Cortland,Information,2007,5,53,82,.64634144,NY
SUNY Cortland,Information,2007,10,38,63,.60317463,NY
SUNY Cortland,Information,2010,1,37,41,.902439,NY
SUNY Cortland,Information,2010,5,55,76,.72368419,NY
SUNY Cortland,Information,2010,10,44,66,.66666669,NY
SUNY Cortland,Information,2013,1,54,66,.81818181,NY
SUNY Cortland,Information,2013,5,67,79,.84810126,NY
SUNY Cortland,Information,2013,10,,,,NY
SUNY Cortland,Information,2016,1,57,74,.77027029,NY
SUNY Cortland,Information,2016,5,60,86,.69767439,NY
SUNY Cortland,Information,2016,10,,,,NY
SUNY Cortland,Information,2019,1,58,68,.85294116,NY
SUNY Cortland,Information,2019,5,,,,NY
SUNY Cortland,Information,2019,10,,,,NY
SUNY Cortland,Management,2004,1,23,31,.74193549,NY
SUNY Cortland,Management,2004,5,22,26,.84615386,NY
SUNY Cortland,Management,2004,10,18,30,.60000002,NY
SUNY Cortland,Management,2007,1,24,32,.75,NY
SUNY Cortland,Management,2007,5,39,56,.6964286,NY
SUNY Cortland,Management,2007,10,22,27,.81481481,NY
SUNY Cortland,Management,2010,1,27,32,.84375,NY
SUNY Cortland,Management,2010,5,35,39,.8974359,NY
SUNY Cortland,Management,2010,10,35,45,.77777779,NY
SUNY Cortland,Management,2013,1,32,38,.84210527,NY
SUNY Cortland,Management,2013,5,40,47,.85106385,NY
SUNY Cortland,Management,2013,10,,,,NY
SUNY Cortland,Management,2016,1,34,38,.89473683,NY
SUNY Cortland,Management,2016,5,37,50,.74000001,NY
SUNY Cortland,Management,2016,10,,,,NY
SUNY Cortland,Management,2019,1,30,38,.78947371,NY
SUNY Cortland,Management,2019,5,,,,NY
SUNY Cortland,Management,2019,10,,,,NY
SUNY Cortland,Manufacturing,2004,1,53,76,.69736844,NY
SUNY Cortland,Manufacturing,2004,5,50,71,.70422536,NY
SUNY Cortland,Manufacturing,2004,10,52,92,.56521738,NY
SUNY Cortland,Manufacturing,2007,1,32,43,.74418604,NY
SUNY Cortland,Manufacturing,2007,5,60,91,.65934068,NY
SUNY Cortland,Manufacturing,2007,10,69,107,.64485979,NY
SUNY Cortland,Manufacturing,2010,1,36,48,.75,NY
SUNY Cortland,Manufacturing,2010,5,72,103,.69902915,NY
SUNY Cortland,Manufacturing,2010,10,75,110,.68181819,NY
SUNY Cortland,Manufacturing,2013,1,66,88,.75,NY
SUNY Cortland,Manufacturing,2013,5,72,96,.75,NY
SUNY Cortland,Manufacturing,2013,10,,,,NY
SUNY Cortland,Manufacturing,2016,1,65,82,.79268295,NY
SUNY Cortland,Manufacturing,2016,5,67,88,.76136363,NY
SUNY Cortland,Manufacturing,2016,10,,,,NY
SUNY Cortland,Manufacturing,2019,1,59,90,.65555555,NY
SUNY Cortland,Manufacturing,2019,5,,,,NY
SUNY Cortland,Manufacturing,2019,10,,,,NY
SUNY Cortland,Mining,2004,1,1,1,1,NY
SUNY Cortland,Mining,2004,5,1,1,1,NY
SUNY Cortland,Mining,2004,10,0,1,0,NY
SUNY Cortland,Mining,2007,1,2,2,1,NY
SUNY Cortland,Mining,2007,5,1,3,.33333334,NY
SUNY Cortland,Mining,2007,10,2,4,.5,NY
SUNY Cortland,Mining,2010,1,1,1,1,NY
SUNY Cortland,Mining,2010,5,0,3,0,NY
SUNY Cortland,Mining,2010,10,0,1,0,NY
SUNY Cortland,Mining,2013,1,0,0,,NY
SUNY Cortland,Mining,2013,5,1,2,.5,NY
SUNY Cortland,Mining,2013,10,,,,NY
SUNY Cortland,Mining,2016,1,1,1,1,NY
SUNY Cortland,Mining,2016,5,1,2,.5,NY
SUNY Cortland,Mining,2016,10,,,,NY
SUNY Cortland,Mining,2019,1,0,0,,NY
SUNY Cortland,Mining,2019,5,,,,NY
SUNY Cortland,Mining,2019,10,,,,NY
SUNY Cortland,Other Services,2004,1,62,68,.91176468,NY
SUNY Cortland,Other Services,2004,5,55,77,.71428573,NY
SUNY Cortland,Other Services,2004,10,43,65,.66153848,NY
SUNY Cortland,Other Services,2007,1,57,61,.93442625,NY
SUNY Cortland,Other Services,2007,5,50,72,.69444442,NY
SUNY Cortland,Other Services,2007,10,47,73,.6438356,NY
SUNY Cortland,Other Services,2010,1,50,52,.96153843,NY
SUNY Cortland,Other Services,2010,5,47,65,.72307694,NY
SUNY Cortland,Other Services,2010,10,38,50,.75999999,NY
SUNY Cortland,Other Services,2013,1,63,73,.86301368,NY
SUNY Cortland,Other Services,2013,5,64,77,.83116883,NY
SUNY Cortland,Other Services,2013,10,,,,NY
SUNY Cortland,Other Services,2016,1,64,81,.79012346,NY
SUNY Cortland,Other Services,2016,5,38,56,.6785714,NY
SUNY Cortland,Other Services,2016,10,,,,NY
SUNY Cortland,Other Services,2019,1,65,76,.85526317,NY
SUNY Cortland,Other Services,2019,5,,,,NY
SUNY Cortland,Other Services,2019,10,,,,NY
SUNY Cortland,Professional Services,2004,1,103,129,.79844964,NY
SUNY Cortland,Professional Services,2004,5,103,123,.83739835,NY
SUNY Cortland,Professional Services,2004,10,93,140,.66428572,NY
SUNY Cortland,Professional Services,2007,1,87,107,.81308413,NY
SUNY Cortland,Professional Services,2007,5,126,183,.6885246,NY
SUNY Cortland,Professional Services,2007,10,117,173,.67630059,NY
SUNY Cortland,Professional Services,2010,1,116,132,.87878788,NY
SUNY Cortland,Professional Services,2010,5,151,194,.77835053,NY
SUNY Cortland,Professional Services,2010,10,158,233,.67811161,NY
SUNY Cortland,Professional Services,2013,1,182,220,.82727271,NY
SUNY Cortland,Professional Services,2013,5,212,269,.78810412,NY
SUNY Cortland,Professional Services,2013,10,,,,NY
SUNY Cortland,Professional Services,2016,1,168,205,.81951219,NY
SUNY Cortland,Professional Services,2016,5,194,260,.74615383,NY
SUNY Cortland,Professional Services,2016,10,,,,NY
SUNY Cortland,Professional Services,2019,1,167,189,.88359791,NY
SUNY Cortland,Professional Services,2019,5,,,,NY
SUNY Cortland,Professional Services,2019,10,,,,NY
SUNY Cortland,Public Admin,2004,1,150,168,.89285713,NY
SUNY Cortland,Public Admin,2004,5,197,227,.86784142,NY
SUNY Cortland,Public Admin,2004,10,225,284,.79225349,NY
SUNY Cortland,Public Admin,2007,1,133,150,.88666666,NY
SUNY Cortland,Public Admin,2007,5,210,253,.8300395,NY
SUNY Cortland,Public Admin,2007,10,260,323,.80495358,NY
SUNY Cortland,Public Admin,2010,1,111,132,.84090906,NY
SUNY Cortland,Public Admin,2010,5,258,304,.84868419,NY
SUNY Cortland,Public Admin,2010,10,301,360,.83611113,NY
SUNY Cortland,Public Admin,2013,1,142,170,.83529413,NY
SUNY Cortland,Public Admin,2013,5,306,335,.91343284,NY
SUNY Cortland,Public Admin,2013,10,,,,NY
SUNY Cortland,Public Admin,2016,1,164,183,.89617485,NY
SUNY Cortland,Public Admin,2016,5,266,286,.93006992,NY
SUNY Cortland,Public Admin,2016,10,,,,NY
SUNY Cortland,Public Admin,2019,1,151,169,.89349115,NY
SUNY Cortland,Public Admin,2019,5,,,,NY
SUNY Cortland,Public Admin,2019,10,,,,NY
SUNY Cortland,Real Estate,2004,1,16,19,.84210527,NY
SUNY Cortland,Real Estate,2004,5,18,19,.94736844,NY
SUNY Cortland,Real Estate,2004,10,14,20,.69999999,NY
SUNY Cortland,Real Estate,2007,1,18,20,.89999998,NY
SUNY Cortland,Real Estate,2007,5,10,10,1,NY
SUNY Cortland,Real Estate,2007,10,25,27,.92592591,NY
SUNY Cortland,Real Estate,2010,1,17,20,.85000002,NY
SUNY Cortland,Real Estate,2010,5,22,24,.91666669,NY
SUNY Cortland,Real Estate,2010,10,16,19,.84210527,NY
SUNY Cortland,Real Estate,2013,1,32,43,.74418604,NY
SUNY Cortland,Real Estate,2013,5,42,44,.95454544,NY
SUNY Cortland,Real Estate,2013,10,,,,NY
SUNY Cortland,Real Estate,2016,1,40,44,.90909094,NY
SUNY Cortland,Real Estate,2016,5,29,42,.69047618,NY
SUNY Cortland,Real Estate,2016,10,,,,NY
SUNY Cortland,Real Estate,2019,1,28,35,.80000001,NY
SUNY Cortland,Real Estate,2019,5,,,,NY
SUNY Cortland,Real Estate,2019,10,,,,NY
SUNY Cortland,Retail,2004,1,177,220,.80454546,NY
SUNY Cortland,Retail,2004,5,80,126,.63492066,NY
SUNY Cortland,Retail,2004,10,67,142,.47183099,NY
SUNY Cortland,Retail,2007,1,185,218,.84862387,NY
SUNY Cortland,Retail,2007,5,125,180,.69444442,NY
SUNY Cortland,Retail,2007,10,88,144,.6111111,NY
SUNY Cortland,Retail,2010,1,233,262,.88931298,NY
SUNY Cortland,Retail,2010,5,115,172,.66860467,NY
SUNY Cortland,Retail,2010,10,75,128,.5859375,NY
SUNY Cortland,Retail,2013,1,204,262,.77862597,NY
SUNY Cortland,Retail,2013,5,102,139,.73381293,NY
SUNY Cortland,Retail,2013,10,,,,NY
SUNY Cortland,Retail,2016,1,167,199,.83919597,NY
SUNY Cortland,Retail,2016,5,87,131,.66412216,NY
SUNY Cortland,Retail,2016,10,,,,NY
SUNY Cortland,Retail,2019,1,207,234,.88461536,NY
SUNY Cortland,Retail,2019,5,,,,NY
SUNY Cortland,Retail,2019,10,,,,NY
SUNY Cortland,Transportation,2004,1,28,37,.75675678,NY
SUNY Cortland,Transportation,2004,5,50,56,.89285713,NY
SUNY Cortland,Transportation,2004,10,41,56,.73214287,NY
SUNY Cortland,Transportation,2007,1,38,41,.92682928,NY
SUNY Cortland,Transportation,2007,5,47,64,.734375,NY
SUNY Cortland,Transportation,2007,10,65,82,.79268295,NY
SUNY Cortland,Transportation,2010,1,33,35,.94285715,NY
SUNY Cortland,Transportation,2010,5,47,54,.87037039,NY
SUNY Cortland,Transportation,2010,10,48,61,.78688526,NY
SUNY Cortland,Transportation,2013,1,36,44,.81818181,NY
SUNY Cortland,Transportation,2013,5,50,64,.78125,NY
SUNY Cortland,Transportation,2013,10,,,,NY
SUNY Cortland,Transportation,2016,1,49,54,.9074074,NY
SUNY Cortland,Transportation,2016,5,47,65,.72307694,NY
SUNY Cortland,Transportation,2016,10,,,,NY
SUNY Cortland,Transportation,2019,1,51,61,.83606559,NY
SUNY Cortland,Transportation,2019,5,,,,NY
SUNY Cortland,Transportation,2019,10,,,,NY
SUNY Cortland,Utilities,2004,1,2,2,1,NY
SUNY Cortland,Utilities,2004,5,1,2,.5,NY
SUNY Cortland,Utilities,2004,10,6,6,1,NY
SUNY Cortland,Utilities,2007,1,3,3,1,NY
SUNY Cortland,Utilities,2007,5,11,12,.91666669,NY
SUNY Cortland,Utilities,2007,10,10,11,.90909094,NY
SUNY Cortland,Utilities,2010,1,1,1,1,NY
SUNY Cortland,Utilities,2010,5,9,9,1,NY
SUNY Cortland,Utilities,2010,10,12,12,1,NY
SUNY Cortland,Utilities,2013,1,6,7,.85714287,NY
SUNY Cortland,Utilities,2013,5,7,7,1,NY
SUNY Cortland,Utilities,2013,10,,,,NY
SUNY Cortland,Utilities,2016,1,7,7,1,NY
SUNY Cortland,Utilities,2016,5,5,5,1,NY
SUNY Cortland,Utilities,2016,10,,,,NY
SUNY Cortland,Utilities,2019,1,4,5,.80000001,NY
SUNY Cortland,Utilities,2019,5,,,,NY
SUNY Cortland,Utilities,2019,10,,,,NY
SUNY Cortland,Wholesale,2004,1,47,64,.734375,NY
SUNY Cortland,Wholesale,2004,5,48,63,.76190478,NY
SUNY Cortland,Wholesale,2004,10,44,71,.61971831,NY
SUNY Cortland,Wholesale,2007,1,37,44,.84090906,NY
SUNY Cortland,Wholesale,2007,5,62,81,.76543212,NY
SUNY Cortland,Wholesale,2007,10,57,100,.56999999,NY
SUNY Cortland,Wholesale,2010,1,40,57,.70175439,NY
SUNY Cortland,Wholesale,2010,5,69,93,.74193549,NY
SUNY Cortland,Wholesale,2010,10,51,74,.6891892,NY
SUNY Cortland,Wholesale,2013,1,69,81,.85185188,NY
SUNY Cortland,Wholesale,2013,5,96,116,.82758623,NY
SUNY Cortland,Wholesale,2013,10,,,,NY
SUNY Cortland,Wholesale,2016,1,59,69,.85507244,NY
SUNY Cortland,Wholesale,2016,5,77,109,.70642203,NY
SUNY Cortland,Wholesale,2016,10,,,,NY
SUNY Cortland,Wholesale,2019,1,46,61,.75409836,NY
SUNY Cortland,Wholesale,2019,5,,,,NY
SUNY Cortland,Wholesale,2019,10,,,,NY
SUNY ESF,Admin/Waste,2004,1,41,69,.59420288,NY
SUNY ESF,Admin/Waste,2004,5,17,36,.47222221,NY
SUNY ESF,Admin/Waste,2004,10,20,34,.58823532,NY
SUNY ESF,Admin/Waste,2007,1,26,40,.64999998,NY
SUNY ESF,Admin/Waste,2007,5,26,38,.68421054,NY
SUNY ESF,Admin/Waste,2007,10,22,50,.44,NY
SUNY ESF,Admin/Waste,2010,1,42,56,.75,NY
SUNY ESF,Admin/Waste,2010,5,27,36,.75,NY
SUNY ESF,Admin/Waste,2010,10,25,42,.59523809,NY
SUNY ESF,Admin/Waste,2013,1,59,73,.80821919,NY
SUNY ESF,Admin/Waste,2013,5,38,81,.46913579,NY
SUNY ESF,Admin/Waste,2013,10,,,,NY
SUNY ESF,Admin/Waste,2016,1,53,76,.69736844,NY
SUNY ESF,Admin/Waste,2016,5,31,67,.46268657,NY
SUNY ESF,Admin/Waste,2016,10,,,,NY
SUNY ESF,Admin/Waste,2019,1,57,73,.78082192,NY
SUNY ESF,Admin/Waste,2019,5,,,,NY
SUNY ESF,Admin/Waste,2019,10,,,,NY
SUNY ESF,Agriculture,2004,1,8,11,.72727275,NY
SUNY ESF,Agriculture,2004,5,4,4,1,NY
SUNY ESF,Agriculture,2004,10,3,3,1,NY
SUNY ESF,Agriculture,2007,1,5,7,.71428573,NY
SUNY ESF,Agriculture,2007,5,6,7,.85714287,NY
SUNY ESF,Agriculture,2007,10,7,9,.77777779,NY
SUNY ESF,Agriculture,2010,1,3,5,.60000002,NY
SUNY ESF,Agriculture,2010,5,2,2,1,NY
SUNY ESF,Agriculture,2010,10,1,2,.5,NY
SUNY ESF,Agriculture,2013,1,5,9,.55555558,NY
SUNY ESF,Agriculture,2013,5,3,5,.60000002,NY
SUNY ESF,Agriculture,2013,10,,,,NY
SUNY ESF,Agriculture,2016,1,8,11,.72727275,NY
SUNY ESF,Agriculture,2016,5,9,12,.75,NY
SUNY ESF,Agriculture,2016,10,,,,NY
SUNY ESF,Agriculture,2019,1,12,12,1,NY
SUNY ESF,Agriculture,2019,5,,,,NY
SUNY ESF,Agriculture,2019,10,,,,NY
SUNY ESF,Arts/Entertainment,2004,1,8,16,.5,NY
SUNY ESF,Arts/Entertainment,2004,5,8,18,.44444445,NY
SUNY ESF,Arts/Entertainment,2004,10,7,9,.77777779,NY
SUNY ESF,Arts/Entertainment,2007,1,6,13,.46153846,NY
SUNY ESF,Arts/Entertainment,2007,5,12,13,.92307693,NY
SUNY ESF,Arts/Entertainment,2007,10,11,22,.5,NY
SUNY ESF,Arts/Entertainment,2010,1,15,15,1,NY
SUNY ESF,Arts/Entertainment,2010,5,11,17,.64705884,NY
SUNY ESF,Arts/Entertainment,2010,10,6,15,.40000001,NY
SUNY ESF,Arts/Entertainment,2013,1,17,37,.45945945,NY
SUNY ESF,Arts/Entertainment,2013,5,10,22,.45454547,NY
SUNY ESF,Arts/Entertainment,2013,10,,,,NY
SUNY ESF,Arts/Entertainment,2016,1,17,33,.5151515,NY
SUNY ESF,Arts/Entertainment,2016,5,10,29,.34482759,NY
SUNY ESF,Arts/Entertainment,2016,10,,,,NY
SUNY ESF,Arts/Entertainment,2019,1,21,26,.80769229,NY
SUNY ESF,Arts/Entertainment,2019,5,,,,NY
SUNY ESF,Arts/Entertainment,2019,10,,,,NY
SUNY ESF,Construction,2004,1,29,35,.82857144,NY
SUNY ESF,Construction,2004,5,36,51,.70588237,NY
SUNY ESF,Construction,2004,10,26,33,.78787881,NY
SUNY ESF,Construction,2007,1,45,51,.88235295,NY
SUNY ESF,Construction,2007,5,43,58,.74137932,NY
SUNY ESF,Construction,2007,10,34,59,.57627118,NY
SUNY ESF,Construction,2010,1,36,51,.70588237,NY
SUNY ESF,Construction,2010,5,41,57,.71929824,NY
SUNY ESF,Construction,2010,10,34,43,.79069769,NY
SUNY ESF,Construction,2013,1,54,67,.80597013,NY
SUNY ESF,Construction,2013,5,45,84,.53571427,NY
SUNY ESF,Construction,2013,10,,,,NY
SUNY ESF,Construction,2016,1,47,54,.87037039,NY
SUNY ESF,Construction,2016,5,55,71,.77464789,NY
SUNY ESF,Construction,2016,10,,,,NY
SUNY ESF,Construction,2019,1,34,37,.91891891,NY
SUNY ESF,Construction,2019,5,,,,NY
SUNY ESF,Construction,2019,10,,,,NY
SUNY ESF,Education,2004,1,37,70,.52857143,NY
SUNY ESF,Education,2004,5,44,67,.65671641,NY
SUNY ESF,Education,2004,10,47,84,.55952382,NY
SUNY ESF,Education,2007,1,28,40,.69999999,NY
SUNY ESF,Education,2007,5,33,63,.52380955,NY
SUNY ESF,Education,2007,10,36,81,.44444445,NY
SUNY ESF,Education,2010,1,16,53,.3018868,NY
SUNY ESF,Education,2010,5,47,73,.6438356,NY
SUNY ESF,Education,2010,10,68,110,.61818182,NY
SUNY ESF,Education,2013,1,37,68,.54411763,NY
SUNY ESF,Education,2013,5,69,115,.60000002,NY
SUNY ESF,Education,2013,10,,,,NY
SUNY ESF,Education,2016,1,57,77,.74025977,NY
SUNY ESF,Education,2016,5,72,128,.5625,NY
SUNY ESF,Education,2016,10,,,,NY
SUNY ESF,Education,2019,1,45,69,.65217394,NY
SUNY ESF,Education,2019,5,,,,NY
SUNY ESF,Education,2019,10,,,,NY
SUNY ESF,Finance,2004,1,4,8,.5,NY
SUNY ESF,Finance,2004,5,12,14,.85714287,NY
SUNY ESF,Finance,2004,10,15,20,.75,NY
SUNY ESF,Finance,2007,1,4,4,1,NY
SUNY ESF,Finance,2007,5,1,5,.2,NY
SUNY ESF,Finance,2007,10,7,11,.63636363,NY
SUNY ESF,Finance,2010,1,3,8,.375,NY
SUNY ESF,Finance,2010,5,5,7,.71428573,NY
SUNY ESF,Finance,2010,10,3,4,.75,NY
SUNY ESF,Finance,2013,1,4,9,.44444445,NY
SUNY ESF,Finance,2013,5,7,16,.4375,NY
SUNY ESF,Finance,2013,10,,,,NY
SUNY ESF,Finance,2016,1,4,6,.66666669,NY
SUNY ESF,Finance,2016,5,4,6,.66666669,NY
SUNY ESF,Finance,2016,10,,,,NY
SUNY ESF,Finance,2019,1,11,13,.84615386,NY
SUNY ESF,Finance,2019,5,,,,NY
SUNY ESF,Finance,2019,10,,,,NY
SUNY ESF,Food/Hospitality,2004,1,14,31,.45161289,NY
SUNY ESF,Food/Hospitality,2004,5,4,13,.30769232,NY
SUNY ESF,Food/Hospitality,2004,10,5,11,.45454547,NY
SUNY ESF,Food/Hospitality,2007,1,16,31,.51612902,NY
SUNY ESF,Food/Hospitality,2007,5,8,16,.5,NY
SUNY ESF,Food/Hospitality,2007,10,10,30,.33333334,NY
SUNY ESF,Food/Hospitality,2010,1,31,40,.77499998,NY
SUNY ESF,Food/Hospitality,2010,5,21,37,.56756759,NY
SUNY ESF,Food/Hospitality,2010,10,9,22,.40909091,NY
SUNY ESF,Food/Hospitality,2013,1,30,43,.69767439,NY
SUNY ESF,Food/Hospitality,2013,5,15,38,.39473686,NY
SUNY ESF,Food/Hospitality,2013,10,,,,NY
SUNY ESF,Food/Hospitality,2016,1,36,55,.65454543,NY
SUNY ESF,Food/Hospitality,2016,5,10,26,.38461539,NY
SUNY ESF,Food/Hospitality,2016,10,,,,NY
SUNY ESF,Food/Hospitality,2019,1,36,45,.80000001,NY
SUNY ESF,Food/Hospitality,2019,5,,,,NY
SUNY ESF,Food/Hospitality,2019,10,,,,NY
SUNY ESF,Health Care,2004,1,20,36,.55555558,NY
SUNY ESF,Health Care,2004,5,26,52,.5,NY
SUNY ESF,Health Care,2004,10,24,54,.44444445,NY
SUNY ESF,Health Care,2007,1,27,37,.72972971,NY
SUNY ESF,Health Care,2007,5,35,57,.61403507,NY
SUNY ESF,Health Care,2007,10,41,79,.51898736,NY
SUNY ESF,Health Care,2010,1,29,49,.59183675,NY
SUNY ESF,Health Care,2010,5,40,59,.67796612,NY
SUNY ESF,Health Care,2010,10,58,86,.67441863,NY
SUNY ESF,Health Care,2013,1,25,40,.625,NY
SUNY ESF,Health Care,2013,5,37,72,.5138889,NY
SUNY ESF,Health Care,2013,10,,,,NY
SUNY ESF,Health Care,2016,1,43,64,.671875,NY
SUNY ESF,Health Care,2016,5,46,88,.52272725,NY
SUNY ESF,Health Care,2016,10,,,,NY
SUNY ESF,Health Care,2019,1,25,38,.65789473,NY
SUNY ESF,Health Care,2019,5,,,,NY
SUNY ESF,Health Care,2019,10,,,,NY
SUNY ESF,Information,2004,1,0,2,0,NY
SUNY ESF,Information,2004,5,1,4,.25,NY
SUNY ESF,Information,2004,10,1,1,1,NY
SUNY ESF,Information,2007,1,4,4,1,NY
SUNY ESF,Information,2007,5,2,2,1,NY
SUNY ESF,Information,2007,10,4,5,.80000001,NY
SUNY ESF,Information,2010,1,3,4,.75,NY
SUNY ESF,Information,2010,5,1,1,1,NY
SUNY ESF,Information,2010,10,6,7,.85714287,NY
SUNY ESF,Information,2013,1,2,4,.5,NY
SUNY ESF,Information,2013,5,7,10,.69999999,NY
SUNY ESF,Information,2013,10,,,,NY
SUNY ESF,Information,2016,1,2,3,.66666669,NY
SUNY ESF,Information,2016,5,4,6,.66666669,NY
SUNY ESF,Information,2016,10,,,,NY
SUNY ESF,Information,2019,1,2,4,.5,NY
SUNY ESF,Information,2019,5,,,,NY
SUNY ESF,Information,2019,10,,,,NY
SUNY ESF,Management,2004,1,2,8,.25,NY
SUNY ESF,Management,2004,5,3,5,.60000002,NY
SUNY ESF,Management,2004,10,7,10,.69999999,NY
SUNY ESF,Management,2007,1,7,10,.69999999,NY
SUNY ESF,Management,2007,5,7,8,.875,NY
SUNY ESF,Management,2007,10,4,11,.36363637,NY
SUNY ESF,Management,2010,1,9,13,.69230771,NY
SUNY ESF,Management,2010,5,8,9,.8888889,NY
SUNY ESF,Management,2010,10,6,14,.42857143,NY
SUNY ESF,Management,2013,1,3,5,.60000002,NY
SUNY ESF,Management,2013,5,10,22,.45454547,NY
SUNY ESF,Management,2013,10,,,,NY
SUNY ESF,Management,2016,1,8,9,.8888889,NY
SUNY ESF,Management,2016,5,13,19,.68421054,NY
SUNY ESF,Management,2016,10,,,,NY
SUNY ESF,Management,2019,1,9,9,1,NY
SUNY ESF,Management,2019,5,,,,NY
SUNY ESF,Management,2019,10,,,,NY
SUNY ESF,Manufacturing,2004,1,25,49,.51020408,NY
SUNY ESF,Manufacturing,2004,5,27,59,.45762712,NY
SUNY ESF,Manufacturing,2004,10,28,47,.59574467,NY
SUNY ESF,Manufacturing,2007,1,17,30,.56666666,NY
SUNY ESF,Manufacturing,2007,5,29,41,.70731705,NY
SUNY ESF,Manufacturing,2007,10,30,64,.46875,NY
SUNY ESF,Manufacturing,2010,1,21,46,.45652175,NY
SUNY ESF,Manufacturing,2010,5,24,56,.42857143,NY
SUNY ESF,Manufacturing,2010,10,28,59,.47457626,NY
SUNY ESF,Manufacturing,2013,1,35,57,.61403507,NY
SUNY ESF,Manufacturing,2013,5,47,84,.55952382,NY
SUNY ESF,Manufacturing,2013,10,,,,NY
SUNY ESF,Manufacturing,2016,1,54,81,.66666669,NY
SUNY ESF,Manufacturing,2016,5,57,98,.58163267,NY
SUNY ESF,Manufacturing,2016,10,,,,NY
SUNY ESF,Manufacturing,2019,1,46,50,.92000002,NY
SUNY ESF,Manufacturing,2019,5,,,,NY
SUNY ESF,Manufacturing,2019,10,,,,NY
SUNY ESF,Mining,2004,1,0,0,,NY
SUNY ESF,Mining,2004,5,0,0,,NY
SUNY ESF,Mining,2004,10,0,0,,NY
SUNY ESF,Mining,2007,1,0,0,,NY
SUNY ESF,Mining,2007,5,0,0,,NY
SUNY ESF,Mining,2007,10,0,0,,NY
SUNY ESF,Mining,2010,1,0,0,,NY
SUNY ESF,Mining,2010,5,0,0,,NY
SUNY ESF,Mining,2010,10,0,0,,NY
SUNY ESF,Mining,2013,1,0,0,,NY
SUNY ESF,Mining,2013,5,1,1,1,NY
SUNY ESF,Mining,2013,10,,,,NY
SUNY ESF,Mining,2016,1,0,0,,NY
SUNY ESF,Mining,2016,5,0,0,,NY
SUNY ESF,Mining,2016,10,,,,NY
SUNY ESF,Mining,2019,1,0,0,,NY
SUNY ESF,Mining,2019,5,,,,NY
SUNY ESF,Mining,2019,10,,,,NY
SUNY ESF,Other Services,2004,1,9,17,.52941179,NY
SUNY ESF,Other Services,2004,5,12,27,.44444445,NY
SUNY ESF,Other Services,2004,10,8,23,.34782609,NY
SUNY ESF,Other Services,2007,1,3,7,.42857143,NY
SUNY ESF,Other Services,2007,5,9,20,.44999999,NY
SUNY ESF,Other Services,2007,10,8,21,.38095239,NY
SUNY ESF,Other Services,2010,1,11,15,.73333335,NY
SUNY ESF,Other Services,2010,5,18,27,.66666669,NY
SUNY ESF,Other Services,2010,10,8,16,.5,NY
SUNY ESF,Other Services,2013,1,23,31,.74193549,NY
SUNY ESF,Other Services,2013,5,23,36,.6388889,NY
SUNY ESF,Other Services,2013,10,,,,NY
SUNY ESF,Other Services,2016,1,20,34,.58823532,NY
SUNY ESF,Other Services,2016,5,26,47,.55319148,NY
SUNY ESF,Other Services,2016,10,,,,NY
SUNY ESF,Other Services,2019,1,12,22,.54545456,NY
SUNY ESF,Other Services,2019,5,,,,NY
SUNY ESF,Other Services,2019,10,,,,NY
SUNY ESF,Professional Services,2004,1,101,165,.61212122,NY
SUNY ESF,Professional Services,2004,5,100,162,.61728394,NY
SUNY ESF,Professional Services,2004,10,81,151,.53642386,NY
SUNY ESF,Professional Services,2007,1,102,123,.82926828,NY
SUNY ESF,Professional Services,2007,5,77,129,.59689921,NY
SUNY ESF,Professional Services,2007,10,57,104,.54807693,NY
SUNY ESF,Professional Services,2010,1,108,153,.70588237,NY
SUNY ESF,Professional Services,2010,5,95,147,.64625853,NY
SUNY ESF,Professional Services,2010,10,86,162,.53086418,NY
SUNY ESF,Professional Services,2013,1,128,191,.67015707,NY
SUNY ESF,Professional Services,2013,5,125,249,.50200802,NY
SUNY ESF,Professional Services,2013,10,,,,NY
SUNY ESF,Professional Services,2016,1,175,233,.75107294,NY
SUNY ESF,Professional Services,2016,5,157,282,.5567376,NY
SUNY ESF,Professional Services,2016,10,,,,NY
SUNY ESF,Professional Services,2019,1,195,227,.85903084,NY
SUNY ESF,Professional Services,2019,5,,,,NY
SUNY ESF,Professional Services,2019,10,,,,NY
SUNY ESF,Public Admin,2004,1,46,59,.779661,NY
SUNY ESF,Public Admin,2004,5,59,95,.62105262,NY
SUNY ESF,Public Admin,2004,10,63,106,.59433961,NY
SUNY ESF,Public Admin,2007,1,39,53,.73584908,NY
SUNY ESF,Public Admin,2007,5,53,75,.70666665,NY
SUNY ESF,Public Admin,2007,10,71,126,.56349206,NY
SUNY ESF,Public Admin,2010,1,30,50,.60000002,NY
SUNY ESF,Public Admin,2010,5,57,95,.60000002,NY
SUNY ESF,Public Admin,2010,10,77,120,.64166665,NY
SUNY ESF,Public Admin,2013,1,57,84,.6785714,NY
SUNY ESF,Public Admin,2013,5,97,155,.62580645,NY
SUNY ESF,Public Admin,2013,10,,,,NY
SUNY ESF,Public Admin,2016,1,85,130,.65384614,NY
SUNY ESF,Public Admin,2016,5,105,177,.59322035,NY
SUNY ESF,Public Admin,2016,10,,,,NY
SUNY ESF,Public Admin,2019,1,55,83,.66265059,NY
SUNY ESF,Public Admin,2019,5,,,,NY
SUNY ESF,Public Admin,2019,10,,,,NY
SUNY ESF,Real Estate,2004,1,4,10,.40000001,NY
SUNY ESF,Real Estate,2004,5,6,11,.54545456,NY
SUNY ESF,Real Estate,2004,10,4,4,1,NY
SUNY ESF,Real Estate,2007,1,0,0,,NY
SUNY ESF,Real Estate,2007,5,5,5,1,NY
SUNY ESF,Real Estate,2007,10,4,14,.2857143,NY
SUNY ESF,Real Estate,2010,1,5,15,.33333334,NY
SUNY ESF,Real Estate,2010,5,3,6,.5,NY
SUNY ESF,Real Estate,2010,10,3,6,.5,NY
SUNY ESF,Real Estate,2013,1,7,7,1,NY
SUNY ESF,Real Estate,2013,5,7,12,.58333331,NY
SUNY ESF,Real Estate,2013,10,,,,NY
SUNY ESF,Real Estate,2016,1,4,7,.5714286,NY
SUNY ESF,Real Estate,2016,5,8,14,.5714286,NY
SUNY ESF,Real Estate,2016,10,,,,NY
SUNY ESF,Real Estate,2019,1,1,1,1,NY
SUNY ESF,Real Estate,2019,5,,,,NY
SUNY ESF,Real Estate,2019,10,,,,NY
SUNY ESF,Retail,2004,1,32,56,.5714286,NY
SUNY ESF,Retail,2004,5,16,43,.37209302,NY
SUNY ESF,Retail,2004,10,8,34,.23529412,NY
SUNY ESF,Retail,2007,1,19,32,.59375,NY
SUNY ESF,Retail,2007,5,21,34,.61764705,NY
SUNY ESF,Retail,2007,10,16,43,.37209302,NY
SUNY ESF,Retail,2010,1,43,68,.63235295,NY
SUNY ESF,Retail,2010,5,30,46,.65217394,NY
SUNY ESF,Retail,2010,10,16,39,.41025642,NY
SUNY ESF,Retail,2013,1,44,72,.6111111,NY
SUNY ESF,Retail,2013,5,22,43,.51162791,NY
SUNY ESF,Retail,2013,10,,,,NY
SUNY ESF,Retail,2016,1,37,64,.578125,NY
SUNY ESF,Retail,2016,5,18,41,.43902439,NY
SUNY ESF,Retail,2016,10,,,,NY
SUNY ESF,Retail,2019,1,48,66,.72727275,NY
SUNY ESF,Retail,2019,5,,,,NY
SUNY ESF,Retail,2019,10,,,,NY
SUNY ESF,Transportation,2004,1,2,4,.5,NY
SUNY ESF,Transportation,2004,5,2,4,.5,NY
SUNY ESF,Transportation,2004,10,1,1,1,NY
SUNY ESF,Transportation,2007,1,6,9,.66666669,NY
SUNY ESF,Transportation,2007,5,5,7,.71428573,NY
SUNY ESF,Transportation,2007,10,6,6,1,NY
SUNY ESF,Transportation,2010,1,4,4,1,NY
SUNY ESF,Transportation,2010,5,3,4,.75,NY
SUNY ESF,Transportation,2010,10,5,11,.45454547,NY
SUNY ESF,Transportation,2013,1,6,8,.75,NY
SUNY ESF,Transportation,2013,5,3,7,.42857143,NY
SUNY ESF,Transportation,2013,10,,,,NY
SUNY ESF,Transportation,2016,1,8,12,.66666669,NY
SUNY ESF,Transportation,2016,5,3,5,.60000002,NY
SUNY ESF,Transportation,2016,10,,,,NY
SUNY ESF,Transportation,2019,1,3,4,.75,NY
SUNY ESF,Transportation,2019,5,,,,NY
SUNY ESF,Transportation,2019,10,,,,NY
SUNY ESF,Utilities,2004,1,3,4,.75,NY
SUNY ESF,Utilities,2004,5,4,4,1,NY
SUNY ESF,Utilities,2004,10,8,10,.80000001,NY
SUNY ESF,Utilities,2007,1,3,3,1,NY
SUNY ESF,Utilities,2007,5,4,4,1,NY
SUNY ESF,Utilities,2007,10,6,7,.85714287,NY
SUNY ESF,Utilities,2010,1,0,1,0,NY
SUNY ESF,Utilities,2010,5,7,7,1,NY
SUNY ESF,Utilities,2010,10,9,9,1,NY
SUNY ESF,Utilities,2013,1,7,8,.875,NY
SUNY ESF,Utilities,2013,5,12,15,.80000001,NY
SUNY ESF,Utilities,2013,10,,,,NY
SUNY ESF,Utilities,2016,1,8,8,1,NY
SUNY ESF,Utilities,2016,5,17,20,.85000002,NY
SUNY ESF,Utilities,2016,10,,,,NY
SUNY ESF,Utilities,2019,1,4,4,1,NY
SUNY ESF,Utilities,2019,5,,,,NY
SUNY ESF,Utilities,2019,10,,,,NY
SUNY ESF,Wholesale,2004,1,8,25,.31999999,NY
SUNY ESF,Wholesale,2004,5,7,20,.34999999,NY
SUNY ESF,Wholesale,2004,10,8,13,.61538464,NY
SUNY ESF,Wholesale,2007,1,11,13,.84615386,NY
SUNY ESF,Wholesale,2007,5,17,29,.58620691,NY
SUNY ESF,Wholesale,2007,10,13,36,.3611111,NY
SUNY ESF,Wholesale,2010,1,8,27,.2962963,NY
SUNY ESF,Wholesale,2010,5,18,33,.54545456,NY
SUNY ESF,Wholesale,2010,10,11,21,.52380955,NY
SUNY ESF,Wholesale,2013,1,11,15,.73333335,NY
SUNY ESF,Wholesale,2013,5,10,27,.37037036,NY
SUNY ESF,Wholesale,2013,10,,,,NY
SUNY ESF,Wholesale,2016,1,14,21,.66666669,NY
SUNY ESF,Wholesale,2016,5,15,28,.53571427,NY
SUNY ESF,Wholesale,2016,10,,,,NY
SUNY ESF,Wholesale,2019,1,6,9,.66666669,NY
SUNY ESF,Wholesale,2019,5,,,,NY
SUNY ESF,Wholesale,2019,10,,,,NY
SUNY Fredonia,Admin/Waste,2004,1,111,122,.90983605,NY
SUNY Fredonia,Admin/Waste,2004,5,64,103,.62135923,NY
SUNY Fredonia,Admin/Waste,2004,10,35,71,.49295774,NY
SUNY Fredonia,Admin/Waste,2007,1,85,114,.74561405,NY
SUNY Fredonia,Admin/Waste,2007,5,78,113,.69026548,NY
SUNY Fredonia,Admin/Waste,2007,10,54,88,.61363637,NY
SUNY Fredonia,Admin/Waste,2010,1,134,160,.83749998,NY
SUNY Fredonia,Admin/Waste,2010,5,94,139,.67625898,NY
SUNY Fredonia,Admin/Waste,2010,10,67,110,.60909092,NY
SUNY Fredonia,Admin/Waste,2013,1,103,124,.83064514,NY
SUNY Fredonia,Admin/Waste,2013,5,95,158,.60126585,NY
SUNY Fredonia,Admin/Waste,2013,10,,,,NY
SUNY Fredonia,Admin/Waste,2016,1,114,127,.89763778,NY
SUNY Fredonia,Admin/Waste,2016,5,90,125,.72000003,NY
SUNY Fredonia,Admin/Waste,2016,10,,,,NY
SUNY Fredonia,Admin/Waste,2019,1,88,110,.80000001,NY
SUNY Fredonia,Admin/Waste,2019,5,,,,NY
SUNY Fredonia,Admin/Waste,2019,10,,,,NY
SUNY Fredonia,Agriculture,2004,1,1,1,1,NY
SUNY Fredonia,Agriculture,2004,5,0,0,,NY
SUNY Fredonia,Agriculture,2004,10,2,3,.66666669,NY
SUNY Fredonia,Agriculture,2007,1,4,5,.80000001,NY
SUNY Fredonia,Agriculture,2007,5,6,7,.85714287,NY
SUNY Fredonia,Agriculture,2007,10,4,4,1,NY
SUNY Fredonia,Agriculture,2010,1,2,4,.5,NY
SUNY Fredonia,Agriculture,2010,5,0,1,0,NY
SUNY Fredonia,Agriculture,2010,10,5,5,1,NY
SUNY Fredonia,Agriculture,2013,1,2,4,.5,NY
SUNY Fredonia,Agriculture,2013,5,2,5,.40000001,NY
SUNY Fredonia,Agriculture,2013,10,,,,NY
SUNY Fredonia,Agriculture,2016,1,2,2,1,NY
SUNY Fredonia,Agriculture,2016,5,1,6,.16666667,NY
SUNY Fredonia,Agriculture,2016,10,,,,NY
SUNY Fredonia,Agriculture,2019,1,0,2,0,NY
SUNY Fredonia,Agriculture,2019,5,,,,NY
SUNY Fredonia,Agriculture,2019,10,,,,NY
SUNY Fredonia,Arts/Entertainment,2004,1,36,40,.89999998,NY
SUNY Fredonia,Arts/Entertainment,2004,5,45,55,.81818181,NY
SUNY Fredonia,Arts/Entertainment,2004,10,29,40,.72500002,NY
SUNY Fredonia,Arts/Entertainment,2007,1,30,37,.8108108,NY
SUNY Fredonia,Arts/Entertainment,2007,5,30,44,.68181819,NY
SUNY Fredonia,Arts/Entertainment,2007,10,34,47,.72340423,NY
SUNY Fredonia,Arts/Entertainment,2010,1,43,45,.95555556,NY
SUNY Fredonia,Arts/Entertainment,2010,5,58,81,.71604937,NY
SUNY Fredonia,Arts/Entertainment,2010,10,41,54,.75925928,NY
SUNY Fredonia,Arts/Entertainment,2013,1,45,68,.66176468,NY
SUNY Fredonia,Arts/Entertainment,2013,5,53,76,.69736844,NY
SUNY Fredonia,Arts/Entertainment,2013,10,,,,NY
SUNY Fredonia,Arts/Entertainment,2016,1,63,78,.80769229,NY
SUNY Fredonia,Arts/Entertainment,2016,5,47,62,.75806451,NY
SUNY Fredonia,Arts/Entertainment,2016,10,,,,NY
SUNY Fredonia,Arts/Entertainment,2019,1,42,46,.9130435,NY
SUNY Fredonia,Arts/Entertainment,2019,5,,,,NY
SUNY Fredonia,Arts/Entertainment,2019,10,,,,NY
SUNY Fredonia,Construction,2004,1,6,11,.54545456,NY
SUNY Fredonia,Construction,2004,5,9,19,.47368422,NY
SUNY Fredonia,Construction,2004,10,14,23,.60869563,NY
SUNY Fredonia,Construction,2007,1,15,18,.83333331,NY
SUNY Fredonia,Construction,2007,5,26,34,.7647059,NY
SUNY Fredonia,Construction,2007,10,21,35,.60000002,NY
SUNY Fredonia,Construction,2010,1,28,38,.7368421,NY
SUNY Fredonia,Construction,2010,5,26,49,.53061223,NY
SUNY Fredonia,Construction,2010,10,37,53,.6981132,NY
SUNY Fredonia,Construction,2013,1,29,38,.7631579,NY
SUNY Fredonia,Construction,2013,5,41,55,.74545455,NY
SUNY Fredonia,Construction,2013,10,,,,NY
SUNY Fredonia,Construction,2016,1,25,31,.80645162,NY
SUNY Fredonia,Construction,2016,5,29,51,.56862748,NY
SUNY Fredonia,Construction,2016,10,,,,NY
SUNY Fredonia,Construction,2019,1,17,21,.80952382,NY
SUNY Fredonia,Construction,2019,5,,,,NY
SUNY Fredonia,Construction,2019,10,,,,NY
SUNY Fredonia,Education,2004,1,467,631,.74009508,NY
SUNY Fredonia,Education,2004,5,654,950,.68842107,NY
SUNY Fredonia,Education,2004,10,649,966,.67184263,NY
SUNY Fredonia,Education,2007,1,387,505,.76633662,NY
SUNY Fredonia,Education,2007,5,542,789,.6869455,NY
SUNY Fredonia,Education,2007,10,585,825,.70909089,NY
SUNY Fredonia,Education,2010,1,284,365,.77808219,NY
SUNY Fredonia,Education,2010,5,579,837,.69175625,NY
SUNY Fredonia,Education,2010,10,605,810,.74691355,NY
SUNY Fredonia,Education,2013,1,288,390,.73846155,NY
SUNY Fredonia,Education,2013,5,563,800,.70375001,NY
SUNY Fredonia,Education,2013,10,,,,NY
SUNY Fredonia,Education,2016,1,330,386,.85492229,NY
SUNY Fredonia,Education,2016,5,482,584,.82534248,NY
SUNY Fredonia,Education,2016,10,,,,NY
SUNY Fredonia,Education,2019,1,348,402,.86567163,NY
SUNY Fredonia,Education,2019,5,,,,NY
SUNY Fredonia,Education,2019,10,,,,NY
SUNY Fredonia,Finance,2004,1,91,124,.73387098,NY
SUNY Fredonia,Finance,2004,5,105,147,.71428573,NY
SUNY Fredonia,Finance,2004,10,100,163,.61349696,NY
SUNY Fredonia,Finance,2007,1,102,117,.87179488,NY
SUNY Fredonia,Finance,2007,5,145,187,.77540106,NY
SUNY Fredonia,Finance,2007,10,122,176,.69318181,NY
SUNY Fredonia,Finance,2010,1,118,134,.880597,NY
SUNY Fredonia,Finance,2010,5,169,222,.76126128,NY
SUNY Fredonia,Finance,2010,10,168,214,.78504676,NY
SUNY Fredonia,Finance,2013,1,133,157,.84713376,NY
SUNY Fredonia,Finance,2013,5,151,219,.68949771,NY
SUNY Fredonia,Finance,2013,10,,,,NY
SUNY Fredonia,Finance,2016,1,90,98,.91836733,NY
SUNY Fredonia,Finance,2016,5,132,168,.78571427,NY
SUNY Fredonia,Finance,2016,10,,,,NY
SUNY Fredonia,Finance,2019,1,72,92,.78260869,NY
SUNY Fredonia,Finance,2019,5,,,,NY
SUNY Fredonia,Finance,2019,10,,,,NY
SUNY Fredonia,Food/Hospitality,2004,1,136,160,.85000002,NY
SUNY Fredonia,Food/Hospitality,2004,5,50,91,.54945058,NY
SUNY Fredonia,Food/Hospitality,2004,10,47,92,.51086956,NY
SUNY Fredonia,Food/Hospitality,2007,1,156,200,.77999997,NY
SUNY Fredonia,Food/Hospitality,2007,5,94,164,.57317072,NY
SUNY Fredonia,Food/Hospitality,2007,10,63,122,.51639342,NY
SUNY Fredonia,Food/Hospitality,2010,1,151,191,.79057592,NY
SUNY Fredonia,Food/Hospitality,2010,5,117,201,.58208954,NY
SUNY Fredonia,Food/Hospitality,2010,10,43,105,.40952381,NY
SUNY Fredonia,Food/Hospitality,2013,1,177,217,.81566823,NY
SUNY Fredonia,Food/Hospitality,2013,5,81,153,.52941179,NY
SUNY Fredonia,Food/Hospitality,2013,10,,,,NY
SUNY Fredonia,Food/Hospitality,2016,1,180,201,.89552242,NY
SUNY Fredonia,Food/Hospitality,2016,5,88,133,.66165411,NY
SUNY Fredonia,Food/Hospitality,2016,10,,,,NY
SUNY Fredonia,Food/Hospitality,2019,1,152,179,.84916198,NY
SUNY Fredonia,Food/Hospitality,2019,5,,,,NY
SUNY Fredonia,Food/Hospitality,2019,10,,,,NY
SUNY Fredonia,Health Care,2004,1,222,270,.82222223,NY
SUNY Fredonia,Health Care,2004,5,251,354,.70903957,NY
SUNY Fredonia,Health Care,2004,10,228,351,.64957267,NY
SUNY Fredonia,Health Care,2007,1,220,275,.80000001,NY
SUNY Fredonia,Health Care,2007,5,327,431,.75870067,NY
SUNY Fredonia,Health Care,2007,10,302,431,.70069605,NY
SUNY Fredonia,Health Care,2010,1,259,312,.83012819,NY
SUNY Fredonia,Health Care,2010,5,344,476,.72268909,NY
SUNY Fredonia,Health Care,2010,10,290,394,.73604059,NY
SUNY Fredonia,Health Care,2013,1,261,335,.77910447,NY
SUNY Fredonia,Health Care,2013,5,374,512,.73046875,NY
SUNY Fredonia,Health Care,2013,10,,,,NY
SUNY Fredonia,Health Care,2016,1,299,347,.86167145,NY
SUNY Fredonia,Health Care,2016,5,358,438,.81735158,NY
SUNY Fredonia,Health Care,2016,10,,,,NY
SUNY Fredonia,Health Care,2019,1,280,335,.83582091,NY
SUNY Fredonia,Health Care,2019,5,,,,NY
SUNY Fredonia,Health Care,2019,10,,,,NY
SUNY Fredonia,Information,2004,1,63,76,.82894737,NY
SUNY Fredonia,Information,2004,5,52,72,.72222221,NY
SUNY Fredonia,Information,2004,10,49,69,.71014494,NY
SUNY Fredonia,Information,2007,1,44,58,.75862068,NY
SUNY Fredonia,Information,2007,5,61,81,.75308645,NY
SUNY Fredonia,Information,2007,10,56,84,.66666669,NY
SUNY Fredonia,Information,2010,1,58,73,.79452056,NY
SUNY Fredonia,Information,2010,5,78,119,.65546221,NY
SUNY Fredonia,Information,2010,10,74,105,.70476192,NY
SUNY Fredonia,Information,2013,1,84,107,.78504676,NY
SUNY Fredonia,Information,2013,5,75,119,.63025212,NY
SUNY Fredonia,Information,2013,10,,,,NY
SUNY Fredonia,Information,2016,1,73,78,.93589741,NY
SUNY Fredonia,Information,2016,5,76,95,.80000001,NY
SUNY Fredonia,Information,2016,10,,,,NY
SUNY Fredonia,Information,2019,1,58,67,.86567163,NY
SUNY Fredonia,Information,2019,5,,,,NY
SUNY Fredonia,Information,2019,10,,,,NY
SUNY Fredonia,Management,2004,1,31,35,.88571429,NY
SUNY Fredonia,Management,2004,5,36,39,.92307693,NY
SUNY Fredonia,Management,2004,10,44,66,.66666669,NY
SUNY Fredonia,Management,2007,1,45,50,.89999998,NY
SUNY Fredonia,Management,2007,5,59,73,.80821919,NY
SUNY Fredonia,Management,2007,10,57,66,.86363637,NY
SUNY Fredonia,Management,2010,1,40,43,.93023258,NY
SUNY Fredonia,Management,2010,5,60,74,.8108108,NY
SUNY Fredonia,Management,2010,10,40,56,.71428573,NY
SUNY Fredonia,Management,2013,1,50,54,.92592591,NY
SUNY Fredonia,Management,2013,5,60,70,.85714287,NY
SUNY Fredonia,Management,2013,10,,,,NY
SUNY Fredonia,Management,2016,1,47,49,.95918369,NY
SUNY Fredonia,Management,2016,5,54,64,.84375,NY
SUNY Fredonia,Management,2016,10,,,,NY
SUNY Fredonia,Management,2019,1,31,36,.8611111,NY
SUNY Fredonia,Management,2019,5,,,,NY
SUNY Fredonia,Management,2019,10,,,,NY
SUNY Fredonia,Manufacturing,2004,1,63,81,.77777779,NY
SUNY Fredonia,Manufacturing,2004,5,59,87,.67816091,NY
SUNY Fredonia,Manufacturing,2004,10,73,116,.62931037,NY
SUNY Fredonia,Manufacturing,2007,1,59,93,.63440859,NY
SUNY Fredonia,Manufacturing,2007,5,64,109,.58715594,NY
SUNY Fredonia,Manufacturing,2007,10,84,122,.6885246,NY
SUNY Fredonia,Manufacturing,2010,1,65,82,.79268295,NY
SUNY Fredonia,Manufacturing,2010,5,115,174,.66091955,NY
SUNY Fredonia,Manufacturing,2010,10,100,168,.59523809,NY
SUNY Fredonia,Manufacturing,2013,1,78,101,.77227724,NY
SUNY Fredonia,Manufacturing,2013,5,130,200,.64999998,NY
SUNY Fredonia,Manufacturing,2013,10,,,,NY
SUNY Fredonia,Manufacturing,2016,1,101,116,.87068963,NY
SUNY Fredonia,Manufacturing,2016,5,118,170,.69411767,NY
SUNY Fredonia,Manufacturing,2016,10,,,,NY
SUNY Fredonia,Manufacturing,2019,1,65,91,.71428573,NY
SUNY Fredonia,Manufacturing,2019,5,,,,NY
SUNY Fredonia,Manufacturing,2019,10,,,,NY
SUNY Fredonia,Mining,2004,1,0,0,,NY
SUNY Fredonia,Mining,2004,5,0,1,0,NY
SUNY Fredonia,Mining,2004,10,0,1,0,NY
SUNY Fredonia,Mining,2007,1,0,0,,NY
SUNY Fredonia,Mining,2007,5,1,4,.25,NY
SUNY Fredonia,Mining,2007,10,1,1,1,NY
SUNY Fredonia,Mining,2010,1,1,1,1,NY
SUNY Fredonia,Mining,2010,5,0,1,0,NY
SUNY Fredonia,Mining,2010,10,2,2,1,NY
SUNY Fredonia,Mining,2013,1,0,0,,NY
SUNY Fredonia,Mining,2013,5,0,0,,NY
SUNY Fredonia,Mining,2013,10,,,,NY
SUNY Fredonia,Mining,2016,1,3,4,.75,NY
SUNY Fredonia,Mining,2016,5,0,0,,NY
SUNY Fredonia,Mining,2016,10,,,,NY
SUNY Fredonia,Mining,2019,1,0,1,0,NY
SUNY Fredonia,Mining,2019,5,,,,NY
SUNY Fredonia,Mining,2019,10,,,,NY
SUNY Fredonia,Other Services,2004,1,26,31,.83870965,NY
SUNY Fredonia,Other Services,2004,5,42,50,.83999997,NY
SUNY Fredonia,Other Services,2004,10,33,47,.70212764,NY
SUNY Fredonia,Other Services,2007,1,39,45,.86666667,NY
SUNY Fredonia,Other Services,2007,5,46,68,.67647058,NY
SUNY Fredonia,Other Services,2007,10,38,50,.75999999,NY
SUNY Fredonia,Other Services,2010,1,30,38,.78947371,NY
SUNY Fredonia,Other Services,2010,5,58,85,.68235296,NY
SUNY Fredonia,Other Services,2010,10,50,62,.80645162,NY
SUNY Fredonia,Other Services,2013,1,28,41,.68292683,NY
SUNY Fredonia,Other Services,2013,5,40,65,.61538464,NY
SUNY Fredonia,Other Services,2013,10,,,,NY
SUNY Fredonia,Other Services,2016,1,50,53,.94339621,NY
SUNY Fredonia,Other Services,2016,5,70,79,.88607597,NY
SUNY Fredonia,Other Services,2016,10,,,,NY
SUNY Fredonia,Other Services,2019,1,39,41,.9512195,NY
SUNY Fredonia,Other Services,2019,5,,,,NY
SUNY Fredonia,Other Services,2019,10,,,,NY
SUNY Fredonia,Professional Services,2004,1,121,136,.8897059,NY
SUNY Fredonia,Professional Services,2004,5,130,176,.73863637,NY
SUNY Fredonia,Professional Services,2004,10,138,228,.60526317,NY
SUNY Fredonia,Professional Services,2007,1,117,139,.8417266,NY
SUNY Fredonia,Professional Services,2007,5,144,235,.61276597,NY
SUNY Fredonia,Professional Services,2007,10,151,229,.65938866,NY
SUNY Fredonia,Professional Services,2010,1,170,221,.76923078,NY
SUNY Fredonia,Professional Services,2010,5,204,308,.66233766,NY
SUNY Fredonia,Professional Services,2010,10,208,286,.72727275,NY
SUNY Fredonia,Professional Services,2013,1,166,225,.73777777,NY
SUNY Fredonia,Professional Services,2013,5,204,324,.62962961,NY
SUNY Fredonia,Professional Services,2013,10,,,,NY
SUNY Fredonia,Professional Services,2016,1,212,260,.81538463,NY
SUNY Fredonia,Professional Services,2016,5,232,319,.72727275,NY
SUNY Fredonia,Professional Services,2016,10,,,,NY
SUNY Fredonia,Professional Services,2019,1,181,223,.81165922,NY
SUNY Fredonia,Professional Services,2019,5,,,,NY
SUNY Fredonia,Professional Services,2019,10,,,,NY
SUNY Fredonia,Public Admin,2004,1,65,87,.74712646,NY
SUNY Fredonia,Public Admin,2004,5,93,119,.78151262,NY
SUNY Fredonia,Public Admin,2004,10,126,153,.82352942,NY
SUNY Fredonia,Public Admin,2007,1,65,76,.85526317,NY
SUNY Fredonia,Public Admin,2007,5,96,128,.75,NY
SUNY Fredonia,Public Admin,2007,10,155,196,.79081631,NY
SUNY Fredonia,Public Admin,2010,1,75,97,.77319586,NY
SUNY Fredonia,Public Admin,2010,5,165,205,.80487806,NY
SUNY Fredonia,Public Admin,2010,10,174,215,.80930233,NY
SUNY Fredonia,Public Admin,2013,1,64,77,.83116883,NY
SUNY Fredonia,Public Admin,2013,5,108,154,.70129871,NY
SUNY Fredonia,Public Admin,2013,10,,,,NY
SUNY Fredonia,Public Admin,2016,1,70,76,.92105263,NY
SUNY Fredonia,Public Admin,2016,5,113,144,.78472221,NY
SUNY Fredonia,Public Admin,2016,10,,,,NY
SUNY Fredonia,Public Admin,2019,1,49,81,.60493827,NY
SUNY Fredonia,Public Admin,2019,5,,,,NY
SUNY Fredonia,Public Admin,2019,10,,,,NY
SUNY Fredonia,Real Estate,2004,1,23,26,.88461536,NY
SUNY Fredonia,Real Estate,2004,5,15,22,.68181819,NY
SUNY Fredonia,Real Estate,2004,10,17,25,.68000001,NY
SUNY Fredonia,Real Estate,2007,1,18,22,.81818181,NY
SUNY Fredonia,Real Estate,2007,5,18,25,.72000003,NY
SUNY Fredonia,Real Estate,2007,10,21,26,.80769229,NY
SUNY Fredonia,Real Estate,2010,1,19,24,.79166669,NY
SUNY Fredonia,Real Estate,2010,5,24,34,.70588237,NY
SUNY Fredonia,Real Estate,2010,10,29,36,.80555558,NY
SUNY Fredonia,Real Estate,2013,1,35,46,.76086956,NY
SUNY Fredonia,Real Estate,2013,5,39,61,.63934427,NY
SUNY Fredonia,Real Estate,2013,10,,,,NY
SUNY Fredonia,Real Estate,2016,1,26,30,.86666667,NY
SUNY Fredonia,Real Estate,2016,5,43,52,.82692307,NY
SUNY Fredonia,Real Estate,2016,10,,,,NY
SUNY Fredonia,Real Estate,2019,1,31,36,.8611111,NY
SUNY Fredonia,Real Estate,2019,5,,,,NY
SUNY Fredonia,Real Estate,2019,10,,,,NY
SUNY Fredonia,Retail,2004,1,185,210,.88095236,NY
SUNY Fredonia,Retail,2004,5,84,129,.6511628,NY
SUNY Fredonia,Retail,2004,10,76,136,.55882353,NY
SUNY Fredonia,Retail,2007,1,188,233,.80686694,NY
SUNY Fredonia,Retail,2007,5,142,212,.66981131,NY
SUNY Fredonia,Retail,2007,10,93,175,.53142858,NY
SUNY Fredonia,Retail,2010,1,269,307,.87622148,NY
SUNY Fredonia,Retail,2010,5,158,242,.65289259,NY
SUNY Fredonia,Retail,2010,10,89,131,.6793893,NY
SUNY Fredonia,Retail,2013,1,204,255,.80000001,NY
SUNY Fredonia,Retail,2013,5,141,223,.63228697,NY
SUNY Fredonia,Retail,2013,10,,,,NY
SUNY Fredonia,Retail,2016,1,223,240,.92916667,NY
SUNY Fredonia,Retail,2016,5,117,166,.70481926,NY
SUNY Fredonia,Retail,2016,10,,,,NY
SUNY Fredonia,Retail,2019,1,201,227,.88546258,NY
SUNY Fredonia,Retail,2019,5,,,,NY
SUNY Fredonia,Retail,2019,10,,,,NY
SUNY Fredonia,Transportation,2004,1,22,26,.84615386,NY
SUNY Fredonia,Transportation,2004,5,27,46,.5869565,NY
SUNY Fredonia,Transportation,2004,10,26,37,.7027027,NY
SUNY Fredonia,Transportation,2007,1,28,38,.7368421,NY
SUNY Fredonia,Transportation,2007,5,25,40,.625,NY
SUNY Fredonia,Transportation,2007,10,25,42,.59523809,NY
SUNY Fredonia,Transportation,2010,1,19,27,.7037037,NY
SUNY Fredonia,Transportation,2010,5,22,44,.5,NY
SUNY Fredonia,Transportation,2010,10,31,42,.73809522,NY
SUNY Fredonia,Transportation,2013,1,26,44,.59090906,NY
SUNY Fredonia,Transportation,2013,5,29,49,.59183675,NY
SUNY Fredonia,Transportation,2013,10,,,,NY
SUNY Fredonia,Transportation,2016,1,34,34,1,NY
SUNY Fredonia,Transportation,2016,5,37,51,.72549021,NY
SUNY Fredonia,Transportation,2016,10,,,,NY
SUNY Fredonia,Transportation,2019,1,27,33,.81818181,NY
SUNY Fredonia,Transportation,2019,5,,,,NY
SUNY Fredonia,Transportation,2019,10,,,,NY
SUNY Fredonia,Utilities,2004,1,1,1,1,NY
SUNY Fredonia,Utilities,2004,5,3,3,1,NY
SUNY Fredonia,Utilities,2004,10,7,7,1,NY
SUNY Fredonia,Utilities,2007,1,0,0,,NY
SUNY Fredonia,Utilities,2007,5,2,2,1,NY
SUNY Fredonia,Utilities,2007,10,7,11,.63636363,NY
SUNY Fredonia,Utilities,2010,1,2,2,1,NY
SUNY Fredonia,Utilities,2010,5,6,7,.85714287,NY
SUNY Fredonia,Utilities,2010,10,3,4,.75,NY
SUNY Fredonia,Utilities,2013,1,3,5,.60000002,NY
SUNY Fredonia,Utilities,2013,5,2,5,.40000001,NY
SUNY Fredonia,Utilities,2013,10,,,,NY
SUNY Fredonia,Utilities,2016,1,2,2,1,NY
SUNY Fredonia,Utilities,2016,5,10,11,.90909094,NY
SUNY Fredonia,Utilities,2016,10,,,,NY
SUNY Fredonia,Utilities,2019,1,2,2,1,NY
SUNY Fredonia,Utilities,2019,5,,,,NY
SUNY Fredonia,Utilities,2019,10,,,,NY
SUNY Fredonia,Wholesale,2004,1,43,48,.89583331,NY
SUNY Fredonia,Wholesale,2004,5,54,68,.79411763,NY
SUNY Fredonia,Wholesale,2004,10,55,74,.74324322,NY
SUNY Fredonia,Wholesale,2007,1,37,47,.78723407,NY
SUNY Fredonia,Wholesale,2007,5,56,73,.76712328,NY
SUNY Fredonia,Wholesale,2007,10,64,90,.71111113,NY
SUNY Fredonia,Wholesale,2010,1,37,48,.77083331,NY
SUNY Fredonia,Wholesale,2010,5,86,135,.63703704,NY
SUNY Fredonia,Wholesale,2010,10,82,114,.71929824,NY
SUNY Fredonia,Wholesale,2013,1,60,77,.77922076,NY
SUNY Fredonia,Wholesale,2013,5,87,110,.79090911,NY
SUNY Fredonia,Wholesale,2013,10,,,,NY
SUNY Fredonia,Wholesale,2016,1,60,65,.92307693,NY
SUNY Fredonia,Wholesale,2016,5,55,74,.74324322,NY
SUNY Fredonia,Wholesale,2016,10,,,,NY
SUNY Fredonia,Wholesale,2019,1,38,43,.88372093,NY
SUNY Fredonia,Wholesale,2019,5,,,,NY
SUNY Fredonia,Wholesale,2019,10,,,,NY
SUNY Geneseo,Admin/Waste,2004,1,91,111,.81981981,NY
SUNY Geneseo,Admin/Waste,2004,5,62,79,.78481013,NY
SUNY Geneseo,Admin/Waste,2004,10,44,85,.51764709,NY
SUNY Geneseo,Admin/Waste,2007,1,94,134,.70149255,NY
SUNY Geneseo,Admin/Waste,2007,5,67,97,.69072163,NY
SUNY Geneseo,Admin/Waste,2007,10,55,97,.56701028,NY
SUNY Geneseo,Admin/Waste,2010,1,115,144,.7986111,NY
SUNY Geneseo,Admin/Waste,2010,5,84,128,.65625,NY
SUNY Geneseo,Admin/Waste,2010,10,60,101,.59405941,NY
SUNY Geneseo,Admin/Waste,2013,1,124,176,.70454544,NY
SUNY Geneseo,Admin/Waste,2013,5,75,103,.72815531,NY
SUNY Geneseo,Admin/Waste,2013,10,,,,NY
SUNY Geneseo,Admin/Waste,2016,1,134,160,.83749998,NY
SUNY Geneseo,Admin/Waste,2016,5,89,118,.75423729,NY
SUNY Geneseo,Admin/Waste,2016,10,,,,NY
SUNY Geneseo,Admin/Waste,2019,1,132,162,.81481481,NY
SUNY Geneseo,Admin/Waste,2019,5,,,,NY
SUNY Geneseo,Admin/Waste,2019,10,,,,NY
SUNY Geneseo,Agriculture,2004,1,1,1,1,NY
SUNY Geneseo,Agriculture,2004,5,2,3,.66666669,NY
SUNY Geneseo,Agriculture,2004,10,2,3,.66666669,NY
SUNY Geneseo,Agriculture,2007,1,0,1,0,NY
SUNY Geneseo,Agriculture,2007,5,0,0,,NY
SUNY Geneseo,Agriculture,2007,10,1,1,1,NY
SUNY Geneseo,Agriculture,2010,1,4,7,.5714286,NY
SUNY Geneseo,Agriculture,2010,5,4,5,.80000001,NY
SUNY Geneseo,Agriculture,2010,10,4,5,.80000001,NY
SUNY Geneseo,Agriculture,2013,1,4,7,.5714286,NY
SUNY Geneseo,Agriculture,2013,5,1,1,1,NY
SUNY Geneseo,Agriculture,2013,10,,,,NY
SUNY Geneseo,Agriculture,2016,1,1,1,1,NY
SUNY Geneseo,Agriculture,2016,5,1,1,1,NY
SUNY Geneseo,Agriculture,2016,10,,,,NY
SUNY Geneseo,Agriculture,2019,1,2,2,1,NY
SUNY Geneseo,Agriculture,2019,5,,,,NY
SUNY Geneseo,Agriculture,2019,10,,,,NY
SUNY Geneseo,Arts/Entertainment,2004,1,40,43,.93023258,NY
SUNY Geneseo,Arts/Entertainment,2004,5,21,26,.80769229,NY
SUNY Geneseo,Arts/Entertainment,2004,10,21,35,.60000002,NY
SUNY Geneseo,Arts/Entertainment,2007,1,16,24,.66666669,NY
SUNY Geneseo,Arts/Entertainment,2007,5,29,35,.82857144,NY
SUNY Geneseo,Arts/Entertainment,2007,10,22,26,.84615386,NY
SUNY Geneseo,Arts/Entertainment,2010,1,35,40,.875,NY
SUNY Geneseo,Arts/Entertainment,2010,5,38,60,.63333333,NY
SUNY Geneseo,Arts/Entertainment,2010,10,27,38,.71052629,NY
SUNY Geneseo,Arts/Entertainment,2013,1,27,42,.64285713,NY
SUNY Geneseo,Arts/Entertainment,2013,5,26,39,.66666669,NY
SUNY Geneseo,Arts/Entertainment,2013,10,,,,NY
SUNY Geneseo,Arts/Entertainment,2016,1,33,40,.82499999,NY
SUNY Geneseo,Arts/Entertainment,2016,5,27,32,.84375,NY
SUNY Geneseo,Arts/Entertainment,2016,10,,,,NY
SUNY Geneseo,Arts/Entertainment,2019,1,31,38,.81578946,NY
SUNY Geneseo,Arts/Entertainment,2019,5,,,,NY
SUNY Geneseo,Arts/Entertainment,2019,10,,,,NY
SUNY Geneseo,Construction,2004,1,19,27,.7037037,NY
SUNY Geneseo,Construction,2004,5,17,25,.68000001,NY
SUNY Geneseo,Construction,2004,10,18,29,.62068963,NY
SUNY Geneseo,Construction,2007,1,16,23,.69565219,NY
SUNY Geneseo,Construction,2007,5,20,25,.80000001,NY
SUNY Geneseo,Construction,2007,10,21,32,.65625,NY
SUNY Geneseo,Construction,2010,1,17,26,.65384614,NY
SUNY Geneseo,Construction,2010,5,29,49,.59183675,NY
SUNY Geneseo,Construction,2010,10,20,29,.68965518,NY
SUNY Geneseo,Construction,2013,1,23,36,.6388889,NY
SUNY Geneseo,Construction,2013,5,17,21,.80952382,NY
SUNY Geneseo,Construction,2013,10,,,,NY
SUNY Geneseo,Construction,2016,1,16,28,.5714286,NY
SUNY Geneseo,Construction,2016,5,20,31,.64516127,NY
SUNY Geneseo,Construction,2016,10,,,,NY
SUNY Geneseo,Construction,2019,1,31,34,.91176468,NY
SUNY Geneseo,Construction,2019,5,,,,NY
SUNY Geneseo,Construction,2019,10,,,,NY
SUNY Geneseo,Education,2004,1,633,814,.7776413,NY
SUNY Geneseo,Education,2004,5,824,1110,.74234235,NY
SUNY Geneseo,Education,2004,10,801,1115,.71838564,NY
SUNY Geneseo,Education,2007,1,492,579,.84974092,NY
SUNY Geneseo,Education,2007,5,699,916,.76310045,NY
SUNY Geneseo,Education,2007,10,714,975,.73230767,NY
SUNY Geneseo,Education,2010,1,346,456,.75877196,NY
SUNY Geneseo,Education,2010,5,617,883,.69875425,NY
SUNY Geneseo,Education,2010,10,647,942,.68683654,NY
SUNY Geneseo,Education,2013,1,354,439,.80637813,NY
SUNY Geneseo,Education,2013,5,555,743,.74697173,NY
SUNY Geneseo,Education,2013,10,,,,NY
SUNY Geneseo,Education,2016,1,353,446,.79147983,NY
SUNY Geneseo,Education,2016,5,504,610,.82622951,NY
SUNY Geneseo,Education,2016,10,,,,NY
SUNY Geneseo,Education,2019,1,447,527,.84819734,NY
SUNY Geneseo,Education,2019,5,,,,NY
SUNY Geneseo,Education,2019,10,,,,NY
SUNY Geneseo,Finance,2004,1,152,177,.85875708,NY
SUNY Geneseo,Finance,2004,5,152,213,.713615,NY
SUNY Geneseo,Finance,2004,10,176,242,.72727275,NY
SUNY Geneseo,Finance,2007,1,113,128,.8828125,NY
SUNY Geneseo,Finance,2007,5,143,202,.70792079,NY
SUNY Geneseo,Finance,2007,10,164,210,.78095239,NY
SUNY Geneseo,Finance,2010,1,150,189,.79365081,NY
SUNY Geneseo,Finance,2010,5,187,242,.77272725,NY
SUNY Geneseo,Finance,2010,10,172,238,.72268909,NY
SUNY Geneseo,Finance,2013,1,156,188,.82978725,NY
SUNY Geneseo,Finance,2013,5,159,210,.75714284,NY
SUNY Geneseo,Finance,2013,10,,,,NY
SUNY Geneseo,Finance,2016,1,153,172,.88953489,NY
SUNY Geneseo,Finance,2016,5,170,205,.82926828,NY
SUNY Geneseo,Finance,2016,10,,,,NY
SUNY Geneseo,Finance,2019,1,137,177,.77401131,NY
SUNY Geneseo,Finance,2019,5,,,,NY
SUNY Geneseo,Finance,2019,10,,,,NY
SUNY Geneseo,Food/Hospitality,2004,1,143,163,.87730062,NY
SUNY Geneseo,Food/Hospitality,2004,5,41,76,.53947371,NY
SUNY Geneseo,Food/Hospitality,2004,10,29,67,.43283582,NY
SUNY Geneseo,Food/Hospitality,2007,1,116,138,.84057969,NY
SUNY Geneseo,Food/Hospitality,2007,5,59,88,.67045456,NY
SUNY Geneseo,Food/Hospitality,2007,10,27,59,.45762712,NY
SUNY Geneseo,Food/Hospitality,2010,1,153,177,.86440676,NY
SUNY Geneseo,Food/Hospitality,2010,5,81,134,.60447758,NY
SUNY Geneseo,Food/Hospitality,2010,10,49,106,.46226415,NY
SUNY Geneseo,Food/Hospitality,2013,1,110,140,.78571427,NY
SUNY Geneseo,Food/Hospitality,2013,5,43,84,.51190478,NY
SUNY Geneseo,Food/Hospitality,2013,10,,,,NY
SUNY Geneseo,Food/Hospitality,2016,1,131,147,.89115644,NY
SUNY Geneseo,Food/Hospitality,2016,5,39,64,.609375,NY
SUNY Geneseo,Food/Hospitality,2016,10,,,,NY
SUNY Geneseo,Food/Hospitality,2019,1,128,167,.76646709,NY
SUNY Geneseo,Food/Hospitality,2019,5,,,,NY
SUNY Geneseo,Food/Hospitality,2019,10,,,,NY
SUNY Geneseo,Health Care,2004,1,251,317,.79179811,NY
SUNY Geneseo,Health Care,2004,5,308,428,.71962619,NY
SUNY Geneseo,Health Care,2004,10,286,454,.62995595,NY
SUNY Geneseo,Health Care,2007,1,259,308,.84090906,NY
SUNY Geneseo,Health Care,2007,5,401,531,.75517893,NY
SUNY Geneseo,Health Care,2007,10,371,552,.67210144,NY
SUNY Geneseo,Health Care,2010,1,262,332,.78915662,NY
SUNY Geneseo,Health Care,2010,5,401,563,.71225578,NY
SUNY Geneseo,Health Care,2010,10,388,609,.63710999,NY
SUNY Geneseo,Health Care,2013,1,268,342,.78362572,NY
SUNY Geneseo,Health Care,2013,5,338,463,.7300216,NY
SUNY Geneseo,Health Care,2013,10,,,,NY
SUNY Geneseo,Health Care,2016,1,324,400,.81,NY
SUNY Geneseo,Health Care,2016,5,393,543,.72375691,NY
SUNY Geneseo,Health Care,2016,10,,,,NY
SUNY Geneseo,Health Care,2019,1,344,434,.79262674,NY
SUNY Geneseo,Health Care,2019,5,,,,NY
SUNY Geneseo,Health Care,2019,10,,,,NY
SUNY Geneseo,Information,2004,1,49,68,.72058821,NY
SUNY Geneseo,Information,2004,5,45,59,.76271188,NY
SUNY Geneseo,Information,2004,10,53,87,.60919541,NY
SUNY Geneseo,Information,2007,1,38,45,.84444445,NY
SUNY Geneseo,Information,2007,5,56,66,.84848487,NY
SUNY Geneseo,Information,2007,10,56,94,.59574467,NY
SUNY Geneseo,Information,2010,1,45,54,.83333331,NY
SUNY Geneseo,Information,2010,5,94,131,.71755725,NY
SUNY Geneseo,Information,2010,10,84,116,.7241379,NY
SUNY Geneseo,Information,2013,1,49,67,.73134327,NY
SUNY Geneseo,Information,2013,5,83,108,.76851851,NY
SUNY Geneseo,Information,2013,10,,,,NY
SUNY Geneseo,Information,2016,1,58,68,.85294116,NY
SUNY Geneseo,Information,2016,5,85,110,.77272725,NY
SUNY Geneseo,Information,2016,10,,,,NY
SUNY Geneseo,Information,2019,1,41,47,.87234044,NY
SUNY Geneseo,Information,2019,5,,,,NY
SUNY Geneseo,Information,2019,10,,,,NY
SUNY Geneseo,Management,2004,1,48,57,.84210527,NY
SUNY Geneseo,Management,2004,5,46,58,.79310346,NY
SUNY Geneseo,Management,2004,10,51,69,.73913044,NY
SUNY Geneseo,Management,2007,1,54,60,.89999998,NY
SUNY Geneseo,Management,2007,5,37,46,.80434781,NY
SUNY Geneseo,Management,2007,10,39,49,.79591835,NY
SUNY Geneseo,Management,2010,1,54,58,.93103451,NY
SUNY Geneseo,Management,2010,5,58,71,.81690139,NY
SUNY Geneseo,Management,2010,10,56,67,.83582091,NY
SUNY Geneseo,Management,2013,1,34,36,.94444442,NY
SUNY Geneseo,Management,2013,5,57,63,.90476191,NY
SUNY Geneseo,Management,2013,10,,,,NY
SUNY Geneseo,Management,2016,1,42,46,.9130435,NY
SUNY Geneseo,Management,2016,5,60,71,.84507042,NY
SUNY Geneseo,Management,2016,10,,,,NY
SUNY Geneseo,Management,2019,1,45,50,.89999998,NY
SUNY Geneseo,Management,2019,5,,,,NY
SUNY Geneseo,Management,2019,10,,,,NY
SUNY Geneseo,Manufacturing,2004,1,63,82,.76829267,NY
SUNY Geneseo,Manufacturing,2004,5,71,98,.72448981,NY
SUNY Geneseo,Manufacturing,2004,10,78,117,.66666669,NY
SUNY Geneseo,Manufacturing,2007,1,49,69,.71014494,NY
SUNY Geneseo,Manufacturing,2007,5,66,89,.74157304,NY
SUNY Geneseo,Manufacturing,2007,10,63,111,.56756759,NY
SUNY Geneseo,Manufacturing,2010,1,66,87,.75862068,NY
SUNY Geneseo,Manufacturing,2010,5,78,115,.67826086,NY
SUNY Geneseo,Manufacturing,2010,10,88,139,.63309354,NY
SUNY Geneseo,Manufacturing,2013,1,65,103,.63106793,NY
SUNY Geneseo,Manufacturing,2013,5,76,106,.71698111,NY
SUNY Geneseo,Manufacturing,2013,10,,,,NY
SUNY Geneseo,Manufacturing,2016,1,61,95,.64210528,NY
SUNY Geneseo,Manufacturing,2016,5,82,124,.66129035,NY
SUNY Geneseo,Manufacturing,2016,10,,,,NY
SUNY Geneseo,Manufacturing,2019,1,99,143,.69230771,NY
SUNY Geneseo,Manufacturing,2019,5,,,,NY
SUNY Geneseo,Manufacturing,2019,10,,,,NY
SUNY Geneseo,Mining,2004,1,0,0,,NY
SUNY Geneseo,Mining,2004,5,2,2,1,NY
SUNY Geneseo,Mining,2004,10,0,0,,NY
SUNY Geneseo,Mining,2007,1,0,0,,NY
SUNY Geneseo,Mining,2007,5,0,0,,NY
SUNY Geneseo,Mining,2007,10,0,2,0,NY
SUNY Geneseo,Mining,2010,1,0,0,,NY
SUNY Geneseo,Mining,2010,5,1,1,1,NY
SUNY Geneseo,Mining,2010,10,0,0,,NY
SUNY Geneseo,Mining,2013,1,1,1,1,NY
SUNY Geneseo,Mining,2013,5,0,0,,NY
SUNY Geneseo,Mining,2013,10,,,,NY
SUNY Geneseo,Mining,2016,1,2,2,1,NY
SUNY Geneseo,Mining,2016,5,3,3,1,NY
SUNY Geneseo,Mining,2016,10,,,,NY
SUNY Geneseo,Mining,2019,1,1,1,1,NY
SUNY Geneseo,Mining,2019,5,,,,NY
SUNY Geneseo,Mining,2019,10,,,,NY
SUNY Geneseo,Other Services,2004,1,44,58,.75862068,NY
SUNY Geneseo,Other Services,2004,5,37,54,.68518519,NY
SUNY Geneseo,Other Services,2004,10,40,55,.72727275,NY
SUNY Geneseo,Other Services,2007,1,42,46,.9130435,NY
SUNY Geneseo,Other Services,2007,5,57,72,.79166669,NY
SUNY Geneseo,Other Services,2007,10,39,59,.66101694,NY
SUNY Geneseo,Other Services,2010,1,37,49,.75510204,NY
SUNY Geneseo,Other Services,2010,5,58,86,.67441863,NY
SUNY Geneseo,Other Services,2010,10,44,68,.64705884,NY
SUNY Geneseo,Other Services,2013,1,38,51,.74509805,NY
SUNY Geneseo,Other Services,2013,5,59,80,.73750001,NY
SUNY Geneseo,Other Services,2013,10,,,,NY
SUNY Geneseo,Other Services,2016,1,61,74,.82432431,NY
SUNY Geneseo,Other Services,2016,5,55,73,.75342464,NY
SUNY Geneseo,Other Services,2016,10,,,,NY
SUNY Geneseo,Other Services,2019,1,44,59,.74576271,NY
SUNY Geneseo,Other Services,2019,5,,,,NY
SUNY Geneseo,Other Services,2019,10,,,,NY
SUNY Geneseo,Professional Services,2004,1,230,283,.81272084,NY
SUNY Geneseo,Professional Services,2004,5,250,331,.75528699,NY
SUNY Geneseo,Professional Services,2004,10,237,346,.68497109,NY
SUNY Geneseo,Professional Services,2007,1,280,322,.86956519,NY
SUNY Geneseo,Professional Services,2007,5,299,416,.71875,NY
SUNY Geneseo,Professional Services,2007,10,258,397,.64987403,NY
SUNY Geneseo,Professional Services,2010,1,275,325,.84615386,NY
SUNY Geneseo,Professional Services,2010,5,347,489,.70961148,NY
SUNY Geneseo,Professional Services,2010,10,318,517,.61508703,NY
SUNY Geneseo,Professional Services,2013,1,259,339,.7640118,NY
SUNY Geneseo,Professional Services,2013,5,354,509,.69548136,NY
SUNY Geneseo,Professional Services,2013,10,,,,NY
SUNY Geneseo,Professional Services,2016,1,370,414,.89371979,NY
SUNY Geneseo,Professional Services,2016,5,416,565,.73628318,NY
SUNY Geneseo,Professional Services,2016,10,,,,NY
SUNY Geneseo,Professional Services,2019,1,344,407,.84520882,NY
SUNY Geneseo,Professional Services,2019,5,,,,NY
SUNY Geneseo,Professional Services,2019,10,,,,NY
SUNY Geneseo,Public Admin,2004,1,85,99,.85858583,NY
SUNY Geneseo,Public Admin,2004,5,128,169,.75739646,NY
SUNY Geneseo,Public Admin,2004,10,138,189,.73015875,NY
SUNY Geneseo,Public Admin,2007,1,67,80,.83749998,NY
SUNY Geneseo,Public Admin,2007,5,124,156,.79487181,NY
SUNY Geneseo,Public Admin,2007,10,145,189,.76719576,NY
SUNY Geneseo,Public Admin,2010,1,53,69,.76811594,NY
SUNY Geneseo,Public Admin,2010,5,121,173,.69942194,NY
SUNY Geneseo,Public Admin,2010,10,149,221,.67420816,NY
SUNY Geneseo,Public Admin,2013,1,52,72,.72222221,NY
SUNY Geneseo,Public Admin,2013,5,133,168,.79166669,NY
SUNY Geneseo,Public Admin,2013,10,,,,NY
SUNY Geneseo,Public Admin,2016,1,80,104,.76923078,NY
SUNY Geneseo,Public Admin,2016,5,143,182,.78571427,NY
SUNY Geneseo,Public Admin,2016,10,,,,NY
SUNY Geneseo,Public Admin,2019,1,72,104,.69230771,NY
SUNY Geneseo,Public Admin,2019,5,,,,NY
SUNY Geneseo,Public Admin,2019,10,,,,NY
SUNY Geneseo,Real Estate,2004,1,22,32,.6875,NY
SUNY Geneseo,Real Estate,2004,5,14,21,.66666669,NY
SUNY Geneseo,Real Estate,2004,10,19,24,.79166669,NY
SUNY Geneseo,Real Estate,2007,1,21,23,.9130435,NY
SUNY Geneseo,Real Estate,2007,5,16,23,.69565219,NY
SUNY Geneseo,Real Estate,2007,10,25,35,.71428573,NY
SUNY Geneseo,Real Estate,2010,1,15,17,.88235295,NY
SUNY Geneseo,Real Estate,2010,5,25,30,.83333331,NY
SUNY Geneseo,Real Estate,2010,10,29,42,.69047618,NY
SUNY Geneseo,Real Estate,2013,1,26,27,.96296299,NY
SUNY Geneseo,Real Estate,2013,5,37,43,.86046511,NY
SUNY Geneseo,Real Estate,2013,10,,,,NY
SUNY Geneseo,Real Estate,2016,1,36,47,.76595747,NY
SUNY Geneseo,Real Estate,2016,5,36,40,.89999998,NY
SUNY Geneseo,Real Estate,2016,10,,,,NY
SUNY Geneseo,Real Estate,2019,1,24,32,.75,NY
SUNY Geneseo,Real Estate,2019,5,,,,NY
SUNY Geneseo,Real Estate,2019,10,,,,NY
SUNY Geneseo,Retail,2004,1,147,185,.79459459,NY
SUNY Geneseo,Retail,2004,5,100,155,.64516127,NY
SUNY Geneseo,Retail,2004,10,72,127,.56692916,NY
SUNY Geneseo,Retail,2007,1,149,172,.86627907,NY
SUNY Geneseo,Retail,2007,5,115,163,.70552146,NY
SUNY Geneseo,Retail,2007,10,78,137,.56934309,NY
SUNY Geneseo,Retail,2010,1,153,190,.80526316,NY
SUNY Geneseo,Retail,2010,5,96,171,.56140351,NY
SUNY Geneseo,Retail,2010,10,75,141,.53191489,NY
SUNY Geneseo,Retail,2013,1,136,192,.70833331,NY
SUNY Geneseo,Retail,2013,5,66,103,.64077669,NY
SUNY Geneseo,Retail,2013,10,,,,NY
SUNY Geneseo,Retail,2016,1,144,180,.80000001,NY
SUNY Geneseo,Retail,2016,5,70,111,.63063061,NY
SUNY Geneseo,Retail,2016,10,,,,NY
SUNY Geneseo,Retail,2019,1,181,227,.79735684,NY
SUNY Geneseo,Retail,2019,5,,,,NY
SUNY Geneseo,Retail,2019,10,,,,NY
SUNY Geneseo,Transportation,2004,1,27,35,.77142859,NY
SUNY Geneseo,Transportation,2004,5,34,40,.85000002,NY
SUNY Geneseo,Transportation,2004,10,35,45,.77777779,NY
SUNY Geneseo,Transportation,2007,1,24,29,.82758623,NY
SUNY Geneseo,Transportation,2007,5,29,37,.78378379,NY
SUNY Geneseo,Transportation,2007,10,36,44,.81818181,NY
SUNY Geneseo,Transportation,2010,1,14,19,.7368421,NY
SUNY Geneseo,Transportation,2010,5,22,29,.75862068,NY
SUNY Geneseo,Transportation,2010,10,21,47,.44680852,NY
SUNY Geneseo,Transportation,2013,1,20,31,.64516127,NY
SUNY Geneseo,Transportation,2013,5,20,27,.74074072,NY
SUNY Geneseo,Transportation,2013,10,,,,NY
SUNY Geneseo,Transportation,2016,1,18,23,.78260869,NY
SUNY Geneseo,Transportation,2016,5,25,38,.65789473,NY
SUNY Geneseo,Transportation,2016,10,,,,NY
SUNY Geneseo,Transportation,2019,1,32,39,.82051283,NY
SUNY Geneseo,Transportation,2019,5,,,,NY
SUNY Geneseo,Transportation,2019,10,,,,NY
SUNY Geneseo,Utilities,2004,1,3,3,1,NY
SUNY Geneseo,Utilities,2004,5,3,3,1,NY
SUNY Geneseo,Utilities,2004,10,5,5,1,NY
SUNY Geneseo,Utilities,2007,1,2,3,.66666669,NY
SUNY Geneseo,Utilities,2007,5,11,11,1,NY
SUNY Geneseo,Utilities,2007,10,6,7,.85714287,NY
SUNY Geneseo,Utilities,2010,1,0,0,,NY
SUNY Geneseo,Utilities,2010,5,6,8,.75,NY
SUNY Geneseo,Utilities,2010,10,9,9,1,NY
SUNY Geneseo,Utilities,2013,1,6,7,.85714287,NY
SUNY Geneseo,Utilities,2013,5,3,4,.75,NY
SUNY Geneseo,Utilities,2013,10,,,,NY
SUNY Geneseo,Utilities,2016,1,3,8,.375,NY
SUNY Geneseo,Utilities,2016,5,5,6,.83333331,NY
SUNY Geneseo,Utilities,2016,10,,,,NY
SUNY Geneseo,Utilities,2019,1,2,2,1,NY
SUNY Geneseo,Utilities,2019,5,,,,NY
SUNY Geneseo,Utilities,2019,10,,,,NY
SUNY Geneseo,Wholesale,2004,1,42,63,.66666669,NY
SUNY Geneseo,Wholesale,2004,5,61,90,.67777777,NY
SUNY Geneseo,Wholesale,2004,10,63,105,.60000002,NY
SUNY Geneseo,Wholesale,2007,1,46,55,.83636361,NY
SUNY Geneseo,Wholesale,2007,5,51,68,.75,NY
SUNY Geneseo,Wholesale,2007,10,50,77,.64935064,NY
SUNY Geneseo,Wholesale,2010,1,42,49,.85714287,NY
SUNY Geneseo,Wholesale,2010,5,67,93,.72043014,NY
SUNY Geneseo,Wholesale,2010,10,70,109,.64220184,NY
SUNY Geneseo,Wholesale,2013,1,38,69,.55072463,NY
SUNY Geneseo,Wholesale,2013,5,55,73,.75342464,NY
SUNY Geneseo,Wholesale,2013,10,,,,NY
SUNY Geneseo,Wholesale,2016,1,39,54,.72222221,NY
SUNY Geneseo,Wholesale,2016,5,55,80,.6875,NY
SUNY Geneseo,Wholesale,2016,10,,,,NY
SUNY Geneseo,Wholesale,2019,1,55,75,.73333335,NY
SUNY Geneseo,Wholesale,2019,5,,,,NY
SUNY Geneseo,Wholesale,2019,10,,,,NY
SUNY Maritime,Admin/Waste,2004,1,2,12,.16666667,NY
SUNY Maritime,Admin/Waste,2004,5,3,15,.2,NY
SUNY Maritime,Admin/Waste,2004,10,2,14,.14285715,NY
SUNY Maritime,Admin/Waste,2007,1,5,22,.22727273,NY
SUNY Maritime,Admin/Waste,2007,5,14,23,.60869563,NY
SUNY Maritime,Admin/Waste,2007,10,5,34,.14705883,NY
SUNY Maritime,Admin/Waste,2010,1,6,16,.375,NY
SUNY Maritime,Admin/Waste,2010,5,12,23,.52173913,NY
SUNY Maritime,Admin/Waste,2010,10,7,35,.2,NY
SUNY Maritime,Admin/Waste,2013,1,4,24,.16666667,NY
SUNY Maritime,Admin/Waste,2013,5,8,31,.25806451,NY
SUNY Maritime,Admin/Waste,2013,10,,,,NY
SUNY Maritime,Admin/Waste,2016,1,16,52,.30769232,NY
SUNY Maritime,Admin/Waste,2016,5,17,39,.43589744,NY
SUNY Maritime,Admin/Waste,2016,10,,,,NY
SUNY Maritime,Admin/Waste,2019,1,16,30,.53333336,NY
SUNY Maritime,Admin/Waste,2019,5,,,,NY
SUNY Maritime,Admin/Waste,2019,10,,,,NY
SUNY Maritime,Agriculture,2004,1,0,0,,NY
SUNY Maritime,Agriculture,2004,5,0,0,,NY
SUNY Maritime,Agriculture,2004,10,0,0,,NY
SUNY Maritime,Agriculture,2007,1,0,0,,NY
SUNY Maritime,Agriculture,2007,5,0,0,,NY
SUNY Maritime,Agriculture,2007,10,1,1,1,NY
SUNY Maritime,Agriculture,2010,1,0,2,0,NY
SUNY Maritime,Agriculture,2010,5,0,0,,NY
SUNY Maritime,Agriculture,2010,10,1,1,1,NY
SUNY Maritime,Agriculture,2013,1,0,1,0,NY
SUNY Maritime,Agriculture,2013,5,0,1,0,NY
SUNY Maritime,Agriculture,2013,10,,,,NY
SUNY Maritime,Agriculture,2016,1,2,3,.66666669,NY
SUNY Maritime,Agriculture,2016,5,2,2,1,NY
SUNY Maritime,Agriculture,2016,10,,,,NY
SUNY Maritime,Agriculture,2019,1,0,0,,NY
SUNY Maritime,Agriculture,2019,5,,,,NY
SUNY Maritime,Agriculture,2019,10,,,,NY
SUNY Maritime,Arts/Entertainment,2004,1,2,2,1,NY
SUNY Maritime,Arts/Entertainment,2004,5,2,2,1,NY
SUNY Maritime,Arts/Entertainment,2004,10,2,2,1,NY
SUNY Maritime,Arts/Entertainment,2007,1,3,3,1,NY
SUNY Maritime,Arts/Entertainment,2007,5,2,5,.40000001,NY
SUNY Maritime,Arts/Entertainment,2007,10,0,5,0,NY
SUNY Maritime,Arts/Entertainment,2010,1,4,6,.66666669,NY
SUNY Maritime,Arts/Entertainment,2010,5,4,5,.80000001,NY
SUNY Maritime,Arts/Entertainment,2010,10,6,8,.75,NY
SUNY Maritime,Arts/Entertainment,2013,1,1,4,.25,NY
SUNY Maritime,Arts/Entertainment,2013,5,2,2,1,NY
SUNY Maritime,Arts/Entertainment,2013,10,,,,NY
SUNY Maritime,Arts/Entertainment,2016,1,4,5,.80000001,NY
SUNY Maritime,Arts/Entertainment,2016,5,4,4,1,NY
SUNY Maritime,Arts/Entertainment,2016,10,,,,NY
SUNY Maritime,Arts/Entertainment,2019,1,4,12,.33333334,NY
SUNY Maritime,Arts/Entertainment,2019,5,,,,NY
SUNY Maritime,Arts/Entertainment,2019,10,,,,NY
SUNY Maritime,Construction,2004,1,2,10,.2,NY
SUNY Maritime,Construction,2004,5,5,13,.38461539,NY
SUNY Maritime,Construction,2004,10,4,14,.2857143,NY
SUNY Maritime,Construction,2007,1,13,24,.54166669,NY
SUNY Maritime,Construction,2007,5,10,13,.76923078,NY
SUNY Maritime,Construction,2007,10,14,22,.63636363,NY
SUNY Maritime,Construction,2010,1,10,15,.66666669,NY
SUNY Maritime,Construction,2010,5,12,17,.70588237,NY
SUNY Maritime,Construction,2010,10,20,32,.625,NY
SUNY Maritime,Construction,2013,1,20,34,.58823532,NY
SUNY Maritime,Construction,2013,5,31,48,.64583331,NY
SUNY Maritime,Construction,2013,10,,,,NY
SUNY Maritime,Construction,2016,1,46,69,.66666669,NY
SUNY Maritime,Construction,2016,5,50,83,.60240966,NY
SUNY Maritime,Construction,2016,10,,,,NY
SUNY Maritime,Construction,2019,1,43,76,.56578946,NY
SUNY Maritime,Construction,2019,5,,,,NY
SUNY Maritime,Construction,2019,10,,,,NY
SUNY Maritime,Education,2004,1,12,12,1,NY
SUNY Maritime,Education,2004,5,16,24,.66666669,NY
SUNY Maritime,Education,2004,10,13,18,.72222221,NY
SUNY Maritime,Education,2007,1,8,12,.66666669,NY
SUNY Maritime,Education,2007,5,16,27,.5925926,NY
SUNY Maritime,Education,2007,10,21,32,.65625,NY
SUNY Maritime,Education,2010,1,3,6,.5,NY
SUNY Maritime,Education,2010,5,15,21,.71428573,NY
SUNY Maritime,Education,2010,10,21,39,.53846157,NY
SUNY Maritime,Education,2013,1,11,18,.6111111,NY
SUNY Maritime,Education,2013,5,30,41,.73170733,NY
SUNY Maritime,Education,2013,10,,,,NY
SUNY Maritime,Education,2016,1,20,25,.80000001,NY
SUNY Maritime,Education,2016,5,37,57,.64912283,NY
SUNY Maritime,Education,2016,10,,,,NY
SUNY Maritime,Education,2019,1,11,25,.44,NY
SUNY Maritime,Education,2019,5,,,,NY
SUNY Maritime,Education,2019,10,,,,NY
SUNY Maritime,Finance,2004,1,3,4,.75,NY
SUNY Maritime,Finance,2004,5,6,13,.46153846,NY
SUNY Maritime,Finance,2004,10,4,7,.5714286,NY
SUNY Maritime,Finance,2007,1,4,4,1,NY
SUNY Maritime,Finance,2007,5,5,10,.5,NY
SUNY Maritime,Finance,2007,10,5,7,.71428573,NY
SUNY Maritime,Finance,2010,1,7,9,.77777779,NY
SUNY Maritime,Finance,2010,5,10,12,.83333331,NY
SUNY Maritime,Finance,2010,10,16,28,.5714286,NY
SUNY Maritime,Finance,2013,1,5,6,.83333331,NY
SUNY Maritime,Finance,2013,5,15,18,.83333331,NY
SUNY Maritime,Finance,2013,10,,,,NY
SUNY Maritime,Finance,2016,1,12,15,.80000001,NY
SUNY Maritime,Finance,2016,5,20,30,.66666669,NY
SUNY Maritime,Finance,2016,10,,,,NY
SUNY Maritime,Finance,2019,1,11,17,.64705884,NY
SUNY Maritime,Finance,2019,5,,,,NY
SUNY Maritime,Finance,2019,10,,,,NY
SUNY Maritime,Food/Hospitality,2004,1,2,2,1,NY
SUNY Maritime,Food/Hospitality,2004,5,0,10,0,NY
SUNY Maritime,Food/Hospitality,2004,10,1,5,.2,NY
SUNY Maritime,Food/Hospitality,2007,1,2,3,.66666669,NY
SUNY Maritime,Food/Hospitality,2007,5,0,3,0,NY
SUNY Maritime,Food/Hospitality,2007,10,0,4,0,NY
SUNY Maritime,Food/Hospitality,2010,1,0,2,0,NY
SUNY Maritime,Food/Hospitality,2010,5,1,3,.33333334,NY
SUNY Maritime,Food/Hospitality,2010,10,2,18,.11111111,NY
SUNY Maritime,Food/Hospitality,2013,1,2,5,.40000001,NY
SUNY Maritime,Food/Hospitality,2013,5,0,4,0,NY
SUNY Maritime,Food/Hospitality,2013,10,,,,NY
SUNY Maritime,Food/Hospitality,2016,1,6,11,.54545456,NY
SUNY Maritime,Food/Hospitality,2016,5,1,13,.07692308,NY
SUNY Maritime,Food/Hospitality,2016,10,,,,NY
SUNY Maritime,Food/Hospitality,2019,1,4,15,.26666668,NY
SUNY Maritime,Food/Hospitality,2019,5,,,,NY
SUNY Maritime,Food/Hospitality,2019,10,,,,NY
SUNY Maritime,Health Care,2004,1,3,6,.5,NY
SUNY Maritime,Health Care,2004,5,7,13,.53846157,NY
SUNY Maritime,Health Care,2004,10,4,17,.23529412,NY
SUNY Maritime,Health Care,2007,1,7,11,.63636363,NY
SUNY Maritime,Health Care,2007,5,11,18,.6111111,NY
SUNY Maritime,Health Care,2007,10,10,20,.5,NY
SUNY Maritime,Health Care,2010,1,0,8,0,NY
SUNY Maritime,Health Care,2010,5,8,12,.66666669,NY
SUNY Maritime,Health Care,2010,10,7,28,.25,NY
SUNY Maritime,Health Care,2013,1,11,18,.6111111,NY
SUNY Maritime,Health Care,2013,5,16,35,.45714286,NY
SUNY Maritime,Health Care,2013,10,,,,NY
SUNY Maritime,Health Care,2016,1,16,26,.61538464,NY
SUNY Maritime,Health Care,2016,5,26,41,.63414633,NY
SUNY Maritime,Health Care,2016,10,,,,NY
SUNY Maritime,Health Care,2019,1,17,26,.65384614,NY
SUNY Maritime,Health Care,2019,5,,,,NY
SUNY Maritime,Health Care,2019,10,,,,NY
SUNY Maritime,Information,2004,1,1,1,1,NY
SUNY Maritime,Information,2004,5,1,3,.33333334,NY
SUNY Maritime,Information,2004,10,2,3,.66666669,NY
SUNY Maritime,Information,2007,1,0,2,0,NY
SUNY Maritime,Information,2007,5,2,10,.2,NY
SUNY Maritime,Information,2007,10,0,4,0,NY
SUNY Maritime,Information,2010,1,1,8,.125,NY
SUNY Maritime,Information,2010,5,0,3,0,NY
SUNY Maritime,Information,2010,10,1,5,.2,NY
SUNY Maritime,Information,2013,1,1,8,.125,NY
SUNY Maritime,Information,2013,5,2,8,.25,NY
SUNY Maritime,Information,2013,10,,,,NY
SUNY Maritime,Information,2016,1,1,1,1,NY
SUNY Maritime,Information,2016,5,2,3,.66666669,NY
SUNY Maritime,Information,2016,10,,,,NY
SUNY Maritime,Information,2019,1,2,7,.2857143,NY
SUNY Maritime,Information,2019,5,,,,NY
SUNY Maritime,Information,2019,10,,,,NY
SUNY Maritime,Management,2004,1,1,3,.33333334,NY
SUNY Maritime,Management,2004,5,2,6,.33333334,NY
SUNY Maritime,Management,2004,10,3,3,1,NY
SUNY Maritime,Management,2007,1,4,4,1,NY
SUNY Maritime,Management,2007,5,2,2,1,NY
SUNY Maritime,Management,2007,10,5,5,1,NY
SUNY Maritime,Management,2010,1,1,3,.33333334,NY
SUNY Maritime,Management,2010,5,1,4,.25,NY
SUNY Maritime,Management,2010,10,5,18,.27777779,NY
SUNY Maritime,Management,2013,1,3,3,1,NY
SUNY Maritime,Management,2013,5,4,11,.36363637,NY
SUNY Maritime,Management,2013,10,,,,NY
SUNY Maritime,Management,2016,1,2,3,.66666669,NY
SUNY Maritime,Management,2016,5,3,12,.25,NY
SUNY Maritime,Management,2016,10,,,,NY
SUNY Maritime,Management,2019,1,4,16,.25,NY
SUNY Maritime,Management,2019,5,,,,NY
SUNY Maritime,Management,2019,10,,,,NY
SUNY Maritime,Manufacturing,2004,1,0,8,0,NY
SUNY Maritime,Manufacturing,2004,5,2,16,.125,NY
SUNY Maritime,Manufacturing,2004,10,0,10,0,NY
SUNY Maritime,Manufacturing,2007,1,7,26,.26923078,NY
SUNY Maritime,Manufacturing,2007,5,9,25,.36000001,NY
SUNY Maritime,Manufacturing,2007,10,4,23,.17391305,NY
SUNY Maritime,Manufacturing,2010,1,3,16,.1875,NY
SUNY Maritime,Manufacturing,2010,5,4,29,.13793103,NY
SUNY Maritime,Manufacturing,2010,10,3,35,.085714288,NY
SUNY Maritime,Manufacturing,2013,1,5,26,.1923077,NY
SUNY Maritime,Manufacturing,2013,5,13,48,.27083334,NY
SUNY Maritime,Manufacturing,2013,10,,,,NY
SUNY Maritime,Manufacturing,2016,1,13,39,.33333334,NY
SUNY Maritime,Manufacturing,2016,5,13,58,.22413793,NY
SUNY Maritime,Manufacturing,2016,10,,,,NY
SUNY Maritime,Manufacturing,2019,1,10,44,.22727273,NY
SUNY Maritime,Manufacturing,2019,5,,,,NY
SUNY Maritime,Manufacturing,2019,10,,,,NY
SUNY Maritime,Mining,2004,1,0,10,0,NY
SUNY Maritime,Mining,2004,5,0,9,0,NY
SUNY Maritime,Mining,2004,10,0,17,0,NY
SUNY Maritime,Mining,2007,1,0,5,0,NY
SUNY Maritime,Mining,2007,5,0,11,0,NY
SUNY Maritime,Mining,2007,10,0,11,0,NY
SUNY Maritime,Mining,2010,1,0,3,0,NY
SUNY Maritime,Mining,2010,5,2,6,.33333334,NY
SUNY Maritime,Mining,2010,10,2,3,.66666669,NY
SUNY Maritime,Mining,2013,1,0,13,0,NY
SUNY Maritime,Mining,2013,5,1,4,.25,NY
SUNY Maritime,Mining,2013,10,,,,NY
SUNY Maritime,Mining,2016,1,1,1,1,NY
SUNY Maritime,Mining,2016,5,2,8,.25,NY
SUNY Maritime,Mining,2016,10,,,,NY
SUNY Maritime,Mining,2019,1,2,7,.2857143,NY
SUNY Maritime,Mining,2019,5,,,,NY
SUNY Maritime,Mining,2019,10,,,,NY
SUNY Maritime,Other Services,2004,1,1,1,1,NY
SUNY Maritime,Other Services,2004,5,2,4,.5,NY
SUNY Maritime,Other Services,2004,10,2,2,1,NY
SUNY Maritime,Other Services,2007,1,1,1,1,NY
SUNY Maritime,Other Services,2007,5,1,4,.25,NY
SUNY Maritime,Other Services,2007,10,1,5,.2,NY
SUNY Maritime,Other Services,2010,1,0,1,0,NY
SUNY Maritime,Other Services,2010,5,0,4,0,NY
SUNY Maritime,Other Services,2010,10,1,9,.11111111,NY
SUNY Maritime,Other Services,2013,1,3,5,.60000002,NY
SUNY Maritime,Other Services,2013,5,1,1,1,NY
SUNY Maritime,Other Services,2013,10,,,,NY
SUNY Maritime,Other Services,2016,1,6,6,1,NY
SUNY Maritime,Other Services,2016,5,3,8,.375,NY
SUNY Maritime,Other Services,2016,10,,,,NY
SUNY Maritime,Other Services,2019,1,6,12,.5,NY
SUNY Maritime,Other Services,2019,5,,,,NY
SUNY Maritime,Other Services,2019,10,,,,NY
SUNY Maritime,Professional Services,2004,1,21,35,.60000002,NY
SUNY Maritime,Professional Services,2004,5,18,37,.48648649,NY
SUNY Maritime,Professional Services,2004,10,14,33,.42424244,NY
SUNY Maritime,Professional Services,2007,1,27,53,.50943398,NY
SUNY Maritime,Professional Services,2007,5,32,50,.63999999,NY
SUNY Maritime,Professional Services,2007,10,27,56,.48214287,NY
SUNY Maritime,Professional Services,2010,1,29,46,.63043481,NY
SUNY Maritime,Professional Services,2010,5,17,35,.48571429,NY
SUNY Maritime,Professional Services,2010,10,14,54,.25925925,NY
SUNY Maritime,Professional Services,2013,1,37,61,.60655737,NY
SUNY Maritime,Professional Services,2013,5,36,70,.51428574,NY
SUNY Maritime,Professional Services,2013,10,,,,NY
SUNY Maritime,Professional Services,2016,1,49,78,.62820512,NY
SUNY Maritime,Professional Services,2016,5,30,82,.36585367,NY
SUNY Maritime,Professional Services,2016,10,,,,NY
SUNY Maritime,Professional Services,2019,1,42,64,.65625,NY
SUNY Maritime,Professional Services,2019,5,,,,NY
SUNY Maritime,Professional Services,2019,10,,,,NY
SUNY Maritime,Public Admin,2004,1,12,12,1,NY
SUNY Maritime,Public Admin,2004,5,16,20,.80000001,NY
SUNY Maritime,Public Admin,2004,10,12,16,.75,NY
SUNY Maritime,Public Admin,2007,1,10,10,1,NY
SUNY Maritime,Public Admin,2007,5,22,29,.75862068,NY
SUNY Maritime,Public Admin,2007,10,19,26,.73076922,NY
SUNY Maritime,Public Admin,2010,1,9,11,.81818181,NY
SUNY Maritime,Public Admin,2010,5,17,19,.89473683,NY
SUNY Maritime,Public Admin,2010,10,34,42,.80952382,NY
SUNY Maritime,Public Admin,2013,1,12,16,.75,NY
SUNY Maritime,Public Admin,2013,5,38,48,.79166669,NY
SUNY Maritime,Public Admin,2013,10,,,,NY
SUNY Maritime,Public Admin,2016,1,16,22,.72727275,NY
SUNY Maritime,Public Admin,2016,5,46,73,.63013697,NY
SUNY Maritime,Public Admin,2016,10,,,,NY
SUNY Maritime,Public Admin,2019,1,16,20,.80000001,NY
SUNY Maritime,Public Admin,2019,5,,,,NY
SUNY Maritime,Public Admin,2019,10,,,,NY
SUNY Maritime,Real Estate,2004,1,0,1,0,NY
SUNY Maritime,Real Estate,2004,5,0,1,0,NY
SUNY Maritime,Real Estate,2004,10,0,2,0,NY
SUNY Maritime,Real Estate,2007,1,2,2,1,NY
SUNY Maritime,Real Estate,2007,5,3,6,.5,NY
SUNY Maritime,Real Estate,2007,10,3,8,.375,NY
SUNY Maritime,Real Estate,2010,1,3,3,1,NY
SUNY Maritime,Real Estate,2010,5,2,9,.22222222,NY
SUNY Maritime,Real Estate,2010,10,5,10,.5,NY
SUNY Maritime,Real Estate,2013,1,2,4,.5,NY
SUNY Maritime,Real Estate,2013,5,8,12,.66666669,NY
SUNY Maritime,Real Estate,2013,10,,,,NY
SUNY Maritime,Real Estate,2016,1,10,16,.625,NY
SUNY Maritime,Real Estate,2016,5,8,9,.8888889,NY
SUNY Maritime,Real Estate,2016,10,,,,NY
SUNY Maritime,Real Estate,2019,1,3,3,1,NY
SUNY Maritime,Real Estate,2019,5,,,,NY
SUNY Maritime,Real Estate,2019,10,,,,NY
SUNY Maritime,Retail,2004,1,1,2,.5,NY
SUNY Maritime,Retail,2004,5,0,5,0,NY
SUNY Maritime,Retail,2004,10,0,7,0,NY
SUNY Maritime,Retail,2007,1,7,14,.5,NY
SUNY Maritime,Retail,2007,5,9,20,.44999999,NY
SUNY Maritime,Retail,2007,10,6,21,.2857143,NY
SUNY Maritime,Retail,2010,1,9,16,.5625,NY
SUNY Maritime,Retail,2010,5,1,8,.125,NY
SUNY Maritime,Retail,2010,10,6,16,.375,NY
SUNY Maritime,Retail,2013,1,7,15,.46666667,NY
SUNY Maritime,Retail,2013,5,4,11,.36363637,NY
SUNY Maritime,Retail,2013,10,,,,NY
SUNY Maritime,Retail,2016,1,7,11,.63636363,NY
SUNY Maritime,Retail,2016,5,3,18,.16666667,NY
SUNY Maritime,Retail,2016,10,,,,NY
SUNY Maritime,Retail,2019,1,14,29,.48275861,NY
SUNY Maritime,Retail,2019,5,,,,NY
SUNY Maritime,Retail,2019,10,,,,NY
SUNY Maritime,Transportation,2004,1,55,119,.46218488,NY
SUNY Maritime,Transportation,2004,5,31,101,.30693069,NY
SUNY Maritime,Transportation,2004,10,19,78,.24358974,NY
SUNY Maritime,Transportation,2007,1,54,167,.32335329,NY
SUNY Maritime,Transportation,2007,5,41,144,.28472221,NY
SUNY Maritime,Transportation,2007,10,32,117,.27350429,NY
SUNY Maritime,Transportation,2010,1,56,193,.29015544,NY
SUNY Maritime,Transportation,2010,5,55,158,.34810126,NY
SUNY Maritime,Transportation,2010,10,34,163,.20858896,NY
SUNY Maritime,Transportation,2013,1,108,263,.41064638,NY
SUNY Maritime,Transportation,2013,5,75,197,.38071066,NY
SUNY Maritime,Transportation,2013,10,,,,NY
SUNY Maritime,Transportation,2016,1,150,281,.53380781,NY
SUNY Maritime,Transportation,2016,5,76,257,.29571983,NY
SUNY Maritime,Transportation,2016,10,,,,NY
SUNY Maritime,Transportation,2019,1,91,281,.32384342,NY
SUNY Maritime,Transportation,2019,5,,,,NY
SUNY Maritime,Transportation,2019,10,,,,NY
SUNY Maritime,Utilities,2004,1,3,4,.75,NY
SUNY Maritime,Utilities,2004,5,7,9,.77777779,NY
SUNY Maritime,Utilities,2004,10,8,9,.8888889,NY
SUNY Maritime,Utilities,2007,1,21,22,.95454544,NY
SUNY Maritime,Utilities,2007,5,25,25,1,NY
SUNY Maritime,Utilities,2007,10,26,30,.86666667,NY
SUNY Maritime,Utilities,2010,1,13,13,1,NY
SUNY Maritime,Utilities,2010,5,23,27,.85185188,NY
SUNY Maritime,Utilities,2010,10,27,34,.79411763,NY
SUNY Maritime,Utilities,2013,1,22,26,.84615386,NY
SUNY Maritime,Utilities,2013,5,31,40,.77499998,NY
SUNY Maritime,Utilities,2013,10,,,,NY
SUNY Maritime,Utilities,2016,1,27,27,1,NY
SUNY Maritime,Utilities,2016,5,40,48,.83333331,NY
SUNY Maritime,Utilities,2016,10,,,,NY
SUNY Maritime,Utilities,2019,1,9,9,1,NY
SUNY Maritime,Utilities,2019,5,,,,NY
SUNY Maritime,Utilities,2019,10,,,,NY
SUNY Maritime,Wholesale,2004,1,3,4,.75,NY
SUNY Maritime,Wholesale,2004,5,3,12,.25,NY
SUNY Maritime,Wholesale,2004,10,3,5,.60000002,NY
SUNY Maritime,Wholesale,2007,1,9,14,.64285713,NY
SUNY Maritime,Wholesale,2007,5,11,16,.6875,NY
SUNY Maritime,Wholesale,2007,10,3,10,.30000001,NY
SUNY Maritime,Wholesale,2010,1,5,8,.625,NY
SUNY Maritime,Wholesale,2010,5,6,11,.54545456,NY
SUNY Maritime,Wholesale,2010,10,10,15,.66666669,NY
SUNY Maritime,Wholesale,2013,1,12,14,.85714287,NY
SUNY Maritime,Wholesale,2013,5,14,27,.51851851,NY
SUNY Maritime,Wholesale,2013,10,,,,NY
SUNY Maritime,Wholesale,2016,1,21,21,1,NY
SUNY Maritime,Wholesale,2016,5,17,40,.42500001,NY
SUNY Maritime,Wholesale,2016,10,,,,NY
SUNY Maritime,Wholesale,2019,1,12,16,.75,NY
SUNY Maritime,Wholesale,2019,5,,,,NY
SUNY Maritime,Wholesale,2019,10,,,,NY
SUNY New Paltz,Admin/Waste,2004,1,149,164,.90853661,NY
SUNY New Paltz,Admin/Waste,2004,5,79,102,.77450979,NY
SUNY New Paltz,Admin/Waste,2004,10,74,110,.67272729,NY
SUNY New Paltz,Admin/Waste,2007,1,98,110,.89090908,NY
SUNY New Paltz,Admin/Waste,2007,5,85,126,.67460316,NY
SUNY New Paltz,Admin/Waste,2007,10,80,114,.70175439,NY
SUNY New Paltz,Admin/Waste,2010,1,122,156,.78205127,NY
SUNY New Paltz,Admin/Waste,2010,5,100,131,.76335877,NY
SUNY New Paltz,Admin/Waste,2010,10,94,150,.62666667,NY
SUNY New Paltz,Admin/Waste,2013,1,121,150,.80666667,NY
SUNY New Paltz,Admin/Waste,2013,5,113,146,.77397263,NY
SUNY New Paltz,Admin/Waste,2013,10,,,,NY
SUNY New Paltz,Admin/Waste,2016,1,204,252,.80952382,NY
SUNY New Paltz,Admin/Waste,2016,5,118,173,.68208092,NY
SUNY New Paltz,Admin/Waste,2016,10,,,,NY
SUNY New Paltz,Admin/Waste,2019,1,141,172,.81976742,NY
SUNY New Paltz,Admin/Waste,2019,5,,,,NY
SUNY New Paltz,Admin/Waste,2019,10,,,,NY
SUNY New Paltz,Agriculture,2004,1,1,7,.14285715,NY
SUNY New Paltz,Agriculture,2004,5,0,0,,NY
SUNY New Paltz,Agriculture,2004,10,3,8,.375,NY
SUNY New Paltz,Agriculture,2007,1,5,5,1,NY
SUNY New Paltz,Agriculture,2007,5,0,0,,NY
SUNY New Paltz,Agriculture,2007,10,4,7,.5714286,NY
SUNY New Paltz,Agriculture,2010,1,9,12,.75,NY
SUNY New Paltz,Agriculture,2010,5,5,7,.71428573,NY
SUNY New Paltz,Agriculture,2010,10,3,7,.42857143,NY
SUNY New Paltz,Agriculture,2013,1,5,9,.55555558,NY
SUNY New Paltz,Agriculture,2013,5,1,2,.5,NY
SUNY New Paltz,Agriculture,2013,10,,,,NY
SUNY New Paltz,Agriculture,2016,1,5,8,.625,NY
SUNY New Paltz,Agriculture,2016,5,8,10,.80000001,NY
SUNY New Paltz,Agriculture,2016,10,,,,NY
SUNY New Paltz,Agriculture,2019,1,4,4,1,NY
SUNY New Paltz,Agriculture,2019,5,,,,NY
SUNY New Paltz,Agriculture,2019,10,,,,NY
SUNY New Paltz,Arts/Entertainment,2004,1,60,64,.9375,NY
SUNY New Paltz,Arts/Entertainment,2004,5,47,57,.82456142,NY
SUNY New Paltz,Arts/Entertainment,2004,10,48,57,.84210527,NY
SUNY New Paltz,Arts/Entertainment,2007,1,43,47,.91489363,NY
SUNY New Paltz,Arts/Entertainment,2007,5,43,50,.86000001,NY
SUNY New Paltz,Arts/Entertainment,2007,10,35,50,.69999999,NY
SUNY New Paltz,Arts/Entertainment,2010,1,73,77,.94805193,NY
SUNY New Paltz,Arts/Entertainment,2010,5,80,95,.84210527,NY
SUNY New Paltz,Arts/Entertainment,2010,10,40,57,.70175439,NY
SUNY New Paltz,Arts/Entertainment,2013,1,56,64,.875,NY
SUNY New Paltz,Arts/Entertainment,2013,5,51,54,.94444442,NY
SUNY New Paltz,Arts/Entertainment,2013,10,,,,NY
SUNY New Paltz,Arts/Entertainment,2016,1,97,115,.84347826,NY
SUNY New Paltz,Arts/Entertainment,2016,5,56,63,.8888889,NY
SUNY New Paltz,Arts/Entertainment,2016,10,,,,NY
SUNY New Paltz,Arts/Entertainment,2019,1,65,77,.84415585,NY
SUNY New Paltz,Arts/Entertainment,2019,5,,,,NY
SUNY New Paltz,Arts/Entertainment,2019,10,,,,NY
SUNY New Paltz,Construction,2004,1,27,36,.75,NY
SUNY New Paltz,Construction,2004,5,24,33,.72727275,NY
SUNY New Paltz,Construction,2004,10,29,42,.69047618,NY
SUNY New Paltz,Construction,2007,1,20,29,.68965518,NY
SUNY New Paltz,Construction,2007,5,24,42,.5714286,NY
SUNY New Paltz,Construction,2007,10,34,51,.66666669,NY
SUNY New Paltz,Construction,2010,1,35,59,.59322035,NY
SUNY New Paltz,Construction,2010,5,51,58,.87931037,NY
SUNY New Paltz,Construction,2010,10,41,49,.83673471,NY
SUNY New Paltz,Construction,2013,1,37,53,.6981132,NY
SUNY New Paltz,Construction,2013,5,44,50,.88,NY
SUNY New Paltz,Construction,2013,10,,,,NY
SUNY New Paltz,Construction,2016,1,40,54,.74074072,NY
SUNY New Paltz,Construction,2016,5,63,83,.75903612,NY
SUNY New Paltz,Construction,2016,10,,,,NY
SUNY New Paltz,Construction,2019,1,37,48,.77083331,NY
SUNY New Paltz,Construction,2019,5,,,,NY
SUNY New Paltz,Construction,2019,10,,,,NY
SUNY New Paltz,Education,2004,1,566,666,.84984982,NY
SUNY New Paltz,Education,2004,5,738,855,.86315787,NY
SUNY New Paltz,Education,2004,10,796,997,.79839516,NY
SUNY New Paltz,Education,2007,1,415,464,.89439654,NY
SUNY New Paltz,Education,2007,5,628,766,.81984335,NY
SUNY New Paltz,Education,2007,10,746,948,.78691983,NY
SUNY New Paltz,Education,2010,1,312,386,.80829018,NY
SUNY New Paltz,Education,2010,5,676,869,.77790564,NY
SUNY New Paltz,Education,2010,10,750,956,.78451884,NY
SUNY New Paltz,Education,2013,1,337,400,.84249997,NY
SUNY New Paltz,Education,2013,5,668,801,.83395755,NY
SUNY New Paltz,Education,2013,10,,,,NY
SUNY New Paltz,Education,2016,1,403,495,.81414139,NY
SUNY New Paltz,Education,2016,5,676,839,.8057211,NY
SUNY New Paltz,Education,2016,10,,,,NY
SUNY New Paltz,Education,2019,1,508,575,.88347828,NY
SUNY New Paltz,Education,2019,5,,,,NY
SUNY New Paltz,Education,2019,10,,,,NY
SUNY New Paltz,Finance,2004,1,170,198,.85858583,NY
SUNY New Paltz,Finance,2004,5,150,180,.83333331,NY
SUNY New Paltz,Finance,2004,10,144,183,.78688526,NY
SUNY New Paltz,Finance,2007,1,138,147,.93877554,NY
SUNY New Paltz,Finance,2007,5,167,206,.81067961,NY
SUNY New Paltz,Finance,2007,10,157,205,.76585364,NY
SUNY New Paltz,Finance,2010,1,99,126,.78571427,NY
SUNY New Paltz,Finance,2010,5,142,184,.77173913,NY
SUNY New Paltz,Finance,2010,10,130,165,.78787881,NY
SUNY New Paltz,Finance,2013,1,120,156,.76923078,NY
SUNY New Paltz,Finance,2013,5,149,182,.8186813,NY
SUNY New Paltz,Finance,2013,10,,,,NY
SUNY New Paltz,Finance,2016,1,121,159,.7610063,NY
SUNY New Paltz,Finance,2016,5,173,230,.7521739,NY
SUNY New Paltz,Finance,2016,10,,,,NY
SUNY New Paltz,Finance,2019,1,137,154,.88961041,NY
SUNY New Paltz,Finance,2019,5,,,,NY
SUNY New Paltz,Finance,2019,10,,,,NY
SUNY New Paltz,Food/Hospitality,2004,1,200,247,.80971658,NY
SUNY New Paltz,Food/Hospitality,2004,5,106,147,.72108841,NY
SUNY New Paltz,Food/Hospitality,2004,10,73,133,.54887217,NY
SUNY New Paltz,Food/Hospitality,2007,1,159,184,.86413044,NY
SUNY New Paltz,Food/Hospitality,2007,5,112,154,.72727275,NY
SUNY New Paltz,Food/Hospitality,2007,10,71,124,.57258064,NY
SUNY New Paltz,Food/Hospitality,2010,1,235,290,.81034482,NY
SUNY New Paltz,Food/Hospitality,2010,5,140,191,.7329843,NY
SUNY New Paltz,Food/Hospitality,2010,10,63,111,.56756759,NY
SUNY New Paltz,Food/Hospitality,2013,1,220,256,.859375,NY
SUNY New Paltz,Food/Hospitality,2013,5,133,181,.73480666,NY
SUNY New Paltz,Food/Hospitality,2013,10,,,,NY
SUNY New Paltz,Food/Hospitality,2016,1,279,326,.85582823,NY
SUNY New Paltz,Food/Hospitality,2016,5,102,156,.65384614,NY
SUNY New Paltz,Food/Hospitality,2016,10,,,,NY
SUNY New Paltz,Food/Hospitality,2019,1,267,294,.90816325,NY
SUNY New Paltz,Food/Hospitality,2019,5,,,,NY
SUNY New Paltz,Food/Hospitality,2019,10,,,,NY
SUNY New Paltz,Health Care,2004,1,488,559,.87298745,NY
SUNY New Paltz,Health Care,2004,5,505,584,.86472601,NY
SUNY New Paltz,Health Care,2004,10,433,587,.73764908,NY
SUNY New Paltz,Health Care,2007,1,458,524,.87404579,NY
SUNY New Paltz,Health Care,2007,5,562,703,.79943103,NY
SUNY New Paltz,Health Care,2007,10,482,663,.72699851,NY
SUNY New Paltz,Health Care,2010,1,435,515,.84466022,NY
SUNY New Paltz,Health Care,2010,5,565,726,.77823693,NY
SUNY New Paltz,Health Care,2010,10,475,629,.75516695,NY
SUNY New Paltz,Health Care,2013,1,425,496,.85685486,NY
SUNY New Paltz,Health Care,2013,5,511,625,.81760001,NY
SUNY New Paltz,Health Care,2013,10,,,,NY
SUNY New Paltz,Health Care,2016,1,470,541,.86876154,NY
SUNY New Paltz,Health Care,2016,5,573,713,.80364656,NY
SUNY New Paltz,Health Care,2016,10,,,,NY
SUNY New Paltz,Health Care,2019,1,491,571,.85989493,NY
SUNY New Paltz,Health Care,2019,5,,,,NY
SUNY New Paltz,Health Care,2019,10,,,,NY
SUNY New Paltz,Information,2004,1,133,143,.93006992,NY
SUNY New Paltz,Information,2004,5,135,153,.88235295,NY
SUNY New Paltz,Information,2004,10,98,124,.7903226,NY
SUNY New Paltz,Information,2007,1,75,82,.91463417,NY
SUNY New Paltz,Information,2007,5,111,136,.81617647,NY
SUNY New Paltz,Information,2007,10,129,153,.84313726,NY
SUNY New Paltz,Information,2010,1,104,128,.8125,NY
SUNY New Paltz,Information,2010,5,152,179,.84916198,NY
SUNY New Paltz,Information,2010,10,142,171,.83040935,NY
SUNY New Paltz,Information,2013,1,120,151,.79470199,NY
SUNY New Paltz,Information,2013,5,138,174,.79310346,NY
SUNY New Paltz,Information,2013,10,,,,NY
SUNY New Paltz,Information,2016,1,150,195,.76923078,NY
SUNY New Paltz,Information,2016,5,171,215,.79534882,NY
SUNY New Paltz,Information,2016,10,,,,NY
SUNY New Paltz,Information,2019,1,129,150,.86000001,NY
SUNY New Paltz,Information,2019,5,,,,NY
SUNY New Paltz,Information,2019,10,,,,NY
SUNY New Paltz,Management,2004,1,40,44,.90909094,NY
SUNY New Paltz,Management,2004,5,46,48,.95833331,NY
SUNY New Paltz,Management,2004,10,47,49,.95918369,NY
SUNY New Paltz,Management,2007,1,35,36,.97222221,NY
SUNY New Paltz,Management,2007,5,37,44,.84090906,NY
SUNY New Paltz,Management,2007,10,50,63,.79365081,NY
SUNY New Paltz,Management,2010,1,41,45,.91111112,NY
SUNY New Paltz,Management,2010,5,53,56,.9464286,NY
SUNY New Paltz,Management,2010,10,50,54,.92592591,NY
SUNY New Paltz,Management,2013,1,35,46,.76086956,NY
SUNY New Paltz,Management,2013,5,52,67,.77611941,NY
SUNY New Paltz,Management,2013,10,,,,NY
SUNY New Paltz,Management,2016,1,56,69,.81159419,NY
SUNY New Paltz,Management,2016,5,55,67,.82089549,NY
SUNY New Paltz,Management,2016,10,,,,NY
SUNY New Paltz,Management,2019,1,33,40,.82499999,NY
SUNY New Paltz,Management,2019,5,,,,NY
SUNY New Paltz,Management,2019,10,,,,NY
SUNY New Paltz,Manufacturing,2004,1,56,77,.72727275,NY
SUNY New Paltz,Manufacturing,2004,5,54,81,.66666669,NY
SUNY New Paltz,Manufacturing,2004,10,54,86,.62790698,NY
SUNY New Paltz,Manufacturing,2007,1,46,69,.66666669,NY
SUNY New Paltz,Manufacturing,2007,5,57,79,.72151899,NY
SUNY New Paltz,Manufacturing,2007,10,58,115,.5043478,NY
SUNY New Paltz,Manufacturing,2010,1,63,86,.73255813,NY
SUNY New Paltz,Manufacturing,2010,5,88,119,.73949581,NY
SUNY New Paltz,Manufacturing,2010,10,73,120,.60833335,NY
SUNY New Paltz,Manufacturing,2013,1,72,94,.76595747,NY
SUNY New Paltz,Manufacturing,2013,5,93,142,.65492958,NY
SUNY New Paltz,Manufacturing,2013,10,,,,NY
SUNY New Paltz,Manufacturing,2016,1,123,154,.79870129,NY
SUNY New Paltz,Manufacturing,2016,5,144,223,.64573991,NY
SUNY New Paltz,Manufacturing,2016,10,,,,NY
SUNY New Paltz,Manufacturing,2019,1,122,157,.77707005,NY
SUNY New Paltz,Manufacturing,2019,5,,,,NY
SUNY New Paltz,Manufacturing,2019,10,,,,NY
SUNY New Paltz,Mining,2004,1,0,0,,NY
SUNY New Paltz,Mining,2004,5,0,1,0,NY
SUNY New Paltz,Mining,2004,10,0,0,,NY
SUNY New Paltz,Mining,2007,1,2,2,1,NY
SUNY New Paltz,Mining,2007,5,1,1,1,NY
SUNY New Paltz,Mining,2007,10,0,0,,NY
SUNY New Paltz,Mining,2010,1,0,0,,NY
SUNY New Paltz,Mining,2010,5,2,2,1,NY
SUNY New Paltz,Mining,2010,10,0,0,,NY
SUNY New Paltz,Mining,2013,1,0,3,0,NY
SUNY New Paltz,Mining,2013,5,0,0,,NY
SUNY New Paltz,Mining,2013,10,,,,NY
SUNY New Paltz,Mining,2016,1,0,2,0,NY
SUNY New Paltz,Mining,2016,5,0,0,,NY
SUNY New Paltz,Mining,2016,10,,,,NY
SUNY New Paltz,Mining,2019,1,1,1,1,NY
SUNY New Paltz,Mining,2019,5,,,,NY
SUNY New Paltz,Mining,2019,10,,,,NY
SUNY New Paltz,Other Services,2004,1,75,82,.91463417,NY
SUNY New Paltz,Other Services,2004,5,58,72,.80555558,NY
SUNY New Paltz,Other Services,2004,10,49,65,.75384617,NY
SUNY New Paltz,Other Services,2007,1,47,55,.85454547,NY
SUNY New Paltz,Other Services,2007,5,50,73,.68493152,NY
SUNY New Paltz,Other Services,2007,10,56,81,.69135803,NY
SUNY New Paltz,Other Services,2010,1,54,67,.80597013,NY
SUNY New Paltz,Other Services,2010,5,72,89,.80898875,NY
SUNY New Paltz,Other Services,2010,10,59,85,.69411767,NY
SUNY New Paltz,Other Services,2013,1,65,90,.72222221,NY
SUNY New Paltz,Other Services,2013,5,72,85,.84705883,NY
SUNY New Paltz,Other Services,2013,10,,,,NY
SUNY New Paltz,Other Services,2016,1,89,111,.8018018,NY
SUNY New Paltz,Other Services,2016,5,92,115,.80000001,NY
SUNY New Paltz,Other Services,2016,10,,,,NY
SUNY New Paltz,Other Services,2019,1,81,88,.92045456,NY
SUNY New Paltz,Other Services,2019,5,,,,NY
SUNY New Paltz,Other Services,2019,10,,,,NY
SUNY New Paltz,Professional Services,2004,1,231,281,.82206404,NY
SUNY New Paltz,Professional Services,2004,5,246,302,.81456953,NY
SUNY New Paltz,Professional Services,2004,10,202,291,.69415808,NY
SUNY New Paltz,Professional Services,2007,1,194,220,.88181818,NY
SUNY New Paltz,Professional Services,2007,5,235,288,.81597221,NY
SUNY New Paltz,Professional Services,2007,10,202,300,.67333335,NY
SUNY New Paltz,Professional Services,2010,1,221,271,.81549817,NY
SUNY New Paltz,Professional Services,2010,5,309,404,.76485151,NY
SUNY New Paltz,Professional Services,2010,10,256,373,.6863271,NY
SUNY New Paltz,Professional Services,2013,1,294,351,.83760685,NY
SUNY New Paltz,Professional Services,2013,5,332,404,.82178217,NY
SUNY New Paltz,Professional Services,2013,10,,,,NY
SUNY New Paltz,Professional Services,2016,1,295,395,.74683547,NY
SUNY New Paltz,Professional Services,2016,5,414,554,.7472924,NY
SUNY New Paltz,Professional Services,2016,10,,,,NY
SUNY New Paltz,Professional Services,2019,1,320,380,.84210527,NY
SUNY New Paltz,Professional Services,2019,5,,,,NY
SUNY New Paltz,Professional Services,2019,10,,,,NY
SUNY New Paltz,Public Admin,2004,1,149,170,.87647057,NY
SUNY New Paltz,Public Admin,2004,5,223,250,.89200002,NY
SUNY New Paltz,Public Admin,2004,10,246,287,.85714287,NY
SUNY New Paltz,Public Admin,2007,1,114,134,.85074627,NY
SUNY New Paltz,Public Admin,2007,5,178,215,.82790697,NY
SUNY New Paltz,Public Admin,2007,10,244,294,.82993197,NY
SUNY New Paltz,Public Admin,2010,1,84,108,.77777779,NY
SUNY New Paltz,Public Admin,2010,5,212,247,.85829961,NY
SUNY New Paltz,Public Admin,2010,10,260,312,.83333331,NY
SUNY New Paltz,Public Admin,2013,1,80,99,.80808079,NY
SUNY New Paltz,Public Admin,2013,5,250,278,.89928055,NY
SUNY New Paltz,Public Admin,2013,10,,,,NY
SUNY New Paltz,Public Admin,2016,1,128,162,.79012346,NY
SUNY New Paltz,Public Admin,2016,5,243,285,.85263157,NY
SUNY New Paltz,Public Admin,2016,10,,,,NY
SUNY New Paltz,Public Admin,2019,1,112,147,.76190478,NY
SUNY New Paltz,Public Admin,2019,5,,,,NY
SUNY New Paltz,Public Admin,2019,10,,,,NY
SUNY New Paltz,Real Estate,2004,1,47,52,.90384614,NY
SUNY New Paltz,Real Estate,2004,5,20,23,.86956519,NY
SUNY New Paltz,Real Estate,2004,10,22,22,1,NY
SUNY New Paltz,Real Estate,2007,1,24,25,.95999998,NY
SUNY New Paltz,Real Estate,2007,5,22,31,.7096774,NY
SUNY New Paltz,Real Estate,2007,10,23,28,.8214286,NY
SUNY New Paltz,Real Estate,2010,1,34,41,.82926828,NY
SUNY New Paltz,Real Estate,2010,5,32,37,.86486489,NY
SUNY New Paltz,Real Estate,2010,10,23,33,.69696969,NY
SUNY New Paltz,Real Estate,2013,1,25,33,.75757575,NY
SUNY New Paltz,Real Estate,2013,5,46,53,.86792451,NY
SUNY New Paltz,Real Estate,2013,10,,,,NY
SUNY New Paltz,Real Estate,2016,1,40,49,.81632656,NY
SUNY New Paltz,Real Estate,2016,5,37,48,.77083331,NY
SUNY New Paltz,Real Estate,2016,10,,,,NY
SUNY New Paltz,Real Estate,2019,1,32,37,.86486489,NY
SUNY New Paltz,Real Estate,2019,5,,,,NY
SUNY New Paltz,Real Estate,2019,10,,,,NY
SUNY New Paltz,Retail,2004,1,243,286,.84965032,NY
SUNY New Paltz,Retail,2004,5,138,191,.72251308,NY
SUNY New Paltz,Retail,2004,10,121,193,.62694299,NY
SUNY New Paltz,Retail,2007,1,268,302,.8874172,NY
SUNY New Paltz,Retail,2007,5,190,270,.7037037,NY
SUNY New Paltz,Retail,2007,10,133,216,.61574072,NY
SUNY New Paltz,Retail,2010,1,311,363,.8567493,NY
SUNY New Paltz,Retail,2010,5,187,248,.75403225,NY
SUNY New Paltz,Retail,2010,10,117,192,.609375,NY
SUNY New Paltz,Retail,2013,1,312,372,.83870965,NY
SUNY New Paltz,Retail,2013,5,187,231,.80952382,NY
SUNY New Paltz,Retail,2013,10,,,,NY
SUNY New Paltz,Retail,2016,1,336,402,.83582091,NY
SUNY New Paltz,Retail,2016,5,177,260,.68076921,NY
SUNY New Paltz,Retail,2016,10,,,,NY
SUNY New Paltz,Retail,2019,1,372,421,.88361043,NY
SUNY New Paltz,Retail,2019,5,,,,NY
SUNY New Paltz,Retail,2019,10,,,,NY
SUNY New Paltz,Transportation,2004,1,33,45,.73333335,NY
SUNY New Paltz,Transportation,2004,5,37,47,.78723407,NY
SUNY New Paltz,Transportation,2004,10,39,52,.75,NY
SUNY New Paltz,Transportation,2007,1,27,37,.72972971,NY
SUNY New Paltz,Transportation,2007,5,36,52,.69230771,NY
SUNY New Paltz,Transportation,2007,10,46,61,.75409836,NY
SUNY New Paltz,Transportation,2010,1,30,47,.63829786,NY
SUNY New Paltz,Transportation,2010,5,44,54,.81481481,NY
SUNY New Paltz,Transportation,2010,10,50,64,.78125,NY
SUNY New Paltz,Transportation,2013,1,27,40,.67500001,NY
SUNY New Paltz,Transportation,2013,5,30,35,.85714287,NY
SUNY New Paltz,Transportation,2013,10,,,,NY
SUNY New Paltz,Transportation,2016,1,39,64,.609375,NY
SUNY New Paltz,Transportation,2016,5,47,66,.71212119,NY
SUNY New Paltz,Transportation,2016,10,,,,NY
SUNY New Paltz,Transportation,2019,1,41,54,.75925928,NY
SUNY New Paltz,Transportation,2019,5,,,,NY
SUNY New Paltz,Transportation,2019,10,,,,NY
SUNY New Paltz,Utilities,2004,1,0,0,,NY
SUNY New Paltz,Utilities,2004,5,14,14,1,NY
SUNY New Paltz,Utilities,2004,10,19,21,.90476191,NY
SUNY New Paltz,Utilities,2007,1,2,2,1,NY
SUNY New Paltz,Utilities,2007,5,9,9,1,NY
SUNY New Paltz,Utilities,2007,10,14,14,1,NY
SUNY New Paltz,Utilities,2010,1,8,9,.8888889,NY
SUNY New Paltz,Utilities,2010,5,8,8,1,NY
SUNY New Paltz,Utilities,2010,10,18,19,.94736844,NY
SUNY New Paltz,Utilities,2013,1,6,6,1,NY
SUNY New Paltz,Utilities,2013,5,9,9,1,NY
SUNY New Paltz,Utilities,2013,10,,,,NY
SUNY New Paltz,Utilities,2016,1,12,22,.54545456,NY
SUNY New Paltz,Utilities,2016,5,21,21,1,NY
SUNY New Paltz,Utilities,2016,10,,,,NY
SUNY New Paltz,Utilities,2019,1,11,12,.91666669,NY
SUNY New Paltz,Utilities,2019,5,,,,NY
SUNY New Paltz,Utilities,2019,10,,,,NY
SUNY New Paltz,Wholesale,2004,1,65,89,.73033708,NY
SUNY New Paltz,Wholesale,2004,5,76,104,.73076922,NY
SUNY New Paltz,Wholesale,2004,10,76,107,.71028036,NY
SUNY New Paltz,Wholesale,2007,1,54,67,.80597013,NY
SUNY New Paltz,Wholesale,2007,5,64,88,.72727275,NY
SUNY New Paltz,Wholesale,2007,10,71,101,.70297033,NY
SUNY New Paltz,Wholesale,2010,1,78,107,.72897196,NY
SUNY New Paltz,Wholesale,2010,5,105,125,.83999997,NY
SUNY New Paltz,Wholesale,2010,10,78,104,.75,NY
SUNY New Paltz,Wholesale,2013,1,73,97,.7525773,NY
SUNY New Paltz,Wholesale,2013,5,98,123,.79674798,NY
SUNY New Paltz,Wholesale,2013,10,,,,NY
SUNY New Paltz,Wholesale,2016,1,74,109,.67889911,NY
SUNY New Paltz,Wholesale,2016,5,97,139,.6978417,NY
SUNY New Paltz,Wholesale,2016,10,,,,NY
SUNY New Paltz,Wholesale,2019,1,76,106,.71698111,NY
SUNY New Paltz,Wholesale,2019,5,,,,NY
SUNY New Paltz,Wholesale,2019,10,,,,NY
SUNY Old Westbury,Admin/Waste,2004,1,75,91,.82417583,NY
SUNY Old Westbury,Admin/Waste,2004,5,48,61,.78688526,NY
SUNY Old Westbury,Admin/Waste,2004,10,56,73,.76712328,NY
SUNY Old Westbury,Admin/Waste,2007,1,63,71,.88732392,NY
SUNY Old Westbury,Admin/Waste,2007,5,54,63,.85714287,NY
SUNY Old Westbury,Admin/Waste,2007,10,55,69,.79710144,NY
SUNY Old Westbury,Admin/Waste,2010,1,79,89,.88764048,NY
SUNY Old Westbury,Admin/Waste,2010,5,52,71,.73239434,NY
SUNY Old Westbury,Admin/Waste,2010,10,61,80,.76249999,NY
SUNY Old Westbury,Admin/Waste,2013,1,106,121,.87603307,NY
SUNY Old Westbury,Admin/Waste,2013,5,93,129,.72093022,NY
SUNY Old Westbury,Admin/Waste,2013,10,,,,NY
SUNY Old Westbury,Admin/Waste,2016,1,136,156,.87179488,NY
SUNY Old Westbury,Admin/Waste,2016,5,104,140,.74285716,NY
SUNY Old Westbury,Admin/Waste,2016,10,,,,NY
SUNY Old Westbury,Admin/Waste,2019,1,148,169,.87573963,NY
SUNY Old Westbury,Admin/Waste,2019,5,,,,NY
SUNY Old Westbury,Admin/Waste,2019,10,,,,NY
SUNY Old Westbury,Agriculture,2004,1,1,2,.5,NY
SUNY Old Westbury,Agriculture,2004,5,2,4,.5,NY
SUNY Old Westbury,Agriculture,2004,10,0,1,0,NY
SUNY Old Westbury,Agriculture,2007,1,0,0,,NY
SUNY Old Westbury,Agriculture,2007,5,3,6,.5,NY
SUNY Old Westbury,Agriculture,2007,10,4,5,.80000001,NY
SUNY Old Westbury,Agriculture,2010,1,0,2,0,NY
SUNY Old Westbury,Agriculture,2010,5,2,2,1,NY
SUNY Old Westbury,Agriculture,2010,10,1,1,1,NY
SUNY Old Westbury,Agriculture,2013,1,0,1,0,NY
SUNY Old Westbury,Agriculture,2013,5,1,1,1,NY
SUNY Old Westbury,Agriculture,2013,10,,,,NY
SUNY Old Westbury,Agriculture,2016,1,2,3,.66666669,NY
SUNY Old Westbury,Agriculture,2016,5,1,5,.2,NY
SUNY Old Westbury,Agriculture,2016,10,,,,NY
SUNY Old Westbury,Agriculture,2019,1,0,0,,NY
SUNY Old Westbury,Agriculture,2019,5,,,,NY
SUNY Old Westbury,Agriculture,2019,10,,,,NY
SUNY Old Westbury,Arts/Entertainment,2004,1,18,22,.81818181,NY
SUNY Old Westbury,Arts/Entertainment,2004,5,16,18,.8888889,NY
SUNY Old Westbury,Arts/Entertainment,2004,10,11,14,.78571427,NY
SUNY Old Westbury,Arts/Entertainment,2007,1,11,20,.55000001,NY
SUNY Old Westbury,Arts/Entertainment,2007,5,10,13,.76923078,NY
SUNY Old Westbury,Arts/Entertainment,2007,10,9,10,.89999998,NY
SUNY Old Westbury,Arts/Entertainment,2010,1,21,24,.875,NY
SUNY Old Westbury,Arts/Entertainment,2010,5,10,15,.66666669,NY
SUNY Old Westbury,Arts/Entertainment,2010,10,6,10,.60000002,NY
SUNY Old Westbury,Arts/Entertainment,2013,1,15,17,.88235295,NY
SUNY Old Westbury,Arts/Entertainment,2013,5,11,20,.55000001,NY
SUNY Old Westbury,Arts/Entertainment,2013,10,,,,NY
SUNY Old Westbury,Arts/Entertainment,2016,1,29,32,.90625,NY
SUNY Old Westbury,Arts/Entertainment,2016,5,21,24,.875,NY
SUNY Old Westbury,Arts/Entertainment,2016,10,,,,NY
SUNY Old Westbury,Arts/Entertainment,2019,1,18,22,.81818181,NY
SUNY Old Westbury,Arts/Entertainment,2019,5,,,,NY
SUNY Old Westbury,Arts/Entertainment,2019,10,,,,NY
SUNY Old Westbury,Construction,2004,1,15,37,.4054054,NY
SUNY Old Westbury,Construction,2004,5,15,37,.4054054,NY
SUNY Old Westbury,Construction,2004,10,23,37,.62162161,NY
SUNY Old Westbury,Construction,2007,1,16,17,.94117647,NY
SUNY Old Westbury,Construction,2007,5,29,42,.69047618,NY
SUNY Old Westbury,Construction,2007,10,33,41,.80487806,NY
SUNY Old Westbury,Construction,2010,1,19,32,.59375,NY
SUNY Old Westbury,Construction,2010,5,26,43,.60465115,NY
SUNY Old Westbury,Construction,2010,10,15,21,.71428573,NY
SUNY Old Westbury,Construction,2013,1,30,33,.90909094,NY
SUNY Old Westbury,Construction,2013,5,36,56,.64285713,NY
SUNY Old Westbury,Construction,2013,10,,,,NY
SUNY Old Westbury,Construction,2016,1,31,44,.70454544,NY
SUNY Old Westbury,Construction,2016,5,41,48,.85416669,NY
SUNY Old Westbury,Construction,2016,10,,,,NY
SUNY Old Westbury,Construction,2019,1,38,52,.73076922,NY
SUNY Old Westbury,Construction,2019,5,,,,NY
SUNY Old Westbury,Construction,2019,10,,,,NY
SUNY Old Westbury,Education,2004,1,206,248,.83064514,NY
SUNY Old Westbury,Education,2004,5,224,266,.84210527,NY
SUNY Old Westbury,Education,2004,10,231,289,.79930794,NY
SUNY Old Westbury,Education,2007,1,177,189,.93650794,NY
SUNY Old Westbury,Education,2007,5,241,279,.86379927,NY
SUNY Old Westbury,Education,2007,10,264,319,.82758623,NY
SUNY Old Westbury,Education,2010,1,164,193,.84974092,NY
SUNY Old Westbury,Education,2010,5,309,349,.88538682,NY
SUNY Old Westbury,Education,2010,10,310,342,.90643275,NY
SUNY Old Westbury,Education,2013,1,238,243,.97942388,NY
SUNY Old Westbury,Education,2013,5,367,433,.84757507,NY
SUNY Old Westbury,Education,2013,10,,,,NY
SUNY Old Westbury,Education,2016,1,235,272,.86397058,NY
SUNY Old Westbury,Education,2016,5,343,403,.8511166,NY
SUNY Old Westbury,Education,2016,10,,,,NY
SUNY Old Westbury,Education,2019,1,295,328,.89939022,NY
SUNY Old Westbury,Education,2019,5,,,,NY
SUNY Old Westbury,Education,2019,10,,,,NY
SUNY Old Westbury,Finance,2004,1,146,175,.83428574,NY
SUNY Old Westbury,Finance,2004,5,110,125,.88,NY
SUNY Old Westbury,Finance,2004,10,109,132,.82575756,NY
SUNY Old Westbury,Finance,2007,1,116,123,.94308943,NY
SUNY Old Westbury,Finance,2007,5,128,153,.83660132,NY
SUNY Old Westbury,Finance,2007,10,105,125,.83999997,NY
SUNY Old Westbury,Finance,2010,1,138,155,.89032257,NY
SUNY Old Westbury,Finance,2010,5,145,172,.84302324,NY
SUNY Old Westbury,Finance,2010,10,111,141,.78723407,NY
SUNY Old Westbury,Finance,2013,1,150,158,.94936711,NY
SUNY Old Westbury,Finance,2013,5,145,183,.79234976,NY
SUNY Old Westbury,Finance,2013,10,,,,NY
SUNY Old Westbury,Finance,2016,1,148,171,.86549705,NY
SUNY Old Westbury,Finance,2016,5,143,177,.80790961,NY
SUNY Old Westbury,Finance,2016,10,,,,NY
SUNY Old Westbury,Finance,2019,1,129,145,.88965517,NY
SUNY Old Westbury,Finance,2019,5,,,,NY
SUNY Old Westbury,Finance,2019,10,,,,NY
SUNY Old Westbury,Food/Hospitality,2004,1,61,78,.78205127,NY
SUNY Old Westbury,Food/Hospitality,2004,5,23,30,.76666665,NY
SUNY Old Westbury,Food/Hospitality,2004,10,20,38,.52631581,NY
SUNY Old Westbury,Food/Hospitality,2007,1,51,57,.89473683,NY
SUNY Old Westbury,Food/Hospitality,2007,5,41,52,.78846157,NY
SUNY Old Westbury,Food/Hospitality,2007,10,26,46,.56521738,NY
SUNY Old Westbury,Food/Hospitality,2010,1,97,113,.85840708,NY
SUNY Old Westbury,Food/Hospitality,2010,5,46,63,.73015875,NY
SUNY Old Westbury,Food/Hospitality,2010,10,20,35,.5714286,NY
SUNY Old Westbury,Food/Hospitality,2013,1,107,116,.92241377,NY
SUNY Old Westbury,Food/Hospitality,2013,5,54,91,.59340662,NY
SUNY Old Westbury,Food/Hospitality,2013,10,,,,NY
SUNY Old Westbury,Food/Hospitality,2016,1,110,127,.86614174,NY
SUNY Old Westbury,Food/Hospitality,2016,5,48,61,.78688526,NY
SUNY Old Westbury,Food/Hospitality,2016,10,,,,NY
SUNY Old Westbury,Food/Hospitality,2019,1,88,106,.83018869,NY
SUNY Old Westbury,Food/Hospitality,2019,5,,,,NY
SUNY Old Westbury,Food/Hospitality,2019,10,,,,NY
SUNY Old Westbury,Health Care,2004,1,194,226,.85840708,NY
SUNY Old Westbury,Health Care,2004,5,209,255,.81960785,NY
SUNY Old Westbury,Health Care,2004,10,215,264,.81439394,NY
SUNY Old Westbury,Health Care,2007,1,224,239,.93723851,NY
SUNY Old Westbury,Health Care,2007,5,262,307,.8534202,NY
SUNY Old Westbury,Health Care,2007,10,253,304,.83223683,NY
SUNY Old Westbury,Health Care,2010,1,293,344,.85174417,NY
SUNY Old Westbury,Health Care,2010,5,305,375,.81333333,NY
SUNY Old Westbury,Health Care,2010,10,279,343,.81341106,NY
SUNY Old Westbury,Health Care,2013,1,400,428,.93457943,NY
SUNY Old Westbury,Health Care,2013,5,436,501,.87025946,NY
SUNY Old Westbury,Health Care,2013,10,,,,NY
SUNY Old Westbury,Health Care,2016,1,479,519,.92292869,NY
SUNY Old Westbury,Health Care,2016,5,503,583,.86277872,NY
SUNY Old Westbury,Health Care,2016,10,,,,NY
SUNY Old Westbury,Health Care,2019,1,509,562,.90569395,NY
SUNY Old Westbury,Health Care,2019,5,,,,NY
SUNY Old Westbury,Health Care,2019,10,,,,NY
SUNY Old Westbury,Information,2004,1,62,80,.77499998,NY
SUNY Old Westbury,Information,2004,5,44,54,.81481481,NY
SUNY Old Westbury,Information,2004,10,44,58,.75862068,NY
SUNY Old Westbury,Information,2007,1,36,37,.97297299,NY
SUNY Old Westbury,Information,2007,5,36,58,.62068963,NY
SUNY Old Westbury,Information,2007,10,33,37,.8918919,NY
SUNY Old Westbury,Information,2010,1,43,55,.78181821,NY
SUNY Old Westbury,Information,2010,5,58,69,.84057969,NY
SUNY Old Westbury,Information,2010,10,42,46,.9130435,NY
SUNY Old Westbury,Information,2013,1,37,45,.82222223,NY
SUNY Old Westbury,Information,2013,5,43,53,.81132078,NY
SUNY Old Westbury,Information,2013,10,,,,NY
SUNY Old Westbury,Information,2016,1,43,52,.82692307,NY
SUNY Old Westbury,Information,2016,5,48,67,.71641791,NY
SUNY Old Westbury,Information,2016,10,,,,NY
SUNY Old Westbury,Information,2019,1,32,42,.76190478,NY
SUNY Old Westbury,Information,2019,5,,,,NY
SUNY Old Westbury,Information,2019,10,,,,NY
SUNY Old Westbury,Management,2004,1,25,30,.83333331,NY
SUNY Old Westbury,Management,2004,5,20,24,.83333331,NY
SUNY Old Westbury,Management,2004,10,20,25,.80000001,NY
SUNY Old Westbury,Management,2007,1,16,18,.8888889,NY
SUNY Old Westbury,Management,2007,5,28,31,.90322578,NY
SUNY Old Westbury,Management,2007,10,27,32,.84375,NY
SUNY Old Westbury,Management,2010,1,21,26,.80769229,NY
SUNY Old Westbury,Management,2010,5,35,39,.8974359,NY
SUNY Old Westbury,Management,2010,10,24,34,.70588237,NY
SUNY Old Westbury,Management,2013,1,41,44,.93181819,NY
SUNY Old Westbury,Management,2013,5,43,47,.91489363,NY
SUNY Old Westbury,Management,2013,10,,,,NY
SUNY Old Westbury,Management,2016,1,31,33,.93939394,NY
SUNY Old Westbury,Management,2016,5,38,43,.88372093,NY
SUNY Old Westbury,Management,2016,10,,,,NY
SUNY Old Westbury,Management,2019,1,40,46,.86956519,NY
SUNY Old Westbury,Management,2019,5,,,,NY
SUNY Old Westbury,Management,2019,10,,,,NY
SUNY Old Westbury,Manufacturing,2004,1,18,40,.44999999,NY
SUNY Old Westbury,Manufacturing,2004,5,18,22,.81818181,NY
SUNY Old Westbury,Manufacturing,2004,10,22,40,.55000001,NY
SUNY Old Westbury,Manufacturing,2007,1,17,26,.65384614,NY
SUNY Old Westbury,Manufacturing,2007,5,27,43,.62790698,NY
SUNY Old Westbury,Manufacturing,2007,10,18,39,.46153846,NY
SUNY Old Westbury,Manufacturing,2010,1,26,31,.83870965,NY
SUNY Old Westbury,Manufacturing,2010,5,22,49,.44897959,NY
SUNY Old Westbury,Manufacturing,2010,10,18,39,.46153846,NY
SUNY Old Westbury,Manufacturing,2013,1,24,34,.70588237,NY
SUNY Old Westbury,Manufacturing,2013,5,30,38,.78947371,NY
SUNY Old Westbury,Manufacturing,2013,10,,,,NY
SUNY Old Westbury,Manufacturing,2016,1,32,49,.65306121,NY
SUNY Old Westbury,Manufacturing,2016,5,30,51,.58823532,NY
SUNY Old Westbury,Manufacturing,2016,10,,,,NY
SUNY Old Westbury,Manufacturing,2019,1,38,50,.75999999,NY
SUNY Old Westbury,Manufacturing,2019,5,,,,NY
SUNY Old Westbury,Manufacturing,2019,10,,,,NY
SUNY Old Westbury,Mining,2004,1,0,6,0,NY
SUNY Old Westbury,Mining,2004,5,0,0,,NY
SUNY Old Westbury,Mining,2004,10,0,0,,NY
SUNY Old Westbury,Mining,2007,1,0,0,,NY
SUNY Old Westbury,Mining,2007,5,1,1,1,NY
SUNY Old Westbury,Mining,2007,10,1,1,1,NY
SUNY Old Westbury,Mining,2010,1,0,1,0,NY
SUNY Old Westbury,Mining,2010,5,0,0,,NY
SUNY Old Westbury,Mining,2010,10,2,2,1,NY
SUNY Old Westbury,Mining,2013,1,0,0,,NY
SUNY Old Westbury,Mining,2013,5,1,2,.5,NY
SUNY Old Westbury,Mining,2013,10,,,,NY
SUNY Old Westbury,Mining,2016,1,1,1,1,NY
SUNY Old Westbury,Mining,2016,5,1,1,1,NY
SUNY Old Westbury,Mining,2016,10,,,,NY
SUNY Old Westbury,Mining,2019,1,1,1,1,NY
SUNY Old Westbury,Mining,2019,5,,,,NY
SUNY Old Westbury,Mining,2019,10,,,,NY
SUNY Old Westbury,Other Services,2004,1,26,36,.72222221,NY
SUNY Old Westbury,Other Services,2004,5,26,37,.7027027,NY
SUNY Old Westbury,Other Services,2004,10,30,38,.78947371,NY
SUNY Old Westbury,Other Services,2007,1,19,30,.63333333,NY
SUNY Old Westbury,Other Services,2007,5,30,35,.85714287,NY
SUNY Old Westbury,Other Services,2007,10,26,39,.66666669,NY
SUNY Old Westbury,Other Services,2010,1,32,36,.8888889,NY
SUNY Old Westbury,Other Services,2010,5,28,40,.69999999,NY
SUNY Old Westbury,Other Services,2010,10,22,30,.73333335,NY
SUNY Old Westbury,Other Services,2013,1,23,28,.8214286,NY
SUNY Old Westbury,Other Services,2013,5,39,54,.72222221,NY
SUNY Old Westbury,Other Services,2013,10,,,,NY
SUNY Old Westbury,Other Services,2016,1,34,38,.89473683,NY
SUNY Old Westbury,Other Services,2016,5,38,44,.86363637,NY
SUNY Old Westbury,Other Services,2016,10,,,,NY
SUNY Old Westbury,Other Services,2019,1,38,54,.7037037,NY
SUNY Old Westbury,Other Services,2019,5,,,,NY
SUNY Old Westbury,Other Services,2019,10,,,,NY
SUNY Old Westbury,Professional Services,2004,1,138,149,.92617452,NY
SUNY Old Westbury,Professional Services,2004,5,115,147,.78231293,NY
SUNY Old Westbury,Professional Services,2004,10,86,123,.69918698,NY
SUNY Old Westbury,Professional Services,2007,1,146,162,.90123457,NY
SUNY Old Westbury,Professional Services,2007,5,152,179,.84916198,NY
SUNY Old Westbury,Professional Services,2007,10,147,180,.81666666,NY
SUNY Old Westbury,Professional Services,2010,1,155,163,.95092022,NY
SUNY Old Westbury,Professional Services,2010,5,167,187,.89304811,NY
SUNY Old Westbury,Professional Services,2010,10,130,170,.7647059,NY
SUNY Old Westbury,Professional Services,2013,1,193,213,.90610331,NY
SUNY Old Westbury,Professional Services,2013,5,204,250,.81599998,NY
SUNY Old Westbury,Professional Services,2013,10,,,,NY
SUNY Old Westbury,Professional Services,2016,1,200,218,.91743118,NY
SUNY Old Westbury,Professional Services,2016,5,205,243,.84362137,NY
SUNY Old Westbury,Professional Services,2016,10,,,,NY
SUNY Old Westbury,Professional Services,2019,1,218,243,.89711934,NY
SUNY Old Westbury,Professional Services,2019,5,,,,NY
SUNY Old Westbury,Professional Services,2019,10,,,,NY
SUNY Old Westbury,Public Admin,2004,1,72,98,.73469388,NY
SUNY Old Westbury,Public Admin,2004,5,100,118,.84745765,NY
SUNY Old Westbury,Public Admin,2004,10,127,149,.85234898,NY
SUNY Old Westbury,Public Admin,2007,1,47,57,.82456142,NY
SUNY Old Westbury,Public Admin,2007,5,90,103,.87378639,NY
SUNY Old Westbury,Public Admin,2007,10,155,184,.84239131,NY
SUNY Old Westbury,Public Admin,2010,1,57,76,.75,NY
SUNY Old Westbury,Public Admin,2010,5,141,159,.88679248,NY
SUNY Old Westbury,Public Admin,2010,10,184,204,.90196079,NY
SUNY Old Westbury,Public Admin,2013,1,81,91,.8901099,NY
SUNY Old Westbury,Public Admin,2013,5,183,220,.83181816,NY
SUNY Old Westbury,Public Admin,2013,10,,,,NY
SUNY Old Westbury,Public Admin,2016,1,85,105,.80952382,NY
SUNY Old Westbury,Public Admin,2016,5,143,170,.84117645,NY
SUNY Old Westbury,Public Admin,2016,10,,,,NY
SUNY Old Westbury,Public Admin,2019,1,80,99,.80808079,NY
SUNY Old Westbury,Public Admin,2019,5,,,,NY
SUNY Old Westbury,Public Admin,2019,10,,,,NY
SUNY Old Westbury,Real Estate,2004,1,15,24,.625,NY
SUNY Old Westbury,Real Estate,2004,5,18,29,.62068963,NY
SUNY Old Westbury,Real Estate,2004,10,20,25,.80000001,NY
SUNY Old Westbury,Real Estate,2007,1,17,17,1,NY
SUNY Old Westbury,Real Estate,2007,5,14,16,.875,NY
SUNY Old Westbury,Real Estate,2007,10,21,24,.875,NY
SUNY Old Westbury,Real Estate,2010,1,11,19,.57894737,NY
SUNY Old Westbury,Real Estate,2010,5,18,27,.66666669,NY
SUNY Old Westbury,Real Estate,2010,10,16,22,.72727275,NY
SUNY Old Westbury,Real Estate,2013,1,18,21,.85714287,NY
SUNY Old Westbury,Real Estate,2013,5,35,40,.875,NY
SUNY Old Westbury,Real Estate,2013,10,,,,NY
SUNY Old Westbury,Real Estate,2016,1,30,38,.78947371,NY
SUNY Old Westbury,Real Estate,2016,5,25,33,.75757575,NY
SUNY Old Westbury,Real Estate,2016,10,,,,NY
SUNY Old Westbury,Real Estate,2019,1,20,32,.625,NY
SUNY Old Westbury,Real Estate,2019,5,,,,NY
SUNY Old Westbury,Real Estate,2019,10,,,,NY
SUNY Old Westbury,Retail,2004,1,98,135,.72592592,NY
SUNY Old Westbury,Retail,2004,5,58,79,.73417723,NY
SUNY Old Westbury,Retail,2004,10,53,87,.60919541,NY
SUNY Old Westbury,Retail,2007,1,142,162,.87654322,NY
SUNY Old Westbury,Retail,2007,5,97,114,.85087717,NY
SUNY Old Westbury,Retail,2007,10,59,91,.64835167,NY
SUNY Old Westbury,Retail,2010,1,167,196,.85204083,NY
SUNY Old Westbury,Retail,2010,5,106,133,.79699248,NY
SUNY Old Westbury,Retail,2010,10,47,61,.77049178,NY
SUNY Old Westbury,Retail,2013,1,200,220,.90909094,NY
SUNY Old Westbury,Retail,2013,5,97,128,.7578125,NY
SUNY Old Westbury,Retail,2013,10,,,,NY
SUNY Old Westbury,Retail,2016,1,226,259,.87258685,NY
SUNY Old Westbury,Retail,2016,5,100,125,.80000001,NY
SUNY Old Westbury,Retail,2016,10,,,,NY
SUNY Old Westbury,Retail,2019,1,224,252,.8888889,NY
SUNY Old Westbury,Retail,2019,5,,,,NY
SUNY Old Westbury,Retail,2019,10,,,,NY
SUNY Old Westbury,Transportation,2004,1,27,38,.71052629,NY
SUNY Old Westbury,Transportation,2004,5,21,37,.56756759,NY
SUNY Old Westbury,Transportation,2004,10,30,40,.75,NY
SUNY Old Westbury,Transportation,2007,1,12,20,.60000002,NY
SUNY Old Westbury,Transportation,2007,5,17,21,.80952382,NY
SUNY Old Westbury,Transportation,2007,10,25,29,.86206895,NY
SUNY Old Westbury,Transportation,2010,1,23,34,.67647058,NY
SUNY Old Westbury,Transportation,2010,5,28,36,.77777779,NY
SUNY Old Westbury,Transportation,2010,10,20,28,.71428573,NY
SUNY Old Westbury,Transportation,2013,1,29,31,.93548387,NY
SUNY Old Westbury,Transportation,2013,5,49,64,.765625,NY
SUNY Old Westbury,Transportation,2013,10,,,,NY
SUNY Old Westbury,Transportation,2016,1,36,43,.83720928,NY
SUNY Old Westbury,Transportation,2016,5,51,59,.86440676,NY
SUNY Old Westbury,Transportation,2016,10,,,,NY
SUNY Old Westbury,Transportation,2019,1,35,43,.81395346,NY
SUNY Old Westbury,Transportation,2019,5,,,,NY
SUNY Old Westbury,Transportation,2019,10,,,,NY
SUNY Old Westbury,Utilities,2004,1,2,3,.66666669,NY
SUNY Old Westbury,Utilities,2004,5,5,9,.55555558,NY
SUNY Old Westbury,Utilities,2004,10,4,4,1,NY
SUNY Old Westbury,Utilities,2007,1,7,7,1,NY
SUNY Old Westbury,Utilities,2007,5,5,5,1,NY
SUNY Old Westbury,Utilities,2007,10,8,13,.61538464,NY
SUNY Old Westbury,Utilities,2010,1,2,4,.5,NY
SUNY Old Westbury,Utilities,2010,5,6,7,.85714287,NY
SUNY Old Westbury,Utilities,2010,10,4,5,.80000001,NY
SUNY Old Westbury,Utilities,2013,1,2,2,1,NY
SUNY Old Westbury,Utilities,2013,5,7,7,1,NY
SUNY Old Westbury,Utilities,2013,10,,,,NY
SUNY Old Westbury,Utilities,2016,1,8,8,1,NY
SUNY Old Westbury,Utilities,2016,5,5,6,.83333331,NY
SUNY Old Westbury,Utilities,2016,10,,,,NY
SUNY Old Westbury,Utilities,2019,1,5,6,.83333331,NY
SUNY Old Westbury,Utilities,2019,5,,,,NY
SUNY Old Westbury,Utilities,2019,10,,,,NY
SUNY Old Westbury,Wholesale,2004,1,67,73,.91780823,NY
SUNY Old Westbury,Wholesale,2004,5,56,63,.8888889,NY
SUNY Old Westbury,Wholesale,2004,10,53,66,.80303031,NY
SUNY Old Westbury,Wholesale,2007,1,34,39,.87179488,NY
SUNY Old Westbury,Wholesale,2007,5,54,64,.84375,NY
SUNY Old Westbury,Wholesale,2007,10,51,61,.83606559,NY
SUNY Old Westbury,Wholesale,2010,1,53,68,.77941179,NY
SUNY Old Westbury,Wholesale,2010,5,66,79,.83544302,NY
SUNY Old Westbury,Wholesale,2010,10,40,54,.74074072,NY
SUNY Old Westbury,Wholesale,2013,1,57,58,.98275864,NY
SUNY Old Westbury,Wholesale,2013,5,68,81,.83950615,NY
SUNY Old Westbury,Wholesale,2013,10,,,,NY
SUNY Old Westbury,Wholesale,2016,1,60,73,.82191783,NY
SUNY Old Westbury,Wholesale,2016,5,63,74,.85135138,NY
SUNY Old Westbury,Wholesale,2016,10,,,,NY
SUNY Old Westbury,Wholesale,2019,1,54,60,.89999998,NY
SUNY Old Westbury,Wholesale,2019,5,,,,NY
SUNY Old Westbury,Wholesale,2019,10,,,,NY
SUNY Oneonta,Admin/Waste,2004,1,112,130,.86153847,NY
SUNY Oneonta,Admin/Waste,2004,5,88,120,.73333335,NY
SUNY Oneonta,Admin/Waste,2004,10,58,107,.54205608,NY
SUNY Oneonta,Admin/Waste,2007,1,106,128,.828125,NY
SUNY Oneonta,Admin/Waste,2007,5,92,134,.68656719,NY
SUNY Oneonta,Admin/Waste,2007,10,78,125,.62400001,NY
SUNY Oneonta,Admin/Waste,2010,1,146,187,.78074867,NY
SUNY Oneonta,Admin/Waste,2010,5,111,151,.73509932,NY
SUNY Oneonta,Admin/Waste,2010,10,72,111,.64864862,NY
SUNY Oneonta,Admin/Waste,2013,1,124,159,.77987421,NY
SUNY Oneonta,Admin/Waste,2013,5,105,152,.69078946,NY
SUNY Oneonta,Admin/Waste,2013,10,,,,NY
SUNY Oneonta,Admin/Waste,2016,1,206,228,.90350878,NY
SUNY Oneonta,Admin/Waste,2016,5,114,153,.74509805,NY
SUNY Oneonta,Admin/Waste,2016,10,,,,NY
SUNY Oneonta,Admin/Waste,2019,1,178,203,.87684727,NY
SUNY Oneonta,Admin/Waste,2019,5,,,,NY
SUNY Oneonta,Admin/Waste,2019,10,,,,NY
SUNY Oneonta,Agriculture,2004,1,0,0,,NY
SUNY Oneonta,Agriculture,2004,5,1,3,.33333334,NY
SUNY Oneonta,Agriculture,2004,10,1,2,.5,NY
SUNY Oneonta,Agriculture,2007,1,0,1,0,NY
SUNY Oneonta,Agriculture,2007,5,2,2,1,NY
SUNY Oneonta,Agriculture,2007,10,3,4,.75,NY
SUNY Oneonta,Agriculture,2010,1,0,0,,NY
SUNY Oneonta,Agriculture,2010,5,3,3,1,NY
SUNY Oneonta,Agriculture,2010,10,4,7,.5714286,NY
SUNY Oneonta,Agriculture,2013,1,1,1,1,NY
SUNY Oneonta,Agriculture,2013,5,4,7,.5714286,NY
SUNY Oneonta,Agriculture,2013,10,,,,NY
SUNY Oneonta,Agriculture,2016,1,1,1,1,NY
SUNY Oneonta,Agriculture,2016,5,2,3,.66666669,NY
SUNY Oneonta,Agriculture,2016,10,,,,NY
SUNY Oneonta,Agriculture,2019,1,4,7,.5714286,NY
SUNY Oneonta,Agriculture,2019,5,,,,NY
SUNY Oneonta,Agriculture,2019,10,,,,NY
SUNY Oneonta,Arts/Entertainment,2004,1,45,69,.65217394,NY
SUNY Oneonta,Arts/Entertainment,2004,5,33,47,.70212764,NY
SUNY Oneonta,Arts/Entertainment,2004,10,27,56,.48214287,NY
SUNY Oneonta,Arts/Entertainment,2007,1,52,64,.8125,NY
SUNY Oneonta,Arts/Entertainment,2007,5,59,77,.76623374,NY
SUNY Oneonta,Arts/Entertainment,2007,10,44,65,.6769231,NY
SUNY Oneonta,Arts/Entertainment,2010,1,43,52,.82692307,NY
SUNY Oneonta,Arts/Entertainment,2010,5,47,54,.87037039,NY
SUNY Oneonta,Arts/Entertainment,2010,10,17,29,.58620691,NY
SUNY Oneonta,Arts/Entertainment,2013,1,60,75,.80000001,NY
SUNY Oneonta,Arts/Entertainment,2013,5,43,61,.70491803,NY
SUNY Oneonta,Arts/Entertainment,2013,10,,,,NY
SUNY Oneonta,Arts/Entertainment,2016,1,66,71,.92957747,NY
SUNY Oneonta,Arts/Entertainment,2016,5,47,55,.85454547,NY
SUNY Oneonta,Arts/Entertainment,2016,10,,,,NY
SUNY Oneonta,Arts/Entertainment,2019,1,54,68,.79411763,NY
SUNY Oneonta,Arts/Entertainment,2019,5,,,,NY
SUNY Oneonta,Arts/Entertainment,2019,10,,,,NY
SUNY Oneonta,Construction,2004,1,28,34,.82352942,NY
SUNY Oneonta,Construction,2004,5,26,43,.60465115,NY
SUNY Oneonta,Construction,2004,10,37,69,.53623188,NY
SUNY Oneonta,Construction,2007,1,28,43,.6511628,NY
SUNY Oneonta,Construction,2007,5,37,50,.74000001,NY
SUNY Oneonta,Construction,2007,10,42,56,.75,NY
SUNY Oneonta,Construction,2010,1,44,57,.7719298,NY
SUNY Oneonta,Construction,2010,5,52,63,.82539684,NY
SUNY Oneonta,Construction,2010,10,45,56,.8035714,NY
SUNY Oneonta,Construction,2013,1,53,65,.81538463,NY
SUNY Oneonta,Construction,2013,5,60,81,.74074072,NY
SUNY Oneonta,Construction,2013,10,,,,NY
SUNY Oneonta,Construction,2016,1,55,60,.91666669,NY
SUNY Oneonta,Construction,2016,5,62,90,.68888891,NY
SUNY Oneonta,Construction,2016,10,,,,NY
SUNY Oneonta,Construction,2019,1,55,74,.74324322,NY
SUNY Oneonta,Construction,2019,5,,,,NY
SUNY Oneonta,Construction,2019,10,,,,NY
SUNY Oneonta,Education,2004,1,525,602,.87209302,NY
SUNY Oneonta,Education,2004,5,679,844,.80450237,NY
SUNY Oneonta,Education,2004,10,712,904,.78761059,NY
SUNY Oneonta,Education,2007,1,485,561,.86452764,NY
SUNY Oneonta,Education,2007,5,611,768,.79557294,NY
SUNY Oneonta,Education,2007,10,650,819,.79365081,NY
SUNY Oneonta,Education,2010,1,357,446,.80044842,NY
SUNY Oneonta,Education,2010,5,613,804,.76243782,NY
SUNY Oneonta,Education,2010,10,672,831,.80866426,NY
SUNY Oneonta,Education,2013,1,403,491,.82077396,NY
SUNY Oneonta,Education,2013,5,679,809,.83930779,NY
SUNY Oneonta,Education,2013,10,,,,NY
SUNY Oneonta,Education,2016,1,450,511,.8806262,NY
SUNY Oneonta,Education,2016,5,671,804,.83457714,NY
SUNY Oneonta,Education,2016,10,,,,NY
SUNY Oneonta,Education,2019,1,547,578,.94636679,NY
SUNY Oneonta,Education,2019,5,,,,NY
SUNY Oneonta,Education,2019,10,,,,NY
SUNY Oneonta,Finance,2004,1,134,150,.89333332,NY
SUNY Oneonta,Finance,2004,5,147,182,.80769229,NY
SUNY Oneonta,Finance,2004,10,151,212,.71226418,NY
SUNY Oneonta,Finance,2007,1,106,136,.77941179,NY
SUNY Oneonta,Finance,2007,5,139,175,.79428571,NY
SUNY Oneonta,Finance,2007,10,137,172,.79651165,NY
SUNY Oneonta,Finance,2010,1,121,156,.77564102,NY
SUNY Oneonta,Finance,2010,5,176,208,.84615386,NY
SUNY Oneonta,Finance,2010,10,165,213,.77464789,NY
SUNY Oneonta,Finance,2013,1,138,160,.86250001,NY
SUNY Oneonta,Finance,2013,5,173,227,.76211452,NY
SUNY Oneonta,Finance,2013,10,,,,NY
SUNY Oneonta,Finance,2016,1,143,158,.90506327,NY
SUNY Oneonta,Finance,2016,5,202,248,.81451613,NY
SUNY Oneonta,Finance,2016,10,,,,NY
SUNY Oneonta,Finance,2019,1,151,194,.77835053,NY
SUNY Oneonta,Finance,2019,5,,,,NY
SUNY Oneonta,Finance,2019,10,,,,NY
SUNY Oneonta,Food/Hospitality,2004,1,166,187,.88770056,NY
SUNY Oneonta,Food/Hospitality,2004,5,87,135,.64444447,NY
SUNY Oneonta,Food/Hospitality,2004,10,72,142,.50704223,NY
SUNY Oneonta,Food/Hospitality,2007,1,175,224,.78125,NY
SUNY Oneonta,Food/Hospitality,2007,5,141,185,.76216215,NY
SUNY Oneonta,Food/Hospitality,2007,10,81,128,.6328125,NY
SUNY Oneonta,Food/Hospitality,2010,1,211,269,.78438663,NY
SUNY Oneonta,Food/Hospitality,2010,5,127,177,.7175141,NY
SUNY Oneonta,Food/Hospitality,2010,10,54,113,.4778761,NY
SUNY Oneonta,Food/Hospitality,2013,1,199,239,.832636,NY
SUNY Oneonta,Food/Hospitality,2013,5,105,158,.66455698,NY
SUNY Oneonta,Food/Hospitality,2013,10,,,,NY
SUNY Oneonta,Food/Hospitality,2016,1,243,264,.92045456,NY
SUNY Oneonta,Food/Hospitality,2016,5,113,143,.79020977,NY
SUNY Oneonta,Food/Hospitality,2016,10,,,,NY
SUNY Oneonta,Food/Hospitality,2019,1,208,240,.86666667,NY
SUNY Oneonta,Food/Hospitality,2019,5,,,,NY
SUNY Oneonta,Food/Hospitality,2019,10,,,,NY
SUNY Oneonta,Health Care,2004,1,318,367,.866485,NY
SUNY Oneonta,Health Care,2004,5,320,401,.79800498,NY
SUNY Oneonta,Health Care,2004,10,315,424,.74292451,NY
SUNY Oneonta,Health Care,2007,1,315,366,.86065573,NY
SUNY Oneonta,Health Care,2007,5,407,494,.82388663,NY
SUNY Oneonta,Health Care,2007,10,321,413,.77723968,NY
SUNY Oneonta,Health Care,2010,1,334,395,.84556961,NY
SUNY Oneonta,Health Care,2010,5,418,540,.77407408,NY
SUNY Oneonta,Health Care,2010,10,370,511,.72407043,NY
SUNY Oneonta,Health Care,2013,1,374,429,.87179488,NY
SUNY Oneonta,Health Care,2013,5,459,569,.80667835,NY
SUNY Oneonta,Health Care,2013,10,,,,NY
SUNY Oneonta,Health Care,2016,1,449,496,.90524191,NY
SUNY Oneonta,Health Care,2016,5,512,630,.81269842,NY
SUNY Oneonta,Health Care,2016,10,,,,NY
SUNY Oneonta,Health Care,2019,1,435,490,.8877551,NY
SUNY Oneonta,Health Care,2019,5,,,,NY
SUNY Oneonta,Health Care,2019,10,,,,NY
SUNY Oneonta,Information,2004,1,127,139,.91366905,NY
SUNY Oneonta,Information,2004,5,107,136,.78676468,NY
SUNY Oneonta,Information,2004,10,96,132,.72727275,NY
SUNY Oneonta,Information,2007,1,87,96,.90625,NY
SUNY Oneonta,Information,2007,5,98,113,.86725664,NY
SUNY Oneonta,Information,2007,10,91,136,.66911763,NY
SUNY Oneonta,Information,2010,1,106,121,.87603307,NY
SUNY Oneonta,Information,2010,5,111,130,.85384613,NY
SUNY Oneonta,Information,2010,10,90,119,.75630254,NY
SUNY Oneonta,Information,2013,1,109,119,.91596639,NY
SUNY Oneonta,Information,2013,5,120,144,.83333331,NY
SUNY Oneonta,Information,2013,10,,,,NY
SUNY Oneonta,Information,2016,1,109,116,.93965518,NY
SUNY Oneonta,Information,2016,5,146,164,.89024389,NY
SUNY Oneonta,Information,2016,10,,,,NY
SUNY Oneonta,Information,2019,1,56,63,.8888889,NY
SUNY Oneonta,Information,2019,5,,,,NY
SUNY Oneonta,Information,2019,10,,,,NY
SUNY Oneonta,Management,2004,1,50,56,.89285713,NY
SUNY Oneonta,Management,2004,5,55,69,.79710144,NY
SUNY Oneonta,Management,2004,10,47,62,.75806451,NY
SUNY Oneonta,Management,2007,1,36,50,.72000003,NY
SUNY Oneonta,Management,2007,5,54,60,.89999998,NY
SUNY Oneonta,Management,2007,10,40,51,.78431374,NY
SUNY Oneonta,Management,2010,1,51,57,.89473683,NY
SUNY Oneonta,Management,2010,5,63,71,.88732392,NY
SUNY Oneonta,Management,2010,10,50,66,.75757575,NY
SUNY Oneonta,Management,2013,1,50,55,.90909094,NY
SUNY Oneonta,Management,2013,5,55,62,.88709676,NY
SUNY Oneonta,Management,2013,10,,,,NY
SUNY Oneonta,Management,2016,1,46,48,.95833331,NY
SUNY Oneonta,Management,2016,5,52,57,.91228068,NY
SUNY Oneonta,Management,2016,10,,,,NY
SUNY Oneonta,Management,2019,1,39,43,.90697676,NY
SUNY Oneonta,Management,2019,5,,,,NY
SUNY Oneonta,Management,2019,10,,,,NY
SUNY Oneonta,Manufacturing,2004,1,70,83,.84337348,NY
SUNY Oneonta,Manufacturing,2004,5,60,95,.63157892,NY
SUNY Oneonta,Manufacturing,2004,10,74,116,.63793105,NY
SUNY Oneonta,Manufacturing,2007,1,65,94,.69148934,NY
SUNY Oneonta,Manufacturing,2007,5,80,126,.63492066,NY
SUNY Oneonta,Manufacturing,2007,10,82,123,.66666669,NY
SUNY Oneonta,Manufacturing,2010,1,84,114,.7368421,NY
SUNY Oneonta,Manufacturing,2010,5,113,156,.72435898,NY
SUNY Oneonta,Manufacturing,2010,10,118,166,.71084338,NY
SUNY Oneonta,Manufacturing,2013,1,63,86,.73255813,NY
SUNY Oneonta,Manufacturing,2013,5,91,138,.65942031,NY
SUNY Oneonta,Manufacturing,2013,10,,,,NY
SUNY Oneonta,Manufacturing,2016,1,85,111,.76576579,NY
SUNY Oneonta,Manufacturing,2016,5,131,169,.77514791,NY
SUNY Oneonta,Manufacturing,2016,10,,,,NY
SUNY Oneonta,Manufacturing,2019,1,86,106,.81132078,NY
SUNY Oneonta,Manufacturing,2019,5,,,,NY
SUNY Oneonta,Manufacturing,2019,10,,,,NY
SUNY Oneonta,Mining,2004,1,0,1,0,NY
SUNY Oneonta,Mining,2004,5,0,2,0,NY
SUNY Oneonta,Mining,2004,10,1,1,1,NY
SUNY Oneonta,Mining,2007,1,0,0,,NY
SUNY Oneonta,Mining,2007,5,0,2,0,NY
SUNY Oneonta,Mining,2007,10,0,0,,NY
SUNY Oneonta,Mining,2010,1,0,1,0,NY
SUNY Oneonta,Mining,2010,5,1,3,.33333334,NY
SUNY Oneonta,Mining,2010,10,1,3,.33333334,NY
SUNY Oneonta,Mining,2013,1,1,1,1,NY
SUNY Oneonta,Mining,2013,5,1,1,1,NY
SUNY Oneonta,Mining,2013,10,,,,NY
SUNY Oneonta,Mining,2016,1,0,0,,NY
SUNY Oneonta,Mining,2016,5,0,0,,NY
SUNY Oneonta,Mining,2016,10,,,,NY
SUNY Oneonta,Mining,2019,1,1,1,1,NY
SUNY Oneonta,Mining,2019,5,,,,NY
SUNY Oneonta,Mining,2019,10,,,,NY
SUNY Oneonta,Other Services,2004,1,35,47,.74468082,NY
SUNY Oneonta,Other Services,2004,5,32,43,.74418604,NY
SUNY Oneonta,Other Services,2004,10,32,50,.63999999,NY
SUNY Oneonta,Other Services,2007,1,34,39,.87179488,NY
SUNY Oneonta,Other Services,2007,5,46,54,.85185188,NY
SUNY Oneonta,Other Services,2007,10,41,64,.640625,NY
SUNY Oneonta,Other Services,2010,1,48,62,.77419353,NY
SUNY Oneonta,Other Services,2010,5,44,55,.80000001,NY
SUNY Oneonta,Other Services,2010,10,50,64,.78125,NY
SUNY Oneonta,Other Services,2013,1,46,51,.90196079,NY
SUNY Oneonta,Other Services,2013,5,53,71,.74647886,NY
SUNY Oneonta,Other Services,2013,10,,,,NY
SUNY Oneonta,Other Services,2016,1,69,81,.85185188,NY
SUNY Oneonta,Other Services,2016,5,62,81,.76543212,NY
SUNY Oneonta,Other Services,2016,10,,,,NY
SUNY Oneonta,Other Services,2019,1,57,61,.93442625,NY
SUNY Oneonta,Other Services,2019,5,,,,NY
SUNY Oneonta,Other Services,2019,10,,,,NY
SUNY Oneonta,Professional Services,2004,1,180,209,.86124402,NY
SUNY Oneonta,Professional Services,2004,5,207,259,.79922777,NY
SUNY Oneonta,Professional Services,2004,10,189,273,.69230771,NY
SUNY Oneonta,Professional Services,2007,1,159,194,.81958765,NY
SUNY Oneonta,Professional Services,2007,5,206,265,.77735847,NY
SUNY Oneonta,Professional Services,2007,10,184,271,.67896676,NY
SUNY Oneonta,Professional Services,2010,1,193,247,.78137654,NY
SUNY Oneonta,Professional Services,2010,5,264,334,.79041916,NY
SUNY Oneonta,Professional Services,2010,10,234,327,.71559632,NY
SUNY Oneonta,Professional Services,2013,1,212,257,.82490271,NY
SUNY Oneonta,Professional Services,2013,5,266,378,.7037037,NY
SUNY Oneonta,Professional Services,2013,10,,,,NY
SUNY Oneonta,Professional Services,2016,1,330,368,.89673913,NY
SUNY Oneonta,Professional Services,2016,5,331,420,.78809524,NY
SUNY Oneonta,Professional Services,2016,10,,,,NY
SUNY Oneonta,Professional Services,2019,1,259,307,.8436482,NY
SUNY Oneonta,Professional Services,2019,5,,,,NY
SUNY Oneonta,Professional Services,2019,10,,,,NY
SUNY Oneonta,Public Admin,2004,1,121,139,.8705036,NY
SUNY Oneonta,Public Admin,2004,5,177,221,.80090499,NY
SUNY Oneonta,Public Admin,2004,10,225,271,.83025831,NY
SUNY Oneonta,Public Admin,2007,1,118,143,.82517481,NY
SUNY Oneonta,Public Admin,2007,5,197,224,.87946427,NY
SUNY Oneonta,Public Admin,2007,10,277,324,.85493827,NY
SUNY Oneonta,Public Admin,2010,1,94,139,.67625898,NY
SUNY Oneonta,Public Admin,2010,5,215,260,.82692307,NY
SUNY Oneonta,Public Admin,2010,10,297,354,.83898306,NY
SUNY Oneonta,Public Admin,2013,1,114,155,.73548388,NY
SUNY Oneonta,Public Admin,2013,5,242,293,.82593858,NY
SUNY Oneonta,Public Admin,2013,10,,,,NY
SUNY Oneonta,Public Admin,2016,1,137,155,.88387096,NY
SUNY Oneonta,Public Admin,2016,5,242,291,.83161515,NY
SUNY Oneonta,Public Admin,2016,10,,,,NY
SUNY Oneonta,Public Admin,2019,1,120,148,.8108108,NY
SUNY Oneonta,Public Admin,2019,5,,,,NY
SUNY Oneonta,Public Admin,2019,10,,,,NY
SUNY Oneonta,Real Estate,2004,1,36,44,.81818181,NY
SUNY Oneonta,Real Estate,2004,5,31,45,.68888891,NY
SUNY Oneonta,Real Estate,2004,10,26,50,.51999998,NY
SUNY Oneonta,Real Estate,2007,1,41,46,.89130437,NY
SUNY Oneonta,Real Estate,2007,5,44,58,.75862068,NY
SUNY Oneonta,Real Estate,2007,10,32,51,.627451,NY
SUNY Oneonta,Real Estate,2010,1,34,44,.77272725,NY
SUNY Oneonta,Real Estate,2010,5,38,50,.75999999,NY
SUNY Oneonta,Real Estate,2010,10,41,50,.81999999,NY
SUNY Oneonta,Real Estate,2013,1,46,57,.80701756,NY
SUNY Oneonta,Real Estate,2013,5,48,66,.72727275,NY
SUNY Oneonta,Real Estate,2013,10,,,,NY
SUNY Oneonta,Real Estate,2016,1,46,46,1,NY
SUNY Oneonta,Real Estate,2016,5,50,59,.84745765,NY
SUNY Oneonta,Real Estate,2016,10,,,,NY
SUNY Oneonta,Real Estate,2019,1,40,49,.81632656,NY
SUNY Oneonta,Real Estate,2019,5,,,,NY
SUNY Oneonta,Real Estate,2019,10,,,,NY
SUNY Oneonta,Retail,2004,1,265,307,.8631922,NY
SUNY Oneonta,Retail,2004,5,154,214,.71962619,NY
SUNY Oneonta,Retail,2004,10,114,186,.61290324,NY
SUNY Oneonta,Retail,2007,1,278,337,.82492584,NY
SUNY Oneonta,Retail,2007,5,205,275,.74545455,NY
SUNY Oneonta,Retail,2007,10,120,179,.67039108,NY
SUNY Oneonta,Retail,2010,1,320,382,.83769631,NY
SUNY Oneonta,Retail,2010,5,185,266,.69548875,NY
SUNY Oneonta,Retail,2010,10,116,188,.61702126,NY
SUNY Oneonta,Retail,2013,1,280,330,.84848487,NY
SUNY Oneonta,Retail,2013,5,147,243,.60493827,NY
SUNY Oneonta,Retail,2013,10,,,,NY
SUNY Oneonta,Retail,2016,1,304,357,.85154063,NY
SUNY Oneonta,Retail,2016,5,136,210,.64761907,NY
SUNY Oneonta,Retail,2016,10,,,,NY
SUNY Oneonta,Retail,2019,1,304,338,.89940828,NY
SUNY Oneonta,Retail,2019,5,,,,NY
SUNY Oneonta,Retail,2019,10,,,,NY
SUNY Oneonta,Transportation,2004,1,27,38,.71052629,NY
SUNY Oneonta,Transportation,2004,5,39,52,.75,NY
SUNY Oneonta,Transportation,2004,10,43,60,.71666664,NY
SUNY Oneonta,Transportation,2007,1,29,36,.80555558,NY
SUNY Oneonta,Transportation,2007,5,39,50,.77999997,NY
SUNY Oneonta,Transportation,2007,10,47,68,.69117647,NY
SUNY Oneonta,Transportation,2010,1,25,42,.59523809,NY
SUNY Oneonta,Transportation,2010,5,33,44,.75,NY
SUNY Oneonta,Transportation,2010,10,38,49,.77551019,NY
SUNY Oneonta,Transportation,2013,1,29,36,.80555558,NY
SUNY Oneonta,Transportation,2013,5,37,49,.75510204,NY
SUNY Oneonta,Transportation,2013,10,,,,NY
SUNY Oneonta,Transportation,2016,1,31,40,.77499998,NY
SUNY Oneonta,Transportation,2016,5,40,52,.76923078,NY
SUNY Oneonta,Transportation,2016,10,,,,NY
SUNY Oneonta,Transportation,2019,1,55,62,.88709676,NY
SUNY Oneonta,Transportation,2019,5,,,,NY
SUNY Oneonta,Transportation,2019,10,,,,NY
SUNY Oneonta,Utilities,2004,1,2,5,.40000001,NY
SUNY Oneonta,Utilities,2004,5,7,11,.63636363,NY
SUNY Oneonta,Utilities,2004,10,19,23,.82608694,NY
SUNY Oneonta,Utilities,2007,1,4,7,.5714286,NY
SUNY Oneonta,Utilities,2007,5,10,12,.83333331,NY
SUNY Oneonta,Utilities,2007,10,8,10,.80000001,NY
SUNY Oneonta,Utilities,2010,1,8,9,.8888889,NY
SUNY Oneonta,Utilities,2010,5,6,6,1,NY
SUNY Oneonta,Utilities,2010,10,11,13,.84615386,NY
SUNY Oneonta,Utilities,2013,1,2,7,.2857143,NY
SUNY Oneonta,Utilities,2013,5,10,13,.76923078,NY
SUNY Oneonta,Utilities,2013,10,,,,NY
SUNY Oneonta,Utilities,2016,1,2,2,1,NY
SUNY Oneonta,Utilities,2016,5,5,6,.83333331,NY
SUNY Oneonta,Utilities,2016,10,,,,NY
SUNY Oneonta,Utilities,2019,1,3,3,1,NY
SUNY Oneonta,Utilities,2019,5,,,,NY
SUNY Oneonta,Utilities,2019,10,,,,NY
SUNY Oneonta,Wholesale,2004,1,68,88,.77272725,NY
SUNY Oneonta,Wholesale,2004,5,74,94,.78723407,NY
SUNY Oneonta,Wholesale,2004,10,73,113,.64601767,NY
SUNY Oneonta,Wholesale,2007,1,76,97,.78350514,NY
SUNY Oneonta,Wholesale,2007,5,107,143,.74825174,NY
SUNY Oneonta,Wholesale,2007,10,113,141,.80141842,NY
SUNY Oneonta,Wholesale,2010,1,110,136,.80882353,NY
SUNY Oneonta,Wholesale,2010,5,103,137,.7518248,NY
SUNY Oneonta,Wholesale,2010,10,95,122,.77868855,NY
SUNY Oneonta,Wholesale,2013,1,98,117,.83760685,NY
SUNY Oneonta,Wholesale,2013,5,124,153,.81045753,NY
SUNY Oneonta,Wholesale,2013,10,,,,NY
SUNY Oneonta,Wholesale,2016,1,95,100,.94999999,NY
SUNY Oneonta,Wholesale,2016,5,106,143,.74125874,NY
SUNY Oneonta,Wholesale,2016,10,,,,NY
SUNY Oneonta,Wholesale,2019,1,84,102,.82352942,NY
SUNY Oneonta,Wholesale,2019,5,,,,NY
SUNY Oneonta,Wholesale,2019,10,,,,NY
SUNY Oswego,Admin/Waste,2004,1,129,166,.77710843,NY
SUNY Oswego,Admin/Waste,2004,5,82,115,.71304345,NY
SUNY Oswego,Admin/Waste,2004,10,75,125,.60000002,NY
SUNY Oswego,Admin/Waste,2007,1,138,173,.79768789,NY
SUNY Oswego,Admin/Waste,2007,5,113,149,.75838923,NY
SUNY Oswego,Admin/Waste,2007,10,93,146,.63698632,NY
SUNY Oswego,Admin/Waste,2010,1,203,238,.85294116,NY
SUNY Oswego,Admin/Waste,2010,5,122,156,.78205127,NY
SUNY Oswego,Admin/Waste,2010,10,101,135,.74814814,NY
SUNY Oswego,Admin/Waste,2013,1,210,245,.85714287,NY
SUNY Oswego,Admin/Waste,2013,5,139,211,.65876776,NY
SUNY Oswego,Admin/Waste,2013,10,,,,NY
SUNY Oswego,Admin/Waste,2016,1,216,251,.86055779,NY
SUNY Oswego,Admin/Waste,2016,5,130,196,.66326529,NY
SUNY Oswego,Admin/Waste,2016,10,,,,NY
SUNY Oswego,Admin/Waste,2019,1,181,223,.81165922,NY
SUNY Oswego,Admin/Waste,2019,5,,,,NY
SUNY Oswego,Admin/Waste,2019,10,,,,NY
SUNY Oswego,Agriculture,2004,1,0,0,,NY
SUNY Oswego,Agriculture,2004,5,2,3,.66666669,NY
SUNY Oswego,Agriculture,2004,10,3,5,.60000002,NY
SUNY Oswego,Agriculture,2007,1,1,4,.25,NY
SUNY Oswego,Agriculture,2007,5,0,0,,NY
SUNY Oswego,Agriculture,2007,10,2,3,.66666669,NY
SUNY Oswego,Agriculture,2010,1,3,4,.75,NY
SUNY Oswego,Agriculture,2010,5,1,3,.33333334,NY
SUNY Oswego,Agriculture,2010,10,4,6,.66666669,NY
SUNY Oswego,Agriculture,2013,1,4,4,1,NY
SUNY Oswego,Agriculture,2013,5,2,2,1,NY
SUNY Oswego,Agriculture,2013,10,,,,NY
SUNY Oswego,Agriculture,2016,1,1,1,1,NY
SUNY Oswego,Agriculture,2016,5,1,2,.5,NY
SUNY Oswego,Agriculture,2016,10,,,,NY
SUNY Oswego,Agriculture,2019,1,9,10,.89999998,NY
SUNY Oswego,Agriculture,2019,5,,,,NY
SUNY Oswego,Agriculture,2019,10,,,,NY
SUNY Oswego,Arts/Entertainment,2004,1,27,39,.69230771,NY
SUNY Oswego,Arts/Entertainment,2004,5,22,41,.53658539,NY
SUNY Oswego,Arts/Entertainment,2004,10,30,54,.55555558,NY
SUNY Oswego,Arts/Entertainment,2007,1,44,48,.91666669,NY
SUNY Oswego,Arts/Entertainment,2007,5,34,51,.66666669,NY
SUNY Oswego,Arts/Entertainment,2007,10,31,51,.60784316,NY
SUNY Oswego,Arts/Entertainment,2010,1,47,56,.83928573,NY
SUNY Oswego,Arts/Entertainment,2010,5,48,57,.84210527,NY
SUNY Oswego,Arts/Entertainment,2010,10,41,53,.7735849,NY
SUNY Oswego,Arts/Entertainment,2013,1,66,75,.88,NY
SUNY Oswego,Arts/Entertainment,2013,5,41,68,.60294116,NY
SUNY Oswego,Arts/Entertainment,2013,10,,,,NY
SUNY Oswego,Arts/Entertainment,2016,1,82,97,.84536082,NY
SUNY Oswego,Arts/Entertainment,2016,5,33,45,.73333335,NY
SUNY Oswego,Arts/Entertainment,2016,10,,,,NY
SUNY Oswego,Arts/Entertainment,2019,1,50,61,.81967211,NY
SUNY Oswego,Arts/Entertainment,2019,5,,,,NY
SUNY Oswego,Arts/Entertainment,2019,10,,,,NY
SUNY Oswego,Construction,2004,1,38,48,.79166669,NY
SUNY Oswego,Construction,2004,5,30,37,.8108108,NY
SUNY Oswego,Construction,2004,10,38,61,.62295079,NY
SUNY Oswego,Construction,2007,1,27,43,.62790698,NY
SUNY Oswego,Construction,2007,5,38,59,.64406782,NY
SUNY Oswego,Construction,2007,10,37,57,.64912283,NY
SUNY Oswego,Construction,2010,1,56,69,.81159419,NY
SUNY Oswego,Construction,2010,5,50,65,.76923078,NY
SUNY Oswego,Construction,2010,10,46,74,.62162161,NY
SUNY Oswego,Construction,2013,1,47,66,.71212119,NY
SUNY Oswego,Construction,2013,5,59,84,.70238096,NY
SUNY Oswego,Construction,2013,10,,,,NY
SUNY Oswego,Construction,2016,1,52,59,.88135594,NY
SUNY Oswego,Construction,2016,5,60,83,.72289157,NY
SUNY Oswego,Construction,2016,10,,,,NY
SUNY Oswego,Construction,2019,1,59,66,.89393938,NY
SUNY Oswego,Construction,2019,5,,,,NY
SUNY Oswego,Construction,2019,10,,,,NY
SUNY Oswego,Education,2004,1,524,647,.80989182,NY
SUNY Oswego,Education,2004,5,740,919,.80522305,NY
SUNY Oswego,Education,2004,10,781,1007,.77557099,NY
SUNY Oswego,Education,2007,1,464,534,.86891383,NY
SUNY Oswego,Education,2007,5,646,826,.78208232,NY
SUNY Oswego,Education,2007,10,730,916,.79694325,NY
SUNY Oswego,Education,2010,1,350,425,.82352942,NY
SUNY Oswego,Education,2010,5,639,821,.77831912,NY
SUNY Oswego,Education,2010,10,690,884,.78054297,NY
SUNY Oswego,Education,2013,1,350,450,.77777779,NY
SUNY Oswego,Education,2013,5,590,772,.76424873,NY
SUNY Oswego,Education,2013,10,,,,NY
SUNY Oswego,Education,2016,1,349,421,.8289786,NY
SUNY Oswego,Education,2016,5,527,659,.79969651,NY
SUNY Oswego,Education,2016,10,,,,NY
SUNY Oswego,Education,2019,1,429,499,.85971946,NY
SUNY Oswego,Education,2019,5,,,,NY
SUNY Oswego,Education,2019,10,,,,NY
SUNY Oswego,Finance,2004,1,179,218,.82110089,NY
SUNY Oswego,Finance,2004,5,182,220,.82727271,NY
SUNY Oswego,Finance,2004,10,180,253,.71146244,NY
SUNY Oswego,Finance,2007,1,166,191,.86910993,NY
SUNY Oswego,Finance,2007,5,195,242,.80578512,NY
SUNY Oswego,Finance,2007,10,177,240,.73750001,NY
SUNY Oswego,Finance,2010,1,186,215,.8651163,NY
SUNY Oswego,Finance,2010,5,249,314,.79299361,NY
SUNY Oswego,Finance,2010,10,235,316,.74367088,NY
SUNY Oswego,Finance,2013,1,226,257,.87937742,NY
SUNY Oswego,Finance,2013,5,258,340,.75882351,NY
SUNY Oswego,Finance,2013,10,,,,NY
SUNY Oswego,Finance,2016,1,192,230,.8347826,NY
SUNY Oswego,Finance,2016,5,237,295,.80338985,NY
SUNY Oswego,Finance,2016,10,,,,NY
SUNY Oswego,Finance,2019,1,199,239,.832636,NY
SUNY Oswego,Finance,2019,5,,,,NY
SUNY Oswego,Finance,2019,10,,,,NY
SUNY Oswego,Food/Hospitality,2004,1,189,228,.82894737,NY
SUNY Oswego,Food/Hospitality,2004,5,84,138,.60869563,NY
SUNY Oswego,Food/Hospitality,2004,10,76,141,.53900707,NY
SUNY Oswego,Food/Hospitality,2007,1,166,191,.86910993,NY
SUNY Oswego,Food/Hospitality,2007,5,85,128,.6640625,NY
SUNY Oswego,Food/Hospitality,2007,10,61,115,.53043479,NY
SUNY Oswego,Food/Hospitality,2010,1,208,254,.81889766,NY
SUNY Oswego,Food/Hospitality,2010,5,111,148,.75,NY
SUNY Oswego,Food/Hospitality,2010,10,58,96,.60416669,NY
SUNY Oswego,Food/Hospitality,2013,1,238,289,.82352942,NY
SUNY Oswego,Food/Hospitality,2013,5,110,183,.60109288,NY
SUNY Oswego,Food/Hospitality,2013,10,,,,NY
SUNY Oswego,Food/Hospitality,2016,1,250,301,.8305648,NY
SUNY Oswego,Food/Hospitality,2016,5,115,155,.74193549,NY
SUNY Oswego,Food/Hospitality,2016,10,,,,NY
SUNY Oswego,Food/Hospitality,2019,1,222,273,.81318682,NY
SUNY Oswego,Food/Hospitality,2019,5,,,,NY
SUNY Oswego,Food/Hospitality,2019,10,,,,NY
SUNY Oswego,Health Care,2004,1,336,401,.83790523,NY
SUNY Oswego,Health Care,2004,5,363,460,.78913045,NY
SUNY Oswego,Health Care,2004,10,330,460,.71739131,NY
SUNY Oswego,Health Care,2007,1,341,406,.83990151,NY
SUNY Oswego,Health Care,2007,5,441,556,.79316545,NY
SUNY Oswego,Health Care,2007,10,402,527,.76280832,NY
SUNY Oswego,Health Care,2010,1,363,425,.85411763,NY
SUNY Oswego,Health Care,2010,5,419,502,.83466136,NY
SUNY Oswego,Health Care,2010,10,394,530,.74339622,NY
SUNY Oswego,Health Care,2013,1,375,458,.81877726,NY
SUNY Oswego,Health Care,2013,5,496,600,.82666665,NY
SUNY Oswego,Health Care,2013,10,,,,NY
SUNY Oswego,Health Care,2016,1,412,475,.8673684,NY
SUNY Oswego,Health Care,2016,5,459,607,.7561779,NY
SUNY Oswego,Health Care,2016,10,,,,NY
SUNY Oswego,Health Care,2019,1,417,486,.85802472,NY
SUNY Oswego,Health Care,2019,5,,,,NY
SUNY Oswego,Health Care,2019,10,,,,NY
SUNY Oswego,Information,2004,1,107,127,.8425197,NY
SUNY Oswego,Information,2004,5,89,126,.70634919,NY
SUNY Oswego,Information,2004,10,77,116,.66379309,NY
SUNY Oswego,Information,2007,1,95,109,.87155962,NY
SUNY Oswego,Information,2007,5,102,139,.73381293,NY
SUNY Oswego,Information,2007,10,74,103,.71844661,NY
SUNY Oswego,Information,2010,1,104,124,.83870965,NY
SUNY Oswego,Information,2010,5,109,158,.6898734,NY
SUNY Oswego,Information,2010,10,90,128,.703125,NY
SUNY Oswego,Information,2013,1,160,177,.9039548,NY
SUNY Oswego,Information,2013,5,189,239,.79079497,NY
SUNY Oswego,Information,2013,10,,,,NY
SUNY Oswego,Information,2016,1,145,172,.84302324,NY
SUNY Oswego,Information,2016,5,162,198,.81818181,NY
SUNY Oswego,Information,2016,10,,,,NY
SUNY Oswego,Information,2019,1,135,164,.82317072,NY
SUNY Oswego,Information,2019,5,,,,NY
SUNY Oswego,Information,2019,10,,,,NY
SUNY Oswego,Management,2004,1,46,46,1,NY
SUNY Oswego,Management,2004,5,34,44,.77272725,NY
SUNY Oswego,Management,2004,10,36,45,.80000001,NY
SUNY Oswego,Management,2007,1,46,51,.90196079,NY
SUNY Oswego,Management,2007,5,57,63,.90476191,NY
SUNY Oswego,Management,2007,10,47,56,.83928573,NY
SUNY Oswego,Management,2010,1,51,55,.92727274,NY
SUNY Oswego,Management,2010,5,61,69,.884058,NY
SUNY Oswego,Management,2010,10,58,76,.7631579,NY
SUNY Oswego,Management,2013,1,58,67,.86567163,NY
SUNY Oswego,Management,2013,5,70,77,.90909094,NY
SUNY Oswego,Management,2013,10,,,,NY
SUNY Oswego,Management,2016,1,59,69,.85507244,NY
SUNY Oswego,Management,2016,5,74,87,.85057473,NY
SUNY Oswego,Management,2016,10,,,,NY
SUNY Oswego,Management,2019,1,58,65,.8923077,NY
SUNY Oswego,Management,2019,5,,,,NY
SUNY Oswego,Management,2019,10,,,,NY
SUNY Oswego,Manufacturing,2004,1,108,140,.77142859,NY
SUNY Oswego,Manufacturing,2004,5,108,152,.71052629,NY
SUNY Oswego,Manufacturing,2004,10,112,173,.64739883,NY
SUNY Oswego,Manufacturing,2007,1,72,97,.74226803,NY
SUNY Oswego,Manufacturing,2007,5,105,163,.64417177,NY
SUNY Oswego,Manufacturing,2007,10,120,170,.70588237,NY
SUNY Oswego,Manufacturing,2010,1,101,145,.69655174,NY
SUNY Oswego,Manufacturing,2010,5,132,185,.71351349,NY
SUNY Oswego,Manufacturing,2010,10,170,241,.70539421,NY
SUNY Oswego,Manufacturing,2013,1,114,153,.74509805,NY
SUNY Oswego,Manufacturing,2013,5,151,205,.73658538,NY
SUNY Oswego,Manufacturing,2013,10,,,,NY
SUNY Oswego,Manufacturing,2016,1,154,185,.83243245,NY
SUNY Oswego,Manufacturing,2016,5,191,251,.76095617,NY
SUNY Oswego,Manufacturing,2016,10,,,,NY
SUNY Oswego,Manufacturing,2019,1,138,182,.75824177,NY
SUNY Oswego,Manufacturing,2019,5,,,,NY
SUNY Oswego,Manufacturing,2019,10,,,,NY
SUNY Oswego,Mining,2004,1,1,1,1,NY
SUNY Oswego,Mining,2004,5,1,1,1,NY
SUNY Oswego,Mining,2004,10,1,2,.5,NY
SUNY Oswego,Mining,2007,1,0,0,,NY
SUNY Oswego,Mining,2007,5,1,1,1,NY
SUNY Oswego,Mining,2007,10,3,4,.75,NY
SUNY Oswego,Mining,2010,1,0,0,,NY
SUNY Oswego,Mining,2010,5,0,0,,NY
SUNY Oswego,Mining,2010,10,0,0,,NY
SUNY Oswego,Mining,2013,1,0,0,,NY
SUNY Oswego,Mining,2013,5,2,3,.66666669,NY
SUNY Oswego,Mining,2013,10,,,,NY
SUNY Oswego,Mining,2016,1,1,1,1,NY
SUNY Oswego,Mining,2016,5,1,1,1,NY
SUNY Oswego,Mining,2016,10,,,,NY
SUNY Oswego,Mining,2019,1,2,2,1,NY
SUNY Oswego,Mining,2019,5,,,,NY
SUNY Oswego,Mining,2019,10,,,,NY
SUNY Oswego,Other Services,2004,1,56,66,.84848487,NY
SUNY Oswego,Other Services,2004,5,43,49,.87755102,NY
SUNY Oswego,Other Services,2004,10,37,64,.578125,NY
SUNY Oswego,Other Services,2007,1,44,51,.86274511,NY
SUNY Oswego,Other Services,2007,5,49,72,.68055558,NY
SUNY Oswego,Other Services,2007,10,44,56,.78571427,NY
SUNY Oswego,Other Services,2010,1,37,47,.78723407,NY
SUNY Oswego,Other Services,2010,5,62,79,.78481013,NY
SUNY Oswego,Other Services,2010,10,60,75,.80000001,NY
SUNY Oswego,Other Services,2013,1,75,85,.88235295,NY
SUNY Oswego,Other Services,2013,5,71,79,.89873415,NY
SUNY Oswego,Other Services,2013,10,,,,NY
SUNY Oswego,Other Services,2016,1,68,79,.8607595,NY
SUNY Oswego,Other Services,2016,5,66,84,.78571427,NY
SUNY Oswego,Other Services,2016,10,,,,NY
SUNY Oswego,Other Services,2019,1,72,86,.83720928,NY
SUNY Oswego,Other Services,2019,5,,,,NY
SUNY Oswego,Other Services,2019,10,,,,NY
SUNY Oswego,Professional Services,2004,1,201,250,.80400002,NY
SUNY Oswego,Professional Services,2004,5,197,272,.72426468,NY
SUNY Oswego,Professional Services,2004,10,179,289,.61937714,NY
SUNY Oswego,Professional Services,2007,1,196,251,.78087652,NY
SUNY Oswego,Professional Services,2007,5,242,348,.69540232,NY
SUNY Oswego,Professional Services,2007,10,236,330,.71515149,NY
SUNY Oswego,Professional Services,2010,1,188,249,.75502008,NY
SUNY Oswego,Professional Services,2010,5,246,349,.70487106,NY
SUNY Oswego,Professional Services,2010,10,234,375,.62400001,NY
SUNY Oswego,Professional Services,2013,1,293,358,.81843573,NY
SUNY Oswego,Professional Services,2013,5,363,472,.76906782,NY
SUNY Oswego,Professional Services,2013,10,,,,NY
SUNY Oswego,Professional Services,2016,1,327,403,.81141442,NY
SUNY Oswego,Professional Services,2016,5,392,541,.7245841,NY
SUNY Oswego,Professional Services,2016,10,,,,NY
SUNY Oswego,Professional Services,2019,1,361,447,.80760628,NY
SUNY Oswego,Professional Services,2019,5,,,,NY
SUNY Oswego,Professional Services,2019,10,,,,NY
SUNY Oswego,Public Admin,2004,1,102,135,.75555557,NY
SUNY Oswego,Public Admin,2004,5,162,203,.79802954,NY
SUNY Oswego,Public Admin,2004,10,205,253,.81027669,NY
SUNY Oswego,Public Admin,2007,1,96,115,.8347826,NY
SUNY Oswego,Public Admin,2007,5,174,203,.85714287,NY
SUNY Oswego,Public Admin,2007,10,250,310,.80645162,NY
SUNY Oswego,Public Admin,2010,1,83,119,.69747901,NY
SUNY Oswego,Public Admin,2010,5,184,210,.87619048,NY
SUNY Oswego,Public Admin,2010,10,247,307,.80456024,NY
SUNY Oswego,Public Admin,2013,1,114,137,.83211678,NY
SUNY Oswego,Public Admin,2013,5,260,314,.82802546,NY
SUNY Oswego,Public Admin,2013,10,,,,NY
SUNY Oswego,Public Admin,2016,1,131,157,.83439493,NY
SUNY Oswego,Public Admin,2016,5,193,240,.80416667,NY
SUNY Oswego,Public Admin,2016,10,,,,NY
SUNY Oswego,Public Admin,2019,1,122,151,.80794704,NY
SUNY Oswego,Public Admin,2019,5,,,,NY
SUNY Oswego,Public Admin,2019,10,,,,NY
SUNY Oswego,Real Estate,2004,1,46,50,.92000002,NY
SUNY Oswego,Real Estate,2004,5,22,36,.6111111,NY
SUNY Oswego,Real Estate,2004,10,23,39,.58974361,NY
SUNY Oswego,Real Estate,2007,1,41,50,.81999999,NY
SUNY Oswego,Real Estate,2007,5,30,47,.63829786,NY
SUNY Oswego,Real Estate,2007,10,21,35,.60000002,NY
SUNY Oswego,Real Estate,2010,1,34,47,.72340423,NY
SUNY Oswego,Real Estate,2010,5,42,47,.89361703,NY
SUNY Oswego,Real Estate,2010,10,35,43,.81395346,NY
SUNY Oswego,Real Estate,2013,1,63,68,.92647058,NY
SUNY Oswego,Real Estate,2013,5,48,74,.64864862,NY
SUNY Oswego,Real Estate,2013,10,,,,NY
SUNY Oswego,Real Estate,2016,1,57,61,.93442625,NY
SUNY Oswego,Real Estate,2016,5,48,56,.85714287,NY
SUNY Oswego,Real Estate,2016,10,,,,NY
SUNY Oswego,Real Estate,2019,1,65,72,.90277779,NY
SUNY Oswego,Real Estate,2019,5,,,,NY
SUNY Oswego,Real Estate,2019,10,,,,NY
SUNY Oswego,Retail,2004,1,286,353,.81019831,NY
SUNY Oswego,Retail,2004,5,160,210,.76190478,NY
SUNY Oswego,Retail,2004,10,117,185,.63243246,NY
SUNY Oswego,Retail,2007,1,306,349,.87679082,NY
SUNY Oswego,Retail,2007,5,202,284,.71126759,NY
SUNY Oswego,Retail,2007,10,159,216,.7361111,NY
SUNY Oswego,Retail,2010,1,364,440,.82727271,NY
SUNY Oswego,Retail,2010,5,219,286,.76573426,NY
SUNY Oswego,Retail,2010,10,148,227,.65198237,NY
SUNY Oswego,Retail,2013,1,355,417,.85131896,NY
SUNY Oswego,Retail,2013,5,171,245,.69795918,NY
SUNY Oswego,Retail,2013,10,,,,NY
SUNY Oswego,Retail,2016,1,310,372,.83333331,NY
SUNY Oswego,Retail,2016,5,174,248,.70161289,NY
SUNY Oswego,Retail,2016,10,,,,NY
SUNY Oswego,Retail,2019,1,323,386,.83678758,NY
SUNY Oswego,Retail,2019,5,,,,NY
SUNY Oswego,Retail,2019,10,,,,NY
SUNY Oswego,Transportation,2004,1,49,58,.84482759,NY
SUNY Oswego,Transportation,2004,5,42,48,.875,NY
SUNY Oswego,Transportation,2004,10,43,56,.76785713,NY
SUNY Oswego,Transportation,2007,1,45,56,.8035714,NY
SUNY Oswego,Transportation,2007,5,43,61,.70491803,NY
SUNY Oswego,Transportation,2007,10,57,71,.80281693,NY
SUNY Oswego,Transportation,2010,1,46,67,.68656719,NY
SUNY Oswego,Transportation,2010,5,50,70,.71428573,NY
SUNY Oswego,Transportation,2010,10,70,92,.76086956,NY
SUNY Oswego,Transportation,2013,1,58,68,.85294116,NY
SUNY Oswego,Transportation,2013,5,59,85,.69411767,NY
SUNY Oswego,Transportation,2013,10,,,,NY
SUNY Oswego,Transportation,2016,1,52,68,.7647059,NY
SUNY Oswego,Transportation,2016,5,45,76,.59210527,NY
SUNY Oswego,Transportation,2016,10,,,,NY
SUNY Oswego,Transportation,2019,1,78,96,.8125,NY
SUNY Oswego,Transportation,2019,5,,,,NY
SUNY Oswego,Transportation,2019,10,,,,NY
SUNY Oswego,Utilities,2004,1,8,9,.8888889,NY
SUNY Oswego,Utilities,2004,5,12,12,1,NY
SUNY Oswego,Utilities,2004,10,21,22,.95454544,NY
SUNY Oswego,Utilities,2007,1,9,9,1,NY
SUNY Oswego,Utilities,2007,5,26,32,.8125,NY
SUNY Oswego,Utilities,2007,10,28,31,.90322578,NY
SUNY Oswego,Utilities,2010,1,10,12,.83333331,NY
SUNY Oswego,Utilities,2010,5,28,29,.96551722,NY
SUNY Oswego,Utilities,2010,10,32,33,.969697,NY
SUNY Oswego,Utilities,2013,1,7,9,.77777779,NY
SUNY Oswego,Utilities,2013,5,18,22,.81818181,NY
SUNY Oswego,Utilities,2013,10,,,,NY
SUNY Oswego,Utilities,2016,1,11,11,1,NY
SUNY Oswego,Utilities,2016,5,19,19,1,NY
SUNY Oswego,Utilities,2016,10,,,,NY
SUNY Oswego,Utilities,2019,1,17,19,.89473683,NY
SUNY Oswego,Utilities,2019,5,,,,NY
SUNY Oswego,Utilities,2019,10,,,,NY
SUNY Oswego,Wholesale,2004,1,73,102,.71568626,NY
SUNY Oswego,Wholesale,2004,5,75,96,.78125,NY
SUNY Oswego,Wholesale,2004,10,78,108,.72222221,NY
SUNY Oswego,Wholesale,2007,1,60,71,.84507042,NY
SUNY Oswego,Wholesale,2007,5,77,103,.74757284,NY
SUNY Oswego,Wholesale,2007,10,80,117,.6837607,NY
SUNY Oswego,Wholesale,2010,1,93,113,.82300884,NY
SUNY Oswego,Wholesale,2010,5,108,122,.88524592,NY
SUNY Oswego,Wholesale,2010,10,110,152,.72368419,NY
SUNY Oswego,Wholesale,2013,1,100,118,.84745765,NY
SUNY Oswego,Wholesale,2013,5,106,141,.75177306,NY
SUNY Oswego,Wholesale,2013,10,,,,NY
SUNY Oswego,Wholesale,2016,1,98,117,.83760685,NY
SUNY Oswego,Wholesale,2016,5,115,146,.78767121,NY
SUNY Oswego,Wholesale,2016,10,,,,NY
SUNY Oswego,Wholesale,2019,1,100,127,.78740156,NY
SUNY Oswego,Wholesale,2019,5,,,,NY
SUNY Oswego,Wholesale,2019,10,,,,NY
SUNY Plattsburgh,Admin/Waste,2004,1,112,141,.79432625,NY
SUNY Plattsburgh,Admin/Waste,2004,5,46,90,.51111114,NY
SUNY Plattsburgh,Admin/Waste,2004,10,49,85,.57647061,NY
SUNY Plattsburgh,Admin/Waste,2007,1,94,131,.71755725,NY
SUNY Plattsburgh,Admin/Waste,2007,5,72,98,.73469388,NY
SUNY Plattsburgh,Admin/Waste,2007,10,64,113,.56637168,NY
SUNY Plattsburgh,Admin/Waste,2010,1,112,157,.71337581,NY
SUNY Plattsburgh,Admin/Waste,2010,5,78,114,.68421054,NY
SUNY Plattsburgh,Admin/Waste,2010,10,61,134,.45522389,NY
SUNY Plattsburgh,Admin/Waste,2013,1,137,177,.77401131,NY
SUNY Plattsburgh,Admin/Waste,2013,5,95,167,.56886226,NY
SUNY Plattsburgh,Admin/Waste,2013,10,,,,NY
SUNY Plattsburgh,Admin/Waste,2016,1,143,193,.74093264,NY
SUNY Plattsburgh,Admin/Waste,2016,5,100,143,.69930071,NY
SUNY Plattsburgh,Admin/Waste,2016,10,,,,NY
SUNY Plattsburgh,Admin/Waste,2019,1,137,167,.82035929,NY
SUNY Plattsburgh,Admin/Waste,2019,5,,,,NY
SUNY Plattsburgh,Admin/Waste,2019,10,,,,NY
SUNY Plattsburgh,Agriculture,2004,1,2,5,.40000001,NY
SUNY Plattsburgh,Agriculture,2004,5,2,4,.5,NY
SUNY Plattsburgh,Agriculture,2004,10,1,1,1,NY
SUNY Plattsburgh,Agriculture,2007,1,6,6,1,NY
SUNY Plattsburgh,Agriculture,2007,5,2,5,.40000001,NY
SUNY Plattsburgh,Agriculture,2007,10,0,0,,NY
SUNY Plattsburgh,Agriculture,2010,1,6,7,.85714287,NY
SUNY Plattsburgh,Agriculture,2010,5,5,7,.71428573,NY
SUNY Plattsburgh,Agriculture,2010,10,5,7,.71428573,NY
SUNY Plattsburgh,Agriculture,2013,1,4,7,.5714286,NY
SUNY Plattsburgh,Agriculture,2013,5,6,9,.66666669,NY
SUNY Plattsburgh,Agriculture,2013,10,,,,NY
SUNY Plattsburgh,Agriculture,2016,1,1,2,.5,NY
SUNY Plattsburgh,Agriculture,2016,5,5,13,.38461539,NY
SUNY Plattsburgh,Agriculture,2016,10,,,,NY
SUNY Plattsburgh,Agriculture,2019,1,2,6,.33333334,NY
SUNY Plattsburgh,Agriculture,2019,5,,,,NY
SUNY Plattsburgh,Agriculture,2019,10,,,,NY
SUNY Plattsburgh,Arts/Entertainment,2004,1,22,23,.95652175,NY
SUNY Plattsburgh,Arts/Entertainment,2004,5,22,39,.56410259,NY
SUNY Plattsburgh,Arts/Entertainment,2004,10,16,24,.66666669,NY
SUNY Plattsburgh,Arts/Entertainment,2007,1,23,36,.6388889,NY
SUNY Plattsburgh,Arts/Entertainment,2007,5,28,42,.66666669,NY
SUNY Plattsburgh,Arts/Entertainment,2007,10,26,51,.50980395,NY
SUNY Plattsburgh,Arts/Entertainment,2010,1,45,62,.72580647,NY
SUNY Plattsburgh,Arts/Entertainment,2010,5,43,53,.81132078,NY
SUNY Plattsburgh,Arts/Entertainment,2010,10,23,48,.47916666,NY
SUNY Plattsburgh,Arts/Entertainment,2013,1,40,62,.64516127,NY
SUNY Plattsburgh,Arts/Entertainment,2013,5,30,52,.57692307,NY
SUNY Plattsburgh,Arts/Entertainment,2013,10,,,,NY
SUNY Plattsburgh,Arts/Entertainment,2016,1,47,61,.77049178,NY
SUNY Plattsburgh,Arts/Entertainment,2016,5,32,49,.65306121,NY
SUNY Plattsburgh,Arts/Entertainment,2016,10,,,,NY
SUNY Plattsburgh,Arts/Entertainment,2019,1,37,47,.78723407,NY
SUNY Plattsburgh,Arts/Entertainment,2019,5,,,,NY
SUNY Plattsburgh,Arts/Entertainment,2019,10,,,,NY
SUNY Plattsburgh,Construction,2004,1,27,46,.5869565,NY
SUNY Plattsburgh,Construction,2004,5,22,49,.44897959,NY
SUNY Plattsburgh,Construction,2004,10,36,52,.69230771,NY
SUNY Plattsburgh,Construction,2007,1,34,42,.80952382,NY
SUNY Plattsburgh,Construction,2007,5,31,59,.52542371,NY
SUNY Plattsburgh,Construction,2007,10,33,58,.56896549,NY
SUNY Plattsburgh,Construction,2010,1,36,56,.64285713,NY
SUNY Plattsburgh,Construction,2010,5,45,66,.68181819,NY
SUNY Plattsburgh,Construction,2010,10,57,83,.68674701,NY
SUNY Plattsburgh,Construction,2013,1,45,62,.72580647,NY
SUNY Plattsburgh,Construction,2013,5,61,99,.61616164,NY
SUNY Plattsburgh,Construction,2013,10,,,,NY
SUNY Plattsburgh,Construction,2016,1,48,70,.6857143,NY
SUNY Plattsburgh,Construction,2016,5,70,96,.72916669,NY
SUNY Plattsburgh,Construction,2016,10,,,,NY
SUNY Plattsburgh,Construction,2019,1,63,88,.71590906,NY
SUNY Plattsburgh,Construction,2019,5,,,,NY
SUNY Plattsburgh,Construction,2019,10,,,,NY
SUNY Plattsburgh,Education,2004,1,293,338,.86686391,NY
SUNY Plattsburgh,Education,2004,5,460,602,.76411963,NY
SUNY Plattsburgh,Education,2004,10,476,585,.81367522,NY
SUNY Plattsburgh,Education,2007,1,211,272,.77573532,NY
SUNY Plattsburgh,Education,2007,5,323,449,.71937639,NY
SUNY Plattsburgh,Education,2007,10,396,545,.72660547,NY
SUNY Plattsburgh,Education,2010,1,124,188,.65957445,NY
SUNY Plattsburgh,Education,2010,5,301,394,.76395941,NY
SUNY Plattsburgh,Education,2010,10,346,497,.69617707,NY
SUNY Plattsburgh,Education,2013,1,117,167,.70059878,NY
SUNY Plattsburgh,Education,2013,5,277,383,.72323757,NY
SUNY Plattsburgh,Education,2013,10,,,,NY
SUNY Plattsburgh,Education,2016,1,170,213,.79812205,NY
SUNY Plattsburgh,Education,2016,5,258,349,.73925501,NY
SUNY Plattsburgh,Education,2016,10,,,,NY
SUNY Plattsburgh,Education,2019,1,227,273,.83150184,NY
SUNY Plattsburgh,Education,2019,5,,,,NY
SUNY Plattsburgh,Education,2019,10,,,,NY
SUNY Plattsburgh,Finance,2004,1,91,120,.75833333,NY
SUNY Plattsburgh,Finance,2004,5,112,162,.69135803,NY
SUNY Plattsburgh,Finance,2004,10,104,136,.7647059,NY
SUNY Plattsburgh,Finance,2007,1,78,96,.8125,NY
SUNY Plattsburgh,Finance,2007,5,111,145,.76551723,NY
SUNY Plattsburgh,Finance,2007,10,106,150,.70666665,NY
SUNY Plattsburgh,Finance,2010,1,84,116,.7241379,NY
SUNY Plattsburgh,Finance,2010,5,129,182,.7087912,NY
SUNY Plattsburgh,Finance,2010,10,121,184,.65760869,NY
SUNY Plattsburgh,Finance,2013,1,113,141,.80141842,NY
SUNY Plattsburgh,Finance,2013,5,135,179,.75418997,NY
SUNY Plattsburgh,Finance,2013,10,,,,NY
SUNY Plattsburgh,Finance,2016,1,102,124,.82258064,NY
SUNY Plattsburgh,Finance,2016,5,138,196,.70408165,NY
SUNY Plattsburgh,Finance,2016,10,,,,NY
SUNY Plattsburgh,Finance,2019,1,99,135,.73333335,NY
SUNY Plattsburgh,Finance,2019,5,,,,NY
SUNY Plattsburgh,Finance,2019,10,,,,NY
SUNY Plattsburgh,Food/Hospitality,2004,1,154,194,.79381442,NY
SUNY Plattsburgh,Food/Hospitality,2004,5,81,130,.62307692,NY
SUNY Plattsburgh,Food/Hospitality,2004,10,57,95,.60000002,NY
SUNY Plattsburgh,Food/Hospitality,2007,1,183,220,.83181816,NY
SUNY Plattsburgh,Food/Hospitality,2007,5,114,168,.6785714,NY
SUNY Plattsburgh,Food/Hospitality,2007,10,72,123,.58536583,NY
SUNY Plattsburgh,Food/Hospitality,2010,1,241,288,.83680558,NY
SUNY Plattsburgh,Food/Hospitality,2010,5,140,199,.70351762,NY
SUNY Plattsburgh,Food/Hospitality,2010,10,77,158,.48734176,NY
SUNY Plattsburgh,Food/Hospitality,2013,1,231,280,.82499999,NY
SUNY Plattsburgh,Food/Hospitality,2013,5,113,177,.63841808,NY
SUNY Plattsburgh,Food/Hospitality,2013,10,,,,NY
SUNY Plattsburgh,Food/Hospitality,2016,1,239,283,.84452295,NY
SUNY Plattsburgh,Food/Hospitality,2016,5,100,149,.67114097,NY
SUNY Plattsburgh,Food/Hospitality,2016,10,,,,NY
SUNY Plattsburgh,Food/Hospitality,2019,1,161,202,.79702967,NY
SUNY Plattsburgh,Food/Hospitality,2019,5,,,,NY
SUNY Plattsburgh,Food/Hospitality,2019,10,,,,NY
SUNY Plattsburgh,Health Care,2004,1,385,465,.82795697,NY
SUNY Plattsburgh,Health Care,2004,5,383,493,.77687627,NY
SUNY Plattsburgh,Health Care,2004,10,359,450,.79777777,NY
SUNY Plattsburgh,Health Care,2007,1,416,518,.80308878,NY
SUNY Plattsburgh,Health Care,2007,5,472,619,.76252019,NY
SUNY Plattsburgh,Health Care,2007,10,395,578,.68339097,NY
SUNY Plattsburgh,Health Care,2010,1,449,541,.82994455,NY
SUNY Plattsburgh,Health Care,2010,5,490,642,.76323986,NY
SUNY Plattsburgh,Health Care,2010,10,445,665,.66917294,NY
SUNY Plattsburgh,Health Care,2013,1,516,621,.83091789,NY
SUNY Plattsburgh,Health Care,2013,5,564,749,.75300401,NY
SUNY Plattsburgh,Health Care,2013,10,,,,NY
SUNY Plattsburgh,Health Care,2016,1,580,694,.83573484,NY
SUNY Plattsburgh,Health Care,2016,5,605,796,.76005024,NY
SUNY Plattsburgh,Health Care,2016,10,,,,NY
SUNY Plattsburgh,Health Care,2019,1,563,688,.81831396,NY
SUNY Plattsburgh,Health Care,2019,5,,,,NY
SUNY Plattsburgh,Health Care,2019,10,,,,NY
SUNY Plattsburgh,Information,2004,1,69,69,1,NY
SUNY Plattsburgh,Information,2004,5,64,88,.72727275,NY
SUNY Plattsburgh,Information,2004,10,36,56,.64285713,NY
SUNY Plattsburgh,Information,2007,1,63,72,.875,NY
SUNY Plattsburgh,Information,2007,5,68,76,.89473683,NY
SUNY Plattsburgh,Information,2007,10,49,78,.62820512,NY
SUNY Plattsburgh,Information,2010,1,66,93,.7096774,NY
SUNY Plattsburgh,Information,2010,5,76,106,.71698111,NY
SUNY Plattsburgh,Information,2010,10,67,110,.60909092,NY
SUNY Plattsburgh,Information,2013,1,94,111,.84684682,NY
SUNY Plattsburgh,Information,2013,5,96,136,.70588237,NY
SUNY Plattsburgh,Information,2013,10,,,,NY
SUNY Plattsburgh,Information,2016,1,97,132,.7348485,NY
SUNY Plattsburgh,Information,2016,5,82,124,.66129035,NY
SUNY Plattsburgh,Information,2016,10,,,,NY
SUNY Plattsburgh,Information,2019,1,75,84,.89285713,NY
SUNY Plattsburgh,Information,2019,5,,,,NY
SUNY Plattsburgh,Information,2019,10,,,,NY
SUNY Plattsburgh,Management,2004,1,14,18,.77777779,NY
SUNY Plattsburgh,Management,2004,5,26,38,.68421054,NY
SUNY Plattsburgh,Management,2004,10,22,33,.66666669,NY
SUNY Plattsburgh,Management,2007,1,26,32,.8125,NY
SUNY Plattsburgh,Management,2007,5,32,39,.82051283,NY
SUNY Plattsburgh,Management,2007,10,34,44,.77272725,NY
SUNY Plattsburgh,Management,2010,1,34,39,.87179488,NY
SUNY Plattsburgh,Management,2010,5,36,43,.83720928,NY
SUNY Plattsburgh,Management,2010,10,36,54,.66666669,NY
SUNY Plattsburgh,Management,2013,1,28,38,.7368421,NY
SUNY Plattsburgh,Management,2013,5,49,74,.66216218,NY
SUNY Plattsburgh,Management,2013,10,,,,NY
SUNY Plattsburgh,Management,2016,1,35,43,.81395346,NY
SUNY Plattsburgh,Management,2016,5,43,57,.75438595,NY
SUNY Plattsburgh,Management,2016,10,,,,NY
SUNY Plattsburgh,Management,2019,1,33,40,.82499999,NY
SUNY Plattsburgh,Management,2019,5,,,,NY
SUNY Plattsburgh,Management,2019,10,,,,NY
SUNY Plattsburgh,Manufacturing,2004,1,57,76,.75,NY
SUNY Plattsburgh,Manufacturing,2004,5,49,90,.54444444,NY
SUNY Plattsburgh,Manufacturing,2004,10,54,83,.6506024,NY
SUNY Plattsburgh,Manufacturing,2007,1,48,74,.64864862,NY
SUNY Plattsburgh,Manufacturing,2007,5,54,90,.60000002,NY
SUNY Plattsburgh,Manufacturing,2007,10,57,120,.47499999,NY
SUNY Plattsburgh,Manufacturing,2010,1,50,84,.59523809,NY
SUNY Plattsburgh,Manufacturing,2010,5,101,143,.7062937,NY
SUNY Plattsburgh,Manufacturing,2010,10,84,149,.56375837,NY
SUNY Plattsburgh,Manufacturing,2013,1,77,111,.6936937,NY
SUNY Plattsburgh,Manufacturing,2013,5,99,168,.58928573,NY
SUNY Plattsburgh,Manufacturing,2013,10,,,,NY
SUNY Plattsburgh,Manufacturing,2016,1,86,126,.6825397,NY
SUNY Plattsburgh,Manufacturing,2016,5,111,156,.71153843,NY
SUNY Plattsburgh,Manufacturing,2016,10,,,,NY
SUNY Plattsburgh,Manufacturing,2019,1,86,132,.65151513,NY
SUNY Plattsburgh,Manufacturing,2019,5,,,,NY
SUNY Plattsburgh,Manufacturing,2019,10,,,,NY
SUNY Plattsburgh,Mining,2004,1,0,0,,NY
SUNY Plattsburgh,Mining,2004,5,0,0,,NY
SUNY Plattsburgh,Mining,2004,10,1,2,.5,NY
SUNY Plattsburgh,Mining,2007,1,0,0,,NY
SUNY Plattsburgh,Mining,2007,5,0,1,0,NY
SUNY Plattsburgh,Mining,2007,10,1,4,.25,NY
SUNY Plattsburgh,Mining,2010,1,0,2,0,NY
SUNY Plattsburgh,Mining,2010,5,3,3,1,NY
SUNY Plattsburgh,Mining,2010,10,1,1,1,NY
SUNY Plattsburgh,Mining,2013,1,2,4,.5,NY
SUNY Plattsburgh,Mining,2013,5,2,2,1,NY
SUNY Plattsburgh,Mining,2013,10,,,,NY
SUNY Plattsburgh,Mining,2016,1,2,2,1,NY
SUNY Plattsburgh,Mining,2016,5,2,4,.5,NY
SUNY Plattsburgh,Mining,2016,10,,,,NY
SUNY Plattsburgh,Mining,2019,1,0,0,,NY
SUNY Plattsburgh,Mining,2019,5,,,,NY
SUNY Plattsburgh,Mining,2019,10,,,,NY
SUNY Plattsburgh,Other Services,2004,1,29,36,.80555558,NY
SUNY Plattsburgh,Other Services,2004,5,27,39,.69230771,NY
SUNY Plattsburgh,Other Services,2004,10,25,39,.64102566,NY
SUNY Plattsburgh,Other Services,2007,1,36,42,.85714287,NY
SUNY Plattsburgh,Other Services,2007,5,23,35,.65714288,NY
SUNY Plattsburgh,Other Services,2007,10,29,41,.70731705,NY
SUNY Plattsburgh,Other Services,2010,1,30,45,.66666669,NY
SUNY Plattsburgh,Other Services,2010,5,39,43,.90697676,NY
SUNY Plattsburgh,Other Services,2010,10,32,61,.52459013,NY
SUNY Plattsburgh,Other Services,2013,1,28,41,.68292683,NY
SUNY Plattsburgh,Other Services,2013,5,45,73,.61643833,NY
SUNY Plattsburgh,Other Services,2013,10,,,,NY
SUNY Plattsburgh,Other Services,2016,1,36,44,.81818181,NY
SUNY Plattsburgh,Other Services,2016,5,42,67,.62686568,NY
SUNY Plattsburgh,Other Services,2016,10,,,,NY
SUNY Plattsburgh,Other Services,2019,1,41,59,.69491524,NY
SUNY Plattsburgh,Other Services,2019,5,,,,NY
SUNY Plattsburgh,Other Services,2019,10,,,,NY
SUNY Plattsburgh,Professional Services,2004,1,119,161,.73913044,NY
SUNY Plattsburgh,Professional Services,2004,5,122,171,.71345031,NY
SUNY Plattsburgh,Professional Services,2004,10,121,182,.66483516,NY
SUNY Plattsburgh,Professional Services,2007,1,99,152,.65131581,NY
SUNY Plattsburgh,Professional Services,2007,5,100,164,.60975611,NY
SUNY Plattsburgh,Professional Services,2007,10,96,165,.58181816,NY
SUNY Plattsburgh,Professional Services,2010,1,138,189,.73015875,NY
SUNY Plattsburgh,Professional Services,2010,5,185,255,.72549021,NY
SUNY Plattsburgh,Professional Services,2010,10,170,301,.56478405,NY
SUNY Plattsburgh,Professional Services,2013,1,171,222,.77027029,NY
SUNY Plattsburgh,Professional Services,2013,5,203,293,.69283277,NY
SUNY Plattsburgh,Professional Services,2013,10,,,,NY
SUNY Plattsburgh,Professional Services,2016,1,243,332,.73192769,NY
SUNY Plattsburgh,Professional Services,2016,5,256,373,.6863271,NY
SUNY Plattsburgh,Professional Services,2016,10,,,,NY
SUNY Plattsburgh,Professional Services,2019,1,199,272,.73161763,NY
SUNY Plattsburgh,Professional Services,2019,5,,,,NY
SUNY Plattsburgh,Professional Services,2019,10,,,,NY
SUNY Plattsburgh,Public Admin,2004,1,121,133,.90977442,NY
SUNY Plattsburgh,Public Admin,2004,5,186,219,.84931505,NY
SUNY Plattsburgh,Public Admin,2004,10,228,269,.84758365,NY
SUNY Plattsburgh,Public Admin,2007,1,111,139,.79856116,NY
SUNY Plattsburgh,Public Admin,2007,5,188,238,.78991598,NY
SUNY Plattsburgh,Public Admin,2007,10,282,354,.79661018,NY
SUNY Plattsburgh,Public Admin,2010,1,95,140,.6785714,NY
SUNY Plattsburgh,Public Admin,2010,5,198,235,.8425532,NY
SUNY Plattsburgh,Public Admin,2010,10,286,335,.85373133,NY
SUNY Plattsburgh,Public Admin,2013,1,109,151,.72185433,NY
SUNY Plattsburgh,Public Admin,2013,5,275,341,.80645162,NY
SUNY Plattsburgh,Public Admin,2013,10,,,,NY
SUNY Plattsburgh,Public Admin,2016,1,128,161,.79503107,NY
SUNY Plattsburgh,Public Admin,2016,5,196,238,.82352942,NY
SUNY Plattsburgh,Public Admin,2016,10,,,,NY
SUNY Plattsburgh,Public Admin,2019,1,116,148,.78378379,NY
SUNY Plattsburgh,Public Admin,2019,5,,,,NY
SUNY Plattsburgh,Public Admin,2019,10,,,,NY
SUNY Plattsburgh,Real Estate,2004,1,32,32,1,NY
SUNY Plattsburgh,Real Estate,2004,5,23,35,.65714288,NY
SUNY Plattsburgh,Real Estate,2004,10,11,15,.73333335,NY
SUNY Plattsburgh,Real Estate,2007,1,27,36,.75,NY
SUNY Plattsburgh,Real Estate,2007,5,21,29,.7241379,NY
SUNY Plattsburgh,Real Estate,2007,10,19,27,.7037037,NY
SUNY Plattsburgh,Real Estate,2010,1,29,38,.7631579,NY
SUNY Plattsburgh,Real Estate,2010,5,23,31,.74193549,NY
SUNY Plattsburgh,Real Estate,2010,10,23,32,.71875,NY
SUNY Plattsburgh,Real Estate,2013,1,49,54,.9074074,NY
SUNY Plattsburgh,Real Estate,2013,5,30,39,.76923078,NY
SUNY Plattsburgh,Real Estate,2013,10,,,,NY
SUNY Plattsburgh,Real Estate,2016,1,36,45,.80000001,NY
SUNY Plattsburgh,Real Estate,2016,5,33,58,.56896549,NY
SUNY Plattsburgh,Real Estate,2016,10,,,,NY
SUNY Plattsburgh,Real Estate,2019,1,45,51,.88235295,NY
SUNY Plattsburgh,Real Estate,2019,5,,,,NY
SUNY Plattsburgh,Real Estate,2019,10,,,,NY
SUNY Plattsburgh,Retail,2004,1,231,268,.86194032,NY
SUNY Plattsburgh,Retail,2004,5,111,182,.6098901,NY
SUNY Plattsburgh,Retail,2004,10,98,144,.68055558,NY
SUNY Plattsburgh,Retail,2007,1,241,324,.74382716,NY
SUNY Plattsburgh,Retail,2007,5,143,198,.72222221,NY
SUNY Plattsburgh,Retail,2007,10,102,202,.50495052,NY
SUNY Plattsburgh,Retail,2010,1,267,353,.75637394,NY
SUNY Plattsburgh,Retail,2010,5,166,240,.69166666,NY
SUNY Plattsburgh,Retail,2010,10,106,197,.53807104,NY
SUNY Plattsburgh,Retail,2013,1,259,303,.8547855,NY
SUNY Plattsburgh,Retail,2013,5,160,246,.65040648,NY
SUNY Plattsburgh,Retail,2013,10,,,,NY
SUNY Plattsburgh,Retail,2016,1,208,270,.77037036,NY
SUNY Plattsburgh,Retail,2016,5,125,193,.64766842,NY
SUNY Plattsburgh,Retail,2016,10,,,,NY
SUNY Plattsburgh,Retail,2019,1,240,293,.8191126,NY
SUNY Plattsburgh,Retail,2019,5,,,,NY
SUNY Plattsburgh,Retail,2019,10,,,,NY
SUNY Plattsburgh,Transportation,2004,1,29,34,.85294116,NY
SUNY Plattsburgh,Transportation,2004,5,29,43,.67441863,NY
SUNY Plattsburgh,Transportation,2004,10,45,62,.72580647,NY
SUNY Plattsburgh,Transportation,2007,1,24,35,.6857143,NY
SUNY Plattsburgh,Transportation,2007,5,29,47,.61702126,NY
SUNY Plattsburgh,Transportation,2007,10,30,46,.65217394,NY
SUNY Plattsburgh,Transportation,2010,1,23,44,.52272725,NY
SUNY Plattsburgh,Transportation,2010,5,48,63,.76190478,NY
SUNY Plattsburgh,Transportation,2010,10,39,69,.56521738,NY
SUNY Plattsburgh,Transportation,2013,1,59,84,.70238096,NY
SUNY Plattsburgh,Transportation,2013,5,40,71,.5633803,NY
SUNY Plattsburgh,Transportation,2013,10,,,,NY
SUNY Plattsburgh,Transportation,2016,1,63,90,.69999999,NY
SUNY Plattsburgh,Transportation,2016,5,61,92,.6630435,NY
SUNY Plattsburgh,Transportation,2016,10,,,,NY
SUNY Plattsburgh,Transportation,2019,1,53,79,.6708861,NY
SUNY Plattsburgh,Transportation,2019,5,,,,NY
SUNY Plattsburgh,Transportation,2019,10,,,,NY
SUNY Plattsburgh,Utilities,2004,1,2,2,1,NY
SUNY Plattsburgh,Utilities,2004,5,5,5,1,NY
SUNY Plattsburgh,Utilities,2004,10,2,2,1,NY
SUNY Plattsburgh,Utilities,2007,1,0,1,0,NY
SUNY Plattsburgh,Utilities,2007,5,4,4,1,NY
SUNY Plattsburgh,Utilities,2007,10,9,11,.81818181,NY
SUNY Plattsburgh,Utilities,2010,1,4,4,1,NY
SUNY Plattsburgh,Utilities,2010,5,10,11,.90909094,NY
SUNY Plattsburgh,Utilities,2010,10,13,15,.86666667,NY
SUNY Plattsburgh,Utilities,2013,1,4,4,1,NY
SUNY Plattsburgh,Utilities,2013,5,18,20,.89999998,NY
SUNY Plattsburgh,Utilities,2013,10,,,,NY
SUNY Plattsburgh,Utilities,2016,1,1,2,.5,NY
SUNY Plattsburgh,Utilities,2016,5,4,5,.80000001,NY
SUNY Plattsburgh,Utilities,2016,10,,,,NY
SUNY Plattsburgh,Utilities,2019,1,5,5,1,NY
SUNY Plattsburgh,Utilities,2019,5,,,,NY
SUNY Plattsburgh,Utilities,2019,10,,,,NY
SUNY Plattsburgh,Wholesale,2004,1,47,63,.74603176,NY
SUNY Plattsburgh,Wholesale,2004,5,50,89,.56179774,NY
SUNY Plattsburgh,Wholesale,2004,10,51,68,.75,NY
SUNY Plattsburgh,Wholesale,2007,1,47,68,.69117647,NY
SUNY Plattsburgh,Wholesale,2007,5,65,91,.71428573,NY
SUNY Plattsburgh,Wholesale,2007,10,70,113,.61946905,NY
SUNY Plattsburgh,Wholesale,2010,1,49,64,.765625,NY
SUNY Plattsburgh,Wholesale,2010,5,71,100,.70999998,NY
SUNY Plattsburgh,Wholesale,2010,10,79,123,.64227641,NY
SUNY Plattsburgh,Wholesale,2013,1,56,77,.72727275,NY
SUNY Plattsburgh,Wholesale,2013,5,66,105,.62857145,NY
SUNY Plattsburgh,Wholesale,2013,10,,,,NY
SUNY Plattsburgh,Wholesale,2016,1,69,84,.8214286,NY
SUNY Plattsburgh,Wholesale,2016,5,65,100,.64999998,NY
SUNY Plattsburgh,Wholesale,2016,10,,,,NY
SUNY Plattsburgh,Wholesale,2019,1,63,83,.75903612,NY
SUNY Plattsburgh,Wholesale,2019,5,,,,NY
SUNY Plattsburgh,Wholesale,2019,10,,,,NY
SUNY Poly,Admin/Waste,2004,1,55,82,.67073172,NY
SUNY Poly,Admin/Waste,2004,5,17,28,.60714287,NY
SUNY Poly,Admin/Waste,2004,10,17,23,.73913044,NY
SUNY Poly,Admin/Waste,2007,1,46,52,.88461536,NY
SUNY Poly,Admin/Waste,2007,5,30,38,.78947371,NY
SUNY Poly,Admin/Waste,2007,10,22,31,.7096774,NY
SUNY Poly,Admin/Waste,2010,1,46,53,.86792451,NY
SUNY Poly,Admin/Waste,2010,5,22,32,.6875,NY
SUNY Poly,Admin/Waste,2010,10,26,35,.74285716,NY
SUNY Poly,Admin/Waste,2013,1,45,56,.8035714,NY
SUNY Poly,Admin/Waste,2013,5,13,18,.72222221,NY
SUNY Poly,Admin/Waste,2013,10,,,,NY
SUNY Poly,Admin/Waste,2016,1,48,54,.8888889,NY
SUNY Poly,Admin/Waste,2016,5,35,53,.66037738,NY
SUNY Poly,Admin/Waste,2016,10,,,,NY
SUNY Poly,Admin/Waste,2019,1,31,42,.73809522,NY
SUNY Poly,Admin/Waste,2019,5,,,,NY
SUNY Poly,Admin/Waste,2019,10,,,,NY
SUNY Poly,Agriculture,2004,1,3,4,.75,NY
SUNY Poly,Agriculture,2004,5,1,2,.5,NY
SUNY Poly,Agriculture,2004,10,4,5,.80000001,NY
SUNY Poly,Agriculture,2007,1,2,4,.5,NY
SUNY Poly,Agriculture,2007,5,2,3,.66666669,NY
SUNY Poly,Agriculture,2007,10,1,1,1,NY
SUNY Poly,Agriculture,2010,1,2,7,.2857143,NY
SUNY Poly,Agriculture,2010,5,1,1,1,NY
SUNY Poly,Agriculture,2010,10,1,3,.33333334,NY
SUNY Poly,Agriculture,2013,1,3,5,.60000002,NY
SUNY Poly,Agriculture,2013,5,0,0,,NY
SUNY Poly,Agriculture,2013,10,,,,NY
SUNY Poly,Agriculture,2016,1,1,2,.5,NY
SUNY Poly,Agriculture,2016,5,0,0,,NY
SUNY Poly,Agriculture,2016,10,,,,NY
SUNY Poly,Agriculture,2019,1,1,1,1,NY
SUNY Poly,Agriculture,2019,5,,,,NY
SUNY Poly,Agriculture,2019,10,,,,NY
SUNY Poly,Arts/Entertainment,2004,1,0,1,0,NY
SUNY Poly,Arts/Entertainment,2004,5,0,1,0,NY
SUNY Poly,Arts/Entertainment,2004,10,2,2,1,NY
SUNY Poly,Arts/Entertainment,2007,1,2,2,1,NY
SUNY Poly,Arts/Entertainment,2007,5,4,5,.80000001,NY
SUNY Poly,Arts/Entertainment,2007,10,0,0,,NY
SUNY Poly,Arts/Entertainment,2010,1,0,1,0,NY
SUNY Poly,Arts/Entertainment,2010,5,1,2,.5,NY
SUNY Poly,Arts/Entertainment,2010,10,3,3,1,NY
SUNY Poly,Arts/Entertainment,2013,1,3,3,1,NY
SUNY Poly,Arts/Entertainment,2013,5,0,1,0,NY
SUNY Poly,Arts/Entertainment,2013,10,,,,NY
SUNY Poly,Arts/Entertainment,2016,1,7,12,.58333331,NY
SUNY Poly,Arts/Entertainment,2016,5,2,2,1,NY
SUNY Poly,Arts/Entertainment,2016,10,,,,NY
SUNY Poly,Arts/Entertainment,2019,1,4,4,1,NY
SUNY Poly,Arts/Entertainment,2019,5,,,,NY
SUNY Poly,Arts/Entertainment,2019,10,,,,NY
SUNY Poly,Construction,2004,1,17,30,.56666666,NY
SUNY Poly,Construction,2004,5,20,30,.66666669,NY
SUNY Poly,Construction,2004,10,15,21,.71428573,NY
SUNY Poly,Construction,2007,1,28,39,.71794873,NY
SUNY Poly,Construction,2007,5,19,26,.73076922,NY
SUNY Poly,Construction,2007,10,22,31,.7096774,NY
SUNY Poly,Construction,2010,1,18,37,.48648649,NY
SUNY Poly,Construction,2010,5,17,20,.85000002,NY
SUNY Poly,Construction,2010,10,14,28,.5,NY
SUNY Poly,Construction,2013,1,26,43,.60465115,NY
SUNY Poly,Construction,2013,5,23,29,.79310346,NY
SUNY Poly,Construction,2013,10,,,,NY
SUNY Poly,Construction,2016,1,20,31,.64516127,NY
SUNY Poly,Construction,2016,5,33,40,.82499999,NY
SUNY Poly,Construction,2016,10,,,,NY
SUNY Poly,Construction,2019,1,34,43,.79069769,NY
SUNY Poly,Construction,2019,5,,,,NY
SUNY Poly,Construction,2019,10,,,,NY
SUNY Poly,Education,2004,1,40,70,.5714286,NY
SUNY Poly,Education,2004,5,71,91,.78021979,NY
SUNY Poly,Education,2004,10,72,91,.7912088,NY
SUNY Poly,Education,2007,1,51,64,.796875,NY
SUNY Poly,Education,2007,5,67,85,.78823531,NY
SUNY Poly,Education,2007,10,56,68,.82352942,NY
SUNY Poly,Education,2010,1,42,60,.69999999,NY
SUNY Poly,Education,2010,5,64,76,.84210527,NY
SUNY Poly,Education,2010,10,73,84,.86904764,NY
SUNY Poly,Education,2013,1,38,51,.74509805,NY
SUNY Poly,Education,2013,5,45,57,.78947371,NY
SUNY Poly,Education,2013,10,,,,NY
SUNY Poly,Education,2016,1,45,57,.78947371,NY
SUNY Poly,Education,2016,5,65,90,.72222221,NY
SUNY Poly,Education,2016,10,,,,NY
SUNY Poly,Education,2019,1,39,53,.73584908,NY
SUNY Poly,Education,2019,5,,,,NY
SUNY Poly,Education,2019,10,,,,NY
SUNY Poly,Finance,2004,1,91,112,.8125,NY
SUNY Poly,Finance,2004,5,80,96,.83333331,NY
SUNY Poly,Finance,2004,10,83,103,.80582523,NY
SUNY Poly,Finance,2007,1,61,73,.83561641,NY
SUNY Poly,Finance,2007,5,77,91,.84615386,NY
SUNY Poly,Finance,2007,10,64,86,.74418604,NY
SUNY Poly,Finance,2010,1,90,100,.89999998,NY
SUNY Poly,Finance,2010,5,102,120,.85000002,NY
SUNY Poly,Finance,2010,10,81,91,.8901099,NY
SUNY Poly,Finance,2013,1,72,86,.83720928,NY
SUNY Poly,Finance,2013,5,76,79,.96202534,NY
SUNY Poly,Finance,2013,10,,,,NY
SUNY Poly,Finance,2016,1,61,66,.92424244,NY
SUNY Poly,Finance,2016,5,69,80,.86250001,NY
SUNY Poly,Finance,2016,10,,,,NY
SUNY Poly,Finance,2019,1,68,70,.97142857,NY
SUNY Poly,Finance,2019,5,,,,NY
SUNY Poly,Finance,2019,10,,,,NY
SUNY Poly,Food/Hospitality,2004,1,27,36,.75,NY
SUNY Poly,Food/Hospitality,2004,5,14,21,.66666669,NY
SUNY Poly,Food/Hospitality,2004,10,9,18,.5,NY
SUNY Poly,Food/Hospitality,2007,1,21,32,.65625,NY
SUNY Poly,Food/Hospitality,2007,5,26,34,.7647059,NY
SUNY Poly,Food/Hospitality,2007,10,14,24,.58333331,NY
SUNY Poly,Food/Hospitality,2010,1,19,41,.46341464,NY
SUNY Poly,Food/Hospitality,2010,5,15,29,.51724136,NY
SUNY Poly,Food/Hospitality,2010,10,8,21,.38095239,NY
SUNY Poly,Food/Hospitality,2013,1,20,48,.41666666,NY
SUNY Poly,Food/Hospitality,2013,5,6,10,.60000002,NY
SUNY Poly,Food/Hospitality,2013,10,,,,NY
SUNY Poly,Food/Hospitality,2016,1,36,42,.85714287,NY
SUNY Poly,Food/Hospitality,2016,5,14,23,.60869563,NY
SUNY Poly,Food/Hospitality,2016,10,,,,NY
SUNY Poly,Food/Hospitality,2019,1,23,26,.88461536,NY
SUNY Poly,Food/Hospitality,2019,5,,,,NY
SUNY Poly,Food/Hospitality,2019,10,,,,NY
SUNY Poly,Health Care,2004,1,241,275,.87636364,NY
SUNY Poly,Health Care,2004,5,238,280,.85000002,NY
SUNY Poly,Health Care,2004,10,213,256,.83203125,NY
SUNY Poly,Health Care,2007,1,219,256,.85546875,NY
SUNY Poly,Health Care,2007,5,211,274,.770073,NY
SUNY Poly,Health Care,2007,10,172,216,.7962963,NY
SUNY Poly,Health Care,2010,1,247,269,.91821563,NY
SUNY Poly,Health Care,2010,5,247,280,.88214284,NY
SUNY Poly,Health Care,2010,10,202,247,.81781375,NY
SUNY Poly,Health Care,2013,1,214,244,.87704921,NY
SUNY Poly,Health Care,2013,5,196,217,.90322578,NY
SUNY Poly,Health Care,2013,10,,,,NY
SUNY Poly,Health Care,2016,1,196,205,.95609754,NY
SUNY Poly,Health Care,2016,5,172,206,.83495146,NY
SUNY Poly,Health Care,2016,10,,,,NY
SUNY Poly,Health Care,2019,1,190,200,.94999999,NY
SUNY Poly,Health Care,2019,5,,,,NY
SUNY Poly,Health Care,2019,10,,,,NY
SUNY Poly,Information,2004,1,20,22,.90909094,NY
SUNY Poly,Information,2004,5,22,30,.73333335,NY
SUNY Poly,Information,2004,10,30,31,.96774191,NY
SUNY Poly,Information,2007,1,16,22,.72727275,NY
SUNY Poly,Information,2007,5,27,31,.87096775,NY
SUNY Poly,Information,2007,10,17,24,.70833331,NY
SUNY Poly,Information,2010,1,21,25,.83999997,NY
SUNY Poly,Information,2010,5,13,16,.8125,NY
SUNY Poly,Information,2010,10,14,16,.875,NY
SUNY Poly,Information,2013,1,14,23,.60869563,NY
SUNY Poly,Information,2013,5,15,24,.625,NY
SUNY Poly,Information,2013,10,,,,NY
SUNY Poly,Information,2016,1,16,18,.8888889,NY
SUNY Poly,Information,2016,5,17,23,.73913044,NY
SUNY Poly,Information,2016,10,,,,NY
SUNY Poly,Information,2019,1,14,16,.875,NY
SUNY Poly,Information,2019,5,,,,NY
SUNY Poly,Information,2019,10,,,,NY
SUNY Poly,Management,2004,1,13,13,1,NY
SUNY Poly,Management,2004,5,9,13,.69230771,NY
SUNY Poly,Management,2004,10,15,16,.9375,NY
SUNY Poly,Management,2007,1,17,19,.89473683,NY
SUNY Poly,Management,2007,5,13,13,1,NY
SUNY Poly,Management,2007,10,16,20,.80000001,NY
SUNY Poly,Management,2010,1,11,14,.78571427,NY
SUNY Poly,Management,2010,5,10,11,.90909094,NY
SUNY Poly,Management,2010,10,9,10,.89999998,NY
SUNY Poly,Management,2013,1,10,13,.76923078,NY
SUNY Poly,Management,2013,5,9,9,1,NY
SUNY Poly,Management,2013,10,,,,NY
SUNY Poly,Management,2016,1,4,9,.44444445,NY
SUNY Poly,Management,2016,5,14,17,.82352942,NY
SUNY Poly,Management,2016,10,,,,NY
SUNY Poly,Management,2019,1,8,10,.80000001,NY
SUNY Poly,Management,2019,5,,,,NY
SUNY Poly,Management,2019,10,,,,NY
SUNY Poly,Manufacturing,2004,1,106,124,.85483873,NY
SUNY Poly,Manufacturing,2004,5,88,104,.84615386,NY
SUNY Poly,Manufacturing,2004,10,85,105,.80952382,NY
SUNY Poly,Manufacturing,2007,1,87,106,.82075471,NY
SUNY Poly,Manufacturing,2007,5,85,104,.81730771,NY
SUNY Poly,Manufacturing,2007,10,83,121,.6859504,NY
SUNY Poly,Manufacturing,2010,1,80,110,.72727275,NY
SUNY Poly,Manufacturing,2010,5,97,117,.82905984,NY
SUNY Poly,Manufacturing,2010,10,89,113,.78761059,NY
SUNY Poly,Manufacturing,2013,1,101,126,.80158728,NY
SUNY Poly,Manufacturing,2013,5,100,132,.75757575,NY
SUNY Poly,Manufacturing,2013,10,,,,NY
SUNY Poly,Manufacturing,2016,1,135,160,.84375,NY
SUNY Poly,Manufacturing,2016,5,136,170,.80000001,NY
SUNY Poly,Manufacturing,2016,10,,,,NY
SUNY Poly,Manufacturing,2019,1,143,174,.82183909,NY
SUNY Poly,Manufacturing,2019,5,,,,NY
SUNY Poly,Manufacturing,2019,10,,,,NY
SUNY Poly,Mining,2004,1,0,0,,NY
SUNY Poly,Mining,2004,5,0,0,,NY
SUNY Poly,Mining,2004,10,0,0,,NY
SUNY Poly,Mining,2007,1,0,2,0,NY
SUNY Poly,Mining,2007,5,0,0,,NY
SUNY Poly,Mining,2007,10,0,0,,NY
SUNY Poly,Mining,2010,1,4,4,1,NY
SUNY Poly,Mining,2010,5,0,0,,NY
SUNY Poly,Mining,2010,10,2,2,1,NY
SUNY Poly,Mining,2013,1,0,0,,NY
SUNY Poly,Mining,2013,5,1,4,.25,NY
SUNY Poly,Mining,2013,10,,,,NY
SUNY Poly,Mining,2016,1,1,2,.5,NY
SUNY Poly,Mining,2016,5,0,0,,NY
SUNY Poly,Mining,2016,10,,,,NY
SUNY Poly,Mining,2019,1,1,2,.5,NY
SUNY Poly,Mining,2019,5,,,,NY
SUNY Poly,Mining,2019,10,,,,NY
SUNY Poly,Other Services,2004,1,13,24,.54166669,NY
SUNY Poly,Other Services,2004,5,12,16,.75,NY
SUNY Poly,Other Services,2004,10,8,11,.72727275,NY
SUNY Poly,Other Services,2007,1,7,8,.875,NY
SUNY Poly,Other Services,2007,5,8,15,.53333336,NY
SUNY Poly,Other Services,2007,10,7,14,.5,NY
SUNY Poly,Other Services,2010,1,18,29,.62068963,NY
SUNY Poly,Other Services,2010,5,10,13,.76923078,NY
SUNY Poly,Other Services,2010,10,6,7,.85714287,NY
SUNY Poly,Other Services,2013,1,8,16,.5,NY
SUNY Poly,Other Services,2013,5,5,8,.625,NY
SUNY Poly,Other Services,2013,10,,,,NY
SUNY Poly,Other Services,2016,1,6,7,.85714287,NY
SUNY Poly,Other Services,2016,5,5,8,.625,NY
SUNY Poly,Other Services,2016,10,,,,NY
SUNY Poly,Other Services,2019,1,13,15,.86666667,NY
SUNY Poly,Other Services,2019,5,,,,NY
SUNY Poly,Other Services,2019,10,,,,NY
SUNY Poly,Professional Services,2004,1,128,157,.81528664,NY
SUNY Poly,Professional Services,2004,5,129,153,.84313726,NY
SUNY Poly,Professional Services,2004,10,101,132,.7651515,NY
SUNY Poly,Professional Services,2007,1,116,129,.89922482,NY
SUNY Poly,Professional Services,2007,5,110,139,.79136693,NY
SUNY Poly,Professional Services,2007,10,97,138,.70289856,NY
SUNY Poly,Professional Services,2010,1,109,134,.81343281,NY
SUNY Poly,Professional Services,2010,5,103,122,.8442623,NY
SUNY Poly,Professional Services,2010,10,87,124,.70161289,NY
SUNY Poly,Professional Services,2013,1,107,119,.89915967,NY
SUNY Poly,Professional Services,2013,5,112,131,.85496181,NY
SUNY Poly,Professional Services,2013,10,,,,NY
SUNY Poly,Professional Services,2016,1,186,223,.8340807,NY
SUNY Poly,Professional Services,2016,5,185,223,.8295964,NY
SUNY Poly,Professional Services,2016,10,,,,NY
SUNY Poly,Professional Services,2019,1,184,207,.8888889,NY
SUNY Poly,Professional Services,2019,5,,,,NY
SUNY Poly,Professional Services,2019,10,,,,NY
SUNY Poly,Public Admin,2004,1,77,91,.84615386,NY
SUNY Poly,Public Admin,2004,5,103,115,.89565217,NY
SUNY Poly,Public Admin,2004,10,99,107,.92523366,NY
SUNY Poly,Public Admin,2007,1,64,78,.82051283,NY
SUNY Poly,Public Admin,2007,5,74,85,.87058824,NY
SUNY Poly,Public Admin,2007,10,80,104,.76923078,NY
SUNY Poly,Public Admin,2010,1,37,51,.72549021,NY
SUNY Poly,Public Admin,2010,5,69,80,.86250001,NY
SUNY Poly,Public Admin,2010,10,79,95,.83157897,NY
SUNY Poly,Public Admin,2013,1,40,54,.74074072,NY
SUNY Poly,Public Admin,2013,5,72,74,.97297299,NY
SUNY Poly,Public Admin,2013,10,,,,NY
SUNY Poly,Public Admin,2016,1,50,56,.89285713,NY
SUNY Poly,Public Admin,2016,5,70,104,.67307693,NY
SUNY Poly,Public Admin,2016,10,,,,NY
SUNY Poly,Public Admin,2019,1,54,64,.84375,NY
SUNY Poly,Public Admin,2019,5,,,,NY
SUNY Poly,Public Admin,2019,10,,,,NY
SUNY Poly,Real Estate,2004,1,9,10,.89999998,NY
SUNY Poly,Real Estate,2004,5,5,8,.625,NY
SUNY Poly,Real Estate,2004,10,4,7,.5714286,NY
SUNY Poly,Real Estate,2007,1,6,12,.5,NY
SUNY Poly,Real Estate,2007,5,4,4,1,NY
SUNY Poly,Real Estate,2007,10,6,9,.66666669,NY
SUNY Poly,Real Estate,2010,1,8,12,.66666669,NY
SUNY Poly,Real Estate,2010,5,6,6,1,NY
SUNY Poly,Real Estate,2010,10,7,7,1,NY
SUNY Poly,Real Estate,2013,1,7,12,.58333331,NY
SUNY Poly,Real Estate,2013,5,0,3,0,NY
SUNY Poly,Real Estate,2013,10,,,,NY
SUNY Poly,Real Estate,2016,1,3,3,1,NY
SUNY Poly,Real Estate,2016,5,5,6,.83333331,NY
SUNY Poly,Real Estate,2016,10,,,,NY
SUNY Poly,Real Estate,2019,1,11,11,1,NY
SUNY Poly,Real Estate,2019,5,,,,NY
SUNY Poly,Real Estate,2019,10,,,,NY
SUNY Poly,Retail,2004,1,63,85,.74117649,NY
SUNY Poly,Retail,2004,5,27,47,.57446808,NY
SUNY Poly,Retail,2004,10,24,37,.64864862,NY
SUNY Poly,Retail,2007,1,76,97,.78350514,NY
SUNY Poly,Retail,2007,5,44,62,.7096774,NY
SUNY Poly,Retail,2007,10,22,35,.62857145,NY
SUNY Poly,Retail,2010,1,59,77,.76623374,NY
SUNY Poly,Retail,2010,5,33,45,.73333335,NY
SUNY Poly,Retail,2010,10,16,26,.61538464,NY
SUNY Poly,Retail,2013,1,51,71,.71830988,NY
SUNY Poly,Retail,2013,5,20,32,.625,NY
SUNY Poly,Retail,2013,10,,,,NY
SUNY Poly,Retail,2016,1,47,50,.94,NY
SUNY Poly,Retail,2016,5,27,41,.65853661,NY
SUNY Poly,Retail,2016,10,,,,NY
SUNY Poly,Retail,2019,1,72,83,.86746991,NY
SUNY Poly,Retail,2019,5,,,,NY
SUNY Poly,Retail,2019,10,,,,NY
SUNY Poly,Transportation,2004,1,14,17,.82352942,NY
SUNY Poly,Transportation,2004,5,7,9,.77777779,NY
SUNY Poly,Transportation,2004,10,6,7,.85714287,NY
SUNY Poly,Transportation,2007,1,9,15,.60000002,NY
SUNY Poly,Transportation,2007,5,6,8,.75,NY
SUNY Poly,Transportation,2007,10,9,9,1,NY
SUNY Poly,Transportation,2010,1,11,17,.64705884,NY
SUNY Poly,Transportation,2010,5,5,11,.45454547,NY
SUNY Poly,Transportation,2010,10,10,14,.71428573,NY
SUNY Poly,Transportation,2013,1,3,3,1,NY
SUNY Poly,Transportation,2013,5,5,10,.5,NY
SUNY Poly,Transportation,2013,10,,,,NY
SUNY Poly,Transportation,2016,1,8,9,.8888889,NY
SUNY Poly,Transportation,2016,5,8,12,.66666669,NY
SUNY Poly,Transportation,2016,10,,,,NY
SUNY Poly,Transportation,2019,1,3,3,1,NY
SUNY Poly,Transportation,2019,5,,,,NY
SUNY Poly,Transportation,2019,10,,,,NY
SUNY Poly,Utilities,2004,1,8,13,.61538464,NY
SUNY Poly,Utilities,2004,5,5,7,.71428573,NY
SUNY Poly,Utilities,2004,10,15,16,.9375,NY
SUNY Poly,Utilities,2007,1,9,9,1,NY
SUNY Poly,Utilities,2007,5,10,10,1,NY
SUNY Poly,Utilities,2007,10,16,16,1,NY
SUNY Poly,Utilities,2010,1,5,8,.625,NY
SUNY Poly,Utilities,2010,5,2,2,1,NY
SUNY Poly,Utilities,2010,10,5,7,.71428573,NY
SUNY Poly,Utilities,2013,1,10,13,.76923078,NY
SUNY Poly,Utilities,2013,5,13,13,1,NY
SUNY Poly,Utilities,2013,10,,,,NY
SUNY Poly,Utilities,2016,1,7,8,.875,NY
SUNY Poly,Utilities,2016,5,11,11,1,NY
SUNY Poly,Utilities,2016,10,,,,NY
SUNY Poly,Utilities,2019,1,6,6,1,NY
SUNY Poly,Utilities,2019,5,,,,NY
SUNY Poly,Utilities,2019,10,,,,NY
SUNY Poly,Wholesale,2004,1,26,33,.78787881,NY
SUNY Poly,Wholesale,2004,5,30,39,.76923078,NY
SUNY Poly,Wholesale,2004,10,20,27,.74074072,NY
SUNY Poly,Wholesale,2007,1,29,37,.78378379,NY
SUNY Poly,Wholesale,2007,5,38,47,.80851066,NY
SUNY Poly,Wholesale,2007,10,30,40,.75,NY
SUNY Poly,Wholesale,2010,1,27,32,.84375,NY
SUNY Poly,Wholesale,2010,5,32,36,.8888889,NY
SUNY Poly,Wholesale,2010,10,28,38,.7368421,NY
SUNY Poly,Wholesale,2013,1,20,31,.64516127,NY
SUNY Poly,Wholesale,2013,5,29,37,.78378379,NY
SUNY Poly,Wholesale,2013,10,,,,NY
SUNY Poly,Wholesale,2016,1,28,33,.84848487,NY
SUNY Poly,Wholesale,2016,5,25,39,.64102566,NY
SUNY Poly,Wholesale,2016,10,,,,NY
SUNY Poly,Wholesale,2019,1,36,42,.85714287,NY
SUNY Poly,Wholesale,2019,5,,,,NY
SUNY Poly,Wholesale,2019,10,,,,NY
SUNY Potsdam,Admin/Waste,2004,1,48,63,.76190478,NY
SUNY Potsdam,Admin/Waste,2004,5,11,42,.26190478,NY
SUNY Potsdam,Admin/Waste,2004,10,25,50,.5,NY
SUNY Potsdam,Admin/Waste,2007,1,38,57,.66666669,NY
SUNY Potsdam,Admin/Waste,2007,5,35,51,.68627453,NY
SUNY Potsdam,Admin/Waste,2007,10,25,57,.43859649,NY
SUNY Potsdam,Admin/Waste,2010,1,56,81,.69135803,NY
SUNY Potsdam,Admin/Waste,2010,5,39,53,.73584908,NY
SUNY Potsdam,Admin/Waste,2010,10,35,58,.60344827,NY
SUNY Potsdam,Admin/Waste,2013,1,48,75,.63999999,NY
SUNY Potsdam,Admin/Waste,2013,5,41,75,.54666668,NY
SUNY Potsdam,Admin/Waste,2013,10,,,,NY
SUNY Potsdam,Admin/Waste,2016,1,62,98,.63265306,NY
SUNY Potsdam,Admin/Waste,2016,5,50,67,.74626863,NY
SUNY Potsdam,Admin/Waste,2016,10,,,,NY
SUNY Potsdam,Admin/Waste,2019,1,37,44,.84090906,NY
SUNY Potsdam,Admin/Waste,2019,5,,,,NY
SUNY Potsdam,Admin/Waste,2019,10,,,,NY
SUNY Potsdam,Agriculture,2004,1,1,3,.33333334,NY
SUNY Potsdam,Agriculture,2004,5,1,6,.16666667,NY
SUNY Potsdam,Agriculture,2004,10,2,2,1,NY
SUNY Potsdam,Agriculture,2007,1,2,4,.5,NY
SUNY Potsdam,Agriculture,2007,5,0,0,,NY
SUNY Potsdam,Agriculture,2007,10,1,3,.33333334,NY
SUNY Potsdam,Agriculture,2010,1,0,0,,NY
SUNY Potsdam,Agriculture,2010,5,5,5,1,NY
SUNY Potsdam,Agriculture,2010,10,4,4,1,NY
SUNY Potsdam,Agriculture,2013,1,4,7,.5714286,NY
SUNY Potsdam,Agriculture,2013,5,2,8,.25,NY
SUNY Potsdam,Agriculture,2013,10,,,,NY
SUNY Potsdam,Agriculture,2016,1,5,9,.55555558,NY
SUNY Potsdam,Agriculture,2016,5,2,3,.66666669,NY
SUNY Potsdam,Agriculture,2016,10,,,,NY
SUNY Potsdam,Agriculture,2019,1,1,1,1,NY
SUNY Potsdam,Agriculture,2019,5,,,,NY
SUNY Potsdam,Agriculture,2019,10,,,,NY
SUNY Potsdam,Arts/Entertainment,2004,1,17,21,.80952382,NY
SUNY Potsdam,Arts/Entertainment,2004,5,18,28,.64285713,NY
SUNY Potsdam,Arts/Entertainment,2004,10,17,18,.94444442,NY
SUNY Potsdam,Arts/Entertainment,2007,1,16,20,.80000001,NY
SUNY Potsdam,Arts/Entertainment,2007,5,17,17,1,NY
SUNY Potsdam,Arts/Entertainment,2007,10,15,22,.68181819,NY
SUNY Potsdam,Arts/Entertainment,2010,1,18,30,.60000002,NY
SUNY Potsdam,Arts/Entertainment,2010,5,13,24,.54166669,NY
SUNY Potsdam,Arts/Entertainment,2010,10,17,32,.53125,NY
SUNY Potsdam,Arts/Entertainment,2013,1,27,35,.77142859,NY
SUNY Potsdam,Arts/Entertainment,2013,5,28,36,.77777779,NY
SUNY Potsdam,Arts/Entertainment,2013,10,,,,NY
SUNY Potsdam,Arts/Entertainment,2016,1,39,50,.77999997,NY
SUNY Potsdam,Arts/Entertainment,2016,5,35,39,.8974359,NY
SUNY Potsdam,Arts/Entertainment,2016,10,,,,NY
SUNY Potsdam,Arts/Entertainment,2019,1,25,36,.69444442,NY
SUNY Potsdam,Arts/Entertainment,2019,5,,,,NY
SUNY Potsdam,Arts/Entertainment,2019,10,,,,NY
SUNY Potsdam,Construction,2004,1,4,10,.40000001,NY
SUNY Potsdam,Construction,2004,5,16,21,.76190478,NY
SUNY Potsdam,Construction,2004,10,5,7,.71428573,NY
SUNY Potsdam,Construction,2007,1,14,20,.69999999,NY
SUNY Potsdam,Construction,2007,5,16,19,.84210527,NY
SUNY Potsdam,Construction,2007,10,17,38,.44736841,NY
SUNY Potsdam,Construction,2010,1,9,17,.52941179,NY
SUNY Potsdam,Construction,2010,5,17,22,.77272725,NY
SUNY Potsdam,Construction,2010,10,26,36,.72222221,NY
SUNY Potsdam,Construction,2013,1,8,10,.80000001,NY
SUNY Potsdam,Construction,2013,5,9,26,.34615386,NY
SUNY Potsdam,Construction,2013,10,,,,NY
SUNY Potsdam,Construction,2016,1,17,31,.54838711,NY
SUNY Potsdam,Construction,2016,5,18,26,.69230771,NY
SUNY Potsdam,Construction,2016,10,,,,NY
SUNY Potsdam,Construction,2019,1,14,28,.5,NY
SUNY Potsdam,Construction,2019,5,,,,NY
SUNY Potsdam,Construction,2019,10,,,,NY
SUNY Potsdam,Education,2004,1,278,382,.72774869,NY
SUNY Potsdam,Education,2004,5,427,548,.7791971,NY
SUNY Potsdam,Education,2004,10,423,537,.78770947,NY
SUNY Potsdam,Education,2007,1,278,333,.83483481,NY
SUNY Potsdam,Education,2007,5,409,515,.79417473,NY
SUNY Potsdam,Education,2007,10,452,611,.73977089,NY
SUNY Potsdam,Education,2010,1,205,267,.76779026,NY
SUNY Potsdam,Education,2010,5,448,591,.75803721,NY
SUNY Potsdam,Education,2010,10,494,701,.70470756,NY
SUNY Potsdam,Education,2013,1,274,368,.74456519,NY
SUNY Potsdam,Education,2013,5,465,635,.73228347,NY
SUNY Potsdam,Education,2013,10,,,,NY
SUNY Potsdam,Education,2016,1,309,382,.80890054,NY
SUNY Potsdam,Education,2016,5,419,500,.838,NY
SUNY Potsdam,Education,2016,10,,,,NY
SUNY Potsdam,Education,2019,1,367,445,.82471907,NY
SUNY Potsdam,Education,2019,5,,,,NY
SUNY Potsdam,Education,2019,10,,,,NY
SUNY Potsdam,Finance,2004,1,48,64,.75,NY
SUNY Potsdam,Finance,2004,5,48,78,.61538464,NY
SUNY Potsdam,Finance,2004,10,35,46,.76086956,NY
SUNY Potsdam,Finance,2007,1,28,38,.7368421,NY
SUNY Potsdam,Finance,2007,5,43,46,.93478262,NY
SUNY Potsdam,Finance,2007,10,34,47,.72340423,NY
SUNY Potsdam,Finance,2010,1,31,46,.67391306,NY
SUNY Potsdam,Finance,2010,5,45,68,.66176468,NY
SUNY Potsdam,Finance,2010,10,54,79,.68354428,NY
SUNY Potsdam,Finance,2013,1,34,44,.77272725,NY
SUNY Potsdam,Finance,2013,5,60,91,.65934068,NY
SUNY Potsdam,Finance,2013,10,,,,NY
SUNY Potsdam,Finance,2016,1,47,68,.69117647,NY
SUNY Potsdam,Finance,2016,5,56,72,.77777779,NY
SUNY Potsdam,Finance,2016,10,,,,NY
SUNY Potsdam,Finance,2019,1,27,38,.71052629,NY
SUNY Potsdam,Finance,2019,5,,,,NY
SUNY Potsdam,Finance,2019,10,,,,NY
SUNY Potsdam,Food/Hospitality,2004,1,64,103,.62135923,NY
SUNY Potsdam,Food/Hospitality,2004,5,25,70,.35714287,NY
SUNY Potsdam,Food/Hospitality,2004,10,21,30,.69999999,NY
SUNY Potsdam,Food/Hospitality,2007,1,56,74,.75675678,NY
SUNY Potsdam,Food/Hospitality,2007,5,35,59,.59322035,NY
SUNY Potsdam,Food/Hospitality,2007,10,25,67,.37313432,NY
SUNY Potsdam,Food/Hospitality,2010,1,94,124,.75806451,NY
SUNY Potsdam,Food/Hospitality,2010,5,48,92,.52173913,NY
SUNY Potsdam,Food/Hospitality,2010,10,21,66,.31818181,NY
SUNY Potsdam,Food/Hospitality,2013,1,81,118,.68644071,NY
SUNY Potsdam,Food/Hospitality,2013,5,61,96,.63541669,NY
SUNY Potsdam,Food/Hospitality,2013,10,,,,NY
SUNY Potsdam,Food/Hospitality,2016,1,99,137,.72262776,NY
SUNY Potsdam,Food/Hospitality,2016,5,45,67,.67164177,NY
SUNY Potsdam,Food/Hospitality,2016,10,,,,NY
SUNY Potsdam,Food/Hospitality,2019,1,87,109,.79816514,NY
SUNY Potsdam,Food/Hospitality,2019,5,,,,NY
SUNY Potsdam,Food/Hospitality,2019,10,,,,NY
SUNY Potsdam,Health Care,2004,1,143,190,.7526316,NY
SUNY Potsdam,Health Care,2004,5,161,224,.71875,NY
SUNY Potsdam,Health Care,2004,10,148,175,.84571427,NY
SUNY Potsdam,Health Care,2007,1,134,170,.78823531,NY
SUNY Potsdam,Health Care,2007,5,180,209,.86124402,NY
SUNY Potsdam,Health Care,2007,10,162,238,.68067229,NY
SUNY Potsdam,Health Care,2010,1,153,200,.76499999,NY
SUNY Potsdam,Health Care,2010,5,244,319,.76489025,NY
SUNY Potsdam,Health Care,2010,10,200,313,.63897765,NY
SUNY Potsdam,Health Care,2013,1,186,223,.8340807,NY
SUNY Potsdam,Health Care,2013,5,240,306,.78431374,NY
SUNY Potsdam,Health Care,2013,10,,,,NY
SUNY Potsdam,Health Care,2016,1,218,294,.74149662,NY
SUNY Potsdam,Health Care,2016,5,251,334,.75149703,NY
SUNY Potsdam,Health Care,2016,10,,,,NY
SUNY Potsdam,Health Care,2019,1,213,257,.82879376,NY
SUNY Potsdam,Health Care,2019,5,,,,NY
SUNY Potsdam,Health Care,2019,10,,,,NY
SUNY Potsdam,Information,2004,1,16,23,.69565219,NY
SUNY Potsdam,Information,2004,5,16,24,.66666669,NY
SUNY Potsdam,Information,2004,10,26,36,.72222221,NY
SUNY Potsdam,Information,2007,1,14,17,.82352942,NY
SUNY Potsdam,Information,2007,5,18,19,.94736844,NY
SUNY Potsdam,Information,2007,10,29,46,.63043481,NY
SUNY Potsdam,Information,2010,1,10,12,.83333331,NY
SUNY Potsdam,Information,2010,5,33,52,.63461536,NY
SUNY Potsdam,Information,2010,10,30,49,.6122449,NY
SUNY Potsdam,Information,2013,1,19,27,.7037037,NY
SUNY Potsdam,Information,2013,5,33,47,.70212764,NY
SUNY Potsdam,Information,2013,10,,,,NY
SUNY Potsdam,Information,2016,1,30,46,.65217394,NY
SUNY Potsdam,Information,2016,5,29,42,.69047618,NY
SUNY Potsdam,Information,2016,10,,,,NY
SUNY Potsdam,Information,2019,1,21,41,.51219511,NY
SUNY Potsdam,Information,2019,5,,,,NY
SUNY Potsdam,Information,2019,10,,,,NY
SUNY Potsdam,Management,2004,1,12,32,.375,NY
SUNY Potsdam,Management,2004,5,17,21,.80952382,NY
SUNY Potsdam,Management,2004,10,13,19,.68421054,NY
SUNY Potsdam,Management,2007,1,4,11,.36363637,NY
SUNY Potsdam,Management,2007,5,9,11,.81818181,NY
SUNY Potsdam,Management,2007,10,13,18,.72222221,NY
SUNY Potsdam,Management,2010,1,17,23,.73913044,NY
SUNY Potsdam,Management,2010,5,18,26,.69230771,NY
SUNY Potsdam,Management,2010,10,24,28,.85714287,NY
SUNY Potsdam,Management,2013,1,10,19,.52631581,NY
SUNY Potsdam,Management,2013,5,18,31,.58064514,NY
SUNY Potsdam,Management,2013,10,,,,NY
SUNY Potsdam,Management,2016,1,15,24,.625,NY
SUNY Potsdam,Management,2016,5,12,17,.70588237,NY
SUNY Potsdam,Management,2016,10,,,,NY
SUNY Potsdam,Management,2019,1,16,21,.76190478,NY
SUNY Potsdam,Management,2019,5,,,,NY
SUNY Potsdam,Management,2019,10,,,,NY
SUNY Potsdam,Manufacturing,2004,1,30,65,.46153846,NY
SUNY Potsdam,Manufacturing,2004,5,21,50,.41999999,NY
SUNY Potsdam,Manufacturing,2004,10,35,57,.61403507,NY
SUNY Potsdam,Manufacturing,2007,1,22,44,.5,NY
SUNY Potsdam,Manufacturing,2007,5,28,36,.77777779,NY
SUNY Potsdam,Manufacturing,2007,10,28,70,.40000001,NY
SUNY Potsdam,Manufacturing,2010,1,30,65,.46153846,NY
SUNY Potsdam,Manufacturing,2010,5,60,85,.70588237,NY
SUNY Potsdam,Manufacturing,2010,10,64,95,.67368424,NY
SUNY Potsdam,Manufacturing,2013,1,35,50,.69999999,NY
SUNY Potsdam,Manufacturing,2013,5,50,94,.53191489,NY
SUNY Potsdam,Manufacturing,2013,10,,,,NY
SUNY Potsdam,Manufacturing,2016,1,45,91,.49450549,NY
SUNY Potsdam,Manufacturing,2016,5,50,66,.75757575,NY
SUNY Potsdam,Manufacturing,2016,10,,,,NY
SUNY Potsdam,Manufacturing,2019,1,21,58,.36206895,NY
SUNY Potsdam,Manufacturing,2019,5,,,,NY
SUNY Potsdam,Manufacturing,2019,10,,,,NY
SUNY Potsdam,Mining,2004,1,2,2,1,NY
SUNY Potsdam,Mining,2004,5,0,0,,NY
SUNY Potsdam,Mining,2004,10,0,0,,NY
SUNY Potsdam,Mining,2007,1,0,0,,NY
SUNY Potsdam,Mining,2007,5,0,1,0,NY
SUNY Potsdam,Mining,2007,10,0,0,,NY
SUNY Potsdam,Mining,2010,1,0,2,0,NY
SUNY Potsdam,Mining,2010,5,0,0,,NY
SUNY Potsdam,Mining,2010,10,0,1,0,NY
SUNY Potsdam,Mining,2013,1,0,1,0,NY
SUNY Potsdam,Mining,2013,5,1,4,.25,NY
SUNY Potsdam,Mining,2013,10,,,,NY
SUNY Potsdam,Mining,2016,1,2,2,1,NY
SUNY Potsdam,Mining,2016,5,0,2,0,NY
SUNY Potsdam,Mining,2016,10,,,,NY
SUNY Potsdam,Mining,2019,1,1,2,.5,NY
SUNY Potsdam,Mining,2019,5,,,,NY
SUNY Potsdam,Mining,2019,10,,,,NY
SUNY Potsdam,Other Services,2004,1,14,24,.58333331,NY
SUNY Potsdam,Other Services,2004,5,27,31,.87096775,NY
SUNY Potsdam,Other Services,2004,10,20,30,.66666669,NY
SUNY Potsdam,Other Services,2007,1,16,20,.80000001,NY
SUNY Potsdam,Other Services,2007,5,21,31,.67741936,NY
SUNY Potsdam,Other Services,2007,10,16,33,.4848485,NY
SUNY Potsdam,Other Services,2010,1,22,27,.81481481,NY
SUNY Potsdam,Other Services,2010,5,29,39,.74358976,NY
SUNY Potsdam,Other Services,2010,10,22,32,.6875,NY
SUNY Potsdam,Other Services,2013,1,25,37,.67567569,NY
SUNY Potsdam,Other Services,2013,5,32,40,.80000001,NY
SUNY Potsdam,Other Services,2013,10,,,,NY
SUNY Potsdam,Other Services,2016,1,23,31,.74193549,NY
SUNY Potsdam,Other Services,2016,5,32,35,.91428572,NY
SUNY Potsdam,Other Services,2016,10,,,,NY
SUNY Potsdam,Other Services,2019,1,17,28,.60714287,NY
SUNY Potsdam,Other Services,2019,5,,,,NY
SUNY Potsdam,Other Services,2019,10,,,,NY
SUNY Potsdam,Professional Services,2004,1,35,63,.55555558,NY
SUNY Potsdam,Professional Services,2004,5,42,75,.56,NY
SUNY Potsdam,Professional Services,2004,10,49,72,.68055558,NY
SUNY Potsdam,Professional Services,2007,1,29,43,.67441863,NY
SUNY Potsdam,Professional Services,2007,5,43,63,.6825397,NY
SUNY Potsdam,Professional Services,2007,10,38,89,.42696628,NY
SUNY Potsdam,Professional Services,2010,1,45,77,.58441556,NY
SUNY Potsdam,Professional Services,2010,5,85,115,.73913044,NY
SUNY Potsdam,Professional Services,2010,10,67,110,.60909092,NY
SUNY Potsdam,Professional Services,2013,1,52,77,.67532468,NY
SUNY Potsdam,Professional Services,2013,5,80,119,.67226893,NY
SUNY Potsdam,Professional Services,2013,10,,,,NY
SUNY Potsdam,Professional Services,2016,1,80,115,.69565219,NY
SUNY Potsdam,Professional Services,2016,5,102,137,.74452555,NY
SUNY Potsdam,Professional Services,2016,10,,,,NY
SUNY Potsdam,Professional Services,2019,1,68,93,.73118281,NY
SUNY Potsdam,Professional Services,2019,5,,,,NY
SUNY Potsdam,Professional Services,2019,10,,,,NY
SUNY Potsdam,Public Admin,2004,1,59,95,.62105262,NY
SUNY Potsdam,Public Admin,2004,5,77,107,.71962619,NY
SUNY Potsdam,Public Admin,2004,10,84,91,.92307693,NY
SUNY Potsdam,Public Admin,2007,1,38,59,.64406782,NY
SUNY Potsdam,Public Admin,2007,5,87,104,.83653843,NY
SUNY Potsdam,Public Admin,2007,10,119,167,.71257484,NY
SUNY Potsdam,Public Admin,2010,1,46,71,.64788735,NY
SUNY Potsdam,Public Admin,2010,5,100,127,.78740156,NY
SUNY Potsdam,Public Admin,2010,10,128,168,.76190478,NY
SUNY Potsdam,Public Admin,2013,1,54,73,.73972601,NY
SUNY Potsdam,Public Admin,2013,5,95,133,.71428573,NY
SUNY Potsdam,Public Admin,2013,10,,,,NY
SUNY Potsdam,Public Admin,2016,1,70,109,.64220184,NY
SUNY Potsdam,Public Admin,2016,5,94,113,.8318584,NY
SUNY Potsdam,Public Admin,2016,10,,,,NY
SUNY Potsdam,Public Admin,2019,1,53,78,.67948717,NY
SUNY Potsdam,Public Admin,2019,5,,,,NY
SUNY Potsdam,Public Admin,2019,10,,,,NY
SUNY Potsdam,Real Estate,2004,1,8,16,.5,NY
SUNY Potsdam,Real Estate,2004,5,9,19,.47368422,NY
SUNY Potsdam,Real Estate,2004,10,10,12,.83333331,NY
SUNY Potsdam,Real Estate,2007,1,7,12,.58333331,NY
SUNY Potsdam,Real Estate,2007,5,12,13,.92307693,NY
SUNY Potsdam,Real Estate,2007,10,9,23,.39130434,NY
SUNY Potsdam,Real Estate,2010,1,12,13,.92307693,NY
SUNY Potsdam,Real Estate,2010,5,6,7,.85714287,NY
SUNY Potsdam,Real Estate,2010,10,9,17,.52941179,NY
SUNY Potsdam,Real Estate,2013,1,15,18,.83333331,NY
SUNY Potsdam,Real Estate,2013,5,11,15,.73333335,NY
SUNY Potsdam,Real Estate,2013,10,,,,NY
SUNY Potsdam,Real Estate,2016,1,20,33,.60606062,NY
SUNY Potsdam,Real Estate,2016,5,8,10,.80000001,NY
SUNY Potsdam,Real Estate,2016,10,,,,NY
SUNY Potsdam,Real Estate,2019,1,17,22,.77272725,NY
SUNY Potsdam,Real Estate,2019,5,,,,NY
SUNY Potsdam,Real Estate,2019,10,,,,NY
SUNY Potsdam,Retail,2004,1,95,146,.65068495,NY
SUNY Potsdam,Retail,2004,5,56,109,.51376146,NY
SUNY Potsdam,Retail,2004,10,52,83,.62650603,NY
SUNY Potsdam,Retail,2007,1,101,138,.73188406,NY
SUNY Potsdam,Retail,2007,5,64,92,.69565219,NY
SUNY Potsdam,Retail,2007,10,48,104,.46153846,NY
SUNY Potsdam,Retail,2010,1,143,184,.77717394,NY
SUNY Potsdam,Retail,2010,5,81,140,.57857144,NY
SUNY Potsdam,Retail,2010,10,61,122,.5,NY
SUNY Potsdam,Retail,2013,1,134,179,.74860334,NY
SUNY Potsdam,Retail,2013,5,76,129,.58914727,NY
SUNY Potsdam,Retail,2013,10,,,,NY
SUNY Potsdam,Retail,2016,1,135,183,.73770493,NY
SUNY Potsdam,Retail,2016,5,67,118,.56779659,NY
SUNY Potsdam,Retail,2016,10,,,,NY
SUNY Potsdam,Retail,2019,1,150,196,.76530612,NY
SUNY Potsdam,Retail,2019,5,,,,NY
SUNY Potsdam,Retail,2019,10,,,,NY
SUNY Potsdam,Transportation,2004,1,19,28,.6785714,NY
SUNY Potsdam,Transportation,2004,5,23,31,.74193549,NY
SUNY Potsdam,Transportation,2004,10,26,33,.78787881,NY
SUNY Potsdam,Transportation,2007,1,20,27,.74074072,NY
SUNY Potsdam,Transportation,2007,5,25,30,.83333331,NY
SUNY Potsdam,Transportation,2007,10,24,38,.63157892,NY
SUNY Potsdam,Transportation,2010,1,21,33,.63636363,NY
SUNY Potsdam,Transportation,2010,5,33,46,.71739131,NY
SUNY Potsdam,Transportation,2010,10,35,60,.58333331,NY
SUNY Potsdam,Transportation,2013,1,12,23,.52173913,NY
SUNY Potsdam,Transportation,2013,5,22,40,.55000001,NY
SUNY Potsdam,Transportation,2013,10,,,,NY
SUNY Potsdam,Transportation,2016,1,11,21,.52380955,NY
SUNY Potsdam,Transportation,2016,5,26,32,.8125,NY
SUNY Potsdam,Transportation,2016,10,,,,NY
SUNY Potsdam,Transportation,2019,1,24,44,.54545456,NY
SUNY Potsdam,Transportation,2019,5,,,,NY
SUNY Potsdam,Transportation,2019,10,,,,NY
SUNY Potsdam,Utilities,2004,1,3,5,.60000002,NY
SUNY Potsdam,Utilities,2004,5,4,8,.5,NY
SUNY Potsdam,Utilities,2004,10,4,4,1,NY
SUNY Potsdam,Utilities,2007,1,4,4,1,NY
SUNY Potsdam,Utilities,2007,5,5,5,1,NY
SUNY Potsdam,Utilities,2007,10,5,7,.71428573,NY
SUNY Potsdam,Utilities,2010,1,3,5,.60000002,NY
SUNY Potsdam,Utilities,2010,5,7,9,.77777779,NY
SUNY Potsdam,Utilities,2010,10,6,8,.75,NY
SUNY Potsdam,Utilities,2013,1,3,7,.42857143,NY
SUNY Potsdam,Utilities,2013,5,3,8,.375,NY
SUNY Potsdam,Utilities,2013,10,,,,NY
SUNY Potsdam,Utilities,2016,1,9,13,.69230771,NY
SUNY Potsdam,Utilities,2016,5,4,11,.36363637,NY
SUNY Potsdam,Utilities,2016,10,,,,NY
SUNY Potsdam,Utilities,2019,1,0,2,0,NY
SUNY Potsdam,Utilities,2019,5,,,,NY
SUNY Potsdam,Utilities,2019,10,,,,NY
SUNY Potsdam,Wholesale,2004,1,16,39,.41025642,NY
SUNY Potsdam,Wholesale,2004,5,14,32,.4375,NY
SUNY Potsdam,Wholesale,2004,10,21,33,.63636363,NY
SUNY Potsdam,Wholesale,2007,1,7,10,.69999999,NY
SUNY Potsdam,Wholesale,2007,5,16,28,.5714286,NY
SUNY Potsdam,Wholesale,2007,10,20,28,.71428573,NY
SUNY Potsdam,Wholesale,2010,1,13,23,.56521738,NY
SUNY Potsdam,Wholesale,2010,5,29,41,.70731705,NY
SUNY Potsdam,Wholesale,2010,10,29,49,.59183675,NY
SUNY Potsdam,Wholesale,2013,1,7,15,.46666667,NY
SUNY Potsdam,Wholesale,2013,5,27,60,.44999999,NY
SUNY Potsdam,Wholesale,2013,10,,,,NY
SUNY Potsdam,Wholesale,2016,1,15,34,.44117647,NY
SUNY Potsdam,Wholesale,2016,5,13,27,.48148149,NY
SUNY Potsdam,Wholesale,2016,10,,,,NY
SUNY Potsdam,Wholesale,2019,1,13,25,.51999998,NY
SUNY Potsdam,Wholesale,2019,5,,,,NY
SUNY Potsdam,Wholesale,2019,10,,,,NY
SUNY Purchase,Admin/Waste,2004,1,62,78,.79487181,NY
SUNY Purchase,Admin/Waste,2004,5,38,57,.66666669,NY
SUNY Purchase,Admin/Waste,2004,10,40,58,.68965518,NY
SUNY Purchase,Admin/Waste,2007,1,47,67,.70149255,NY
SUNY Purchase,Admin/Waste,2007,5,48,75,.63999999,NY
SUNY Purchase,Admin/Waste,2007,10,53,77,.6883117,NY
SUNY Purchase,Admin/Waste,2010,1,51,72,.70833331,NY
SUNY Purchase,Admin/Waste,2010,5,67,85,.78823531,NY
SUNY Purchase,Admin/Waste,2010,10,49,83,.59036142,NY
SUNY Purchase,Admin/Waste,2013,1,68,90,.75555557,NY
SUNY Purchase,Admin/Waste,2013,5,64,91,.70329672,NY
SUNY Purchase,Admin/Waste,2013,10,,,,NY
SUNY Purchase,Admin/Waste,2016,1,110,144,.7638889,NY
SUNY Purchase,Admin/Waste,2016,5,65,84,.77380955,NY
SUNY Purchase,Admin/Waste,2016,10,,,,NY
SUNY Purchase,Admin/Waste,2019,1,74,86,.86046511,NY
SUNY Purchase,Admin/Waste,2019,5,,,,NY
SUNY Purchase,Admin/Waste,2019,10,,,,NY
SUNY Purchase,Agriculture,2004,1,1,1,1,NY
SUNY Purchase,Agriculture,2004,5,0,1,0,NY
SUNY Purchase,Agriculture,2004,10,1,3,.33333334,NY
SUNY Purchase,Agriculture,2007,1,1,3,.33333334,NY
SUNY Purchase,Agriculture,2007,5,0,0,,NY
SUNY Purchase,Agriculture,2007,10,0,1,0,NY
SUNY Purchase,Agriculture,2010,1,0,0,,NY
SUNY Purchase,Agriculture,2010,5,1,2,.5,NY
SUNY Purchase,Agriculture,2010,10,0,5,0,NY
SUNY Purchase,Agriculture,2013,1,1,1,1,NY
SUNY Purchase,Agriculture,2013,5,0,1,0,NY
SUNY Purchase,Agriculture,2013,10,,,,NY
SUNY Purchase,Agriculture,2016,1,1,5,.2,NY
SUNY Purchase,Agriculture,2016,5,1,1,1,NY
SUNY Purchase,Agriculture,2016,10,,,,NY
SUNY Purchase,Agriculture,2019,1,4,4,1,NY
SUNY Purchase,Agriculture,2019,5,,,,NY
SUNY Purchase,Agriculture,2019,10,,,,NY
SUNY Purchase,Arts/Entertainment,2004,1,71,87,.81609195,NY
SUNY Purchase,Arts/Entertainment,2004,5,47,56,.83928573,NY
SUNY Purchase,Arts/Entertainment,2004,10,48,62,.77419353,NY
SUNY Purchase,Arts/Entertainment,2007,1,51,67,.76119405,NY
SUNY Purchase,Arts/Entertainment,2007,5,69,84,.8214286,NY
SUNY Purchase,Arts/Entertainment,2007,10,64,81,.79012346,NY
SUNY Purchase,Arts/Entertainment,2010,1,45,61,.73770493,NY
SUNY Purchase,Arts/Entertainment,2010,5,82,104,.78846157,NY
SUNY Purchase,Arts/Entertainment,2010,10,47,70,.67142856,NY
SUNY Purchase,Arts/Entertainment,2013,1,88,102,.86274511,NY
SUNY Purchase,Arts/Entertainment,2013,5,80,101,.79207921,NY
SUNY Purchase,Arts/Entertainment,2013,10,,,,NY
SUNY Purchase,Arts/Entertainment,2016,1,127,147,.8639456,NY
SUNY Purchase,Arts/Entertainment,2016,5,87,104,.83653843,NY
SUNY Purchase,Arts/Entertainment,2016,10,,,,NY
SUNY Purchase,Arts/Entertainment,2019,1,78,90,.86666667,NY
SUNY Purchase,Arts/Entertainment,2019,5,,,,NY
SUNY Purchase,Arts/Entertainment,2019,10,,,,NY
SUNY Purchase,Construction,2004,1,11,20,.55000001,NY
SUNY Purchase,Construction,2004,5,11,28,.39285713,NY
SUNY Purchase,Construction,2004,10,10,18,.55555558,NY
SUNY Purchase,Construction,2007,1,8,20,.40000001,NY
SUNY Purchase,Construction,2007,5,8,18,.44444445,NY
SUNY Purchase,Construction,2007,10,13,23,.56521738,NY
SUNY Purchase,Construction,2010,1,19,30,.63333333,NY
SUNY Purchase,Construction,2010,5,14,30,.46666667,NY
SUNY Purchase,Construction,2010,10,16,36,.44444445,NY
SUNY Purchase,Construction,2013,1,13,17,.7647059,NY
SUNY Purchase,Construction,2013,5,18,26,.69230771,NY
SUNY Purchase,Construction,2013,10,,,,NY
SUNY Purchase,Construction,2016,1,27,32,.84375,NY
SUNY Purchase,Construction,2016,5,27,35,.77142859,NY
SUNY Purchase,Construction,2016,10,,,,NY
SUNY Purchase,Construction,2019,1,11,18,.6111111,NY
SUNY Purchase,Construction,2019,5,,,,NY
SUNY Purchase,Construction,2019,10,,,,NY
SUNY Purchase,Education,2004,1,119,147,.80952382,NY
SUNY Purchase,Education,2004,5,142,211,.67298579,NY
SUNY Purchase,Education,2004,10,164,221,.74208146,NY
SUNY Purchase,Education,2007,1,103,141,.73049647,NY
SUNY Purchase,Education,2007,5,164,225,.72888887,NY
SUNY Purchase,Education,2007,10,191,266,.71804512,NY
SUNY Purchase,Education,2010,1,78,119,.65546221,NY
SUNY Purchase,Education,2010,5,154,236,.65254235,NY
SUNY Purchase,Education,2010,10,173,273,.63369966,NY
SUNY Purchase,Education,2013,1,105,143,.73426574,NY
SUNY Purchase,Education,2013,5,179,247,.72469634,NY
SUNY Purchase,Education,2013,10,,,,NY
SUNY Purchase,Education,2016,1,119,151,.78807944,NY
SUNY Purchase,Education,2016,5,189,266,.71052629,NY
SUNY Purchase,Education,2016,10,,,,NY
SUNY Purchase,Education,2019,1,143,190,.7526316,NY
SUNY Purchase,Education,2019,5,,,,NY
SUNY Purchase,Education,2019,10,,,,NY
SUNY Purchase,Finance,2004,1,54,78,.69230771,NY
SUNY Purchase,Finance,2004,5,49,79,.62025315,NY
SUNY Purchase,Finance,2004,10,44,58,.75862068,NY
SUNY Purchase,Finance,2007,1,42,69,.60869563,NY
SUNY Purchase,Finance,2007,5,57,76,.75,NY
SUNY Purchase,Finance,2007,10,49,69,.71014494,NY
SUNY Purchase,Finance,2010,1,40,54,.74074072,NY
SUNY Purchase,Finance,2010,5,57,70,.8142857,NY
SUNY Purchase,Finance,2010,10,53,94,.56382978,NY
SUNY Purchase,Finance,2013,1,38,45,.84444445,NY
SUNY Purchase,Finance,2013,5,48,75,.63999999,NY
SUNY Purchase,Finance,2013,10,,,,NY
SUNY Purchase,Finance,2016,1,36,45,.80000001,NY
SUNY Purchase,Finance,2016,5,54,72,.75,NY
SUNY Purchase,Finance,2016,10,,,,NY
SUNY Purchase,Finance,2019,1,42,48,.875,NY
SUNY Purchase,Finance,2019,5,,,,NY
SUNY Purchase,Finance,2019,10,,,,NY
SUNY Purchase,Food/Hospitality,2004,1,86,126,.6825397,NY
SUNY Purchase,Food/Hospitality,2004,5,65,111,.58558559,NY
SUNY Purchase,Food/Hospitality,2004,10,47,72,.65277779,NY
SUNY Purchase,Food/Hospitality,2007,1,88,126,.69841272,NY
SUNY Purchase,Food/Hospitality,2007,5,78,125,.62400001,NY
SUNY Purchase,Food/Hospitality,2007,10,55,103,.53398061,NY
SUNY Purchase,Food/Hospitality,2010,1,104,137,.7591241,NY
SUNY Purchase,Food/Hospitality,2010,5,85,133,.63909775,NY
SUNY Purchase,Food/Hospitality,2010,10,47,99,.47474748,NY
SUNY Purchase,Food/Hospitality,2013,1,153,193,.79274613,NY
SUNY Purchase,Food/Hospitality,2013,5,85,133,.63909775,NY
SUNY Purchase,Food/Hospitality,2013,10,,,,NY
SUNY Purchase,Food/Hospitality,2016,1,158,196,.80612242,NY
SUNY Purchase,Food/Hospitality,2016,5,84,124,.67741936,NY
SUNY Purchase,Food/Hospitality,2016,10,,,,NY
SUNY Purchase,Food/Hospitality,2019,1,115,157,.7324841,NY
SUNY Purchase,Food/Hospitality,2019,5,,,,NY
SUNY Purchase,Food/Hospitality,2019,10,,,,NY
SUNY Purchase,Health Care,2004,1,130,160,.8125,NY
SUNY Purchase,Health Care,2004,5,138,186,.74193549,NY
SUNY Purchase,Health Care,2004,10,149,193,.7720207,NY
SUNY Purchase,Health Care,2007,1,138,164,.84146339,NY
SUNY Purchase,Health Care,2007,5,148,188,.78723407,NY
SUNY Purchase,Health Care,2007,10,146,211,.69194311,NY
SUNY Purchase,Health Care,2010,1,123,157,.78343952,NY
SUNY Purchase,Health Care,2010,5,167,225,.74222225,NY
SUNY Purchase,Health Care,2010,10,167,261,.63984674,NY
SUNY Purchase,Health Care,2013,1,142,185,.76756757,NY
SUNY Purchase,Health Care,2013,5,188,264,.71212119,NY
SUNY Purchase,Health Care,2013,10,,,,NY
SUNY Purchase,Health Care,2016,1,163,185,.8810811,NY
SUNY Purchase,Health Care,2016,5,197,248,.79435486,NY
SUNY Purchase,Health Care,2016,10,,,,NY
SUNY Purchase,Health Care,2019,1,178,210,.84761906,NY
SUNY Purchase,Health Care,2019,5,,,,NY
SUNY Purchase,Health Care,2019,10,,,,NY
SUNY Purchase,Information,2004,1,96,130,.73846155,NY
SUNY Purchase,Information,2004,5,89,111,.8018018,NY
SUNY Purchase,Information,2004,10,71,93,.76344085,NY
SUNY Purchase,Information,2007,1,91,120,.75833333,NY
SUNY Purchase,Information,2007,5,105,126,.83333331,NY
SUNY Purchase,Information,2007,10,111,153,.72549021,NY
SUNY Purchase,Information,2010,1,87,112,.77678573,NY
SUNY Purchase,Information,2010,5,118,162,.72839504,NY
SUNY Purchase,Information,2010,10,126,172,.73255813,NY
SUNY Purchase,Information,2013,1,111,131,.84732825,NY
SUNY Purchase,Information,2013,5,160,195,.82051283,NY
SUNY Purchase,Information,2013,10,,,,NY
SUNY Purchase,Information,2016,1,109,128,.8515625,NY
SUNY Purchase,Information,2016,5,146,173,.84393066,NY
SUNY Purchase,Information,2016,10,,,,NY
SUNY Purchase,Information,2019,1,87,103,.84466022,NY
SUNY Purchase,Information,2019,5,,,,NY
SUNY Purchase,Information,2019,10,,,,NY
SUNY Purchase,Management,2004,1,16,19,.84210527,NY
SUNY Purchase,Management,2004,5,21,32,.65625,NY
SUNY Purchase,Management,2004,10,17,19,.89473683,NY
SUNY Purchase,Management,2007,1,17,20,.85000002,NY
SUNY Purchase,Management,2007,5,17,24,.70833331,NY
SUNY Purchase,Management,2007,10,13,21,.61904764,NY
SUNY Purchase,Management,2010,1,19,20,.94999999,NY
SUNY Purchase,Management,2010,5,28,31,.90322578,NY
SUNY Purchase,Management,2010,10,25,29,.86206895,NY
SUNY Purchase,Management,2013,1,22,24,.91666669,NY
SUNY Purchase,Management,2013,5,28,30,.93333334,NY
SUNY Purchase,Management,2013,10,,,,NY
SUNY Purchase,Management,2016,1,14,18,.77777779,NY
SUNY Purchase,Management,2016,5,17,20,.85000002,NY
SUNY Purchase,Management,2016,10,,,,NY
SUNY Purchase,Management,2019,1,12,13,.92307693,NY
SUNY Purchase,Management,2019,5,,,,NY
SUNY Purchase,Management,2019,10,,,,NY
SUNY Purchase,Manufacturing,2004,1,27,46,.5869565,NY
SUNY Purchase,Manufacturing,2004,5,20,47,.42553192,NY
SUNY Purchase,Manufacturing,2004,10,22,40,.55000001,NY
SUNY Purchase,Manufacturing,2007,1,18,32,.5625,NY
SUNY Purchase,Manufacturing,2007,5,24,51,.47058824,NY
SUNY Purchase,Manufacturing,2007,10,24,53,.4528302,NY
SUNY Purchase,Manufacturing,2010,1,27,46,.5869565,NY
SUNY Purchase,Manufacturing,2010,5,27,38,.71052629,NY
SUNY Purchase,Manufacturing,2010,10,23,67,.34328359,NY
SUNY Purchase,Manufacturing,2013,1,25,38,.65789473,NY
SUNY Purchase,Manufacturing,2013,5,31,64,.484375,NY
SUNY Purchase,Manufacturing,2013,10,,,,NY
SUNY Purchase,Manufacturing,2016,1,46,68,.67647058,NY
SUNY Purchase,Manufacturing,2016,5,42,75,.56,NY
SUNY Purchase,Manufacturing,2016,10,,,,NY
SUNY Purchase,Manufacturing,2019,1,44,66,.66666669,NY
SUNY Purchase,Manufacturing,2019,5,,,,NY
SUNY Purchase,Manufacturing,2019,10,,,,NY
SUNY Purchase,Mining,2004,1,0,0,,NY
SUNY Purchase,Mining,2004,5,0,0,,NY
SUNY Purchase,Mining,2004,10,0,0,,NY
SUNY Purchase,Mining,2007,1,0,1,0,NY
SUNY Purchase,Mining,2007,5,0,0,,NY
SUNY Purchase,Mining,2007,10,1,1,1,NY
SUNY Purchase,Mining,2010,1,0,0,,NY
SUNY Purchase,Mining,2010,5,1,2,.5,NY
SUNY Purchase,Mining,2010,10,1,2,.5,NY
SUNY Purchase,Mining,2013,1,0,0,,NY
SUNY Purchase,Mining,2013,5,0,1,0,NY
SUNY Purchase,Mining,2013,10,,,,NY
SUNY Purchase,Mining,2016,1,0,0,,NY
SUNY Purchase,Mining,2016,5,0,1,0,NY
SUNY Purchase,Mining,2016,10,,,,NY
SUNY Purchase,Mining,2019,1,1,2,.5,NY
SUNY Purchase,Mining,2019,5,,,,NY
SUNY Purchase,Mining,2019,10,,,,NY
SUNY Purchase,Other Services,2004,1,37,50,.74000001,NY
SUNY Purchase,Other Services,2004,5,34,47,.72340423,NY
SUNY Purchase,Other Services,2004,10,35,43,.81395346,NY
SUNY Purchase,Other Services,2007,1,40,70,.5714286,NY
SUNY Purchase,Other Services,2007,5,36,50,.72000003,NY
SUNY Purchase,Other Services,2007,10,32,59,.54237288,NY
SUNY Purchase,Other Services,2010,1,36,47,.76595747,NY
SUNY Purchase,Other Services,2010,5,35,48,.72916669,NY
SUNY Purchase,Other Services,2010,10,34,69,.49275362,NY
SUNY Purchase,Other Services,2013,1,48,61,.78688526,NY
SUNY Purchase,Other Services,2013,5,42,65,.64615387,NY
SUNY Purchase,Other Services,2013,10,,,,NY
SUNY Purchase,Other Services,2016,1,36,49,.73469388,NY
SUNY Purchase,Other Services,2016,5,51,76,.67105263,NY
SUNY Purchase,Other Services,2016,10,,,,NY
SUNY Purchase,Other Services,2019,1,55,73,.75342464,NY
SUNY Purchase,Other Services,2019,5,,,,NY
SUNY Purchase,Other Services,2019,10,,,,NY
SUNY Purchase,Professional Services,2004,1,122,150,.81333333,NY
SUNY Purchase,Professional Services,2004,5,127,186,.6827957,NY
SUNY Purchase,Professional Services,2004,10,97,142,.68309861,NY
SUNY Purchase,Professional Services,2007,1,94,127,.74015749,NY
SUNY Purchase,Professional Services,2007,5,126,157,.80254775,NY
SUNY Purchase,Professional Services,2007,10,115,179,.64245808,NY
SUNY Purchase,Professional Services,2010,1,119,155,.76774192,NY
SUNY Purchase,Professional Services,2010,5,131,194,.67525774,NY
SUNY Purchase,Professional Services,2010,10,129,231,.55844158,NY
SUNY Purchase,Professional Services,2013,1,108,148,.72972971,NY
SUNY Purchase,Professional Services,2013,5,162,231,.70129871,NY
SUNY Purchase,Professional Services,2013,10,,,,NY
SUNY Purchase,Professional Services,2016,1,114,145,.7862069,NY
SUNY Purchase,Professional Services,2016,5,162,235,.68936169,NY
SUNY Purchase,Professional Services,2016,10,,,,NY
SUNY Purchase,Professional Services,2019,1,113,151,.74834436,NY
SUNY Purchase,Professional Services,2019,5,,,,NY
SUNY Purchase,Professional Services,2019,10,,,,NY
SUNY Purchase,Public Admin,2004,1,32,43,.74418604,NY
SUNY Purchase,Public Admin,2004,5,64,80,.80000001,NY
SUNY Purchase,Public Admin,2004,10,67,71,.94366199,NY
SUNY Purchase,Public Admin,2007,1,37,53,.6981132,NY
SUNY Purchase,Public Admin,2007,5,65,81,.80246913,NY
SUNY Purchase,Public Admin,2007,10,85,101,.84158415,NY
SUNY Purchase,Public Admin,2010,1,22,28,.78571427,NY
SUNY Purchase,Public Admin,2010,5,51,68,.75,NY
SUNY Purchase,Public Admin,2010,10,66,94,.70212764,NY
SUNY Purchase,Public Admin,2013,1,33,35,.94285715,NY
SUNY Purchase,Public Admin,2013,5,85,91,.93406594,NY
SUNY Purchase,Public Admin,2013,10,,,,NY
SUNY Purchase,Public Admin,2016,1,52,59,.88135594,NY
SUNY Purchase,Public Admin,2016,5,70,85,.82352942,NY
SUNY Purchase,Public Admin,2016,10,,,,NY
SUNY Purchase,Public Admin,2019,1,34,40,.85000002,NY
SUNY Purchase,Public Admin,2019,5,,,,NY
SUNY Purchase,Public Admin,2019,10,,,,NY
SUNY Purchase,Real Estate,2004,1,24,26,.92307693,NY
SUNY Purchase,Real Estate,2004,5,20,35,.5714286,NY
SUNY Purchase,Real Estate,2004,10,12,17,.70588237,NY
SUNY Purchase,Real Estate,2007,1,16,20,.80000001,NY
SUNY Purchase,Real Estate,2007,5,14,18,.77777779,NY
SUNY Purchase,Real Estate,2007,10,20,32,.625,NY
SUNY Purchase,Real Estate,2010,1,19,20,.94999999,NY
SUNY Purchase,Real Estate,2010,5,27,33,.81818181,NY
SUNY Purchase,Real Estate,2010,10,20,25,.80000001,NY
SUNY Purchase,Real Estate,2013,1,29,36,.80555558,NY
SUNY Purchase,Real Estate,2013,5,34,43,.79069769,NY
SUNY Purchase,Real Estate,2013,10,,,,NY
SUNY Purchase,Real Estate,2016,1,27,35,.77142859,NY
SUNY Purchase,Real Estate,2016,5,28,31,.90322578,NY
SUNY Purchase,Real Estate,2016,10,,,,NY
SUNY Purchase,Real Estate,2019,1,22,24,.91666669,NY
SUNY Purchase,Real Estate,2019,5,,,,NY
SUNY Purchase,Real Estate,2019,10,,,,NY
SUNY Purchase,Retail,2004,1,106,161,.6583851,NY
SUNY Purchase,Retail,2004,5,70,116,.60344827,NY
SUNY Purchase,Retail,2004,10,65,103,.63106793,NY
SUNY Purchase,Retail,2007,1,129,160,.80624998,NY
SUNY Purchase,Retail,2007,5,94,143,.65734267,NY
SUNY Purchase,Retail,2007,10,58,101,.57425743,NY
SUNY Purchase,Retail,2010,1,140,179,.78212291,NY
SUNY Purchase,Retail,2010,5,119,181,.65745854,NY
SUNY Purchase,Retail,2010,10,70,154,.45454547,NY
SUNY Purchase,Retail,2013,1,179,229,.78165936,NY
SUNY Purchase,Retail,2013,5,119,184,.64673913,NY
SUNY Purchase,Retail,2013,10,,,,NY
SUNY Purchase,Retail,2016,1,172,214,.8037383,NY
SUNY Purchase,Retail,2016,5,120,175,.6857143,NY
SUNY Purchase,Retail,2016,10,,,,NY
SUNY Purchase,Retail,2019,1,179,235,.76170212,NY
SUNY Purchase,Retail,2019,5,,,,NY
SUNY Purchase,Retail,2019,10,,,,NY
SUNY Purchase,Transportation,2004,1,17,21,.80952382,NY
SUNY Purchase,Transportation,2004,5,13,33,.39393941,NY
SUNY Purchase,Transportation,2004,10,11,14,.78571427,NY
SUNY Purchase,Transportation,2007,1,10,17,.58823532,NY
SUNY Purchase,Transportation,2007,5,7,8,.875,NY
SUNY Purchase,Transportation,2007,10,11,28,.39285713,NY
SUNY Purchase,Transportation,2010,1,11,22,.5,NY
SUNY Purchase,Transportation,2010,5,12,20,.60000002,NY
SUNY Purchase,Transportation,2010,10,8,21,.38095239,NY
SUNY Purchase,Transportation,2013,1,13,18,.72222221,NY
SUNY Purchase,Transportation,2013,5,9,13,.69230771,NY
SUNY Purchase,Transportation,2013,10,,,,NY
SUNY Purchase,Transportation,2016,1,14,26,.53846157,NY
SUNY Purchase,Transportation,2016,5,20,27,.74074072,NY
SUNY Purchase,Transportation,2016,10,,,,NY
SUNY Purchase,Transportation,2019,1,15,21,.71428573,NY
SUNY Purchase,Transportation,2019,5,,,,NY
SUNY Purchase,Transportation,2019,10,,,,NY
SUNY Purchase,Utilities,2004,1,3,4,.75,NY
SUNY Purchase,Utilities,2004,5,1,1,1,NY
SUNY Purchase,Utilities,2004,10,0,0,,NY
SUNY Purchase,Utilities,2007,1,2,4,.5,NY
SUNY Purchase,Utilities,2007,5,3,3,1,NY
SUNY Purchase,Utilities,2007,10,0,0,,NY
SUNY Purchase,Utilities,2010,1,4,4,1,NY
SUNY Purchase,Utilities,2010,5,2,2,1,NY
SUNY Purchase,Utilities,2010,10,3,3,1,NY
SUNY Purchase,Utilities,2013,1,3,3,1,NY
SUNY Purchase,Utilities,2013,5,8,8,1,NY
SUNY Purchase,Utilities,2013,10,,,,NY
SUNY Purchase,Utilities,2016,1,4,5,.80000001,NY
SUNY Purchase,Utilities,2016,5,6,6,1,NY
SUNY Purchase,Utilities,2016,10,,,,NY
SUNY Purchase,Utilities,2019,1,1,1,1,NY
SUNY Purchase,Utilities,2019,5,,,,NY
SUNY Purchase,Utilities,2019,10,,,,NY
SUNY Purchase,Wholesale,2004,1,29,33,.87878788,NY
SUNY Purchase,Wholesale,2004,5,25,37,.67567569,NY
SUNY Purchase,Wholesale,2004,10,28,38,.7368421,NY
SUNY Purchase,Wholesale,2007,1,29,41,.70731705,NY
SUNY Purchase,Wholesale,2007,5,24,40,.60000002,NY
SUNY Purchase,Wholesale,2007,10,27,33,.81818181,NY
SUNY Purchase,Wholesale,2010,1,38,46,.82608694,NY
SUNY Purchase,Wholesale,2010,5,36,47,.76595747,NY
SUNY Purchase,Wholesale,2010,10,37,67,.55223882,NY
SUNY Purchase,Wholesale,2013,1,36,40,.89999998,NY
SUNY Purchase,Wholesale,2013,5,49,64,.765625,NY
SUNY Purchase,Wholesale,2013,10,,,,NY
SUNY Purchase,Wholesale,2016,1,31,38,.81578946,NY
SUNY Purchase,Wholesale,2016,5,29,46,.63043481,NY
SUNY Purchase,Wholesale,2016,10,,,,NY
SUNY Purchase,Wholesale,2019,1,24,30,.80000001,NY
SUNY Purchase,Wholesale,2019,5,,,,NY
SUNY Purchase,Wholesale,2019,10,,,,NY
SUNY Stony Brook,Admin/Waste,2004,1,343,376,.91223407,NY
SUNY Stony Brook,Admin/Waste,2004,5,184,232,.79310346,NY
SUNY Stony Brook,Admin/Waste,2004,10,170,244,.69672132,NY
SUNY Stony Brook,Admin/Waste,2007,1,243,261,.93103451,NY
SUNY Stony Brook,Admin/Waste,2007,5,184,242,.76033056,NY
SUNY Stony Brook,Admin/Waste,2007,10,197,281,.70106763,NY
SUNY Stony Brook,Admin/Waste,2010,1,265,299,.88628763,NY
SUNY Stony Brook,Admin/Waste,2010,5,238,313,.76038337,NY
SUNY Stony Brook,Admin/Waste,2010,10,234,363,.64462811,NY
SUNY Stony Brook,Admin/Waste,2013,1,313,351,.89173788,NY
SUNY Stony Brook,Admin/Waste,2013,5,242,324,.74691355,NY
SUNY Stony Brook,Admin/Waste,2013,10,,,,NY
SUNY Stony Brook,Admin/Waste,2016,1,398,473,.84143764,NY
SUNY Stony Brook,Admin/Waste,2016,5,290,414,.70048308,NY
SUNY Stony Brook,Admin/Waste,2016,10,,,,NY
SUNY Stony Brook,Admin/Waste,2019,1,427,499,.8557114,NY
SUNY Stony Brook,Admin/Waste,2019,5,,,,NY
SUNY Stony Brook,Admin/Waste,2019,10,,,,NY
SUNY Stony Brook,Agriculture,2004,1,0,0,,NY
SUNY Stony Brook,Agriculture,2004,5,0,0,,NY
SUNY Stony Brook,Agriculture,2004,10,3,5,.60000002,NY
SUNY Stony Brook,Agriculture,2007,1,0,2,0,NY
SUNY Stony Brook,Agriculture,2007,5,0,1,0,NY
SUNY Stony Brook,Agriculture,2007,10,1,2,.5,NY
SUNY Stony Brook,Agriculture,2010,1,0,0,,NY
SUNY Stony Brook,Agriculture,2010,5,2,3,.66666669,NY
SUNY Stony Brook,Agriculture,2010,10,2,7,.2857143,NY
SUNY Stony Brook,Agriculture,2013,1,0,0,,NY
SUNY Stony Brook,Agriculture,2013,5,6,6,1,NY
SUNY Stony Brook,Agriculture,2013,10,,,,NY
SUNY Stony Brook,Agriculture,2016,1,1,2,.5,NY
SUNY Stony Brook,Agriculture,2016,5,1,1,1,NY
SUNY Stony Brook,Agriculture,2016,10,,,,NY
SUNY Stony Brook,Agriculture,2019,1,6,6,1,NY
SUNY Stony Brook,Agriculture,2019,5,,,,NY
SUNY Stony Brook,Agriculture,2019,10,,,,NY
SUNY Stony Brook,Arts/Entertainment,2004,1,67,68,.9852941,NY
SUNY Stony Brook,Arts/Entertainment,2004,5,43,49,.87755102,NY
SUNY Stony Brook,Arts/Entertainment,2004,10,63,77,.81818181,NY
SUNY Stony Brook,Arts/Entertainment,2007,1,53,53,1,NY
SUNY Stony Brook,Arts/Entertainment,2007,5,75,88,.85227275,NY
SUNY Stony Brook,Arts/Entertainment,2007,10,65,80,.8125,NY
SUNY Stony Brook,Arts/Entertainment,2010,1,71,75,.94666666,NY
SUNY Stony Brook,Arts/Entertainment,2010,5,92,105,.87619048,NY
SUNY Stony Brook,Arts/Entertainment,2010,10,67,92,.72826087,NY
SUNY Stony Brook,Arts/Entertainment,2013,1,79,82,.96341461,NY
SUNY Stony Brook,Arts/Entertainment,2013,5,75,96,.78125,NY
SUNY Stony Brook,Arts/Entertainment,2013,10,,,,NY
SUNY Stony Brook,Arts/Entertainment,2016,1,69,79,.87341774,NY
SUNY Stony Brook,Arts/Entertainment,2016,5,44,55,.80000001,NY
SUNY Stony Brook,Arts/Entertainment,2016,10,,,,NY
SUNY Stony Brook,Arts/Entertainment,2019,1,63,72,.875,NY
SUNY Stony Brook,Arts/Entertainment,2019,5,,,,NY
SUNY Stony Brook,Arts/Entertainment,2019,10,,,,NY
SUNY Stony Brook,Construction,2004,1,65,80,.8125,NY
SUNY Stony Brook,Construction,2004,5,60,76,.78947371,NY
SUNY Stony Brook,Construction,2004,10,83,105,.7904762,NY
SUNY Stony Brook,Construction,2007,1,53,58,.91379309,NY
SUNY Stony Brook,Construction,2007,5,86,106,.81132078,NY
SUNY Stony Brook,Construction,2007,10,80,105,.76190478,NY
SUNY Stony Brook,Construction,2010,1,78,87,.89655173,NY
SUNY Stony Brook,Construction,2010,5,122,139,.87769783,NY
SUNY Stony Brook,Construction,2010,10,104,154,.67532468,NY
SUNY Stony Brook,Construction,2013,1,99,110,.89999998,NY
SUNY Stony Brook,Construction,2013,5,135,158,.85443038,NY
SUNY Stony Brook,Construction,2013,10,,,,NY
SUNY Stony Brook,Construction,2016,1,123,137,.89781022,NY
SUNY Stony Brook,Construction,2016,5,132,162,.81481481,NY
SUNY Stony Brook,Construction,2016,10,,,,NY
SUNY Stony Brook,Construction,2019,1,98,116,.84482759,NY
SUNY Stony Brook,Construction,2019,5,,,,NY
SUNY Stony Brook,Construction,2019,10,,,,NY
SUNY Stony Brook,Education,2004,1,586,650,.90153849,NY
SUNY Stony Brook,Education,2004,5,866,1018,.85068762,NY
SUNY Stony Brook,Education,2004,10,901,1141,.78965819,NY
SUNY Stony Brook,Education,2007,1,490,540,.9074074,NY
SUNY Stony Brook,Education,2007,5,711,915,.77704918,NY
SUNY Stony Brook,Education,2007,10,848,1133,.74845541,NY
SUNY Stony Brook,Education,2010,1,416,514,.80933851,NY
SUNY Stony Brook,Education,2010,5,824,1031,.79922408,NY
SUNY Stony Brook,Education,2010,10,810,1100,.73636365,NY
SUNY Stony Brook,Education,2013,1,488,576,.84722221,NY
SUNY Stony Brook,Education,2013,5,874,1060,.82452828,NY
SUNY Stony Brook,Education,2013,10,,,,NY
SUNY Stony Brook,Education,2016,1,519,631,.82250398,NY
SUNY Stony Brook,Education,2016,5,719,986,.72920895,NY
SUNY Stony Brook,Education,2016,10,,,,NY
SUNY Stony Brook,Education,2019,1,596,704,.84659094,NY
SUNY Stony Brook,Education,2019,5,,,,NY
SUNY Stony Brook,Education,2019,10,,,,NY
SUNY Stony Brook,Finance,2004,1,735,838,.87708831,NY
SUNY Stony Brook,Finance,2004,5,700,836,.83732057,NY
SUNY Stony Brook,Finance,2004,10,663,836,.79306221,NY
SUNY Stony Brook,Finance,2007,1,526,590,.89152545,NY
SUNY Stony Brook,Finance,2007,5,519,643,.80715394,NY
SUNY Stony Brook,Finance,2007,10,511,684,.74707603,NY
SUNY Stony Brook,Finance,2010,1,473,551,.85843921,NY
SUNY Stony Brook,Finance,2010,5,607,745,.8147651,NY
SUNY Stony Brook,Finance,2010,10,560,752,.74468082,NY
SUNY Stony Brook,Finance,2013,1,428,495,.86464649,NY
SUNY Stony Brook,Finance,2013,5,477,610,.78196722,NY
SUNY Stony Brook,Finance,2013,10,,,,NY
SUNY Stony Brook,Finance,2016,1,424,530,.80000001,NY
SUNY Stony Brook,Finance,2016,5,548,696,.78735632,NY
SUNY Stony Brook,Finance,2016,10,,,,NY
SUNY Stony Brook,Finance,2019,1,342,447,.76510066,NY
SUNY Stony Brook,Finance,2019,5,,,,NY
SUNY Stony Brook,Finance,2019,10,,,,NY
SUNY Stony Brook,Food/Hospitality,2004,1,208,230,.90434784,NY
SUNY Stony Brook,Food/Hospitality,2004,5,90,131,.68702292,NY
SUNY Stony Brook,Food/Hospitality,2004,10,73,122,.59836066,NY
SUNY Stony Brook,Food/Hospitality,2007,1,201,213,.94366199,NY
SUNY Stony Brook,Food/Hospitality,2007,5,136,193,.70466322,NY
SUNY Stony Brook,Food/Hospitality,2007,10,88,166,.53012049,NY
SUNY Stony Brook,Food/Hospitality,2010,1,279,311,.89710611,NY
SUNY Stony Brook,Food/Hospitality,2010,5,173,232,.74568963,NY
SUNY Stony Brook,Food/Hospitality,2010,10,129,187,.6898396,NY
SUNY Stony Brook,Food/Hospitality,2013,1,274,298,.9194631,NY
SUNY Stony Brook,Food/Hospitality,2013,5,133,181,.73480666,NY
SUNY Stony Brook,Food/Hospitality,2013,10,,,,NY
SUNY Stony Brook,Food/Hospitality,2016,1,329,371,.88679248,NY
SUNY Stony Brook,Food/Hospitality,2016,5,123,185,.66486484,NY
SUNY Stony Brook,Food/Hospitality,2016,10,,,,NY
SUNY Stony Brook,Food/Hospitality,2019,1,287,332,.86445785,NY
SUNY Stony Brook,Food/Hospitality,2019,5,,,,NY
SUNY Stony Brook,Food/Hospitality,2019,10,,,,NY
SUNY Stony Brook,Health Care,2004,1,1254,1374,.91266376,NY
SUNY Stony Brook,Health Care,2004,5,1554,1821,.85337728,NY
SUNY Stony Brook,Health Care,2004,10,1502,1996,.752505,NY
SUNY Stony Brook,Health Care,2007,1,1336,1426,.93688637,NY
SUNY Stony Brook,Health Care,2007,5,1749,2054,.85150927,NY
SUNY Stony Brook,Health Care,2007,10,1707,2285,.74704593,NY
SUNY Stony Brook,Health Care,2010,1,1394,1504,.9268617,NY
SUNY Stony Brook,Health Care,2010,5,1834,2162,.8482886,NY
SUNY Stony Brook,Health Care,2010,10,1987,2587,.76807112,NY
SUNY Stony Brook,Health Care,2013,1,1632,1771,.92151326,NY
SUNY Stony Brook,Health Care,2013,5,1959,2306,.84952301,NY
SUNY Stony Brook,Health Care,2013,10,,,,NY
SUNY Stony Brook,Health Care,2016,1,1795,1999,.89794898,NY
SUNY Stony Brook,Health Care,2016,5,2031,2438,.83305991,NY
SUNY Stony Brook,Health Care,2016,10,,,,NY
SUNY Stony Brook,Health Care,2019,1,2113,2295,.92069715,NY
SUNY Stony Brook,Health Care,2019,5,,,,NY
SUNY Stony Brook,Health Care,2019,10,,,,NY
SUNY Stony Brook,Information,2004,1,219,237,.92405063,NY
SUNY Stony Brook,Information,2004,5,210,249,.84337348,NY
SUNY Stony Brook,Information,2004,10,202,274,.73722625,NY
SUNY Stony Brook,Information,2007,1,154,162,.95061731,NY
SUNY Stony Brook,Information,2007,5,207,238,.86974788,NY
SUNY Stony Brook,Information,2007,10,228,321,.71028036,NY
SUNY Stony Brook,Information,2010,1,191,200,.95499998,NY
SUNY Stony Brook,Information,2010,5,276,340,.81176472,NY
SUNY Stony Brook,Information,2010,10,327,440,.74318182,NY
SUNY Stony Brook,Information,2013,1,180,200,.89999998,NY
SUNY Stony Brook,Information,2013,5,270,349,.77363896,NY
SUNY Stony Brook,Information,2013,10,,,,NY
SUNY Stony Brook,Information,2016,1,216,270,.80000001,NY
SUNY Stony Brook,Information,2016,5,342,453,.75496691,NY
SUNY Stony Brook,Information,2016,10,,,,NY
SUNY Stony Brook,Information,2019,1,231,334,.69161677,NY
SUNY Stony Brook,Information,2019,5,,,,NY
SUNY Stony Brook,Information,2019,10,,,,NY
SUNY Stony Brook,Management,2004,1,116,121,.95867771,NY
SUNY Stony Brook,Management,2004,5,109,125,.87199998,NY
SUNY Stony Brook,Management,2004,10,116,134,.86567163,NY
SUNY Stony Brook,Management,2007,1,102,104,.98076922,NY
SUNY Stony Brook,Management,2007,5,102,111,.91891891,NY
SUNY Stony Brook,Management,2007,10,101,124,.81451613,NY
SUNY Stony Brook,Management,2010,1,94,96,.97916669,NY
SUNY Stony Brook,Management,2010,5,98,119,.82352942,NY
SUNY Stony Brook,Management,2010,10,135,178,.75842696,NY
SUNY Stony Brook,Management,2013,1,72,75,.95999998,NY
SUNY Stony Brook,Management,2013,5,118,135,.8740741,NY
SUNY Stony Brook,Management,2013,10,,,,NY
SUNY Stony Brook,Management,2016,1,86,99,.86868685,NY
SUNY Stony Brook,Management,2016,5,155,164,.94512194,NY
SUNY Stony Brook,Management,2016,10,,,,NY
SUNY Stony Brook,Management,2019,1,95,117,.81196582,NY
SUNY Stony Brook,Management,2019,5,,,,NY
SUNY Stony Brook,Management,2019,10,,,,NY
SUNY Stony Brook,Manufacturing,2004,1,222,277,.80144405,NY
SUNY Stony Brook,Manufacturing,2004,5,161,223,.72197312,NY
SUNY Stony Brook,Manufacturing,2004,10,146,254,.57480317,NY
SUNY Stony Brook,Manufacturing,2007,1,166,205,.8097561,NY
SUNY Stony Brook,Manufacturing,2007,5,171,267,.64044946,NY
SUNY Stony Brook,Manufacturing,2007,10,133,247,.53846157,NY
SUNY Stony Brook,Manufacturing,2010,1,180,244,.73770493,NY
SUNY Stony Brook,Manufacturing,2010,5,180,298,.60402685,NY
SUNY Stony Brook,Manufacturing,2010,10,180,329,.54711246,NY
SUNY Stony Brook,Manufacturing,2013,1,225,317,.7097792,NY
SUNY Stony Brook,Manufacturing,2013,5,212,350,.60571426,NY
SUNY Stony Brook,Manufacturing,2013,10,,,,NY
SUNY Stony Brook,Manufacturing,2016,1,251,376,.66755319,NY
SUNY Stony Brook,Manufacturing,2016,5,254,389,.65295631,NY
SUNY Stony Brook,Manufacturing,2016,10,,,,NY
SUNY Stony Brook,Manufacturing,2019,1,240,380,.63157892,NY
SUNY Stony Brook,Manufacturing,2019,5,,,,NY
SUNY Stony Brook,Manufacturing,2019,10,,,,NY
SUNY Stony Brook,Mining,2004,1,0,0,,NY
SUNY Stony Brook,Mining,2004,5,0,0,,NY
SUNY Stony Brook,Mining,2004,10,0,0,,NY
SUNY Stony Brook,Mining,2007,1,1,2,.5,NY
SUNY Stony Brook,Mining,2007,5,0,0,,NY
SUNY Stony Brook,Mining,2007,10,1,1,1,NY
SUNY Stony Brook,Mining,2010,1,0,0,,NY
SUNY Stony Brook,Mining,2010,5,0,0,,NY
SUNY Stony Brook,Mining,2010,10,0,0,,NY
SUNY Stony Brook,Mining,2013,1,0,0,,NY
SUNY Stony Brook,Mining,2013,5,1,1,1,NY
SUNY Stony Brook,Mining,2013,10,,,,NY
SUNY Stony Brook,Mining,2016,1,1,1,1,NY
SUNY Stony Brook,Mining,2016,5,0,0,,NY
SUNY Stony Brook,Mining,2016,10,,,,NY
SUNY Stony Brook,Mining,2019,1,0,3,0,NY
SUNY Stony Brook,Mining,2019,5,,,,NY
SUNY Stony Brook,Mining,2019,10,,,,NY
SUNY Stony Brook,Other Services,2004,1,78,84,.9285714,NY
SUNY Stony Brook,Other Services,2004,5,59,81,.72839504,NY
SUNY Stony Brook,Other Services,2004,10,79,101,.78217822,NY
SUNY Stony Brook,Other Services,2007,1,59,67,.880597,NY
SUNY Stony Brook,Other Services,2007,5,91,112,.8125,NY
SUNY Stony Brook,Other Services,2007,10,106,129,.8217054,NY
SUNY Stony Brook,Other Services,2010,1,84,89,.94382024,NY
SUNY Stony Brook,Other Services,2010,5,116,132,.87878788,NY
SUNY Stony Brook,Other Services,2010,10,89,114,.78070176,NY
SUNY Stony Brook,Other Services,2013,1,74,82,.902439,NY
SUNY Stony Brook,Other Services,2013,5,114,142,.80281693,NY
SUNY Stony Brook,Other Services,2013,10,,,,NY
SUNY Stony Brook,Other Services,2016,1,117,121,.96694213,NY
SUNY Stony Brook,Other Services,2016,5,131,160,.81875002,NY
SUNY Stony Brook,Other Services,2016,10,,,,NY
SUNY Stony Brook,Other Services,2019,1,95,108,.87962961,NY
SUNY Stony Brook,Other Services,2019,5,,,,NY
SUNY Stony Brook,Other Services,2019,10,,,,NY
SUNY Stony Brook,Professional Services,2004,1,652,730,.89315069,NY
SUNY Stony Brook,Professional Services,2004,5,698,851,.82021153,NY
SUNY Stony Brook,Professional Services,2004,10,629,880,.7147727,NY
SUNY Stony Brook,Professional Services,2007,1,548,604,.9072848,NY
SUNY Stony Brook,Professional Services,2007,5,696,863,.80648899,NY
SUNY Stony Brook,Professional Services,2007,10,612,882,.69387758,NY
SUNY Stony Brook,Professional Services,2010,1,709,830,.85421687,NY
SUNY Stony Brook,Professional Services,2010,5,961,1180,.81440675,NY
SUNY Stony Brook,Professional Services,2010,10,802,1222,.65630114,NY
SUNY Stony Brook,Professional Services,2013,1,697,813,.85731858,NY
SUNY Stony Brook,Professional Services,2013,5,928,1201,.7726894,NY
SUNY Stony Brook,Professional Services,2013,10,,,,NY
SUNY Stony Brook,Professional Services,2016,1,956,1160,.82413793,NY
SUNY Stony Brook,Professional Services,2016,5,1036,1373,.75455207,NY
SUNY Stony Brook,Professional Services,2016,10,,,,NY
SUNY Stony Brook,Professional Services,2019,1,987,1231,.80178714,NY
SUNY Stony Brook,Professional Services,2019,5,,,,NY
SUNY Stony Brook,Professional Services,2019,10,,,,NY
SUNY Stony Brook,Public Admin,2004,1,301,335,.89850748,NY
SUNY Stony Brook,Public Admin,2004,5,420,508,.82677168,NY
SUNY Stony Brook,Public Admin,2004,10,483,610,.7918033,NY
SUNY Stony Brook,Public Admin,2007,1,281,299,.93979931,NY
SUNY Stony Brook,Public Admin,2007,5,436,494,.88259107,NY
SUNY Stony Brook,Public Admin,2007,10,589,706,.83427763,NY
SUNY Stony Brook,Public Admin,2010,1,262,295,.88813561,NY
SUNY Stony Brook,Public Admin,2010,5,444,519,.85549134,NY
SUNY Stony Brook,Public Admin,2010,10,612,733,.83492494,NY
SUNY Stony Brook,Public Admin,2013,1,243,264,.92045456,NY
SUNY Stony Brook,Public Admin,2013,5,460,529,.86956519,NY
SUNY Stony Brook,Public Admin,2013,10,,,,NY
SUNY Stony Brook,Public Admin,2016,1,279,312,.89423078,NY
SUNY Stony Brook,Public Admin,2016,5,436,512,.8515625,NY
SUNY Stony Brook,Public Admin,2016,10,,,,NY
SUNY Stony Brook,Public Admin,2019,1,337,390,.86410254,NY
SUNY Stony Brook,Public Admin,2019,5,,,,NY
SUNY Stony Brook,Public Admin,2019,10,,,,NY
SUNY Stony Brook,Real Estate,2004,1,72,78,.92307693,NY
SUNY Stony Brook,Real Estate,2004,5,41,43,.95348835,NY
SUNY Stony Brook,Real Estate,2004,10,38,52,.73076922,NY
SUNY Stony Brook,Real Estate,2007,1,56,60,.93333334,NY
SUNY Stony Brook,Real Estate,2007,5,59,71,.8309859,NY
SUNY Stony Brook,Real Estate,2007,10,63,75,.83999997,NY
SUNY Stony Brook,Real Estate,2010,1,44,48,.91666669,NY
SUNY Stony Brook,Real Estate,2010,5,51,61,.83606559,NY
SUNY Stony Brook,Real Estate,2010,10,66,81,.81481481,NY
SUNY Stony Brook,Real Estate,2013,1,40,40,1,NY
SUNY Stony Brook,Real Estate,2013,5,77,81,.95061731,NY
SUNY Stony Brook,Real Estate,2013,10,,,,NY
SUNY Stony Brook,Real Estate,2016,1,68,74,.91891891,NY
SUNY Stony Brook,Real Estate,2016,5,78,87,.89655173,NY
SUNY Stony Brook,Real Estate,2016,10,,,,NY
SUNY Stony Brook,Real Estate,2019,1,59,66,.89393938,NY
SUNY Stony Brook,Real Estate,2019,5,,,,NY
SUNY Stony Brook,Real Estate,2019,10,,,,NY
SUNY Stony Brook,Retail,2004,1,430,484,.88842976,NY
SUNY Stony Brook,Retail,2004,5,234,314,.74522293,NY
SUNY Stony Brook,Retail,2004,10,193,302,.63907284,NY
SUNY Stony Brook,Retail,2007,1,414,440,.94090909,NY
SUNY Stony Brook,Retail,2007,5,324,399,.81203008,NY
SUNY Stony Brook,Retail,2007,10,233,351,.66381764,NY
SUNY Stony Brook,Retail,2010,1,501,564,.88829786,NY
SUNY Stony Brook,Retail,2010,5,321,438,.73287672,NY
SUNY Stony Brook,Retail,2010,10,218,327,.66666669,NY
SUNY Stony Brook,Retail,2013,1,502,561,.89483064,NY
SUNY Stony Brook,Retail,2013,5,269,395,.68101263,NY
SUNY Stony Brook,Retail,2013,10,,,,NY
SUNY Stony Brook,Retail,2016,1,497,597,.83249581,NY
SUNY Stony Brook,Retail,2016,5,244,349,.69914043,NY
SUNY Stony Brook,Retail,2016,10,,,,NY
SUNY Stony Brook,Retail,2019,1,495,581,.85197937,NY
SUNY Stony Brook,Retail,2019,5,,,,NY
SUNY Stony Brook,Retail,2019,10,,,,NY
SUNY Stony Brook,Transportation,2004,1,60,67,.89552242,NY
SUNY Stony Brook,Transportation,2004,5,60,78,.76923078,NY
SUNY Stony Brook,Transportation,2004,10,72,101,.71287131,NY
SUNY Stony Brook,Transportation,2007,1,28,43,.6511628,NY
SUNY Stony Brook,Transportation,2007,5,50,65,.76923078,NY
SUNY Stony Brook,Transportation,2007,10,72,93,.77419353,NY
SUNY Stony Brook,Transportation,2010,1,48,54,.8888889,NY
SUNY Stony Brook,Transportation,2010,5,78,111,.7027027,NY
SUNY Stony Brook,Transportation,2010,10,106,141,.75177306,NY
SUNY Stony Brook,Transportation,2013,1,56,60,.93333334,NY
SUNY Stony Brook,Transportation,2013,5,85,108,.78703701,NY
SUNY Stony Brook,Transportation,2013,10,,,,NY
SUNY Stony Brook,Transportation,2016,1,49,67,.73134327,NY
SUNY Stony Brook,Transportation,2016,5,87,117,.74358976,NY
SUNY Stony Brook,Transportation,2016,10,,,,NY
SUNY Stony Brook,Transportation,2019,1,68,85,.80000001,NY
SUNY Stony Brook,Transportation,2019,5,,,,NY
SUNY Stony Brook,Transportation,2019,10,,,,NY
SUNY Stony Brook,Utilities,2004,1,17,17,1,NY
SUNY Stony Brook,Utilities,2004,5,35,35,1,NY
SUNY Stony Brook,Utilities,2004,10,33,39,.84615386,NY
SUNY Stony Brook,Utilities,2007,1,19,19,1,NY
SUNY Stony Brook,Utilities,2007,5,22,22,1,NY
SUNY Stony Brook,Utilities,2007,10,34,36,.94444442,NY
SUNY Stony Brook,Utilities,2010,1,11,12,.91666669,NY
SUNY Stony Brook,Utilities,2010,5,30,32,.9375,NY
SUNY Stony Brook,Utilities,2010,10,34,35,.97142857,NY
SUNY Stony Brook,Utilities,2013,1,17,17,1,NY
SUNY Stony Brook,Utilities,2013,5,42,42,1,NY
SUNY Stony Brook,Utilities,2013,10,,,,NY
SUNY Stony Brook,Utilities,2016,1,25,27,.92592591,NY
SUNY Stony Brook,Utilities,2016,5,43,47,.91489363,NY
SUNY Stony Brook,Utilities,2016,10,,,,NY
SUNY Stony Brook,Utilities,2019,1,25,27,.92592591,NY
SUNY Stony Brook,Utilities,2019,5,,,,NY
SUNY Stony Brook,Utilities,2019,10,,,,NY
SUNY Stony Brook,Wholesale,2004,1,192,229,.83842796,NY
SUNY Stony Brook,Wholesale,2004,5,220,270,.81481481,NY
SUNY Stony Brook,Wholesale,2004,10,222,291,.76288658,NY
SUNY Stony Brook,Wholesale,2007,1,147,165,.89090908,NY
SUNY Stony Brook,Wholesale,2007,5,205,251,.81673306,NY
SUNY Stony Brook,Wholesale,2007,10,200,272,.7352941,NY
SUNY Stony Brook,Wholesale,2010,1,196,234,.83760685,NY
SUNY Stony Brook,Wholesale,2010,5,260,319,.81504703,NY
SUNY Stony Brook,Wholesale,2010,10,198,280,.70714283,NY
SUNY Stony Brook,Wholesale,2013,1,213,246,.86585367,NY
SUNY Stony Brook,Wholesale,2013,5,219,288,.76041669,NY
SUNY Stony Brook,Wholesale,2013,10,,,,NY
SUNY Stony Brook,Wholesale,2016,1,248,274,.90510947,NY
SUNY Stony Brook,Wholesale,2016,5,209,268,.77985072,NY
SUNY Stony Brook,Wholesale,2016,10,,,,NY
SUNY Stony Brook,Wholesale,2019,1,183,239,.76569039,NY
SUNY Stony Brook,Wholesale,2019,5,,,,NY
SUNY Stony Brook,Wholesale,2019,10,,,,NY
