institution_cat,industry_cat,grad_cohort,horizon,emp_instate_,emp_n_,SI_by_cohort,state
Akron,Admin/Waste,2004,1,237,281,.84341639,OH
Akron,Admin/Waste,2004,5,154,207,.74396133,OH
Akron,Admin/Waste,2004,10,138,199,.69346732,OH
Akron,Admin/Waste,2007,1,190,212,.89622641,OH
Akron,Admin/Waste,2007,5,192,238,.8067227,OH
Akron,Admin/Waste,2007,10,135,208,.64903843,OH
Akron,Admin/Waste,2010,1,328,371,.88409704,OH
Akron,Admin/Waste,2010,5,221,295,.74915254,OH
Akron,Admin/Waste,2010,10,190,298,.63758391,OH
Akron,Admin/Waste,2013,1,345,416,.82932693,OH
Akron,Admin/Waste,2013,5,240,339,.7079646,OH
Akron,Admin/Waste,2013,10,,,,OH
Akron,Admin/Waste,2016,1,298,351,.84900284,OH
Akron,Admin/Waste,2016,5,238,349,.68194842,OH
Akron,Admin/Waste,2016,10,,,,OH
Akron,Admin/Waste,2019,1,260,306,.84967321,OH
Akron,Admin/Waste,2019,5,,,,OH
Akron,Admin/Waste,2019,10,,,,OH
Akron,Agriculture,2004,1,2,3,.66666669,OH
Akron,Agriculture,2004,5,2,2,1,OH
Akron,Agriculture,2004,10,1,3,.33333334,OH
Akron,Agriculture,2007,1,2,2,1,OH
Akron,Agriculture,2007,5,0,0,,OH
Akron,Agriculture,2007,10,1,2,.5,OH
Akron,Agriculture,2010,1,0,0,,OH
Akron,Agriculture,2010,5,2,2,1,OH
Akron,Agriculture,2010,10,7,10,.69999999,OH
Akron,Agriculture,2013,1,0,1,0,OH
Akron,Agriculture,2013,5,4,5,.80000001,OH
Akron,Agriculture,2013,10,,,,OH
Akron,Agriculture,2016,1,6,6,1,OH
Akron,Agriculture,2016,5,1,3,.33333334,OH
Akron,Agriculture,2016,10,,,,OH
Akron,Agriculture,2019,1,1,1,1,OH
Akron,Agriculture,2019,5,,,,OH
Akron,Agriculture,2019,10,,,,OH
Akron,Arts/Entertainment,2004,1,55,62,.88709676,OH
Akron,Arts/Entertainment,2004,5,27,37,.72972971,OH
Akron,Arts/Entertainment,2004,10,24,28,.85714287,OH
Akron,Arts/Entertainment,2007,1,49,53,.9245283,OH
Akron,Arts/Entertainment,2007,5,35,46,.76086956,OH
Akron,Arts/Entertainment,2007,10,37,52,.71153843,OH
Akron,Arts/Entertainment,2010,1,81,91,.8901099,OH
Akron,Arts/Entertainment,2010,5,84,96,.875,OH
Akron,Arts/Entertainment,2010,10,66,84,.78571427,OH
Akron,Arts/Entertainment,2013,1,81,94,.86170214,OH
Akron,Arts/Entertainment,2013,5,84,99,.84848487,OH
Akron,Arts/Entertainment,2013,10,,,,OH
Akron,Arts/Entertainment,2016,1,76,95,.80000001,OH
Akron,Arts/Entertainment,2016,5,75,98,.76530612,OH
Akron,Arts/Entertainment,2016,10,,,,OH
Akron,Arts/Entertainment,2019,1,64,74,.86486489,OH
Akron,Arts/Entertainment,2019,5,,,,OH
Akron,Arts/Entertainment,2019,10,,,,OH
Akron,Construction,2004,1,89,106,.83962262,OH
Akron,Construction,2004,5,83,121,.6859504,OH
Akron,Construction,2004,10,94,126,.74603176,OH
Akron,Construction,2007,1,85,99,.85858583,OH
Akron,Construction,2007,5,89,116,.76724136,OH
Akron,Construction,2007,10,116,137,.84671533,OH
Akron,Construction,2010,1,135,152,.8881579,OH
Akron,Construction,2010,5,151,188,.80319148,OH
Akron,Construction,2010,10,170,206,.8252427,OH
Akron,Construction,2013,1,128,151,.84768212,OH
Akron,Construction,2013,5,185,224,.82589287,OH
Akron,Construction,2013,10,,,,OH
Akron,Construction,2016,1,157,189,.83068782,OH
Akron,Construction,2016,5,194,244,.79508197,OH
Akron,Construction,2016,10,,,,OH
Akron,Construction,2019,1,158,180,.87777776,OH
Akron,Construction,2019,5,,,,OH
Akron,Construction,2019,10,,,,OH
Akron,Education,2004,1,621,784,.79209185,OH
Akron,Education,2004,5,826,1074,.76908755,OH
Akron,Education,2004,10,880,1110,.7927928,OH
Akron,Education,2007,1,472,574,.82229966,OH
Akron,Education,2007,5,709,887,.79932356,OH
Akron,Education,2007,10,771,956,.80648535,OH
Akron,Education,2010,1,537,641,.83775353,OH
Akron,Education,2010,5,811,1028,.78891051,OH
Akron,Education,2010,10,802,989,.81092012,OH
Akron,Education,2013,1,630,756,.83333331,OH
Akron,Education,2013,5,878,1094,.80255944,OH
Akron,Education,2013,10,,,,OH
Akron,Education,2016,1,466,580,.80344826,OH
Akron,Education,2016,5,655,856,.76518691,OH
Akron,Education,2016,10,,,,OH
Akron,Education,2019,1,446,526,.84790874,OH
Akron,Education,2019,5,,,,OH
Akron,Education,2019,10,,,,OH
Akron,Finance,2004,1,283,326,.86809814,OH
Akron,Finance,2004,5,255,321,.79439253,OH
Akron,Finance,2004,10,250,309,.80906147,OH
Akron,Finance,2007,1,212,230,.9217391,OH
Akron,Finance,2007,5,232,301,.77076411,OH
Akron,Finance,2007,10,245,306,.80065358,OH
Akron,Finance,2010,1,252,289,.87197232,OH
Akron,Finance,2010,5,327,382,.85602093,OH
Akron,Finance,2010,10,383,489,.78323108,OH
Akron,Finance,2013,1,264,298,.88590604,OH
Akron,Finance,2013,5,338,419,.80668259,OH
Akron,Finance,2013,10,,,,OH
Akron,Finance,2016,1,283,338,.83727813,OH
Akron,Finance,2016,5,357,439,.81321186,OH
Akron,Finance,2016,10,,,,OH
Akron,Finance,2019,1,245,269,.91078067,OH
Akron,Finance,2019,5,,,,OH
Akron,Finance,2019,10,,,,OH
Akron,Food/Hospitality,2004,1,252,310,.81290323,OH
Akron,Food/Hospitality,2004,5,88,153,.57516342,OH
Akron,Food/Hospitality,2004,10,62,106,.58490568,OH
Akron,Food/Hospitality,2007,1,240,265,.90566039,OH
Akron,Food/Hospitality,2007,5,116,161,.72049689,OH
Akron,Food/Hospitality,2007,10,77,132,.58333331,OH
Akron,Food/Hospitality,2010,1,352,387,.90956074,OH
Akron,Food/Hospitality,2010,5,169,250,.676,OH
Akron,Food/Hospitality,2010,10,93,155,.60000002,OH
Akron,Food/Hospitality,2013,1,353,415,.85060239,OH
Akron,Food/Hospitality,2013,5,166,237,.70042193,OH
Akron,Food/Hospitality,2013,10,,,,OH
Akron,Food/Hospitality,2016,1,274,334,.82035929,OH
Akron,Food/Hospitality,2016,5,123,178,.69101125,OH
Akron,Food/Hospitality,2016,10,,,,OH
Akron,Food/Hospitality,2019,1,187,219,.8538813,OH
Akron,Food/Hospitality,2019,5,,,,OH
Akron,Food/Hospitality,2019,10,,,,OH
Akron,Health Care,2004,1,920,1018,.90373284,OH
Akron,Health Care,2004,5,963,1171,.82237405,OH
Akron,Health Care,2004,10,901,1131,.79664016,OH
Akron,Health Care,2007,1,973,1051,.92578495,OH
Akron,Health Care,2007,5,1109,1338,.82884902,OH
Akron,Health Care,2007,10,1068,1322,.80786687,OH
Akron,Health Care,2010,1,1139,1248,.91266024,OH
Akron,Health Care,2010,5,1302,1559,.83515072,OH
Akron,Health Care,2010,10,1204,1495,.8053512,OH
Akron,Health Care,2013,1,1264,1452,.87052339,OH
Akron,Health Care,2013,5,1395,1717,.81246358,OH
Akron,Health Care,2013,10,,,,OH
Akron,Health Care,2016,1,1351,1498,.90186918,OH
Akron,Health Care,2016,5,1312,1615,.81238389,OH
Akron,Health Care,2016,10,,,,OH
Akron,Health Care,2019,1,1036,1163,.89079964,OH
Akron,Health Care,2019,5,,,,OH
Akron,Health Care,2019,10,,,,OH
Akron,Information,2004,1,103,133,.77443612,OH
Akron,Information,2004,5,92,120,.76666665,OH
Akron,Information,2004,10,89,114,.78070176,OH
Akron,Information,2007,1,78,97,.8041237,OH
Akron,Information,2007,5,81,105,.77142859,OH
Akron,Information,2007,10,94,120,.78333336,OH
Akron,Information,2010,1,100,119,.84033614,OH
Akron,Information,2010,5,146,186,.78494626,OH
Akron,Information,2010,10,135,207,.65217394,OH
Akron,Information,2013,1,118,131,.90076333,OH
Akron,Information,2013,5,153,174,.87931037,OH
Akron,Information,2013,10,,,,OH
Akron,Information,2016,1,123,142,.86619717,OH
Akron,Information,2016,5,132,169,.78106511,OH
Akron,Information,2016,10,,,,OH
Akron,Information,2019,1,84,97,.86597937,OH
Akron,Information,2019,5,,,,OH
Akron,Information,2019,10,,,,OH
Akron,Management,2004,1,165,181,.9116022,OH
Akron,Management,2004,5,227,247,.91902834,OH
Akron,Management,2004,10,249,288,.86458331,OH
Akron,Management,2007,1,190,192,.98958331,OH
Akron,Management,2007,5,279,304,.91776317,OH
Akron,Management,2007,10,289,314,.92038214,OH
Akron,Management,2010,1,266,279,.95340502,OH
Akron,Management,2010,5,353,395,.89367086,OH
Akron,Management,2010,10,302,350,.86285716,OH
Akron,Management,2013,1,331,363,.91184574,OH
Akron,Management,2013,5,367,409,.8973105,OH
Akron,Management,2013,10,,,,OH
Akron,Management,2016,1,339,354,.95762712,OH
Akron,Management,2016,5,358,387,.92506462,OH
Akron,Management,2016,10,,,,OH
Akron,Management,2019,1,234,256,.9140625,OH
Akron,Management,2019,5,,,,OH
Akron,Management,2019,10,,,,OH
Akron,Manufacturing,2004,1,421,509,.82711196,OH
Akron,Manufacturing,2004,5,406,519,.78227359,OH
Akron,Manufacturing,2004,10,436,576,.75694442,OH
Akron,Manufacturing,2007,1,380,435,.87356323,OH
Akron,Manufacturing,2007,5,452,595,.75966388,OH
Akron,Manufacturing,2007,10,461,586,.7866894,OH
Akron,Manufacturing,2010,1,556,645,.86201549,OH
Akron,Manufacturing,2010,5,607,753,.80610889,OH
Akron,Manufacturing,2010,10,560,724,.77348065,OH
Akron,Manufacturing,2013,1,726,881,.82406354,OH
Akron,Manufacturing,2013,5,795,993,.80060422,OH
Akron,Manufacturing,2013,10,,,,OH
Akron,Manufacturing,2016,1,794,925,.85837835,OH
Akron,Manufacturing,2016,5,757,923,.82015169,OH
Akron,Manufacturing,2016,10,,,,OH
Akron,Manufacturing,2019,1,744,889,.83689541,OH
Akron,Manufacturing,2019,5,,,,OH
Akron,Manufacturing,2019,10,,,,OH
Akron,Mining,2004,1,1,2,.5,OH
Akron,Mining,2004,5,0,0,,OH
Akron,Mining,2004,10,2,2,1,OH
Akron,Mining,2007,1,1,1,1,OH
Akron,Mining,2007,5,0,0,,OH
Akron,Mining,2007,10,7,7,1,OH
Akron,Mining,2010,1,6,6,1,OH
Akron,Mining,2010,5,8,8,1,OH
Akron,Mining,2010,10,6,7,.85714287,OH
Akron,Mining,2013,1,6,7,.85714287,OH
Akron,Mining,2013,5,3,3,1,OH
Akron,Mining,2013,10,,,,OH
Akron,Mining,2016,1,1,3,.33333334,OH
Akron,Mining,2016,5,5,6,.83333331,OH
Akron,Mining,2016,10,,,,OH
Akron,Mining,2019,1,0,1,0,OH
Akron,Mining,2019,5,,,,OH
Akron,Mining,2019,10,,,,OH
Akron,Other Services,2004,1,75,87,.86206895,OH
Akron,Other Services,2004,5,60,79,.75949365,OH
Akron,Other Services,2004,10,57,75,.75999999,OH
Akron,Other Services,2007,1,59,67,.880597,OH
Akron,Other Services,2007,5,55,74,.74324322,OH
Akron,Other Services,2007,10,54,85,.63529414,OH
Akron,Other Services,2010,1,84,92,.9130435,OH
Akron,Other Services,2010,5,95,125,.75999999,OH
Akron,Other Services,2010,10,83,112,.7410714,OH
Akron,Other Services,2013,1,111,122,.90983605,OH
Akron,Other Services,2013,5,97,127,.76377952,OH
Akron,Other Services,2013,10,,,,OH
Akron,Other Services,2016,1,121,125,.96799999,OH
Akron,Other Services,2016,5,115,139,.82733816,OH
Akron,Other Services,2016,10,,,,OH
Akron,Other Services,2019,1,106,119,.89075631,OH
Akron,Other Services,2019,5,,,,OH
Akron,Other Services,2019,10,,,,OH
Akron,Professional Services,2004,1,438,530,.82641512,OH
Akron,Professional Services,2004,5,404,529,.76370507,OH
Akron,Professional Services,2004,10,391,543,.72007364,OH
Akron,Professional Services,2007,1,431,488,.88319671,OH
Akron,Professional Services,2007,5,437,557,.78456014,OH
Akron,Professional Services,2007,10,404,558,.72401434,OH
Akron,Professional Services,2010,1,546,638,.85579938,OH
Akron,Professional Services,2010,5,589,754,.78116709,OH
Akron,Professional Services,2010,10,538,764,.70418847,OH
Akron,Professional Services,2013,1,616,717,.85913527,OH
Akron,Professional Services,2013,5,668,875,.76342857,OH
Akron,Professional Services,2013,10,,,,OH
Akron,Professional Services,2016,1,742,855,.86783624,OH
Akron,Professional Services,2016,5,800,1030,.77669901,OH
Akron,Professional Services,2016,10,,,,OH
Akron,Professional Services,2019,1,751,883,.85050964,OH
Akron,Professional Services,2019,5,,,,OH
Akron,Professional Services,2019,10,,,,OH
Akron,Public Admin,2004,1,141,170,.82941175,OH
Akron,Public Admin,2004,5,189,234,.80769229,OH
Akron,Public Admin,2004,10,188,257,.73151749,OH
Akron,Public Admin,2007,1,108,124,.87096775,OH
Akron,Public Admin,2007,5,147,192,.765625,OH
Akron,Public Admin,2007,10,181,242,.74793386,OH
Akron,Public Admin,2010,1,140,170,.82352942,OH
Akron,Public Admin,2010,5,224,286,.78321677,OH
Akron,Public Admin,2010,10,232,310,.7483871,OH
Akron,Public Admin,2013,1,145,177,.81920904,OH
Akron,Public Admin,2013,5,237,296,.80067569,OH
Akron,Public Admin,2013,10,,,,OH
Akron,Public Admin,2016,1,135,164,.82317072,OH
Akron,Public Admin,2016,5,214,266,.80451125,OH
Akron,Public Admin,2016,10,,,,OH
Akron,Public Admin,2019,1,134,167,.80239522,OH
Akron,Public Admin,2019,5,,,,OH
Akron,Public Admin,2019,10,,,,OH
Akron,Real Estate,2004,1,54,61,.88524592,OH
Akron,Real Estate,2004,5,29,41,.70731705,OH
Akron,Real Estate,2004,10,24,30,.80000001,OH
Akron,Real Estate,2007,1,41,48,.85416669,OH
Akron,Real Estate,2007,5,41,44,.93181819,OH
Akron,Real Estate,2007,10,48,51,.94117647,OH
Akron,Real Estate,2010,1,53,56,.9464286,OH
Akron,Real Estate,2010,5,74,85,.87058824,OH
Akron,Real Estate,2010,10,60,69,.86956519,OH
Akron,Real Estate,2013,1,74,76,.97368419,OH
Akron,Real Estate,2013,5,55,65,.84615386,OH
Akron,Real Estate,2013,10,,,,OH
Akron,Real Estate,2016,1,49,52,.94230771,OH
Akron,Real Estate,2016,5,36,47,.76595747,OH
Akron,Real Estate,2016,10,,,,OH
Akron,Real Estate,2019,1,41,41,1,OH
Akron,Real Estate,2019,5,,,,OH
Akron,Real Estate,2019,10,,,,OH
Akron,Retail,2004,1,373,453,.82339954,OH
Akron,Retail,2004,5,194,317,.61198735,OH
Akron,Retail,2004,10,153,221,.69230771,OH
Akron,Retail,2007,1,338,406,.83251232,OH
Akron,Retail,2007,5,225,312,.72115386,OH
Akron,Retail,2007,10,181,248,.72983873,OH
Akron,Retail,2010,1,445,509,.87426329,OH
Akron,Retail,2010,5,273,388,.70360827,OH
Akron,Retail,2010,10,210,315,.66666669,OH
Akron,Retail,2013,1,412,507,.81262326,OH
Akron,Retail,2013,5,266,336,.79166669,OH
Akron,Retail,2013,10,,,,OH
Akron,Retail,2016,1,350,405,.86419755,OH
Akron,Retail,2016,5,263,358,.73463684,OH
Akron,Retail,2016,10,,,,OH
Akron,Retail,2019,1,296,352,.84090906,OH
Akron,Retail,2019,5,,,,OH
Akron,Retail,2019,10,,,,OH
Akron,Transportation,2004,1,89,100,.88999999,OH
Akron,Transportation,2004,5,71,81,.87654322,OH
Akron,Transportation,2004,10,59,67,.880597,OH
Akron,Transportation,2007,1,65,77,.84415585,OH
Akron,Transportation,2007,5,64,80,.80000001,OH
Akron,Transportation,2007,10,65,83,.78313255,OH
Akron,Transportation,2010,1,100,108,.92592591,OH
Akron,Transportation,2010,5,106,138,.76811594,OH
Akron,Transportation,2010,10,121,182,.66483516,OH
Akron,Transportation,2013,1,135,141,.95744681,OH
Akron,Transportation,2013,5,138,172,.80232561,OH
Akron,Transportation,2013,10,,,,OH
Akron,Transportation,2016,1,124,138,.89855075,OH
Akron,Transportation,2016,5,147,191,.76963353,OH
Akron,Transportation,2016,10,,,,OH
Akron,Transportation,2019,1,156,175,.89142859,OH
Akron,Transportation,2019,5,,,,OH
Akron,Transportation,2019,10,,,,OH
Akron,Utilities,2004,1,17,17,1,OH
Akron,Utilities,2004,5,16,17,.94117647,OH
Akron,Utilities,2004,10,19,19,1,OH
Akron,Utilities,2007,1,17,17,1,OH
Akron,Utilities,2007,5,29,34,.85294116,OH
Akron,Utilities,2007,10,30,30,1,OH
Akron,Utilities,2010,1,13,13,1,OH
Akron,Utilities,2010,5,27,27,1,OH
Akron,Utilities,2010,10,34,34,1,OH
Akron,Utilities,2013,1,19,19,1,OH
Akron,Utilities,2013,5,36,38,.94736844,OH
Akron,Utilities,2013,10,,,,OH
Akron,Utilities,2016,1,20,21,.95238096,OH
Akron,Utilities,2016,5,22,22,1,OH
Akron,Utilities,2016,10,,,,OH
Akron,Utilities,2019,1,14,14,1,OH
Akron,Utilities,2019,5,,,,OH
Akron,Utilities,2019,10,,,,OH
Akron,Wholesale,2004,1,141,181,.77900553,OH
Akron,Wholesale,2004,5,150,195,.76923078,OH
Akron,Wholesale,2004,10,163,210,.77619046,OH
Akron,Wholesale,2007,1,147,170,.86470586,OH
Akron,Wholesale,2007,5,189,245,.77142859,OH
Akron,Wholesale,2007,10,194,256,.7578125,OH
Akron,Wholesale,2010,1,212,254,.83464569,OH
Akron,Wholesale,2010,5,276,346,.79768789,OH
Akron,Wholesale,2010,10,324,401,.80798006,OH
Akron,Wholesale,2013,1,250,308,.8116883,OH
Akron,Wholesale,2013,5,293,367,.79836512,OH
Akron,Wholesale,2013,10,,,,OH
Akron,Wholesale,2016,1,224,273,.82051283,OH
Akron,Wholesale,2016,5,295,355,.8309859,OH
Akron,Wholesale,2016,10,,,,OH
Akron,Wholesale,2019,1,214,248,.86290324,OH
Akron,Wholesale,2019,5,,,,OH
Akron,Wholesale,2019,10,,,,OH
Bowling Green,Admin/Waste,2004,1,283,382,.74083769,OH
Bowling Green,Admin/Waste,2004,5,179,306,.58496732,OH
Bowling Green,Admin/Waste,2004,10,146,243,.60082304,OH
Bowling Green,Admin/Waste,2007,1,256,341,.75073314,OH
Bowling Green,Admin/Waste,2007,5,185,310,.59677422,OH
Bowling Green,Admin/Waste,2007,10,165,286,.57692307,OH
Bowling Green,Admin/Waste,2010,1,267,359,.74373257,OH
Bowling Green,Admin/Waste,2010,5,188,298,.63087249,OH
Bowling Green,Admin/Waste,2010,10,170,273,.62271065,OH
Bowling Green,Admin/Waste,2013,1,276,349,.79083097,OH
Bowling Green,Admin/Waste,2013,5,216,355,.60845071,OH
Bowling Green,Admin/Waste,2013,10,,,,OH
Bowling Green,Admin/Waste,2016,1,263,368,.71467394,OH
Bowling Green,Admin/Waste,2016,5,184,297,.61952859,OH
Bowling Green,Admin/Waste,2016,10,,,,OH
Bowling Green,Admin/Waste,2019,1,277,360,.76944447,OH
Bowling Green,Admin/Waste,2019,5,,,,OH
Bowling Green,Admin/Waste,2019,10,,,,OH
Bowling Green,Agriculture,2004,1,1,2,.5,OH
Bowling Green,Agriculture,2004,5,1,3,.33333334,OH
Bowling Green,Agriculture,2004,10,1,5,.2,OH
Bowling Green,Agriculture,2007,1,0,0,,OH
Bowling Green,Agriculture,2007,5,0,2,0,OH
Bowling Green,Agriculture,2007,10,2,8,.25,OH
Bowling Green,Agriculture,2010,1,3,4,.75,OH
Bowling Green,Agriculture,2010,5,5,7,.71428573,OH
Bowling Green,Agriculture,2010,10,5,7,.71428573,OH
Bowling Green,Agriculture,2013,1,4,6,.66666669,OH
Bowling Green,Agriculture,2013,5,9,9,1,OH
Bowling Green,Agriculture,2013,10,,,,OH
Bowling Green,Agriculture,2016,1,5,7,.71428573,OH
Bowling Green,Agriculture,2016,5,2,7,.2857143,OH
Bowling Green,Agriculture,2016,10,,,,OH
Bowling Green,Agriculture,2019,1,4,5,.80000001,OH
Bowling Green,Agriculture,2019,5,,,,OH
Bowling Green,Agriculture,2019,10,,,,OH
Bowling Green,Arts/Entertainment,2004,1,116,145,.80000001,OH
Bowling Green,Arts/Entertainment,2004,5,71,118,.60169494,OH
Bowling Green,Arts/Entertainment,2004,10,72,120,.60000002,OH
Bowling Green,Arts/Entertainment,2007,1,104,144,.72222221,OH
Bowling Green,Arts/Entertainment,2007,5,91,149,.61073828,OH
Bowling Green,Arts/Entertainment,2007,10,69,119,.57983196,OH
Bowling Green,Arts/Entertainment,2010,1,113,178,.63483149,OH
Bowling Green,Arts/Entertainment,2010,5,93,158,.58860761,OH
Bowling Green,Arts/Entertainment,2010,10,63,115,.54782611,OH
Bowling Green,Arts/Entertainment,2013,1,111,159,.6981132,OH
Bowling Green,Arts/Entertainment,2013,5,85,143,.59440559,OH
Bowling Green,Arts/Entertainment,2013,10,,,,OH
Bowling Green,Arts/Entertainment,2016,1,128,168,.76190478,OH
Bowling Green,Arts/Entertainment,2016,5,98,142,.69014084,OH
Bowling Green,Arts/Entertainment,2016,10,,,,OH
Bowling Green,Arts/Entertainment,2019,1,118,143,.82517481,OH
Bowling Green,Arts/Entertainment,2019,5,,,,OH
Bowling Green,Arts/Entertainment,2019,10,,,,OH
Bowling Green,Construction,2004,1,146,221,.6606335,OH
Bowling Green,Construction,2004,5,122,191,.63874346,OH
Bowling Green,Construction,2004,10,136,190,.7157895,OH
Bowling Green,Construction,2007,1,137,189,.7248677,OH
Bowling Green,Construction,2007,5,120,192,.625,OH
Bowling Green,Construction,2007,10,140,223,.62780267,OH
Bowling Green,Construction,2010,1,116,164,.70731705,OH
Bowling Green,Construction,2010,5,126,181,.6961326,OH
Bowling Green,Construction,2010,10,155,228,.67982459,OH
Bowling Green,Construction,2013,1,121,150,.80666667,OH
Bowling Green,Construction,2013,5,132,190,.69473684,OH
Bowling Green,Construction,2013,10,,,,OH
Bowling Green,Construction,2016,1,151,193,.78238344,OH
Bowling Green,Construction,2016,5,154,203,.75862068,OH
Bowling Green,Construction,2016,10,,,,OH
Bowling Green,Construction,2019,1,180,224,.8035714,OH
Bowling Green,Construction,2019,5,,,,OH
Bowling Green,Construction,2019,10,,,,OH
Bowling Green,Education,2004,1,1208,1707,.70767426,OH
Bowling Green,Education,2004,5,1378,2029,.67915231,OH
Bowling Green,Education,2004,10,1411,2057,.6859504,OH
Bowling Green,Education,2007,1,943,1332,.70795798,OH
Bowling Green,Education,2007,5,1328,1907,.69638175,OH
Bowling Green,Education,2007,10,1418,2001,.7086457,OH
Bowling Green,Education,2010,1,741,1027,.72151899,OH
Bowling Green,Education,2010,5,1098,1544,.71113992,OH
Bowling Green,Education,2010,10,1100,1522,.72273326,OH
Bowling Green,Education,2013,1,915,1212,.75495052,OH
Bowling Green,Education,2013,5,1176,1650,.71272725,OH
Bowling Green,Education,2013,10,,,,OH
Bowling Green,Education,2016,1,989,1290,.76666665,OH
Bowling Green,Education,2016,5,1174,1505,.78006643,OH
Bowling Green,Education,2016,10,,,,OH
Bowling Green,Education,2019,1,1005,1293,.77726215,OH
Bowling Green,Education,2019,5,,,,OH
Bowling Green,Education,2019,10,,,,OH
Bowling Green,Finance,2004,1,323,405,.79753089,OH
Bowling Green,Finance,2004,5,308,460,.6695652,OH
Bowling Green,Finance,2004,10,320,459,.69716775,OH
Bowling Green,Finance,2007,1,236,297,.79461277,OH
Bowling Green,Finance,2007,5,328,449,.73051226,OH
Bowling Green,Finance,2007,10,348,498,.6987952,OH
Bowling Green,Finance,2010,1,180,267,.67415732,OH
Bowling Green,Finance,2010,5,260,380,.68421054,OH
Bowling Green,Finance,2010,10,311,431,.7215777,OH
Bowling Green,Finance,2013,1,172,247,.6963563,OH
Bowling Green,Finance,2013,5,246,371,.66307276,OH
Bowling Green,Finance,2013,10,,,,OH
Bowling Green,Finance,2016,1,252,319,.78996867,OH
Bowling Green,Finance,2016,5,320,427,.7494145,OH
Bowling Green,Finance,2016,10,,,,OH
Bowling Green,Finance,2019,1,263,358,.73463684,OH
Bowling Green,Finance,2019,5,,,,OH
Bowling Green,Finance,2019,10,,,,OH
Bowling Green,Food/Hospitality,2004,1,369,477,.7735849,OH
Bowling Green,Food/Hospitality,2004,5,148,286,.51748252,OH
Bowling Green,Food/Hospitality,2004,10,95,196,.48469388,OH
Bowling Green,Food/Hospitality,2007,1,314,405,.77530867,OH
Bowling Green,Food/Hospitality,2007,5,180,292,.61643833,OH
Bowling Green,Food/Hospitality,2007,10,110,228,.48245615,OH
Bowling Green,Food/Hospitality,2010,1,293,404,.7252475,OH
Bowling Green,Food/Hospitality,2010,5,141,266,.53007519,OH
Bowling Green,Food/Hospitality,2010,10,89,180,.49444443,OH
Bowling Green,Food/Hospitality,2013,1,318,414,.76811594,OH
Bowling Green,Food/Hospitality,2013,5,169,306,.55228758,OH
Bowling Green,Food/Hospitality,2013,10,,,,OH
Bowling Green,Food/Hospitality,2016,1,324,429,.75524473,OH
Bowling Green,Food/Hospitality,2016,5,152,231,.65800864,OH
Bowling Green,Food/Hospitality,2016,10,,,,OH
Bowling Green,Food/Hospitality,2019,1,304,409,.7432763,OH
Bowling Green,Food/Hospitality,2019,5,,,,OH
Bowling Green,Food/Hospitality,2019,10,,,,OH
Bowling Green,Health Care,2004,1,749,915,.81857926,OH
Bowling Green,Health Care,2004,5,842,1134,.74250442,OH
Bowling Green,Health Care,2004,10,854,1200,.71166664,OH
Bowling Green,Health Care,2007,1,776,953,.81427073,OH
Bowling Green,Health Care,2007,5,981,1333,.73593396,OH
Bowling Green,Health Care,2007,10,879,1254,.70095694,OH
Bowling Green,Health Care,2010,1,691,861,.80255514,OH
Bowling Green,Health Care,2010,5,857,1194,.71775544,OH
Bowling Green,Health Care,2010,10,791,1089,.72635448,OH
Bowling Green,Health Care,2013,1,792,952,.83193278,OH
Bowling Green,Health Care,2013,5,929,1298,.71571648,OH
Bowling Green,Health Care,2013,10,,,,OH
Bowling Green,Health Care,2016,1,892,1091,.81759852,OH
Bowling Green,Health Care,2016,5,897,1210,.74132234,OH
Bowling Green,Health Care,2016,10,,,,OH
Bowling Green,Health Care,2019,1,884,1104,.80072463,OH
Bowling Green,Health Care,2019,5,,,,OH
Bowling Green,Health Care,2019,10,,,,OH
Bowling Green,Information,2004,1,165,244,.67622954,OH
Bowling Green,Information,2004,5,143,245,.58367348,OH
Bowling Green,Information,2004,10,131,231,.56709957,OH
Bowling Green,Information,2007,1,133,197,.67512691,OH
Bowling Green,Information,2007,5,141,233,.60515022,OH
Bowling Green,Information,2007,10,142,220,.64545453,OH
Bowling Green,Information,2010,1,130,183,.71038252,OH
Bowling Green,Information,2010,5,146,251,.58167332,OH
Bowling Green,Information,2010,10,141,234,.6025641,OH
Bowling Green,Information,2013,1,116,157,.73885351,OH
Bowling Green,Information,2013,5,150,238,.63025212,OH
Bowling Green,Information,2013,10,,,,OH
Bowling Green,Information,2016,1,108,135,.80000001,OH
Bowling Green,Information,2016,5,135,189,.71428573,OH
Bowling Green,Information,2016,10,,,,OH
Bowling Green,Information,2019,1,111,138,.80434781,OH
Bowling Green,Information,2019,5,,,,OH
Bowling Green,Information,2019,10,,,,OH
Bowling Green,Management,2004,1,103,132,.780303,OH
Bowling Green,Management,2004,5,135,183,.73770493,OH
Bowling Green,Management,2004,10,231,277,.83393502,OH
Bowling Green,Management,2007,1,96,105,.91428572,OH
Bowling Green,Management,2007,5,210,245,.85714287,OH
Bowling Green,Management,2007,10,276,342,.80701756,OH
Bowling Green,Management,2010,1,112,155,.72258067,OH
Bowling Green,Management,2010,5,205,256,.80078125,OH
Bowling Green,Management,2010,10,219,265,.82641512,OH
Bowling Green,Management,2013,1,162,172,.94186044,OH
Bowling Green,Management,2013,5,233,270,.86296296,OH
Bowling Green,Management,2013,10,,,,OH
Bowling Green,Management,2016,1,176,200,.88,OH
Bowling Green,Management,2016,5,186,216,.8611111,OH
Bowling Green,Management,2016,10,,,,OH
Bowling Green,Management,2019,1,186,224,.83035713,OH
Bowling Green,Management,2019,5,,,,OH
Bowling Green,Management,2019,10,,,,OH
Bowling Green,Manufacturing,2004,1,403,556,.72482014,OH
Bowling Green,Manufacturing,2004,5,427,621,.68760067,OH
Bowling Green,Manufacturing,2004,10,460,658,.69908816,OH
Bowling Green,Manufacturing,2007,1,302,435,.69425285,OH
Bowling Green,Manufacturing,2007,5,433,591,.73265654,OH
Bowling Green,Manufacturing,2007,10,446,626,.71246004,OH
Bowling Green,Manufacturing,2010,1,350,491,.71283096,OH
Bowling Green,Manufacturing,2010,5,439,593,.74030352,OH
Bowling Green,Manufacturing,2010,10,434,592,.7331081,OH
Bowling Green,Manufacturing,2013,1,354,459,.77124184,OH
Bowling Green,Manufacturing,2013,5,383,545,.70275229,OH
Bowling Green,Manufacturing,2013,10,,,,OH
Bowling Green,Manufacturing,2016,1,406,548,.7408759,OH
Bowling Green,Manufacturing,2016,5,431,578,.74567473,OH
Bowling Green,Manufacturing,2016,10,,,,OH
Bowling Green,Manufacturing,2019,1,417,570,.73157895,OH
Bowling Green,Manufacturing,2019,5,,,,OH
Bowling Green,Manufacturing,2019,10,,,,OH
Bowling Green,Mining,2004,1,18,24,.75,OH
Bowling Green,Mining,2004,5,9,22,.40909091,OH
Bowling Green,Mining,2004,10,5,11,.45454547,OH
Bowling Green,Mining,2007,1,15,18,.83333331,OH
Bowling Green,Mining,2007,5,13,24,.54166669,OH
Bowling Green,Mining,2007,10,2,10,.2,OH
Bowling Green,Mining,2010,1,8,10,.80000001,OH
Bowling Green,Mining,2010,5,8,11,.72727275,OH
Bowling Green,Mining,2010,10,0,4,0,OH
Bowling Green,Mining,2013,1,5,7,.71428573,OH
Bowling Green,Mining,2013,5,2,2,1,OH
Bowling Green,Mining,2013,10,,,,OH
Bowling Green,Mining,2016,1,3,3,1,OH
Bowling Green,Mining,2016,5,2,3,.66666669,OH
Bowling Green,Mining,2016,10,,,,OH
Bowling Green,Mining,2019,1,2,5,.40000001,OH
Bowling Green,Mining,2019,5,,,,OH
Bowling Green,Mining,2019,10,,,,OH
Bowling Green,Other Services,2004,1,98,130,.75384617,OH
Bowling Green,Other Services,2004,5,95,143,.66433567,OH
Bowling Green,Other Services,2004,10,98,141,.69503546,OH
Bowling Green,Other Services,2007,1,92,115,.80000001,OH
Bowling Green,Other Services,2007,5,100,150,.66666669,OH
Bowling Green,Other Services,2007,10,97,134,.72388059,OH
Bowling Green,Other Services,2010,1,75,112,.66964287,OH
Bowling Green,Other Services,2010,5,90,140,.64285713,OH
Bowling Green,Other Services,2010,10,61,99,.61616164,OH
Bowling Green,Other Services,2013,1,89,134,.66417909,OH
Bowling Green,Other Services,2013,5,92,148,.62162161,OH
Bowling Green,Other Services,2013,10,,,,OH
Bowling Green,Other Services,2016,1,80,100,.80000001,OH
Bowling Green,Other Services,2016,5,100,128,.78125,OH
Bowling Green,Other Services,2016,10,,,,OH
Bowling Green,Other Services,2019,1,98,115,.85217392,OH
Bowling Green,Other Services,2019,5,,,,OH
Bowling Green,Other Services,2019,10,,,,OH
Bowling Green,Professional Services,2004,1,471,637,.73940343,OH
Bowling Green,Professional Services,2004,5,468,731,.64021885,OH
Bowling Green,Professional Services,2004,10,415,694,.5979827,OH
Bowling Green,Professional Services,2007,1,363,500,.72600001,OH
Bowling Green,Professional Services,2007,5,432,712,.60674155,OH
Bowling Green,Professional Services,2007,10,421,723,.58229601,OH
Bowling Green,Professional Services,2010,1,372,554,.67148012,OH
Bowling Green,Professional Services,2010,5,399,681,.58590311,OH
Bowling Green,Professional Services,2010,10,355,646,.54953563,OH
Bowling Green,Professional Services,2013,1,354,508,.69685042,OH
Bowling Green,Professional Services,2013,5,414,664,.62349397,OH
Bowling Green,Professional Services,2013,10,,,,OH
Bowling Green,Professional Services,2016,1,389,542,.71771216,OH
Bowling Green,Professional Services,2016,5,490,712,.68820226,OH
Bowling Green,Professional Services,2016,10,,,,OH
Bowling Green,Professional Services,2019,1,415,598,.69397992,OH
Bowling Green,Professional Services,2019,5,,,,OH
Bowling Green,Professional Services,2019,10,,,,OH
Bowling Green,Public Admin,2004,1,145,194,.7474227,OH
Bowling Green,Public Admin,2004,5,185,291,.63573885,OH
Bowling Green,Public Admin,2004,10,199,304,.65460527,OH
Bowling Green,Public Admin,2007,1,122,162,.75308645,OH
Bowling Green,Public Admin,2007,5,184,276,.66666669,OH
Bowling Green,Public Admin,2007,10,232,324,.71604937,OH
Bowling Green,Public Admin,2010,1,88,142,.61971831,OH
Bowling Green,Public Admin,2010,5,184,256,.71875,OH
Bowling Green,Public Admin,2010,10,191,276,.692029,OH
Bowling Green,Public Admin,2013,1,126,168,.75,OH
Bowling Green,Public Admin,2013,5,197,280,.70357144,OH
Bowling Green,Public Admin,2013,10,,,,OH
Bowling Green,Public Admin,2016,1,150,206,.72815531,OH
Bowling Green,Public Admin,2016,5,192,254,.75590551,OH
Bowling Green,Public Admin,2016,10,,,,OH
Bowling Green,Public Admin,2019,1,170,234,.72649574,OH
Bowling Green,Public Admin,2019,5,,,,OH
Bowling Green,Public Admin,2019,10,,,,OH
Bowling Green,Real Estate,2004,1,114,130,.87692308,OH
Bowling Green,Real Estate,2004,5,69,88,.78409094,OH
Bowling Green,Real Estate,2004,10,51,67,.76119405,OH
Bowling Green,Real Estate,2007,1,70,84,.83333331,OH
Bowling Green,Real Estate,2007,5,65,92,.70652175,OH
Bowling Green,Real Estate,2007,10,61,82,.74390244,OH
Bowling Green,Real Estate,2010,1,63,78,.80769229,OH
Bowling Green,Real Estate,2010,5,65,90,.72222221,OH
Bowling Green,Real Estate,2010,10,44,68,.64705884,OH
Bowling Green,Real Estate,2013,1,71,85,.83529413,OH
Bowling Green,Real Estate,2013,5,52,67,.77611941,OH
Bowling Green,Real Estate,2013,10,,,,OH
Bowling Green,Real Estate,2016,1,71,88,.80681819,OH
Bowling Green,Real Estate,2016,5,57,69,.82608694,OH
Bowling Green,Real Estate,2016,10,,,,OH
Bowling Green,Real Estate,2019,1,65,81,.80246913,OH
Bowling Green,Real Estate,2019,5,,,,OH
Bowling Green,Real Estate,2019,10,,,,OH
Bowling Green,Retail,2004,1,533,697,.7647059,OH
Bowling Green,Retail,2004,5,320,477,.67085952,OH
Bowling Green,Retail,2004,10,222,375,.59200001,OH
Bowling Green,Retail,2007,1,464,593,.78246206,OH
Bowling Green,Retail,2007,5,322,533,.60412759,OH
Bowling Green,Retail,2007,10,220,396,.55555558,OH
Bowling Green,Retail,2010,1,391,547,.71480805,OH
Bowling Green,Retail,2010,5,282,435,.64827585,OH
Bowling Green,Retail,2010,10,189,329,.57446808,OH
Bowling Green,Retail,2013,1,405,572,.70804197,OH
Bowling Green,Retail,2013,5,263,440,.5977273,OH
Bowling Green,Retail,2013,10,,,,OH
Bowling Green,Retail,2016,1,400,528,.75757575,OH
Bowling Green,Retail,2016,5,241,385,.625974,OH
Bowling Green,Retail,2016,10,,,,OH
Bowling Green,Retail,2019,1,410,535,.76635516,OH
Bowling Green,Retail,2019,5,,,,OH
Bowling Green,Retail,2019,10,,,,OH
Bowling Green,Transportation,2004,1,123,156,.78846157,OH
Bowling Green,Transportation,2004,5,115,164,.7012195,OH
Bowling Green,Transportation,2004,10,108,153,.70588237,OH
Bowling Green,Transportation,2007,1,116,140,.82857144,OH
Bowling Green,Transportation,2007,5,114,168,.6785714,OH
Bowling Green,Transportation,2007,10,104,170,.61176473,OH
Bowling Green,Transportation,2010,1,86,120,.71666664,OH
Bowling Green,Transportation,2010,5,121,188,.64361703,OH
Bowling Green,Transportation,2010,10,155,214,.72429907,OH
Bowling Green,Transportation,2013,1,85,123,.69105691,OH
Bowling Green,Transportation,2013,5,137,203,.67487687,OH
Bowling Green,Transportation,2013,10,,,,OH
Bowling Green,Transportation,2016,1,144,198,.72727275,OH
Bowling Green,Transportation,2016,5,141,207,.68115944,OH
Bowling Green,Transportation,2016,10,,,,OH
Bowling Green,Transportation,2019,1,233,309,.75404531,OH
Bowling Green,Transportation,2019,5,,,,OH
Bowling Green,Transportation,2019,10,,,,OH
Bowling Green,Utilities,2004,1,5,10,.5,OH
Bowling Green,Utilities,2004,5,10,11,.90909094,OH
Bowling Green,Utilities,2004,10,19,21,.90476191,OH
Bowling Green,Utilities,2007,1,10,10,1,OH
Bowling Green,Utilities,2007,5,21,22,.95454544,OH
Bowling Green,Utilities,2007,10,14,20,.69999999,OH
Bowling Green,Utilities,2010,1,6,7,.85714287,OH
Bowling Green,Utilities,2010,5,21,22,.95454544,OH
Bowling Green,Utilities,2010,10,19,19,1,OH
Bowling Green,Utilities,2013,1,14,16,.875,OH
Bowling Green,Utilities,2013,5,17,17,1,OH
Bowling Green,Utilities,2013,10,,,,OH
Bowling Green,Utilities,2016,1,12,13,.92307693,OH
Bowling Green,Utilities,2016,5,13,13,1,OH
Bowling Green,Utilities,2016,10,,,,OH
Bowling Green,Utilities,2019,1,15,19,.78947371,OH
Bowling Green,Utilities,2019,5,,,,OH
Bowling Green,Utilities,2019,10,,,,OH
Bowling Green,Wholesale,2004,1,199,275,.72363639,OH
Bowling Green,Wholesale,2004,5,217,308,.70454544,OH
Bowling Green,Wholesale,2004,10,239,354,.67514122,OH
Bowling Green,Wholesale,2007,1,161,213,.75586855,OH
Bowling Green,Wholesale,2007,5,217,352,.61647725,OH
Bowling Green,Wholesale,2007,10,240,360,.66666669,OH
Bowling Green,Wholesale,2010,1,121,181,.66850829,OH
Bowling Green,Wholesale,2010,5,185,290,.63793105,OH
Bowling Green,Wholesale,2010,10,195,295,.66101694,OH
Bowling Green,Wholesale,2013,1,148,210,.70476192,OH
Bowling Green,Wholesale,2013,5,192,280,.6857143,OH
Bowling Green,Wholesale,2013,10,,,,OH
Bowling Green,Wholesale,2016,1,151,207,.72946858,OH
Bowling Green,Wholesale,2016,5,216,289,.74740487,OH
Bowling Green,Wholesale,2016,10,,,,OH
Bowling Green,Wholesale,2019,1,162,218,.74311924,OH
Bowling Green,Wholesale,2019,5,,,,OH
Bowling Green,Wholesale,2019,10,,,,OH
Central State,Admin/Waste,2004,1,15,34,.44117647,OH
Central State,Admin/Waste,2004,5,8,16,.5,OH
Central State,Admin/Waste,2004,10,9,24,.375,OH
Central State,Admin/Waste,2007,1,17,31,.54838711,OH
Central State,Admin/Waste,2007,5,22,26,.84615386,OH
Central State,Admin/Waste,2007,10,13,31,.41935483,OH
Central State,Admin/Waste,2010,1,45,83,.54216868,OH
Central State,Admin/Waste,2010,5,26,86,.30232558,OH
Central State,Admin/Waste,2010,10,8,61,.13114753,OH
Central State,Admin/Waste,2013,1,43,62,.69354838,OH
Central State,Admin/Waste,2013,5,16,35,.45714286,OH
Central State,Admin/Waste,2013,10,,,,OH
Central State,Admin/Waste,2016,1,38,64,.59375,OH
Central State,Admin/Waste,2016,5,12,43,.27906978,OH
Central State,Admin/Waste,2016,10,,,,OH
Central State,Admin/Waste,2019,1,32,61,.52459013,OH
Central State,Admin/Waste,2019,5,,,,OH
Central State,Admin/Waste,2019,10,,,,OH
Central State,Agriculture,2004,1,4,6,.66666669,OH
Central State,Agriculture,2004,5,2,5,.40000001,OH
Central State,Agriculture,2004,10,0,0,,OH
Central State,Agriculture,2007,1,0,0,,OH
Central State,Agriculture,2007,5,1,1,1,OH
Central State,Agriculture,2007,10,0,1,0,OH
Central State,Agriculture,2010,1,0,0,,OH
Central State,Agriculture,2010,5,4,4,1,OH
Central State,Agriculture,2010,10,0,1,0,OH
Central State,Agriculture,2013,1,0,1,0,OH
Central State,Agriculture,2013,5,0,1,0,OH
Central State,Agriculture,2013,10,,,,OH
Central State,Agriculture,2016,1,1,1,1,OH
Central State,Agriculture,2016,5,1,1,1,OH
Central State,Agriculture,2016,10,,,,OH
Central State,Agriculture,2019,1,0,1,0,OH
Central State,Agriculture,2019,5,,,,OH
Central State,Agriculture,2019,10,,,,OH
Central State,Arts/Entertainment,2004,1,2,8,.25,OH
Central State,Arts/Entertainment,2004,5,1,4,.25,OH
Central State,Arts/Entertainment,2004,10,3,5,.60000002,OH
Central State,Arts/Entertainment,2007,1,4,4,1,OH
Central State,Arts/Entertainment,2007,5,4,5,.80000001,OH
Central State,Arts/Entertainment,2007,10,4,11,.36363637,OH
Central State,Arts/Entertainment,2010,1,3,12,.25,OH
Central State,Arts/Entertainment,2010,5,6,10,.60000002,OH
Central State,Arts/Entertainment,2010,10,5,9,.55555558,OH
Central State,Arts/Entertainment,2013,1,1,9,.11111111,OH
Central State,Arts/Entertainment,2013,5,1,3,.33333334,OH
Central State,Arts/Entertainment,2013,10,,,,OH
Central State,Arts/Entertainment,2016,1,4,11,.36363637,OH
Central State,Arts/Entertainment,2016,5,5,9,.55555558,OH
Central State,Arts/Entertainment,2016,10,,,,OH
Central State,Arts/Entertainment,2019,1,1,4,.25,OH
Central State,Arts/Entertainment,2019,5,,,,OH
Central State,Arts/Entertainment,2019,10,,,,OH
Central State,Construction,2004,1,2,4,.5,OH
Central State,Construction,2004,5,3,6,.5,OH
Central State,Construction,2004,10,1,8,.125,OH
Central State,Construction,2007,1,2,3,.66666669,OH
Central State,Construction,2007,5,1,1,1,OH
Central State,Construction,2007,10,4,9,.44444445,OH
Central State,Construction,2010,1,5,17,.29411766,OH
Central State,Construction,2010,5,3,19,.15789473,OH
Central State,Construction,2010,10,3,13,.23076923,OH
Central State,Construction,2013,1,2,10,.2,OH
Central State,Construction,2013,5,2,11,.18181819,OH
Central State,Construction,2013,10,,,,OH
Central State,Construction,2016,1,3,21,.14285715,OH
Central State,Construction,2016,5,2,10,.2,OH
Central State,Construction,2016,10,,,,OH
Central State,Construction,2019,1,2,15,.13333334,OH
Central State,Construction,2019,5,,,,OH
Central State,Construction,2019,10,,,,OH
Central State,Education,2004,1,36,48,.75,OH
Central State,Education,2004,5,43,67,.64179105,OH
Central State,Education,2004,10,38,68,.55882353,OH
Central State,Education,2007,1,30,45,.66666669,OH
Central State,Education,2007,5,43,68,.63235295,OH
Central State,Education,2007,10,39,78,.5,OH
Central State,Education,2010,1,48,77,.62337661,OH
Central State,Education,2010,5,63,140,.44999999,OH
Central State,Education,2010,10,74,131,.5648855,OH
Central State,Education,2013,1,57,80,.71249998,OH
Central State,Education,2013,5,78,104,.75,OH
Central State,Education,2013,10,,,,OH
Central State,Education,2016,1,34,60,.56666666,OH
Central State,Education,2016,5,43,95,.45263159,OH
Central State,Education,2016,10,,,,OH
Central State,Education,2019,1,36,68,.52941179,OH
Central State,Education,2019,5,,,,OH
Central State,Education,2019,10,,,,OH
Central State,Finance,2004,1,15,21,.71428573,OH
Central State,Finance,2004,5,13,19,.68421054,OH
Central State,Finance,2004,10,16,35,.45714286,OH
Central State,Finance,2007,1,12,25,.47999999,OH
Central State,Finance,2007,5,20,23,.86956519,OH
Central State,Finance,2007,10,13,29,.44827586,OH
Central State,Finance,2010,1,30,55,.54545456,OH
Central State,Finance,2010,5,26,61,.42622951,OH
Central State,Finance,2010,10,17,55,.30909091,OH
Central State,Finance,2013,1,24,38,.63157892,OH
Central State,Finance,2013,5,15,34,.44117647,OH
Central State,Finance,2013,10,,,,OH
Central State,Finance,2016,1,25,52,.48076922,OH
Central State,Finance,2016,5,16,44,.36363637,OH
Central State,Finance,2016,10,,,,OH
Central State,Finance,2019,1,20,34,.58823532,OH
Central State,Finance,2019,5,,,,OH
Central State,Finance,2019,10,,,,OH
Central State,Food/Hospitality,2004,1,4,16,.25,OH
Central State,Food/Hospitality,2004,5,3,6,.5,OH
Central State,Food/Hospitality,2004,10,3,20,.15000001,OH
Central State,Food/Hospitality,2007,1,8,18,.44444445,OH
Central State,Food/Hospitality,2007,5,7,17,.41176471,OH
Central State,Food/Hospitality,2007,10,3,24,.125,OH
Central State,Food/Hospitality,2010,1,10,35,.2857143,OH
Central State,Food/Hospitality,2010,5,10,42,.23809524,OH
Central State,Food/Hospitality,2010,10,6,35,.17142858,OH
Central State,Food/Hospitality,2013,1,12,28,.42857143,OH
Central State,Food/Hospitality,2013,5,12,25,.47999999,OH
Central State,Food/Hospitality,2013,10,,,,OH
Central State,Food/Hospitality,2016,1,12,32,.375,OH
Central State,Food/Hospitality,2016,5,4,17,.23529412,OH
Central State,Food/Hospitality,2016,10,,,,OH
Central State,Food/Hospitality,2019,1,12,23,.52173913,OH
Central State,Food/Hospitality,2019,5,,,,OH
Central State,Food/Hospitality,2019,10,,,,OH
Central State,Health Care,2004,1,23,60,.38333333,OH
Central State,Health Care,2004,5,20,45,.44444445,OH
Central State,Health Care,2004,10,24,54,.44444445,OH
Central State,Health Care,2007,1,38,59,.64406782,OH
Central State,Health Care,2007,5,55,80,.6875,OH
Central State,Health Care,2007,10,40,96,.41666666,OH
Central State,Health Care,2010,1,45,98,.45918366,OH
Central State,Health Care,2010,5,58,108,.53703701,OH
Central State,Health Care,2010,10,40,102,.39215687,OH
Central State,Health Care,2013,1,66,100,.66000003,OH
Central State,Health Care,2013,5,71,118,.60169494,OH
Central State,Health Care,2013,10,,,,OH
Central State,Health Care,2016,1,56,113,.49557522,OH
Central State,Health Care,2016,5,59,142,.41549295,OH
Central State,Health Care,2016,10,,,,OH
Central State,Health Care,2019,1,45,95,.47368422,OH
Central State,Health Care,2019,5,,,,OH
Central State,Health Care,2019,10,,,,OH
Central State,Information,2004,1,7,9,.77777779,OH
Central State,Information,2004,5,3,5,.60000002,OH
Central State,Information,2004,10,1,5,.2,OH
Central State,Information,2007,1,7,8,.875,OH
Central State,Information,2007,5,2,2,1,OH
Central State,Information,2007,10,4,7,.5714286,OH
Central State,Information,2010,1,5,10,.5,OH
Central State,Information,2010,5,5,8,.625,OH
Central State,Information,2010,10,1,13,.07692308,OH
Central State,Information,2013,1,8,19,.42105263,OH
Central State,Information,2013,5,9,18,.5,OH
Central State,Information,2013,10,,,,OH
Central State,Information,2016,1,10,12,.83333331,OH
Central State,Information,2016,5,3,6,.5,OH
Central State,Information,2016,10,,,,OH
Central State,Information,2019,1,3,7,.42857143,OH
Central State,Information,2019,5,,,,OH
Central State,Information,2019,10,,,,OH
Central State,Management,2004,1,4,9,.44444445,OH
Central State,Management,2004,5,2,2,1,OH
Central State,Management,2004,10,3,3,1,OH
Central State,Management,2007,1,3,6,.5,OH
Central State,Management,2007,5,3,3,1,OH
Central State,Management,2007,10,3,10,.30000001,OH
Central State,Management,2010,1,4,10,.40000001,OH
Central State,Management,2010,5,11,12,.91666669,OH
Central State,Management,2010,10,2,7,.2857143,OH
Central State,Management,2013,1,7,10,.69999999,OH
Central State,Management,2013,5,4,9,.44444445,OH
Central State,Management,2013,10,,,,OH
Central State,Management,2016,1,9,12,.75,OH
Central State,Management,2016,5,3,9,.33333334,OH
Central State,Management,2016,10,,,,OH
Central State,Management,2019,1,5,19,.2631579,OH
Central State,Management,2019,5,,,,OH
Central State,Management,2019,10,,,,OH
Central State,Manufacturing,2004,1,8,22,.36363637,OH
Central State,Manufacturing,2004,5,8,19,.42105263,OH
Central State,Manufacturing,2004,10,7,20,.34999999,OH
Central State,Manufacturing,2007,1,4,12,.33333334,OH
Central State,Manufacturing,2007,5,8,13,.61538464,OH
Central State,Manufacturing,2007,10,11,30,.36666667,OH
Central State,Manufacturing,2010,1,7,21,.33333334,OH
Central State,Manufacturing,2010,5,19,37,.51351351,OH
Central State,Manufacturing,2010,10,18,41,.43902439,OH
Central State,Manufacturing,2013,1,11,28,.39285713,OH
Central State,Manufacturing,2013,5,15,42,.35714287,OH
Central State,Manufacturing,2013,10,,,,OH
Central State,Manufacturing,2016,1,17,53,.32075471,OH
Central State,Manufacturing,2016,5,15,44,.34090909,OH
Central State,Manufacturing,2016,10,,,,OH
Central State,Manufacturing,2019,1,7,28,.25,OH
Central State,Manufacturing,2019,5,,,,OH
Central State,Manufacturing,2019,10,,,,OH
Central State,Mining,2004,1,2,7,.2857143,OH
Central State,Mining,2004,5,1,2,.5,OH
Central State,Mining,2004,10,0,0,,OH
Central State,Mining,2007,1,0,0,,OH
Central State,Mining,2007,5,0,0,,OH
Central State,Mining,2007,10,0,4,0,OH
Central State,Mining,2010,1,8,12,.66666669,OH
Central State,Mining,2010,5,1,3,.33333334,OH
Central State,Mining,2010,10,1,5,.2,OH
Central State,Mining,2013,1,2,2,1,OH
Central State,Mining,2013,5,0,0,,OH
Central State,Mining,2013,10,,,,OH
Central State,Mining,2016,1,1,2,.5,OH
Central State,Mining,2016,5,1,1,1,OH
Central State,Mining,2016,10,,,,OH
Central State,Mining,2019,1,3,3,1,OH
Central State,Mining,2019,5,,,,OH
Central State,Mining,2019,10,,,,OH
Central State,Other Services,2004,1,3,8,.375,OH
Central State,Other Services,2004,5,2,2,1,OH
Central State,Other Services,2004,10,6,19,.31578946,OH
Central State,Other Services,2007,1,4,8,.5,OH
Central State,Other Services,2007,5,1,3,.33333334,OH
Central State,Other Services,2007,10,9,21,.42857143,OH
Central State,Other Services,2010,1,4,28,.14285715,OH
Central State,Other Services,2010,5,7,31,.22580644,OH
Central State,Other Services,2010,10,9,36,.25,OH
Central State,Other Services,2013,1,6,8,.75,OH
Central State,Other Services,2013,5,6,23,.26086956,OH
Central State,Other Services,2013,10,,,,OH
Central State,Other Services,2016,1,3,16,.1875,OH
Central State,Other Services,2016,5,8,22,.36363637,OH
Central State,Other Services,2016,10,,,,OH
Central State,Other Services,2019,1,5,11,.45454547,OH
Central State,Other Services,2019,5,,,,OH
Central State,Other Services,2019,10,,,,OH
Central State,Professional Services,2004,1,7,22,.31818181,OH
Central State,Professional Services,2004,5,6,11,.54545456,OH
Central State,Professional Services,2004,10,6,22,.27272728,OH
Central State,Professional Services,2007,1,7,13,.53846157,OH
Central State,Professional Services,2007,5,10,15,.66666669,OH
Central State,Professional Services,2007,10,7,28,.25,OH
Central State,Professional Services,2010,1,9,33,.27272728,OH
Central State,Professional Services,2010,5,11,27,.4074074,OH
Central State,Professional Services,2010,10,6,25,.23999999,OH
Central State,Professional Services,2013,1,5,12,.41666666,OH
Central State,Professional Services,2013,5,13,29,.44827586,OH
Central State,Professional Services,2013,10,,,,OH
Central State,Professional Services,2016,1,14,31,.45161289,OH
Central State,Professional Services,2016,5,8,50,.16,OH
Central State,Professional Services,2016,10,,,,OH
Central State,Professional Services,2019,1,17,36,.47222221,OH
Central State,Professional Services,2019,5,,,,OH
Central State,Professional Services,2019,10,,,,OH
Central State,Public Admin,2004,1,10,15,.66666669,OH
Central State,Public Admin,2004,5,13,14,.9285714,OH
Central State,Public Admin,2004,10,20,29,.68965518,OH
Central State,Public Admin,2007,1,3,7,.42857143,OH
Central State,Public Admin,2007,5,12,14,.85714287,OH
Central State,Public Admin,2007,10,12,21,.5714286,OH
Central State,Public Admin,2010,1,10,14,.71428573,OH
Central State,Public Admin,2010,5,16,45,.35555556,OH
Central State,Public Admin,2010,10,18,32,.5625,OH
Central State,Public Admin,2013,1,16,19,.84210527,OH
Central State,Public Admin,2013,5,19,28,.6785714,OH
Central State,Public Admin,2013,10,,,,OH
Central State,Public Admin,2016,1,21,32,.65625,OH
Central State,Public Admin,2016,5,16,33,.4848485,OH
Central State,Public Admin,2016,10,,,,OH
Central State,Public Admin,2019,1,18,52,.34615386,OH
Central State,Public Admin,2019,5,,,,OH
Central State,Public Admin,2019,10,,,,OH
Central State,Real Estate,2004,1,2,5,.40000001,OH
Central State,Real Estate,2004,5,5,6,.83333331,OH
Central State,Real Estate,2004,10,0,8,0,OH
Central State,Real Estate,2007,1,7,8,.875,OH
Central State,Real Estate,2007,5,6,7,.85714287,OH
Central State,Real Estate,2007,10,8,14,.5714286,OH
Central State,Real Estate,2010,1,9,19,.47368422,OH
Central State,Real Estate,2010,5,12,24,.5,OH
Central State,Real Estate,2010,10,7,20,.34999999,OH
Central State,Real Estate,2013,1,14,28,.5,OH
Central State,Real Estate,2013,5,10,15,.66666669,OH
Central State,Real Estate,2013,10,,,,OH
Central State,Real Estate,2016,1,9,20,.44999999,OH
Central State,Real Estate,2016,5,6,13,.46153846,OH
Central State,Real Estate,2016,10,,,,OH
Central State,Real Estate,2019,1,9,12,.75,OH
Central State,Real Estate,2019,5,,,,OH
Central State,Real Estate,2019,10,,,,OH
Central State,Retail,2004,1,30,59,.50847459,OH
Central State,Retail,2004,5,21,30,.69999999,OH
Central State,Retail,2004,10,14,36,.3888889,OH
Central State,Retail,2007,1,16,38,.42105263,OH
Central State,Retail,2007,5,12,27,.44444445,OH
Central State,Retail,2007,10,13,33,.39393941,OH
Central State,Retail,2010,1,31,62,.5,OH
Central State,Retail,2010,5,26,63,.41269842,OH
Central State,Retail,2010,10,11,33,.33333334,OH
Central State,Retail,2013,1,28,63,.44444445,OH
Central State,Retail,2013,5,21,39,.53846157,OH
Central State,Retail,2013,10,,,,OH
Central State,Retail,2016,1,23,53,.43396226,OH
Central State,Retail,2016,5,7,35,.2,OH
Central State,Retail,2016,10,,,,OH
Central State,Retail,2019,1,22,49,.44897959,OH
Central State,Retail,2019,5,,,,OH
Central State,Retail,2019,10,,,,OH
Central State,Transportation,2004,1,0,4,0,OH
Central State,Transportation,2004,5,2,2,1,OH
Central State,Transportation,2004,10,4,8,.5,OH
Central State,Transportation,2007,1,12,14,.85714287,OH
Central State,Transportation,2007,5,6,7,.85714287,OH
Central State,Transportation,2007,10,5,14,.35714287,OH
Central State,Transportation,2010,1,3,16,.1875,OH
Central State,Transportation,2010,5,19,33,.57575756,OH
Central State,Transportation,2010,10,14,29,.48275861,OH
Central State,Transportation,2013,1,2,4,.5,OH
Central State,Transportation,2013,5,8,21,.38095239,OH
Central State,Transportation,2013,10,,,,OH
Central State,Transportation,2016,1,5,17,.29411766,OH
Central State,Transportation,2016,5,7,23,.30434781,OH
Central State,Transportation,2016,10,,,,OH
Central State,Transportation,2019,1,14,25,.56,OH
Central State,Transportation,2019,5,,,,OH
Central State,Transportation,2019,10,,,,OH
Central State,Utilities,2004,1,2,2,1,OH
Central State,Utilities,2004,5,0,0,,OH
Central State,Utilities,2004,10,0,1,0,OH
Central State,Utilities,2007,1,2,2,1,OH
Central State,Utilities,2007,5,0,0,,OH
Central State,Utilities,2007,10,1,1,1,OH
Central State,Utilities,2010,1,3,3,1,OH
Central State,Utilities,2010,5,1,4,.25,OH
Central State,Utilities,2010,10,2,3,.66666669,OH
Central State,Utilities,2013,1,1,2,.5,OH
Central State,Utilities,2013,5,4,5,.80000001,OH
Central State,Utilities,2013,10,,,,OH
Central State,Utilities,2016,1,3,4,.75,OH
Central State,Utilities,2016,5,5,6,.83333331,OH
Central State,Utilities,2016,10,,,,OH
Central State,Utilities,2019,1,1,1,1,OH
Central State,Utilities,2019,5,,,,OH
Central State,Utilities,2019,10,,,,OH
Central State,Wholesale,2004,1,3,4,.75,OH
Central State,Wholesale,2004,5,2,2,1,OH
Central State,Wholesale,2004,10,4,10,.40000001,OH
Central State,Wholesale,2007,1,4,11,.36363637,OH
Central State,Wholesale,2007,5,1,2,.5,OH
Central State,Wholesale,2007,10,3,11,.27272728,OH
Central State,Wholesale,2010,1,6,27,.22222222,OH
Central State,Wholesale,2010,5,4,20,.2,OH
Central State,Wholesale,2010,10,5,19,.2631579,OH
Central State,Wholesale,2013,1,5,12,.41666666,OH
Central State,Wholesale,2013,5,7,12,.58333331,OH
Central State,Wholesale,2013,10,,,,OH
Central State,Wholesale,2016,1,10,14,.71428573,OH
Central State,Wholesale,2016,5,9,20,.44999999,OH
Central State,Wholesale,2016,10,,,,OH
Central State,Wholesale,2019,1,8,11,.72727275,OH
Central State,Wholesale,2019,5,,,,OH
Central State,Wholesale,2019,10,,,,OH
Cincinnati,Admin/Waste,2004,1,278,364,.76373625,OH
Cincinnati,Admin/Waste,2004,5,158,250,.63200003,OH
Cincinnati,Admin/Waste,2004,10,172,270,.63703704,OH
Cincinnati,Admin/Waste,2007,1,269,369,.72899729,OH
Cincinnati,Admin/Waste,2007,5,216,329,.65653497,OH
Cincinnati,Admin/Waste,2007,10,183,324,.56481481,OH
Cincinnati,Admin/Waste,2010,1,398,565,.7044248,OH
Cincinnati,Admin/Waste,2010,5,304,452,.67256635,OH
Cincinnati,Admin/Waste,2010,10,216,380,.56842107,OH
Cincinnati,Admin/Waste,2013,1,462,627,.7368421,OH
Cincinnati,Admin/Waste,2013,5,303,527,.57495254,OH
Cincinnati,Admin/Waste,2013,10,,,,OH
Cincinnati,Admin/Waste,2016,1,505,707,.71428573,OH
Cincinnati,Admin/Waste,2016,5,404,688,.58720928,OH
Cincinnati,Admin/Waste,2016,10,,,,OH
Cincinnati,Admin/Waste,2019,1,450,686,.65597665,OH
Cincinnati,Admin/Waste,2019,5,,,,OH
Cincinnati,Admin/Waste,2019,10,,,,OH
Cincinnati,Agriculture,2004,1,6,8,.75,OH
Cincinnati,Agriculture,2004,5,3,3,1,OH
Cincinnati,Agriculture,2004,10,5,5,1,OH
Cincinnati,Agriculture,2007,1,5,8,.625,OH
Cincinnati,Agriculture,2007,5,4,4,1,OH
Cincinnati,Agriculture,2007,10,6,12,.5,OH
Cincinnati,Agriculture,2010,1,4,8,.5,OH
Cincinnati,Agriculture,2010,5,5,7,.71428573,OH
Cincinnati,Agriculture,2010,10,4,5,.80000001,OH
Cincinnati,Agriculture,2013,1,4,4,1,OH
Cincinnati,Agriculture,2013,5,7,10,.69999999,OH
Cincinnati,Agriculture,2013,10,,,,OH
Cincinnati,Agriculture,2016,1,2,5,.40000001,OH
Cincinnati,Agriculture,2016,5,6,7,.85714287,OH
Cincinnati,Agriculture,2016,10,,,,OH
Cincinnati,Agriculture,2019,1,7,10,.69999999,OH
Cincinnati,Agriculture,2019,5,,,,OH
Cincinnati,Agriculture,2019,10,,,,OH
Cincinnati,Arts/Entertainment,2004,1,61,112,.54464287,OH
Cincinnati,Arts/Entertainment,2004,5,42,91,.46153846,OH
Cincinnati,Arts/Entertainment,2004,10,36,101,.35643566,OH
Cincinnati,Arts/Entertainment,2007,1,77,116,.66379309,OH
Cincinnati,Arts/Entertainment,2007,5,71,109,.65137613,OH
Cincinnati,Arts/Entertainment,2007,10,78,131,.59541982,OH
Cincinnati,Arts/Entertainment,2010,1,98,144,.68055558,OH
Cincinnati,Arts/Entertainment,2010,5,96,179,.53631288,OH
Cincinnati,Arts/Entertainment,2010,10,77,140,.55000001,OH
Cincinnati,Arts/Entertainment,2013,1,158,232,.68103451,OH
Cincinnati,Arts/Entertainment,2013,5,132,220,.60000002,OH
Cincinnati,Arts/Entertainment,2013,10,,,,OH
Cincinnati,Arts/Entertainment,2016,1,183,260,.70384616,OH
Cincinnati,Arts/Entertainment,2016,5,137,216,.63425928,OH
Cincinnati,Arts/Entertainment,2016,10,,,,OH
Cincinnati,Arts/Entertainment,2019,1,166,203,.817734,OH
Cincinnati,Arts/Entertainment,2019,5,,,,OH
Cincinnati,Arts/Entertainment,2019,10,,,,OH
Cincinnati,Construction,2004,1,156,220,.70909089,OH
Cincinnati,Construction,2004,5,137,197,.69543147,OH
Cincinnati,Construction,2004,10,143,209,.68421054,OH
Cincinnati,Construction,2007,1,111,195,.56923079,OH
Cincinnati,Construction,2007,5,110,174,.63218391,OH
Cincinnati,Construction,2007,10,128,208,.61538464,OH
Cincinnati,Construction,2010,1,148,211,.7014218,OH
Cincinnati,Construction,2010,5,156,241,.64730293,OH
Cincinnati,Construction,2010,10,156,239,.65271968,OH
Cincinnati,Construction,2013,1,195,280,.6964286,OH
Cincinnati,Construction,2013,5,197,316,.62341774,OH
Cincinnati,Construction,2013,10,,,,OH
Cincinnati,Construction,2016,1,213,356,.59831458,OH
Cincinnati,Construction,2016,5,232,377,.61538464,OH
Cincinnati,Construction,2016,10,,,,OH
Cincinnati,Construction,2019,1,282,432,.65277779,OH
Cincinnati,Construction,2019,5,,,,OH
Cincinnati,Construction,2019,10,,,,OH
Cincinnati,Education,2004,1,418,562,.74377227,OH
Cincinnati,Education,2004,5,527,763,.69069463,OH
Cincinnati,Education,2004,10,503,794,.63350123,OH
Cincinnati,Education,2007,1,463,618,.74919093,OH
Cincinnati,Education,2007,5,596,853,.69871044,OH
Cincinnati,Education,2007,10,649,986,.65821499,OH
Cincinnati,Education,2010,1,496,683,.72620791,OH
Cincinnati,Education,2010,5,798,1131,.70557028,OH
Cincinnati,Education,2010,10,773,1151,.67158991,OH
Cincinnati,Education,2013,1,649,843,.76986951,OH
Cincinnati,Education,2013,5,865,1242,.69645733,OH
Cincinnati,Education,2013,10,,,,OH
Cincinnati,Education,2016,1,694,917,.75681573,OH
Cincinnati,Education,2016,5,864,1226,.70473081,OH
Cincinnati,Education,2016,10,,,,OH
Cincinnati,Education,2019,1,702,933,.7524116,OH
Cincinnati,Education,2019,5,,,,OH
Cincinnati,Education,2019,10,,,,OH
Cincinnati,Finance,2004,1,398,522,.76245213,OH
Cincinnati,Finance,2004,5,375,507,.73964494,OH
Cincinnati,Finance,2004,10,401,551,.72776771,OH
Cincinnati,Finance,2007,1,363,463,.78401726,OH
Cincinnati,Finance,2007,5,422,572,.73776221,OH
Cincinnati,Finance,2007,10,468,647,.72333848,OH
Cincinnati,Finance,2010,1,433,587,.73764908,OH
Cincinnati,Finance,2010,5,553,775,.71354836,OH
Cincinnati,Finance,2010,10,563,800,.70375001,OH
Cincinnati,Finance,2013,1,540,700,.77142859,OH
Cincinnati,Finance,2013,5,620,915,.67759562,OH
Cincinnati,Finance,2013,10,,,,OH
Cincinnati,Finance,2016,1,647,820,.78902441,OH
Cincinnati,Finance,2016,5,727,976,.74487704,OH
Cincinnati,Finance,2016,10,,,,OH
Cincinnati,Finance,2019,1,694,963,.72066456,OH
Cincinnati,Finance,2019,5,,,,OH
Cincinnati,Finance,2019,10,,,,OH
Cincinnati,Food/Hospitality,2004,1,254,362,.70165747,OH
Cincinnati,Food/Hospitality,2004,5,96,182,.52747256,OH
Cincinnati,Food/Hospitality,2004,10,75,158,.47468355,OH
Cincinnati,Food/Hospitality,2007,1,314,437,.71853548,OH
Cincinnati,Food/Hospitality,2007,5,158,259,.61003864,OH
Cincinnati,Food/Hospitality,2007,10,84,192,.4375,OH
Cincinnati,Food/Hospitality,2010,1,393,529,.74291116,OH
Cincinnati,Food/Hospitality,2010,5,200,334,.59880239,OH
Cincinnati,Food/Hospitality,2010,10,102,216,.47222221,OH
Cincinnati,Food/Hospitality,2013,1,556,696,.7988506,OH
Cincinnati,Food/Hospitality,2013,5,233,370,.62972975,OH
Cincinnati,Food/Hospitality,2013,10,,,,OH
Cincinnati,Food/Hospitality,2016,1,486,635,.76535434,OH
Cincinnati,Food/Hospitality,2016,5,187,305,.61311477,OH
Cincinnati,Food/Hospitality,2016,10,,,,OH
Cincinnati,Food/Hospitality,2019,1,466,620,.7516129,OH
Cincinnati,Food/Hospitality,2019,5,,,,OH
Cincinnati,Food/Hospitality,2019,10,,,,OH
Cincinnati,Health Care,2004,1,898,1105,.81266969,OH
Cincinnati,Health Care,2004,5,827,1142,.72416812,OH
Cincinnati,Health Care,2004,10,819,1141,.71779144,OH
Cincinnati,Health Care,2007,1,1309,1926,.67964691,OH
Cincinnati,Health Care,2007,5,1313,2035,.64520884,OH
Cincinnati,Health Care,2007,10,1219,2017,.60436291,OH
Cincinnati,Health Care,2010,1,1625,2277,.71365833,OH
Cincinnati,Health Care,2010,5,1700,2534,.67087609,OH
Cincinnati,Health Care,2010,10,1548,2385,.64905661,OH
Cincinnati,Health Care,2013,1,2009,2813,.71418417,OH
Cincinnati,Health Care,2013,5,1976,3012,.65604252,OH
Cincinnati,Health Care,2013,10,,,,OH
Cincinnati,Health Care,2016,1,2127,3073,.69215751,OH
Cincinnati,Health Care,2016,5,2015,3084,.65337223,OH
Cincinnati,Health Care,2016,10,,,,OH
Cincinnati,Health Care,2019,1,1995,2896,.68888122,OH
Cincinnati,Health Care,2019,5,,,,OH
Cincinnati,Health Care,2019,10,,,,OH
Cincinnati,Information,2004,1,146,185,.78918916,OH
Cincinnati,Information,2004,5,133,202,.65841585,OH
Cincinnati,Information,2004,10,112,200,.56,OH
Cincinnati,Information,2007,1,134,173,.77456647,OH
Cincinnati,Information,2007,5,138,200,.69,OH
Cincinnati,Information,2007,10,122,213,.57276994,OH
Cincinnati,Information,2010,1,154,214,.71962619,OH
Cincinnati,Information,2010,5,172,260,.66153848,OH
Cincinnati,Information,2010,10,168,298,.56375837,OH
Cincinnati,Information,2013,1,196,257,.7626459,OH
Cincinnati,Information,2013,5,212,336,.63095236,OH
Cincinnati,Information,2013,10,,,,OH
Cincinnati,Information,2016,1,221,332,.66566265,OH
Cincinnati,Information,2016,5,245,420,.58333331,OH
Cincinnati,Information,2016,10,,,,OH
Cincinnati,Information,2019,1,257,352,.73011363,OH
Cincinnati,Information,2019,5,,,,OH
Cincinnati,Information,2019,10,,,,OH
Cincinnati,Management,2004,1,231,287,.80487806,OH
Cincinnati,Management,2004,5,287,354,.81073445,OH
Cincinnati,Management,2004,10,324,418,.7751196,OH
Cincinnati,Management,2007,1,269,361,.74515235,OH
Cincinnati,Management,2007,5,348,445,.78202248,OH
Cincinnati,Management,2007,10,347,453,.76600444,OH
Cincinnati,Management,2010,1,303,423,.71631205,OH
Cincinnati,Management,2010,5,367,484,.75826448,OH
Cincinnati,Management,2010,10,379,511,.74168295,OH
Cincinnati,Management,2013,1,350,466,.75107294,OH
Cincinnati,Management,2013,5,462,602,.76744187,OH
Cincinnati,Management,2013,10,,,,OH
Cincinnati,Management,2016,1,400,518,.77220076,OH
Cincinnati,Management,2016,5,499,639,.78090769,OH
Cincinnati,Management,2016,10,,,,OH
Cincinnati,Management,2019,1,436,577,.75563258,OH
Cincinnati,Management,2019,5,,,,OH
Cincinnati,Management,2019,10,,,,OH
Cincinnati,Manufacturing,2004,1,408,633,.64454979,OH
Cincinnati,Manufacturing,2004,5,411,640,.64218748,OH
Cincinnati,Manufacturing,2004,10,429,680,.63088238,OH
Cincinnati,Manufacturing,2007,1,375,568,.66021127,OH
Cincinnati,Manufacturing,2007,5,447,702,.63675213,OH
Cincinnati,Manufacturing,2007,10,533,804,.66293532,OH
Cincinnati,Manufacturing,2010,1,489,841,.58145064,OH
Cincinnati,Manufacturing,2010,5,637,997,.63891673,OH
Cincinnati,Manufacturing,2010,10,647,1005,.64378107,OH
Cincinnati,Manufacturing,2013,1,706,1049,.67302191,OH
Cincinnati,Manufacturing,2013,5,805,1227,.65607172,OH
Cincinnati,Manufacturing,2013,10,,,,OH
Cincinnati,Manufacturing,2016,1,814,1224,.66503268,OH
Cincinnati,Manufacturing,2016,5,796,1211,.65730798,OH
Cincinnati,Manufacturing,2016,10,,,,OH
Cincinnati,Manufacturing,2019,1,849,1310,.64809161,OH
Cincinnati,Manufacturing,2019,5,,,,OH
Cincinnati,Manufacturing,2019,10,,,,OH
Cincinnati,Mining,2004,1,3,8,.375,OH
Cincinnati,Mining,2004,5,5,5,1,OH
Cincinnati,Mining,2004,10,3,4,.75,OH
Cincinnati,Mining,2007,1,11,13,.84615386,OH
Cincinnati,Mining,2007,5,2,7,.2857143,OH
Cincinnati,Mining,2007,10,5,5,1,OH
Cincinnati,Mining,2010,1,1,1,1,OH
Cincinnati,Mining,2010,5,4,7,.5714286,OH
Cincinnati,Mining,2010,10,4,5,.80000001,OH
Cincinnati,Mining,2013,1,2,3,.66666669,OH
Cincinnati,Mining,2013,5,6,6,1,OH
Cincinnati,Mining,2013,10,,,,OH
Cincinnati,Mining,2016,1,4,8,.5,OH
Cincinnati,Mining,2016,5,5,6,.83333331,OH
Cincinnati,Mining,2016,10,,,,OH
Cincinnati,Mining,2019,1,3,4,.75,OH
Cincinnati,Mining,2019,5,,,,OH
Cincinnati,Mining,2019,10,,,,OH
Cincinnati,Other Services,2004,1,104,137,.7591241,OH
Cincinnati,Other Services,2004,5,86,120,.71666664,OH
Cincinnati,Other Services,2004,10,67,101,.66336632,OH
Cincinnati,Other Services,2007,1,127,160,.79374999,OH
Cincinnati,Other Services,2007,5,85,118,.720339,OH
Cincinnati,Other Services,2007,10,84,121,.69421488,OH
Cincinnati,Other Services,2010,1,134,179,.74860334,OH
Cincinnati,Other Services,2010,5,134,183,.73224044,OH
Cincinnati,Other Services,2010,10,103,168,.61309522,OH
Cincinnati,Other Services,2013,1,132,172,.76744187,OH
Cincinnati,Other Services,2013,5,140,207,.67632848,OH
Cincinnati,Other Services,2013,10,,,,OH
Cincinnati,Other Services,2016,1,147,177,.83050847,OH
Cincinnati,Other Services,2016,5,133,187,.71122992,OH
Cincinnati,Other Services,2016,10,,,,OH
Cincinnati,Other Services,2019,1,148,180,.82222223,OH
Cincinnati,Other Services,2019,5,,,,OH
Cincinnati,Other Services,2019,10,,,,OH
Cincinnati,Professional Services,2004,1,752,1070,.70280373,OH
Cincinnati,Professional Services,2004,5,712,1082,.65804064,OH
Cincinnati,Professional Services,2004,10,622,1042,.59692895,OH
Cincinnati,Professional Services,2007,1,760,1067,.71227741,OH
Cincinnati,Professional Services,2007,5,775,1202,.64475876,OH
Cincinnati,Professional Services,2007,10,704,1217,.57847166,OH
Cincinnati,Professional Services,2010,1,951,1297,.73323053,OH
Cincinnati,Professional Services,2010,5,998,1581,.63124603,OH
Cincinnati,Professional Services,2010,10,916,1489,.61517799,OH
Cincinnati,Professional Services,2013,1,1215,1617,.75139147,OH
Cincinnati,Professional Services,2013,5,1210,1878,.64430243,OH
Cincinnati,Professional Services,2013,10,,,,OH
Cincinnati,Professional Services,2016,1,1404,2017,.69608331,OH
Cincinnati,Professional Services,2016,5,1437,2258,.63640392,OH
Cincinnati,Professional Services,2016,10,,,,OH
Cincinnati,Professional Services,2019,1,1709,2378,.71867114,OH
Cincinnati,Professional Services,2019,5,,,,OH
Cincinnati,Professional Services,2019,10,,,,OH
Cincinnati,Public Admin,2004,1,175,272,.64338237,OH
Cincinnati,Public Admin,2004,5,214,322,.66459626,OH
Cincinnati,Public Admin,2004,10,196,332,.59036142,OH
Cincinnati,Public Admin,2007,1,151,238,.63445377,OH
Cincinnati,Public Admin,2007,5,187,286,.65384614,OH
Cincinnati,Public Admin,2007,10,204,340,.60000002,OH
Cincinnati,Public Admin,2010,1,156,274,.56934309,OH
Cincinnati,Public Admin,2010,5,231,397,.581864,OH
Cincinnati,Public Admin,2010,10,246,407,.60442263,OH
Cincinnati,Public Admin,2013,1,203,286,.70979023,OH
Cincinnati,Public Admin,2013,5,281,423,.66430259,OH
Cincinnati,Public Admin,2013,10,,,,OH
Cincinnati,Public Admin,2016,1,198,285,.69473684,OH
Cincinnati,Public Admin,2016,5,256,405,.63209879,OH
Cincinnati,Public Admin,2016,10,,,,OH
Cincinnati,Public Admin,2019,1,173,251,.68924302,OH
Cincinnati,Public Admin,2019,5,,,,OH
Cincinnati,Public Admin,2019,10,,,,OH
Cincinnati,Real Estate,2004,1,68,79,.8607595,OH
Cincinnati,Real Estate,2004,5,64,80,.80000001,OH
Cincinnati,Real Estate,2004,10,69,96,.71875,OH
Cincinnati,Real Estate,2007,1,69,85,.81176472,OH
Cincinnati,Real Estate,2007,5,79,92,.85869563,OH
Cincinnati,Real Estate,2007,10,67,100,.67000002,OH
Cincinnati,Real Estate,2010,1,84,101,.83168316,OH
Cincinnati,Real Estate,2010,5,73,87,.83908045,OH
Cincinnati,Real Estate,2010,10,82,100,.81999999,OH
Cincinnati,Real Estate,2013,1,99,115,.86086959,OH
Cincinnati,Real Estate,2013,5,116,149,.7785235,OH
Cincinnati,Real Estate,2013,10,,,,OH
Cincinnati,Real Estate,2016,1,142,163,.87116563,OH
Cincinnati,Real Estate,2016,5,129,172,.75,OH
Cincinnati,Real Estate,2016,10,,,,OH
Cincinnati,Real Estate,2019,1,185,201,.920398,OH
Cincinnati,Real Estate,2019,5,,,,OH
Cincinnati,Real Estate,2019,10,,,,OH
Cincinnati,Retail,2004,1,383,516,.74224806,OH
Cincinnati,Retail,2004,5,206,339,.60766959,OH
Cincinnati,Retail,2004,10,161,290,.55517244,OH
Cincinnati,Retail,2007,1,434,586,.74061435,OH
Cincinnati,Retail,2007,5,263,401,.65586036,OH
Cincinnati,Retail,2007,10,196,372,.52688169,OH
Cincinnati,Retail,2010,1,519,715,.72587413,OH
Cincinnati,Retail,2010,5,308,549,.56102002,OH
Cincinnati,Retail,2010,10,222,432,.5138889,OH
Cincinnati,Retail,2013,1,513,696,.73706895,OH
Cincinnati,Retail,2013,5,308,531,.58003765,OH
Cincinnati,Retail,2013,10,,,,OH
Cincinnati,Retail,2016,1,516,706,.73087817,OH
Cincinnati,Retail,2016,5,334,569,.58699471,OH
Cincinnati,Retail,2016,10,,,,OH
Cincinnati,Retail,2019,1,556,766,.72584856,OH
Cincinnati,Retail,2019,5,,,,OH
Cincinnati,Retail,2019,10,,,,OH
Cincinnati,Transportation,2004,1,108,145,.74482757,OH
Cincinnati,Transportation,2004,5,68,135,.50370371,OH
Cincinnati,Transportation,2004,10,57,122,.46721312,OH
Cincinnati,Transportation,2007,1,78,128,.609375,OH
Cincinnati,Transportation,2007,5,75,126,.59523809,OH
Cincinnati,Transportation,2007,10,86,163,.52760738,OH
Cincinnati,Transportation,2010,1,152,235,.64680851,OH
Cincinnati,Transportation,2010,5,122,201,.60696518,OH
Cincinnati,Transportation,2010,10,122,231,.52813852,OH
Cincinnati,Transportation,2013,1,147,205,.71707314,OH
Cincinnati,Transportation,2013,5,148,261,.5670498,OH
Cincinnati,Transportation,2013,10,,,,OH
Cincinnati,Transportation,2016,1,205,301,.68106312,OH
Cincinnati,Transportation,2016,5,192,308,.62337661,OH
Cincinnati,Transportation,2016,10,,,,OH
Cincinnati,Transportation,2019,1,281,419,.6706444,OH
Cincinnati,Transportation,2019,5,,,,OH
Cincinnati,Transportation,2019,10,,,,OH
Cincinnati,Utilities,2004,1,20,22,.90909094,OH
Cincinnati,Utilities,2004,5,29,29,1,OH
Cincinnati,Utilities,2004,10,35,39,.8974359,OH
Cincinnati,Utilities,2007,1,21,26,.80769229,OH
Cincinnati,Utilities,2007,5,26,33,.78787881,OH
Cincinnati,Utilities,2007,10,27,28,.96428573,OH
Cincinnati,Utilities,2010,1,14,18,.77777779,OH
Cincinnati,Utilities,2010,5,39,40,.97500002,OH
Cincinnati,Utilities,2010,10,35,38,.92105263,OH
Cincinnati,Utilities,2013,1,16,16,1,OH
Cincinnati,Utilities,2013,5,25,31,.80645162,OH
Cincinnati,Utilities,2013,10,,,,OH
Cincinnati,Utilities,2016,1,26,30,.86666667,OH
Cincinnati,Utilities,2016,5,26,33,.78787881,OH
Cincinnati,Utilities,2016,10,,,,OH
Cincinnati,Utilities,2019,1,24,32,.75,OH
Cincinnati,Utilities,2019,5,,,,OH
Cincinnati,Utilities,2019,10,,,,OH
Cincinnati,Wholesale,2004,1,169,242,.69834709,OH
Cincinnati,Wholesale,2004,5,206,322,.63975155,OH
Cincinnati,Wholesale,2004,10,213,345,.61739129,OH
Cincinnati,Wholesale,2007,1,172,265,.64905661,OH
Cincinnati,Wholesale,2007,5,201,339,.59292036,OH
Cincinnati,Wholesale,2007,10,246,389,.63239074,OH
Cincinnati,Wholesale,2010,1,212,390,.54358977,OH
Cincinnati,Wholesale,2010,5,301,484,.6219008,OH
Cincinnati,Wholesale,2010,10,325,467,.69593149,OH
Cincinnati,Wholesale,2013,1,267,409,.65281177,OH
Cincinnati,Wholesale,2013,5,341,546,.62454212,OH
Cincinnati,Wholesale,2013,10,,,,OH
Cincinnati,Wholesale,2016,1,306,485,.63092786,OH
Cincinnati,Wholesale,2016,5,401,631,.63549918,OH
Cincinnati,Wholesale,2016,10,,,,OH
Cincinnati,Wholesale,2019,1,346,526,.65779465,OH
Cincinnati,Wholesale,2019,5,,,,OH
Cincinnati,Wholesale,2019,10,,,,OH
Cleveland State,Admin/Waste,2004,1,122,165,.73939395,OH
Cleveland State,Admin/Waste,2004,5,102,156,.65384614,OH
Cleveland State,Admin/Waste,2004,10,106,140,.75714284,OH
Cleveland State,Admin/Waste,2007,1,128,141,.90780139,OH
Cleveland State,Admin/Waste,2007,5,122,151,.80794704,OH
Cleveland State,Admin/Waste,2007,10,121,171,.70760232,OH
Cleveland State,Admin/Waste,2010,1,225,241,.93360996,OH
Cleveland State,Admin/Waste,2010,5,139,177,.78531075,OH
Cleveland State,Admin/Waste,2010,10,163,218,.74770641,OH
Cleveland State,Admin/Waste,2013,1,258,277,.93140793,OH
Cleveland State,Admin/Waste,2013,5,220,291,.75601375,OH
Cleveland State,Admin/Waste,2013,10,,,,OH
Cleveland State,Admin/Waste,2016,1,243,282,.86170214,OH
Cleveland State,Admin/Waste,2016,5,205,267,.76779026,OH
Cleveland State,Admin/Waste,2016,10,,,,OH
Cleveland State,Admin/Waste,2019,1,280,325,.86153847,OH
Cleveland State,Admin/Waste,2019,5,,,,OH
Cleveland State,Admin/Waste,2019,10,,,,OH
Cleveland State,Agriculture,2004,1,2,3,.66666669,OH
Cleveland State,Agriculture,2004,5,0,1,0,OH
Cleveland State,Agriculture,2004,10,5,5,1,OH
Cleveland State,Agriculture,2007,1,2,2,1,OH
Cleveland State,Agriculture,2007,5,2,2,1,OH
Cleveland State,Agriculture,2007,10,1,3,.33333334,OH
Cleveland State,Agriculture,2010,1,1,8,.125,OH
Cleveland State,Agriculture,2010,5,0,0,,OH
Cleveland State,Agriculture,2010,10,1,1,1,OH
Cleveland State,Agriculture,2013,1,0,0,,OH
Cleveland State,Agriculture,2013,5,1,2,.5,OH
Cleveland State,Agriculture,2013,10,,,,OH
Cleveland State,Agriculture,2016,1,0,0,,OH
Cleveland State,Agriculture,2016,5,2,2,1,OH
Cleveland State,Agriculture,2016,10,,,,OH
Cleveland State,Agriculture,2019,1,3,3,1,OH
Cleveland State,Agriculture,2019,5,,,,OH
Cleveland State,Agriculture,2019,10,,,,OH
Cleveland State,Arts/Entertainment,2004,1,32,43,.74418604,OH
Cleveland State,Arts/Entertainment,2004,5,22,32,.6875,OH
Cleveland State,Arts/Entertainment,2004,10,28,32,.875,OH
Cleveland State,Arts/Entertainment,2007,1,16,20,.80000001,OH
Cleveland State,Arts/Entertainment,2007,5,35,38,.92105263,OH
Cleveland State,Arts/Entertainment,2007,10,26,38,.68421054,OH
Cleveland State,Arts/Entertainment,2010,1,58,60,.96666664,OH
Cleveland State,Arts/Entertainment,2010,5,52,57,.91228068,OH
Cleveland State,Arts/Entertainment,2010,10,41,45,.91111112,OH
Cleveland State,Arts/Entertainment,2013,1,69,77,.89610392,OH
Cleveland State,Arts/Entertainment,2013,5,64,75,.85333335,OH
Cleveland State,Arts/Entertainment,2013,10,,,,OH
Cleveland State,Arts/Entertainment,2016,1,81,90,.89999998,OH
Cleveland State,Arts/Entertainment,2016,5,58,66,.87878788,OH
Cleveland State,Arts/Entertainment,2016,10,,,,OH
Cleveland State,Arts/Entertainment,2019,1,97,100,.97000003,OH
Cleveland State,Arts/Entertainment,2019,5,,,,OH
Cleveland State,Arts/Entertainment,2019,10,,,,OH
Cleveland State,Construction,2004,1,41,48,.85416669,OH
Cleveland State,Construction,2004,5,40,60,.66666669,OH
Cleveland State,Construction,2004,10,45,60,.75,OH
Cleveland State,Construction,2007,1,31,34,.91176468,OH
Cleveland State,Construction,2007,5,53,61,.86885244,OH
Cleveland State,Construction,2007,10,50,63,.79365081,OH
Cleveland State,Construction,2010,1,34,37,.91891891,OH
Cleveland State,Construction,2010,5,52,59,.88135594,OH
Cleveland State,Construction,2010,10,58,75,.77333331,OH
Cleveland State,Construction,2013,1,29,33,.87878788,OH
Cleveland State,Construction,2013,5,57,70,.8142857,OH
Cleveland State,Construction,2013,10,,,,OH
Cleveland State,Construction,2016,1,59,64,.921875,OH
Cleveland State,Construction,2016,5,69,80,.86250001,OH
Cleveland State,Construction,2016,10,,,,OH
Cleveland State,Construction,2019,1,88,101,.87128711,OH
Cleveland State,Construction,2019,5,,,,OH
Cleveland State,Construction,2019,10,,,,OH
Cleveland State,Education,2004,1,489,599,.81636059,OH
Cleveland State,Education,2004,5,598,762,.78477693,OH
Cleveland State,Education,2004,10,648,803,.80697387,OH
Cleveland State,Education,2007,1,358,398,.89949751,OH
Cleveland State,Education,2007,5,498,612,.81372547,OH
Cleveland State,Education,2007,10,506,646,.78328174,OH
Cleveland State,Education,2010,1,313,396,.79040402,OH
Cleveland State,Education,2010,5,495,596,.8305369,OH
Cleveland State,Education,2010,10,473,597,.7922948,OH
Cleveland State,Education,2013,1,376,427,.88056207,OH
Cleveland State,Education,2013,5,553,702,.78774929,OH
Cleveland State,Education,2013,10,,,,OH
Cleveland State,Education,2016,1,392,460,.85217392,OH
Cleveland State,Education,2016,5,462,592,.7804054,OH
Cleveland State,Education,2016,10,,,,OH
Cleveland State,Education,2019,1,397,460,.86304349,OH
Cleveland State,Education,2019,5,,,,OH
Cleveland State,Education,2019,10,,,,OH
Cleveland State,Finance,2004,1,317,357,.88795519,OH
Cleveland State,Finance,2004,5,245,298,.82214767,OH
Cleveland State,Finance,2004,10,225,279,.80645162,OH
Cleveland State,Finance,2007,1,227,268,.8470149,OH
Cleveland State,Finance,2007,5,268,303,.88448846,OH
Cleveland State,Finance,2007,10,256,326,.78527606,OH
Cleveland State,Finance,2010,1,267,285,.93684208,OH
Cleveland State,Finance,2010,5,330,379,.8707124,OH
Cleveland State,Finance,2010,10,341,385,.88571429,OH
Cleveland State,Finance,2013,1,255,267,.95505619,OH
Cleveland State,Finance,2013,5,274,336,.81547618,OH
Cleveland State,Finance,2013,10,,,,OH
Cleveland State,Finance,2016,1,291,314,.92675161,OH
Cleveland State,Finance,2016,5,346,395,.87594938,OH
Cleveland State,Finance,2016,10,,,,OH
Cleveland State,Finance,2019,1,302,341,.88563049,OH
Cleveland State,Finance,2019,5,,,,OH
Cleveland State,Finance,2019,10,,,,OH
Cleveland State,Food/Hospitality,2004,1,164,205,.80000001,OH
Cleveland State,Food/Hospitality,2004,5,70,114,.61403507,OH
Cleveland State,Food/Hospitality,2004,10,71,116,.61206895,OH
Cleveland State,Food/Hospitality,2007,1,188,213,.8826291,OH
Cleveland State,Food/Hospitality,2007,5,114,152,.75,OH
Cleveland State,Food/Hospitality,2007,10,65,112,.58035713,OH
Cleveland State,Food/Hospitality,2010,1,268,292,.91780823,OH
Cleveland State,Food/Hospitality,2010,5,145,192,.75520831,OH
Cleveland State,Food/Hospitality,2010,10,81,128,.6328125,OH
Cleveland State,Food/Hospitality,2013,1,289,319,.90595609,OH
Cleveland State,Food/Hospitality,2013,5,145,209,.69377989,OH
Cleveland State,Food/Hospitality,2013,10,,,,OH
Cleveland State,Food/Hospitality,2016,1,353,384,.91927081,OH
Cleveland State,Food/Hospitality,2016,5,152,179,.84916198,OH
Cleveland State,Food/Hospitality,2016,10,,,,OH
Cleveland State,Food/Hospitality,2019,1,307,337,.91097921,OH
Cleveland State,Food/Hospitality,2019,5,,,,OH
Cleveland State,Food/Hospitality,2019,10,,,,OH
Cleveland State,Health Care,2004,1,654,708,.92372882,OH
Cleveland State,Health Care,2004,5,695,817,.8506732,OH
Cleveland State,Health Care,2004,10,716,856,.83644861,OH
Cleveland State,Health Care,2007,1,775,835,.92814374,OH
Cleveland State,Health Care,2007,5,898,1039,.86429256,OH
Cleveland State,Health Care,2007,10,843,1047,.8051576,OH
Cleveland State,Health Care,2010,1,935,1007,.92850047,OH
Cleveland State,Health Care,2010,5,1049,1196,.87709028,OH
Cleveland State,Health Care,2010,10,990,1170,.84615386,OH
Cleveland State,Health Care,2013,1,1094,1196,.91471571,OH
Cleveland State,Health Care,2013,5,1223,1465,.83481228,OH
Cleveland State,Health Care,2013,10,,,,OH
Cleveland State,Health Care,2016,1,1246,1345,.92639405,OH
Cleveland State,Health Care,2016,5,1383,1573,.87921172,OH
Cleveland State,Health Care,2016,10,,,,OH
Cleveland State,Health Care,2019,1,1371,1522,.90078843,OH
Cleveland State,Health Care,2019,5,,,,OH
Cleveland State,Health Care,2019,10,,,,OH
Cleveland State,Information,2004,1,96,127,.75590551,OH
Cleveland State,Information,2004,5,92,118,.779661,OH
Cleveland State,Information,2004,10,96,115,.8347826,OH
Cleveland State,Information,2007,1,65,77,.84415585,OH
Cleveland State,Information,2007,5,64,77,.83116883,OH
Cleveland State,Information,2007,10,83,113,.73451328,OH
Cleveland State,Information,2010,1,64,65,.98461539,OH
Cleveland State,Information,2010,5,95,113,.84070796,OH
Cleveland State,Information,2010,10,77,92,.8369565,OH
Cleveland State,Information,2013,1,93,100,.93000001,OH
Cleveland State,Information,2013,5,121,151,.80132449,OH
Cleveland State,Information,2013,10,,,,OH
Cleveland State,Information,2016,1,89,97,.91752577,OH
Cleveland State,Information,2016,5,104,116,.89655173,OH
Cleveland State,Information,2016,10,,,,OH
Cleveland State,Information,2019,1,116,120,.96666664,OH
Cleveland State,Information,2019,5,,,,OH
Cleveland State,Information,2019,10,,,,OH
Cleveland State,Management,2004,1,83,89,.93258429,OH
Cleveland State,Management,2004,5,124,140,.88571429,OH
Cleveland State,Management,2004,10,141,152,.92763156,OH
Cleveland State,Management,2007,1,82,90,.91111112,OH
Cleveland State,Management,2007,5,133,141,.9432624,OH
Cleveland State,Management,2007,10,174,191,.91099477,OH
Cleveland State,Management,2010,1,144,147,.97959185,OH
Cleveland State,Management,2010,5,181,194,.93298972,OH
Cleveland State,Management,2010,10,172,190,.90526319,OH
Cleveland State,Management,2013,1,156,161,.96894407,OH
Cleveland State,Management,2013,5,234,245,.95510203,OH
Cleveland State,Management,2013,10,,,,OH
Cleveland State,Management,2016,1,219,226,.96902657,OH
Cleveland State,Management,2016,5,231,238,.97058821,OH
Cleveland State,Management,2016,10,,,,OH
Cleveland State,Management,2019,1,201,216,.93055558,OH
Cleveland State,Management,2019,5,,,,OH
Cleveland State,Management,2019,10,,,,OH
Cleveland State,Manufacturing,2004,1,216,275,.78545457,OH
Cleveland State,Manufacturing,2004,5,219,271,.8081181,OH
Cleveland State,Manufacturing,2004,10,240,326,.73619634,OH
Cleveland State,Manufacturing,2007,1,178,217,.8202765,OH
Cleveland State,Manufacturing,2007,5,212,277,.76534295,OH
Cleveland State,Manufacturing,2007,10,239,335,.71343285,OH
Cleveland State,Manufacturing,2010,1,303,334,.90718561,OH
Cleveland State,Manufacturing,2010,5,343,402,.85323381,OH
Cleveland State,Manufacturing,2010,10,355,434,.81797236,OH
Cleveland State,Manufacturing,2013,1,327,366,.89344263,OH
Cleveland State,Manufacturing,2013,5,392,491,.79837066,OH
Cleveland State,Manufacturing,2013,10,,,,OH
Cleveland State,Manufacturing,2016,1,447,501,.89221555,OH
Cleveland State,Manufacturing,2016,5,427,510,.83725488,OH
Cleveland State,Manufacturing,2016,10,,,,OH
Cleveland State,Manufacturing,2019,1,400,476,.84033614,OH
Cleveland State,Manufacturing,2019,5,,,,OH
Cleveland State,Manufacturing,2019,10,,,,OH
Cleveland State,Mining,2004,1,2,2,1,OH
Cleveland State,Mining,2004,5,1,2,.5,OH
Cleveland State,Mining,2004,10,2,2,1,OH
Cleveland State,Mining,2007,1,0,1,0,OH
Cleveland State,Mining,2007,5,1,1,1,OH
Cleveland State,Mining,2007,10,2,3,.66666669,OH
Cleveland State,Mining,2010,1,0,0,,OH
Cleveland State,Mining,2010,5,0,0,,OH
Cleveland State,Mining,2010,10,0,0,,OH
Cleveland State,Mining,2013,1,0,0,,OH
Cleveland State,Mining,2013,5,4,4,1,OH
Cleveland State,Mining,2013,10,,,,OH
Cleveland State,Mining,2016,1,0,0,,OH
Cleveland State,Mining,2016,5,1,1,1,OH
Cleveland State,Mining,2016,10,,,,OH
Cleveland State,Mining,2019,1,5,5,1,OH
Cleveland State,Mining,2019,5,,,,OH
Cleveland State,Mining,2019,10,,,,OH
Cleveland State,Other Services,2004,1,55,75,.73333335,OH
Cleveland State,Other Services,2004,5,41,50,.81999999,OH
Cleveland State,Other Services,2004,10,42,69,.60869563,OH
Cleveland State,Other Services,2007,1,43,52,.82692307,OH
Cleveland State,Other Services,2007,5,64,78,.82051283,OH
Cleveland State,Other Services,2007,10,53,78,.67948717,OH
Cleveland State,Other Services,2010,1,71,81,.87654322,OH
Cleveland State,Other Services,2010,5,77,87,.88505745,OH
Cleveland State,Other Services,2010,10,65,81,.80246913,OH
Cleveland State,Other Services,2013,1,89,96,.92708331,OH
Cleveland State,Other Services,2013,5,68,76,.89473683,OH
Cleveland State,Other Services,2013,10,,,,OH
Cleveland State,Other Services,2016,1,113,117,.96581197,OH
Cleveland State,Other Services,2016,5,103,108,.9537037,OH
Cleveland State,Other Services,2016,10,,,,OH
Cleveland State,Other Services,2019,1,121,136,.8897059,OH
Cleveland State,Other Services,2019,5,,,,OH
Cleveland State,Other Services,2019,10,,,,OH
Cleveland State,Professional Services,2004,1,318,371,.85714287,OH
Cleveland State,Professional Services,2004,5,273,352,.77556819,OH
Cleveland State,Professional Services,2004,10,241,335,.71940297,OH
Cleveland State,Professional Services,2007,1,312,356,.87640452,OH
Cleveland State,Professional Services,2007,5,338,413,.81840193,OH
Cleveland State,Professional Services,2007,10,268,354,.75706214,OH
Cleveland State,Professional Services,2010,1,309,344,.89825583,OH
Cleveland State,Professional Services,2010,5,327,405,.80740738,OH
Cleveland State,Professional Services,2010,10,334,435,.76781607,OH
Cleveland State,Professional Services,2013,1,371,406,.91379309,OH
Cleveland State,Professional Services,2013,5,363,467,.77730191,OH
Cleveland State,Professional Services,2013,10,,,,OH
Cleveland State,Professional Services,2016,1,451,501,.90019959,OH
Cleveland State,Professional Services,2016,5,538,677,.79468244,OH
Cleveland State,Professional Services,2016,10,,,,OH
Cleveland State,Professional Services,2019,1,562,626,.89776355,OH
Cleveland State,Professional Services,2019,5,,,,OH
Cleveland State,Professional Services,2019,10,,,,OH
Cleveland State,Public Admin,2004,1,168,183,.91803277,OH
Cleveland State,Public Admin,2004,5,216,259,.83397681,OH
Cleveland State,Public Admin,2004,10,219,264,.82954544,OH
Cleveland State,Public Admin,2007,1,106,129,.8217054,OH
Cleveland State,Public Admin,2007,5,152,193,.78756475,OH
Cleveland State,Public Admin,2007,10,189,219,.86301368,OH
Cleveland State,Public Admin,2010,1,127,135,.94074076,OH
Cleveland State,Public Admin,2010,5,207,263,.78707224,OH
Cleveland State,Public Admin,2010,10,201,245,.82040817,OH
Cleveland State,Public Admin,2013,1,137,152,.90131581,OH
Cleveland State,Public Admin,2013,5,235,279,.84229392,OH
Cleveland State,Public Admin,2013,10,,,,OH
Cleveland State,Public Admin,2016,1,148,167,.88622755,OH
Cleveland State,Public Admin,2016,5,200,235,.85106385,OH
Cleveland State,Public Admin,2016,10,,,,OH
Cleveland State,Public Admin,2019,1,130,157,.82802546,OH
Cleveland State,Public Admin,2019,5,,,,OH
Cleveland State,Public Admin,2019,10,,,,OH
Cleveland State,Real Estate,2004,1,49,54,.9074074,OH
Cleveland State,Real Estate,2004,5,37,44,.84090906,OH
Cleveland State,Real Estate,2004,10,39,45,.86666667,OH
Cleveland State,Real Estate,2007,1,46,49,.93877554,OH
Cleveland State,Real Estate,2007,5,44,50,.88,OH
Cleveland State,Real Estate,2007,10,44,54,.81481481,OH
Cleveland State,Real Estate,2010,1,58,59,.98305082,OH
Cleveland State,Real Estate,2010,5,77,77,1,OH
Cleveland State,Real Estate,2010,10,55,64,.859375,OH
Cleveland State,Real Estate,2013,1,54,58,.93103451,OH
Cleveland State,Real Estate,2013,5,59,69,.85507244,OH
Cleveland State,Real Estate,2013,10,,,,OH
Cleveland State,Real Estate,2016,1,63,65,.96923077,OH
Cleveland State,Real Estate,2016,5,58,62,.93548387,OH
Cleveland State,Real Estate,2016,10,,,,OH
Cleveland State,Real Estate,2019,1,63,66,.95454544,OH
Cleveland State,Real Estate,2019,5,,,,OH
Cleveland State,Real Estate,2019,10,,,,OH
Cleveland State,Retail,2004,1,268,324,.82716048,OH
Cleveland State,Retail,2004,5,140,186,.75268817,OH
Cleveland State,Retail,2004,10,93,160,.58125001,OH
Cleveland State,Retail,2007,1,229,272,.84191179,OH
Cleveland State,Retail,2007,5,155,217,.71428573,OH
Cleveland State,Retail,2007,10,131,202,.64851487,OH
Cleveland State,Retail,2010,1,315,348,.90517241,OH
Cleveland State,Retail,2010,5,213,272,.78308821,OH
Cleveland State,Retail,2010,10,142,195,.72820514,OH
Cleveland State,Retail,2013,1,329,370,.88918918,OH
Cleveland State,Retail,2013,5,217,306,.70915031,OH
Cleveland State,Retail,2013,10,,,,OH
Cleveland State,Retail,2016,1,326,371,.87870622,OH
Cleveland State,Retail,2016,5,205,274,.7481752,OH
Cleveland State,Retail,2016,10,,,,OH
Cleveland State,Retail,2019,1,360,420,.85714287,OH
Cleveland State,Retail,2019,5,,,,OH
Cleveland State,Retail,2019,10,,,,OH
Cleveland State,Transportation,2004,1,50,59,.84745765,OH
Cleveland State,Transportation,2004,5,38,63,.60317463,OH
Cleveland State,Transportation,2004,10,52,60,.86666667,OH
Cleveland State,Transportation,2007,1,51,66,.77272725,OH
Cleveland State,Transportation,2007,5,64,89,.71910113,OH
Cleveland State,Transportation,2007,10,56,84,.66666669,OH
Cleveland State,Transportation,2010,1,54,58,.93103451,OH
Cleveland State,Transportation,2010,5,58,69,.84057969,OH
Cleveland State,Transportation,2010,10,76,94,.80851066,OH
Cleveland State,Transportation,2013,1,62,68,.91176468,OH
Cleveland State,Transportation,2013,5,96,118,.81355929,OH
Cleveland State,Transportation,2013,10,,,,OH
Cleveland State,Transportation,2016,1,79,88,.89772725,OH
Cleveland State,Transportation,2016,5,104,116,.89655173,OH
Cleveland State,Transportation,2016,10,,,,OH
Cleveland State,Transportation,2019,1,125,140,.89285713,OH
Cleveland State,Transportation,2019,5,,,,OH
Cleveland State,Transportation,2019,10,,,,OH
Cleveland State,Utilities,2004,1,12,16,.75,OH
Cleveland State,Utilities,2004,5,16,16,1,OH
Cleveland State,Utilities,2004,10,19,19,1,OH
Cleveland State,Utilities,2007,1,13,13,1,OH
Cleveland State,Utilities,2007,5,9,13,.69230771,OH
Cleveland State,Utilities,2007,10,20,26,.76923078,OH
Cleveland State,Utilities,2010,1,5,7,.71428573,OH
Cleveland State,Utilities,2010,5,15,15,1,OH
Cleveland State,Utilities,2010,10,7,9,.77777779,OH
Cleveland State,Utilities,2013,1,5,5,1,OH
Cleveland State,Utilities,2013,5,19,19,1,OH
Cleveland State,Utilities,2013,10,,,,OH
Cleveland State,Utilities,2016,1,8,8,1,OH
Cleveland State,Utilities,2016,5,12,12,1,OH
Cleveland State,Utilities,2016,10,,,,OH
Cleveland State,Utilities,2019,1,19,19,1,OH
Cleveland State,Utilities,2019,5,,,,OH
Cleveland State,Utilities,2019,10,,,,OH
Cleveland State,Wholesale,2004,1,92,131,.70229006,OH
Cleveland State,Wholesale,2004,5,103,123,.83739835,OH
Cleveland State,Wholesale,2004,10,121,169,.71597636,OH
Cleveland State,Wholesale,2007,1,105,127,.82677168,OH
Cleveland State,Wholesale,2007,5,104,142,.73239434,OH
Cleveland State,Wholesale,2007,10,115,175,.65714288,OH
Cleveland State,Wholesale,2010,1,154,169,.9112426,OH
Cleveland State,Wholesale,2010,5,188,215,.87441862,OH
Cleveland State,Wholesale,2010,10,175,213,.82159626,OH
Cleveland State,Wholesale,2013,1,146,163,.89570552,OH
Cleveland State,Wholesale,2013,5,160,215,.74418604,OH
Cleveland State,Wholesale,2013,10,,,,OH
Cleveland State,Wholesale,2016,1,174,195,.8923077,OH
Cleveland State,Wholesale,2016,5,229,256,.89453125,OH
Cleveland State,Wholesale,2016,10,,,,OH
Cleveland State,Wholesale,2019,1,153,182,.84065932,OH
Cleveland State,Wholesale,2019,5,,,,OH
Cleveland State,Wholesale,2019,10,,,,OH
Kent State,Admin/Waste,2004,1,369,466,.7918455,OH
Kent State,Admin/Waste,2004,5,271,416,.65144229,OH
Kent State,Admin/Waste,2004,10,220,357,.61624652,OH
Kent State,Admin/Waste,2007,1,310,378,.82010579,OH
Kent State,Admin/Waste,2007,5,261,384,.6796875,OH
Kent State,Admin/Waste,2007,10,230,333,.6906907,OH
Kent State,Admin/Waste,2010,1,433,529,.81852549,OH
Kent State,Admin/Waste,2010,5,330,494,.6680162,OH
Kent State,Admin/Waste,2010,10,300,471,.63694268,OH
Kent State,Admin/Waste,2013,1,417,562,.74199289,OH
Kent State,Admin/Waste,2013,5,386,582,.66323024,OH
Kent State,Admin/Waste,2013,10,,,,OH
Kent State,Admin/Waste,2016,1,494,686,.72011662,OH
Kent State,Admin/Waste,2016,5,497,764,.65052354,OH
Kent State,Admin/Waste,2016,10,,,,OH
Kent State,Admin/Waste,2019,1,503,665,.75639099,OH
Kent State,Admin/Waste,2019,5,,,,OH
Kent State,Admin/Waste,2019,10,,,,OH
Kent State,Agriculture,2004,1,3,6,.5,OH
Kent State,Agriculture,2004,5,3,4,.75,OH
Kent State,Agriculture,2004,10,2,5,.40000001,OH
Kent State,Agriculture,2007,1,2,2,1,OH
Kent State,Agriculture,2007,5,1,2,.5,OH
Kent State,Agriculture,2007,10,4,4,1,OH
Kent State,Agriculture,2010,1,6,7,.85714287,OH
Kent State,Agriculture,2010,5,5,6,.83333331,OH
Kent State,Agriculture,2010,10,2,5,.40000001,OH
Kent State,Agriculture,2013,1,8,11,.72727275,OH
Kent State,Agriculture,2013,5,7,12,.58333331,OH
Kent State,Agriculture,2013,10,,,,OH
Kent State,Agriculture,2016,1,4,9,.44444445,OH
Kent State,Agriculture,2016,5,8,8,1,OH
Kent State,Agriculture,2016,10,,,,OH
Kent State,Agriculture,2019,1,3,3,1,OH
Kent State,Agriculture,2019,5,,,,OH
Kent State,Agriculture,2019,10,,,,OH
Kent State,Arts/Entertainment,2004,1,111,129,.86046511,OH
Kent State,Arts/Entertainment,2004,5,68,104,.65384614,OH
Kent State,Arts/Entertainment,2004,10,75,105,.71428573,OH
Kent State,Arts/Entertainment,2007,1,97,125,.77600002,OH
Kent State,Arts/Entertainment,2007,5,80,115,.69565219,OH
Kent State,Arts/Entertainment,2007,10,82,124,.66129035,OH
Kent State,Arts/Entertainment,2010,1,129,156,.82692307,OH
Kent State,Arts/Entertainment,2010,5,119,174,.68390805,OH
Kent State,Arts/Entertainment,2010,10,75,113,.66371679,OH
Kent State,Arts/Entertainment,2013,1,156,198,.78787881,OH
Kent State,Arts/Entertainment,2013,5,128,185,.69189191,OH
Kent State,Arts/Entertainment,2013,10,,,,OH
Kent State,Arts/Entertainment,2016,1,217,272,.7977941,OH
Kent State,Arts/Entertainment,2016,5,159,218,.72935778,OH
Kent State,Arts/Entertainment,2016,10,,,,OH
Kent State,Arts/Entertainment,2019,1,168,193,.87046629,OH
Kent State,Arts/Entertainment,2019,5,,,,OH
Kent State,Arts/Entertainment,2019,10,,,,OH
Kent State,Construction,2004,1,97,129,.75193799,OH
Kent State,Construction,2004,5,67,116,.57758623,OH
Kent State,Construction,2004,10,86,131,.65648854,OH
Kent State,Construction,2007,1,75,87,.86206895,OH
Kent State,Construction,2007,5,106,139,.76258993,OH
Kent State,Construction,2007,10,133,175,.75999999,OH
Kent State,Construction,2010,1,115,154,.74675328,OH
Kent State,Construction,2010,5,140,198,.70707071,OH
Kent State,Construction,2010,10,160,225,.71111113,OH
Kent State,Construction,2013,1,133,185,.71891892,OH
Kent State,Construction,2013,5,158,209,.75598085,OH
Kent State,Construction,2013,10,,,,OH
Kent State,Construction,2016,1,177,233,.75965667,OH
Kent State,Construction,2016,5,204,283,.72084808,OH
Kent State,Construction,2016,10,,,,OH
Kent State,Construction,2019,1,198,264,.75,OH
Kent State,Construction,2019,5,,,,OH
Kent State,Construction,2019,10,,,,OH
Kent State,Education,2004,1,798,1116,.71505374,OH
Kent State,Education,2004,5,1147,1650,.69515151,OH
Kent State,Education,2004,10,1240,1738,.71346372,OH
Kent State,Education,2007,1,701,900,.77888888,OH
Kent State,Education,2007,5,1022,1384,.73843932,OH
Kent State,Education,2007,10,1098,1485,.73939395,OH
Kent State,Education,2010,1,718,901,.79689234,OH
Kent State,Education,2010,5,1115,1468,.7595368,OH
Kent State,Education,2010,10,1072,1487,.7209146,OH
Kent State,Education,2013,1,852,1053,.80911678,OH
Kent State,Education,2013,5,1222,1560,.78333336,OH
Kent State,Education,2013,10,,,,OH
Kent State,Education,2016,1,888,1166,.76157802,OH
Kent State,Education,2016,5,1217,1614,.75402725,OH
Kent State,Education,2016,10,,,,OH
Kent State,Education,2019,1,967,1154,.83795494,OH
Kent State,Education,2019,5,,,,OH
Kent State,Education,2019,10,,,,OH
Kent State,Finance,2004,1,506,584,.86643833,OH
Kent State,Finance,2004,5,440,587,.74957412,OH
Kent State,Finance,2004,10,441,615,.71707314,OH
Kent State,Finance,2007,1,352,415,.84819275,OH
Kent State,Finance,2007,5,406,544,.74632353,OH
Kent State,Finance,2007,10,425,585,.72649574,OH
Kent State,Finance,2010,1,375,460,.81521738,OH
Kent State,Finance,2010,5,468,610,.76721311,OH
Kent State,Finance,2010,10,501,670,.74776119,OH
Kent State,Finance,2013,1,467,548,.85218978,OH
Kent State,Finance,2013,5,488,661,.73827535,OH
Kent State,Finance,2013,10,,,,OH
Kent State,Finance,2016,1,552,676,.81656808,OH
Kent State,Finance,2016,5,703,884,.79524887,OH
Kent State,Finance,2016,10,,,,OH
Kent State,Finance,2019,1,466,564,.82624114,OH
Kent State,Finance,2019,5,,,,OH
Kent State,Finance,2019,10,,,,OH
Kent State,Food/Hospitality,2004,1,545,692,.78757226,OH
Kent State,Food/Hospitality,2004,5,210,364,.57692307,OH
Kent State,Food/Hospitality,2004,10,143,279,.51254481,OH
Kent State,Food/Hospitality,2007,1,491,608,.80756581,OH
Kent State,Food/Hospitality,2007,5,246,405,.60740739,OH
Kent State,Food/Hospitality,2007,10,150,277,.54151624,OH
Kent State,Food/Hospitality,2010,1,555,723,.76763487,OH
Kent State,Food/Hospitality,2010,5,259,424,.61084908,OH
Kent State,Food/Hospitality,2010,10,144,279,.51612902,OH
Kent State,Food/Hospitality,2013,1,635,813,.78105783,OH
Kent State,Food/Hospitality,2013,5,271,418,.64832538,OH
Kent State,Food/Hospitality,2013,10,,,,OH
Kent State,Food/Hospitality,2016,1,726,902,.80487806,OH
Kent State,Food/Hospitality,2016,5,280,467,.5995717,OH
Kent State,Food/Hospitality,2016,10,,,,OH
Kent State,Food/Hospitality,2019,1,672,800,.83999997,OH
Kent State,Food/Hospitality,2019,5,,,,OH
Kent State,Food/Hospitality,2019,10,,,,OH
Kent State,Health Care,2004,1,1225,1446,.84716457,OH
Kent State,Health Care,2004,5,1312,1695,.7740413,OH
Kent State,Health Care,2004,10,1407,1793,.78471833,OH
Kent State,Health Care,2007,1,1456,1667,.8734253,OH
Kent State,Health Care,2007,5,1647,2096,.78578246,OH
Kent State,Health Care,2007,10,1645,2104,.78184408,OH
Kent State,Health Care,2010,1,1868,2196,.8506375,OH
Kent State,Health Care,2010,5,2011,2518,.79864973,OH
Kent State,Health Care,2010,10,1863,2443,.76258701,OH
Kent State,Health Care,2013,1,2299,2638,.87149358,OH
Kent State,Health Care,2013,5,2419,2980,.81174499,OH
Kent State,Health Care,2013,10,,,,OH
Kent State,Health Care,2016,1,2511,2928,.85758197,OH
Kent State,Health Care,2016,5,2469,3079,.80188376,OH
Kent State,Health Care,2016,10,,,,OH
Kent State,Health Care,2019,1,2340,2708,.86410636,OH
Kent State,Health Care,2019,5,,,,OH
Kent State,Health Care,2019,10,,,,OH
Kent State,Information,2004,1,227,326,.69631904,OH
Kent State,Information,2004,5,220,312,.70512819,OH
Kent State,Information,2004,10,187,279,.67025089,OH
Kent State,Information,2007,1,153,198,.77272725,OH
Kent State,Information,2007,5,183,279,.65591395,OH
Kent State,Information,2007,10,185,265,.6981132,OH
Kent State,Information,2010,1,186,251,.74103588,OH
Kent State,Information,2010,5,232,313,.74121404,OH
Kent State,Information,2010,10,211,293,.72013652,OH
Kent State,Information,2013,1,216,288,.75,OH
Kent State,Information,2013,5,240,351,.6837607,OH
Kent State,Information,2013,10,,,,OH
Kent State,Information,2016,1,255,339,.75221241,OH
Kent State,Information,2016,5,271,392,.69132656,OH
Kent State,Information,2016,10,,,,OH
Kent State,Information,2019,1,209,258,.81007755,OH
Kent State,Information,2019,5,,,,OH
Kent State,Information,2019,10,,,,OH
Kent State,Management,2004,1,156,200,.77999997,OH
Kent State,Management,2004,5,240,304,.78947371,OH
Kent State,Management,2004,10,297,373,.79624665,OH
Kent State,Management,2007,1,173,201,.86069649,OH
Kent State,Management,2007,5,337,411,.81995136,OH
Kent State,Management,2007,10,353,440,.80227274,OH
Kent State,Management,2010,1,242,279,.86738354,OH
Kent State,Management,2010,5,332,399,.83208019,OH
Kent State,Management,2010,10,344,417,.82494003,OH
Kent State,Management,2013,1,298,365,.81643838,OH
Kent State,Management,2013,5,416,511,.81409001,OH
Kent State,Management,2013,10,,,,OH
Kent State,Management,2016,1,362,490,.73877549,OH
Kent State,Management,2016,5,423,552,.76630437,OH
Kent State,Management,2016,10,,,,OH
Kent State,Management,2019,1,317,423,.74940896,OH
Kent State,Management,2019,5,,,,OH
Kent State,Management,2019,10,,,,OH
Kent State,Manufacturing,2004,1,519,631,.82250398,OH
Kent State,Manufacturing,2004,5,514,683,.75256222,OH
Kent State,Manufacturing,2004,10,512,682,.75073314,OH
Kent State,Manufacturing,2007,1,334,414,.80676329,OH
Kent State,Manufacturing,2007,5,451,591,.76311338,OH
Kent State,Manufacturing,2007,10,491,673,.72956908,OH
Kent State,Manufacturing,2010,1,418,539,.77551019,OH
Kent State,Manufacturing,2010,5,539,700,.76999998,OH
Kent State,Manufacturing,2010,10,547,711,.76933897,OH
Kent State,Manufacturing,2013,1,438,571,.7670753,OH
Kent State,Manufacturing,2013,5,504,664,.75903612,OH
Kent State,Manufacturing,2013,10,,,,OH
Kent State,Manufacturing,2016,1,527,677,.77843428,OH
Kent State,Manufacturing,2016,5,573,734,.78065395,OH
Kent State,Manufacturing,2016,10,,,,OH
Kent State,Manufacturing,2019,1,510,615,.82926828,OH
Kent State,Manufacturing,2019,5,,,,OH
Kent State,Manufacturing,2019,10,,,,OH
Kent State,Mining,2004,1,3,9,.33333334,OH
Kent State,Mining,2004,5,13,13,1,OH
Kent State,Mining,2004,10,13,15,.86666667,OH
Kent State,Mining,2007,1,10,10,1,OH
Kent State,Mining,2007,5,10,10,1,OH
Kent State,Mining,2007,10,7,7,1,OH
Kent State,Mining,2010,1,7,8,.875,OH
Kent State,Mining,2010,5,6,9,.66666669,OH
Kent State,Mining,2010,10,6,8,.75,OH
Kent State,Mining,2013,1,4,4,1,OH
Kent State,Mining,2013,5,9,10,.89999998,OH
Kent State,Mining,2013,10,,,,OH
Kent State,Mining,2016,1,5,8,.625,OH
Kent State,Mining,2016,5,3,3,1,OH
Kent State,Mining,2016,10,,,,OH
Kent State,Mining,2019,1,8,11,.72727275,OH
Kent State,Mining,2019,5,,,,OH
Kent State,Mining,2019,10,,,,OH
Kent State,Other Services,2004,1,121,163,.74233127,OH
Kent State,Other Services,2004,5,97,136,.71323532,OH
Kent State,Other Services,2004,10,106,159,.66666669,OH
Kent State,Other Services,2007,1,124,141,.87943262,OH
Kent State,Other Services,2007,5,121,172,.70348835,OH
Kent State,Other Services,2007,10,112,155,.72258067,OH
Kent State,Other Services,2010,1,121,159,.7610063,OH
Kent State,Other Services,2010,5,112,168,.66666669,OH
Kent State,Other Services,2010,10,117,186,.62903225,OH
Kent State,Other Services,2013,1,133,167,.79640716,OH
Kent State,Other Services,2013,5,130,175,.74285716,OH
Kent State,Other Services,2013,10,,,,OH
Kent State,Other Services,2016,1,205,254,.80708659,OH
Kent State,Other Services,2016,5,215,308,.69805193,OH
Kent State,Other Services,2016,10,,,,OH
Kent State,Other Services,2019,1,186,229,.81222707,OH
Kent State,Other Services,2019,5,,,,OH
Kent State,Other Services,2019,10,,,,OH
Kent State,Professional Services,2004,1,685,889,.77052867,OH
Kent State,Professional Services,2004,5,672,1020,.65882355,OH
Kent State,Professional Services,2004,10,590,953,.61909759,OH
Kent State,Professional Services,2007,1,606,756,.80158728,OH
Kent State,Professional Services,2007,5,719,1035,.694686,OH
Kent State,Professional Services,2007,10,627,937,.66915691,OH
Kent State,Professional Services,2010,1,606,778,.77892029,OH
Kent State,Professional Services,2010,5,709,1041,.68107587,OH
Kent State,Professional Services,2010,10,710,1116,.63620073,OH
Kent State,Professional Services,2013,1,691,920,.75108695,OH
Kent State,Professional Services,2013,5,786,1165,.67467809,OH
Kent State,Professional Services,2013,10,,,,OH
Kent State,Professional Services,2016,1,907,1177,.77060324,OH
Kent State,Professional Services,2016,5,991,1498,.66154873,OH
Kent State,Professional Services,2016,10,,,,OH
Kent State,Professional Services,2019,1,979,1267,.77269137,OH
Kent State,Professional Services,2019,5,,,,OH
Kent State,Professional Services,2019,10,,,,OH
Kent State,Public Admin,2004,1,157,228,.68859649,OH
Kent State,Public Admin,2004,5,238,312,.76282054,OH
Kent State,Public Admin,2004,10,255,353,.72237962,OH
Kent State,Public Admin,2007,1,145,169,.85798818,OH
Kent State,Public Admin,2007,5,211,299,.70568562,OH
Kent State,Public Admin,2007,10,277,355,.78028166,OH
Kent State,Public Admin,2010,1,149,205,.72682929,OH
Kent State,Public Admin,2010,5,247,323,.7647059,OH
Kent State,Public Admin,2010,10,284,390,.72820514,OH
Kent State,Public Admin,2013,1,199,265,.75094342,OH
Kent State,Public Admin,2013,5,312,408,.7647059,OH
Kent State,Public Admin,2013,10,,,,OH
Kent State,Public Admin,2016,1,233,312,.74679488,OH
Kent State,Public Admin,2016,5,374,479,.78079331,OH
Kent State,Public Admin,2016,10,,,,OH
Kent State,Public Admin,2019,1,223,260,.8576923,OH
Kent State,Public Admin,2019,5,,,,OH
Kent State,Public Admin,2019,10,,,,OH
Kent State,Real Estate,2004,1,106,123,.86178863,OH
Kent State,Real Estate,2004,5,81,102,.79411763,OH
Kent State,Real Estate,2004,10,76,96,.79166669,OH
Kent State,Real Estate,2007,1,88,99,.8888889,OH
Kent State,Real Estate,2007,5,72,93,.77419353,OH
Kent State,Real Estate,2007,10,74,90,.82222223,OH
Kent State,Real Estate,2010,1,89,108,.82407409,OH
Kent State,Real Estate,2010,5,90,120,.75,OH
Kent State,Real Estate,2010,10,65,81,.80246913,OH
Kent State,Real Estate,2013,1,110,133,.82706767,OH
Kent State,Real Estate,2013,5,95,131,.72519082,OH
Kent State,Real Estate,2013,10,,,,OH
Kent State,Real Estate,2016,1,105,127,.82677168,OH
Kent State,Real Estate,2016,5,117,150,.77999997,OH
Kent State,Real Estate,2016,10,,,,OH
Kent State,Real Estate,2019,1,120,139,.86330932,OH
Kent State,Real Estate,2019,5,,,,OH
Kent State,Real Estate,2019,10,,,,OH
Kent State,Retail,2004,1,820,1033,.79380447,OH
Kent State,Retail,2004,5,442,685,.64525545,OH
Kent State,Retail,2004,10,321,544,.59007353,OH
Kent State,Retail,2007,1,781,964,.810166,OH
Kent State,Retail,2007,5,523,777,.67310166,OH
Kent State,Retail,2007,10,329,530,.62075472,OH
Kent State,Retail,2010,1,841,1074,.78305399,OH
Kent State,Retail,2010,5,524,788,.66497463,OH
Kent State,Retail,2010,10,369,588,.62755102,OH
Kent State,Retail,2013,1,821,1091,.75252062,OH
Kent State,Retail,2013,5,487,756,.64417988,OH
Kent State,Retail,2013,10,,,,OH
Kent State,Retail,2016,1,950,1291,.73586369,OH
Kent State,Retail,2016,5,585,912,.64144737,OH
Kent State,Retail,2016,10,,,,OH
Kent State,Retail,2019,1,918,1240,.74032259,OH
Kent State,Retail,2019,5,,,,OH
Kent State,Retail,2019,10,,,,OH
Kent State,Transportation,2004,1,128,168,.76190478,OH
Kent State,Transportation,2004,5,140,202,.69306928,OH
Kent State,Transportation,2004,10,114,183,.62295079,OH
Kent State,Transportation,2007,1,122,143,.85314685,OH
Kent State,Transportation,2007,5,139,208,.66826922,OH
Kent State,Transportation,2007,10,128,188,.68085104,OH
Kent State,Transportation,2010,1,132,164,.80487806,OH
Kent State,Transportation,2010,5,158,238,.66386557,OH
Kent State,Transportation,2010,10,181,265,.68301886,OH
Kent State,Transportation,2013,1,178,253,.70355731,OH
Kent State,Transportation,2013,5,207,332,.62349397,OH
Kent State,Transportation,2013,10,,,,OH
Kent State,Transportation,2016,1,244,336,.72619045,OH
Kent State,Transportation,2016,5,266,388,.68556702,OH
Kent State,Transportation,2016,10,,,,OH
Kent State,Transportation,2019,1,272,339,.80235988,OH
Kent State,Transportation,2019,5,,,,OH
Kent State,Transportation,2019,10,,,,OH
Kent State,Utilities,2004,1,13,16,.8125,OH
Kent State,Utilities,2004,5,20,21,.95238096,OH
Kent State,Utilities,2004,10,36,37,.97297299,OH
Kent State,Utilities,2007,1,27,27,1,OH
Kent State,Utilities,2007,5,28,29,.96551722,OH
Kent State,Utilities,2007,10,30,31,.96774191,OH
Kent State,Utilities,2010,1,13,13,1,OH
Kent State,Utilities,2010,5,29,30,.96666664,OH
Kent State,Utilities,2010,10,28,29,.96551722,OH
Kent State,Utilities,2013,1,11,12,.91666669,OH
Kent State,Utilities,2013,5,35,39,.8974359,OH
Kent State,Utilities,2013,10,,,,OH
Kent State,Utilities,2016,1,13,16,.8125,OH
Kent State,Utilities,2016,5,20,24,.83333331,OH
Kent State,Utilities,2016,10,,,,OH
Kent State,Utilities,2019,1,17,20,.85000002,OH
Kent State,Utilities,2019,5,,,,OH
Kent State,Utilities,2019,10,,,,OH
Kent State,Wholesale,2004,1,259,342,.75730991,OH
Kent State,Wholesale,2004,5,305,432,.70601851,OH
Kent State,Wholesale,2004,10,372,524,.70992368,OH
Kent State,Wholesale,2007,1,192,253,.75889325,OH
Kent State,Wholesale,2007,5,289,451,.64079821,OH
Kent State,Wholesale,2007,10,321,474,.67721522,OH
Kent State,Wholesale,2010,1,242,328,.73780489,OH
Kent State,Wholesale,2010,5,355,491,.72301424,OH
Kent State,Wholesale,2010,10,346,473,.73150104,OH
Kent State,Wholesale,2013,1,262,344,.76162791,OH
Kent State,Wholesale,2013,5,326,461,.70715833,OH
Kent State,Wholesale,2013,10,,,,OH
Kent State,Wholesale,2016,1,310,431,.71925753,OH
Kent State,Wholesale,2016,5,409,599,.6828047,OH
Kent State,Wholesale,2016,10,,,,OH
Kent State,Wholesale,2019,1,322,424,.75943398,OH
Kent State,Wholesale,2019,5,,,,OH
Kent State,Wholesale,2019,10,,,,OH
Miami University,Admin/Waste,2004,1,261,472,.55296612,OH
Miami University,Admin/Waste,2004,5,116,319,.36363637,OH
Miami University,Admin/Waste,2004,10,120,298,.40268457,OH
Miami University,Admin/Waste,2007,1,191,354,.53954804,OH
Miami University,Admin/Waste,2007,5,144,341,.4222874,OH
Miami University,Admin/Waste,2007,10,125,322,.38819876,OH
Miami University,Admin/Waste,2010,1,213,412,.5169903,OH
Miami University,Admin/Waste,2010,5,156,387,.40310079,OH
Miami University,Admin/Waste,2010,10,120,309,.3883495,OH
Miami University,Admin/Waste,2013,1,244,441,.55328798,OH
Miami University,Admin/Waste,2013,5,171,376,.45478722,OH
Miami University,Admin/Waste,2013,10,,,,OH
Miami University,Admin/Waste,2016,1,306,603,.50746268,OH
Miami University,Admin/Waste,2016,5,214,470,.45531914,OH
Miami University,Admin/Waste,2016,10,,,,OH
Miami University,Admin/Waste,2019,1,271,554,.48916969,OH
Miami University,Admin/Waste,2019,5,,,,OH
Miami University,Admin/Waste,2019,10,,,,OH
Miami University,Agriculture,2004,1,3,4,.75,OH
Miami University,Agriculture,2004,5,4,4,1,OH
Miami University,Agriculture,2004,10,1,1,1,OH
Miami University,Agriculture,2007,1,1,5,.2,OH
Miami University,Agriculture,2007,5,3,6,.5,OH
Miami University,Agriculture,2007,10,1,3,.33333334,OH
Miami University,Agriculture,2010,1,1,1,1,OH
Miami University,Agriculture,2010,5,7,11,.63636363,OH
Miami University,Agriculture,2010,10,2,10,.2,OH
Miami University,Agriculture,2013,1,3,3,1,OH
Miami University,Agriculture,2013,5,4,6,.66666669,OH
Miami University,Agriculture,2013,10,,,,OH
Miami University,Agriculture,2016,1,8,13,.61538464,OH
Miami University,Agriculture,2016,5,8,11,.72727275,OH
Miami University,Agriculture,2016,10,,,,OH
Miami University,Agriculture,2019,1,10,14,.71428573,OH
Miami University,Agriculture,2019,5,,,,OH
Miami University,Agriculture,2019,10,,,,OH
Miami University,Arts/Entertainment,2004,1,75,140,.53571427,OH
Miami University,Arts/Entertainment,2004,5,52,112,.4642857,OH
Miami University,Arts/Entertainment,2004,10,46,111,.41441441,OH
Miami University,Arts/Entertainment,2007,1,67,104,.64423078,OH
Miami University,Arts/Entertainment,2007,5,81,142,.57042253,OH
Miami University,Arts/Entertainment,2007,10,64,117,.54700857,OH
Miami University,Arts/Entertainment,2010,1,60,103,.5825243,OH
Miami University,Arts/Entertainment,2010,5,59,143,.4125874,OH
Miami University,Arts/Entertainment,2010,10,47,88,.53409094,OH
Miami University,Arts/Entertainment,2013,1,90,162,.55555558,OH
Miami University,Arts/Entertainment,2013,5,84,157,.53503186,OH
Miami University,Arts/Entertainment,2013,10,,,,OH
Miami University,Arts/Entertainment,2016,1,93,179,.51955307,OH
Miami University,Arts/Entertainment,2016,5,65,135,.48148149,OH
Miami University,Arts/Entertainment,2016,10,,,,OH
Miami University,Arts/Entertainment,2019,1,104,159,.65408808,OH
Miami University,Arts/Entertainment,2019,5,,,,OH
Miami University,Arts/Entertainment,2019,10,,,,OH
Miami University,Construction,2004,1,102,169,.60355031,OH
Miami University,Construction,2004,5,68,136,.5,OH
Miami University,Construction,2004,10,68,122,.55737704,OH
Miami University,Construction,2007,1,54,90,.60000002,OH
Miami University,Construction,2007,5,43,98,.43877551,OH
Miami University,Construction,2007,10,41,125,.32800001,OH
Miami University,Construction,2010,1,44,73,.60273975,OH
Miami University,Construction,2010,5,58,139,.41726619,OH
Miami University,Construction,2010,10,72,146,.49315068,OH
Miami University,Construction,2013,1,49,96,.51041669,OH
Miami University,Construction,2013,5,84,147,.5714286,OH
Miami University,Construction,2013,10,,,,OH
Miami University,Construction,2016,1,56,119,.47058824,OH
Miami University,Construction,2016,5,91,157,.57961786,OH
Miami University,Construction,2016,10,,,,OH
Miami University,Construction,2019,1,85,160,.53125,OH
Miami University,Construction,2019,5,,,,OH
Miami University,Construction,2019,10,,,,OH
Miami University,Education,2004,1,972,1428,.68067229,OH
Miami University,Education,2004,5,971,1729,.56159627,OH
Miami University,Education,2004,10,966,1773,.54483926,OH
Miami University,Education,2007,1,696,1152,.60416669,OH
Miami University,Education,2007,5,832,1566,.53128994,OH
Miami University,Education,2007,10,841,1576,.53362942,OH
Miami University,Education,2010,1,669,1032,.64825583,OH
Miami University,Education,2010,5,980,1645,.59574467,OH
Miami University,Education,2010,10,912,1536,.59375,OH
Miami University,Education,2013,1,817,1190,.68655461,OH
Miami University,Education,2013,5,992,1597,.62116468,OH
Miami University,Education,2013,10,,,,OH
Miami University,Education,2016,1,758,1124,.6743772,OH
Miami University,Education,2016,5,847,1415,.59858656,OH
Miami University,Education,2016,10,,,,OH
Miami University,Education,2019,1,674,1056,.63825756,OH
Miami University,Education,2019,5,,,,OH
Miami University,Education,2019,10,,,,OH
Miami University,Finance,2004,1,587,1036,.56660229,OH
Miami University,Finance,2004,5,517,1071,.48272642,OH
Miami University,Finance,2004,10,540,1132,.4770318,OH
Miami University,Finance,2007,1,290,608,.47697368,OH
Miami University,Finance,2007,5,374,844,.44312796,OH
Miami University,Finance,2007,10,420,892,.47085202,OH
Miami University,Finance,2010,1,306,677,.45199409,OH
Miami University,Finance,2010,5,413,959,.43065694,OH
Miami University,Finance,2010,10,416,947,.43928194,OH
Miami University,Finance,2013,1,400,764,.52356023,OH
Miami University,Finance,2013,5,474,954,.49685535,OH
Miami University,Finance,2013,10,,,,OH
Miami University,Finance,2016,1,410,890,.46067417,OH
Miami University,Finance,2016,5,437,1055,.41421801,OH
Miami University,Finance,2016,10,,,,OH
Miami University,Finance,2019,1,438,967,.45294726,OH
Miami University,Finance,2019,5,,,,OH
Miami University,Finance,2019,10,,,,OH
Miami University,Food/Hospitality,2004,1,305,468,.65170938,OH
Miami University,Food/Hospitality,2004,5,100,260,.38461539,OH
Miami University,Food/Hospitality,2004,10,68,231,.29437229,OH
Miami University,Food/Hospitality,2007,1,190,321,.59190029,OH
Miami University,Food/Hospitality,2007,5,92,242,.38016528,OH
Miami University,Food/Hospitality,2007,10,46,205,.22439024,OH
Miami University,Food/Hospitality,2010,1,197,308,.63961041,OH
Miami University,Food/Hospitality,2010,5,92,241,.38174275,OH
Miami University,Food/Hospitality,2010,10,57,170,.33529413,OH
Miami University,Food/Hospitality,2013,1,175,287,.60975611,OH
Miami University,Food/Hospitality,2013,5,84,227,.37004405,OH
Miami University,Food/Hospitality,2013,10,,,,OH
Miami University,Food/Hospitality,2016,1,237,394,.60152286,OH
Miami University,Food/Hospitality,2016,5,86,230,.37391305,OH
Miami University,Food/Hospitality,2016,10,,,,OH
Miami University,Food/Hospitality,2019,1,224,354,.63276833,OH
Miami University,Food/Hospitality,2019,5,,,,OH
Miami University,Food/Hospitality,2019,10,,,,OH
Miami University,Health Care,2004,1,414,645,.64186049,OH
Miami University,Health Care,2004,5,605,1121,.53969669,OH
Miami University,Health Care,2004,10,677,1343,.50409532,OH
Miami University,Health Care,2007,1,451,671,.67213112,OH
Miami University,Health Care,2007,5,718,1267,.56669295,OH
Miami University,Health Care,2007,10,692,1303,.53108209,OH
Miami University,Health Care,2010,1,442,635,.69606298,OH
Miami University,Health Care,2010,5,689,1240,.55564517,OH
Miami University,Health Care,2010,10,710,1342,.52906108,OH
Miami University,Health Care,2013,1,627,851,.73678029,OH
Miami University,Health Care,2013,5,804,1304,.61656439,OH
Miami University,Health Care,2013,10,,,,OH
Miami University,Health Care,2016,1,630,927,.67961162,OH
Miami University,Health Care,2016,5,873,1486,.58748317,OH
Miami University,Health Care,2016,10,,,,OH
Miami University,Health Care,2019,1,670,986,.67951316,OH
Miami University,Health Care,2019,5,,,,OH
Miami University,Health Care,2019,10,,,,OH
Miami University,Information,2004,1,157,311,.50482315,OH
Miami University,Information,2004,5,147,350,.41999999,OH
Miami University,Information,2004,10,122,338,.36094674,OH
Miami University,Information,2007,1,96,233,.41201717,OH
Miami University,Information,2007,5,116,359,.32311979,OH
Miami University,Information,2007,10,105,350,.30000001,OH
Miami University,Information,2010,1,128,310,.41290322,OH
Miami University,Information,2010,5,119,405,.29382715,OH
Miami University,Information,2010,10,145,480,.30208334,OH
Miami University,Information,2013,1,111,292,.380137,OH
Miami University,Information,2013,5,123,444,.27702704,OH
Miami University,Information,2013,10,,,,OH
Miami University,Information,2016,1,170,419,.40572792,OH
Miami University,Information,2016,5,172,545,.31559634,OH
Miami University,Information,2016,10,,,,OH
Miami University,Information,2019,1,165,460,.35869566,OH
Miami University,Information,2019,5,,,,OH
Miami University,Information,2019,10,,,,OH
Miami University,Management,2004,1,158,277,.57039714,OH
Miami University,Management,2004,5,203,330,.61515152,OH
Miami University,Management,2004,10,267,442,.60407239,OH
Miami University,Management,2007,1,136,215,.63255817,OH
Miami University,Management,2007,5,245,367,.66757494,OH
Miami University,Management,2007,10,260,414,.62801933,OH
Miami University,Management,2010,1,188,304,.61842108,OH
Miami University,Management,2010,5,269,430,.62558138,OH
Miami University,Management,2010,10,247,384,.64322919,OH
Miami University,Management,2013,1,231,376,.6143617,OH
Miami University,Management,2013,5,265,403,.65756822,OH
Miami University,Management,2013,10,,,,OH
Miami University,Management,2016,1,248,366,.67759562,OH
Miami University,Management,2016,5,248,383,.64751959,OH
Miami University,Management,2016,10,,,,OH
Miami University,Management,2019,1,219,330,.66363639,OH
Miami University,Management,2019,5,,,,OH
Miami University,Management,2019,10,,,,OH
Miami University,Manufacturing,2004,1,247,498,.49598393,OH
Miami University,Manufacturing,2004,5,274,558,.49103943,OH
Miami University,Manufacturing,2004,10,293,619,.47334412,OH
Miami University,Manufacturing,2007,1,173,415,.41686746,OH
Miami University,Manufacturing,2007,5,224,521,.42994243,OH
Miami University,Manufacturing,2007,10,269,595,.45210084,OH
Miami University,Manufacturing,2010,1,320,577,.55459273,OH
Miami University,Manufacturing,2010,5,389,733,.5306958,OH
Miami University,Manufacturing,2010,10,378,685,.55182481,OH
Miami University,Manufacturing,2013,1,347,636,.54559749,OH
Miami University,Manufacturing,2013,5,399,772,.51683939,OH
Miami University,Manufacturing,2013,10,,,,OH
Miami University,Manufacturing,2016,1,377,750,.50266665,OH
Miami University,Manufacturing,2016,5,417,785,.53121018,OH
Miami University,Manufacturing,2016,10,,,,OH
Miami University,Manufacturing,2019,1,404,772,.52331609,OH
Miami University,Manufacturing,2019,5,,,,OH
Miami University,Manufacturing,2019,10,,,,OH
Miami University,Mining,2004,1,3,5,.60000002,OH
Miami University,Mining,2004,5,3,7,.42857143,OH
Miami University,Mining,2004,10,2,7,.2857143,OH
Miami University,Mining,2007,1,5,10,.5,OH
Miami University,Mining,2007,5,3,10,.30000001,OH
Miami University,Mining,2007,10,6,14,.42857143,OH
Miami University,Mining,2010,1,6,12,.5,OH
Miami University,Mining,2010,5,7,10,.69999999,OH
Miami University,Mining,2010,10,8,9,.8888889,OH
Miami University,Mining,2013,1,4,5,.80000001,OH
Miami University,Mining,2013,5,5,7,.71428573,OH
Miami University,Mining,2013,10,,,,OH
Miami University,Mining,2016,1,2,2,1,OH
Miami University,Mining,2016,5,1,2,.5,OH
Miami University,Mining,2016,10,,,,OH
Miami University,Mining,2019,1,3,11,.27272728,OH
Miami University,Mining,2019,5,,,,OH
Miami University,Mining,2019,10,,,,OH
Miami University,Other Services,2004,1,111,206,.53883493,OH
Miami University,Other Services,2004,5,89,189,.47089946,OH
Miami University,Other Services,2004,10,82,204,.40196079,OH
Miami University,Other Services,2007,1,87,143,.60839158,OH
Miami University,Other Services,2007,5,75,212,.35377359,OH
Miami University,Other Services,2007,10,78,184,.42391303,OH
Miami University,Other Services,2010,1,71,142,.5,OH
Miami University,Other Services,2010,5,87,221,.39366516,OH
Miami University,Other Services,2010,10,84,201,.41791046,OH
Miami University,Other Services,2013,1,77,132,.58333331,OH
Miami University,Other Services,2013,5,92,204,.4509804,OH
Miami University,Other Services,2013,10,,,,OH
Miami University,Other Services,2016,1,103,216,.47685185,OH
Miami University,Other Services,2016,5,109,218,.5,OH
Miami University,Other Services,2016,10,,,,OH
Miami University,Other Services,2019,1,104,217,.47926268,OH
Miami University,Other Services,2019,5,,,,OH
Miami University,Other Services,2019,10,,,,OH
Miami University,Professional Services,2004,1,729,1578,.46197718,OH
Miami University,Professional Services,2004,5,751,1785,.4207283,OH
Miami University,Professional Services,2004,10,667,1735,.38443804,OH
Miami University,Professional Services,2007,1,697,1524,.45734909,OH
Miami University,Professional Services,2007,5,703,1820,.38626373,OH
Miami University,Professional Services,2007,10,608,1688,.36018959,OH
Miami University,Professional Services,2010,1,759,1617,.46938777,OH
Miami University,Professional Services,2010,5,729,2033,.35858336,OH
Miami University,Professional Services,2010,10,690,1875,.368,OH
Miami University,Professional Services,2013,1,863,1815,.47548211,OH
Miami University,Professional Services,2013,5,819,2027,.40404537,OH
Miami University,Professional Services,2013,10,,,,OH
Miami University,Professional Services,2016,1,955,2182,.43767187,OH
Miami University,Professional Services,2016,5,871,2310,.37705627,OH
Miami University,Professional Services,2016,10,,,,OH
Miami University,Professional Services,2019,1,1054,2404,.43843594,OH
Miami University,Professional Services,2019,5,,,,OH
Miami University,Professional Services,2019,10,,,,OH
Miami University,Public Admin,2004,1,102,183,.55737704,OH
Miami University,Public Admin,2004,5,125,259,.48262548,OH
Miami University,Public Admin,2004,10,139,292,.4760274,OH
Miami University,Public Admin,2007,1,84,146,.57534248,OH
Miami University,Public Admin,2007,5,115,248,.46370968,OH
Miami University,Public Admin,2007,10,151,285,.52982455,OH
Miami University,Public Admin,2010,1,69,106,.6509434,OH
Miami University,Public Admin,2010,5,128,261,.49042144,OH
Miami University,Public Admin,2010,10,128,258,.49612403,OH
Miami University,Public Admin,2013,1,104,168,.61904764,OH
Miami University,Public Admin,2013,5,127,247,.51417005,OH
Miami University,Public Admin,2013,10,,,,OH
Miami University,Public Admin,2016,1,113,183,.61748636,OH
Miami University,Public Admin,2016,5,146,285,.5122807,OH
Miami University,Public Admin,2016,10,,,,OH
Miami University,Public Admin,2019,1,113,205,.55121952,OH
Miami University,Public Admin,2019,5,,,,OH
Miami University,Public Admin,2019,10,,,,OH
Miami University,Real Estate,2004,1,97,168,.57738096,OH
Miami University,Real Estate,2004,5,70,124,.56451613,OH
Miami University,Real Estate,2004,10,63,146,.43150684,OH
Miami University,Real Estate,2007,1,41,85,.48235294,OH
Miami University,Real Estate,2007,5,39,103,.37864077,OH
Miami University,Real Estate,2007,10,36,111,.32432431,OH
Miami University,Real Estate,2010,1,37,79,.46835443,OH
Miami University,Real Estate,2010,5,70,148,.47297296,OH
Miami University,Real Estate,2010,10,72,149,.48322147,OH
Miami University,Real Estate,2013,1,68,116,.58620691,OH
Miami University,Real Estate,2013,5,63,136,.46323529,OH
Miami University,Real Estate,2013,10,,,,OH
Miami University,Real Estate,2016,1,69,137,.50364965,OH
Miami University,Real Estate,2016,5,56,154,.36363637,OH
Miami University,Real Estate,2016,10,,,,OH
Miami University,Real Estate,2019,1,56,130,.43076923,OH
Miami University,Real Estate,2019,5,,,,OH
Miami University,Real Estate,2019,10,,,,OH
Miami University,Retail,2004,1,347,595,.5831933,OH
Miami University,Retail,2004,5,176,405,.4345679,OH
Miami University,Retail,2004,10,137,336,.40773809,OH
Miami University,Retail,2007,1,271,484,.55991733,OH
Miami University,Retail,2007,5,195,471,.41401273,OH
Miami University,Retail,2007,10,136,384,.35416666,OH
Miami University,Retail,2010,1,321,528,.60795456,OH
Miami University,Retail,2010,5,178,459,.38779956,OH
Miami University,Retail,2010,10,142,373,.38069704,OH
Miami University,Retail,2013,1,321,542,.59225094,OH
Miami University,Retail,2013,5,185,432,.42824075,OH
Miami University,Retail,2013,10,,,,OH
Miami University,Retail,2016,1,266,468,.56837606,OH
Miami University,Retail,2016,5,147,368,.39945653,OH
Miami University,Retail,2016,10,,,,OH
Miami University,Retail,2019,1,309,586,.52730376,OH
Miami University,Retail,2019,5,,,,OH
Miami University,Retail,2019,10,,,,OH
Miami University,Transportation,2004,1,111,221,.50226247,OH
Miami University,Transportation,2004,5,87,182,.47802198,OH
Miami University,Transportation,2004,10,72,160,.44999999,OH
Miami University,Transportation,2007,1,83,157,.52866244,OH
Miami University,Transportation,2007,5,55,152,.3618421,OH
Miami University,Transportation,2007,10,65,147,.44217688,OH
Miami University,Transportation,2010,1,123,216,.56944442,OH
Miami University,Transportation,2010,5,83,181,.45856354,OH
Miami University,Transportation,2010,10,76,162,.46913579,OH
Miami University,Transportation,2013,1,128,223,.57399106,OH
Miami University,Transportation,2013,5,104,212,.49056605,OH
Miami University,Transportation,2013,10,,,,OH
Miami University,Transportation,2016,1,142,289,.49134949,OH
Miami University,Transportation,2016,5,116,231,.50216448,OH
Miami University,Transportation,2016,10,,,,OH
Miami University,Transportation,2019,1,173,377,.45888594,OH
Miami University,Transportation,2019,5,,,,OH
Miami University,Transportation,2019,10,,,,OH
Miami University,Utilities,2004,1,7,7,1,OH
Miami University,Utilities,2004,5,10,17,.58823532,OH
Miami University,Utilities,2004,10,7,12,.58333331,OH
Miami University,Utilities,2007,1,7,7,1,OH
Miami University,Utilities,2007,5,12,15,.80000001,OH
Miami University,Utilities,2007,10,18,24,.75,OH
Miami University,Utilities,2010,1,3,4,.75,OH
Miami University,Utilities,2010,5,20,23,.86956519,OH
Miami University,Utilities,2010,10,15,16,.9375,OH
Miami University,Utilities,2013,1,4,7,.5714286,OH
Miami University,Utilities,2013,5,23,28,.8214286,OH
Miami University,Utilities,2013,10,,,,OH
Miami University,Utilities,2016,1,12,14,.85714287,OH
Miami University,Utilities,2016,5,21,22,.95454544,OH
Miami University,Utilities,2016,10,,,,OH
Miami University,Utilities,2019,1,14,16,.875,OH
Miami University,Utilities,2019,5,,,,OH
Miami University,Utilities,2019,10,,,,OH
Miami University,Wholesale,2004,1,227,466,.48712447,OH
Miami University,Wholesale,2004,5,220,523,.42065009,OH
Miami University,Wholesale,2004,10,252,539,.46753246,OH
Miami University,Wholesale,2007,1,178,346,.51445085,OH
Miami University,Wholesale,2007,5,188,458,.41048035,OH
Miami University,Wholesale,2007,10,221,482,.45850623,OH
Miami University,Wholesale,2010,1,141,333,.42342341,OH
Miami University,Wholesale,2010,5,232,518,.44787645,OH
Miami University,Wholesale,2010,10,236,499,.4729459,OH
Miami University,Wholesale,2013,1,190,412,.46116504,OH
Miami University,Wholesale,2013,5,222,494,.44939271,OH
Miami University,Wholesale,2013,10,,,,OH
Miami University,Wholesale,2016,1,206,468,.44017094,OH
Miami University,Wholesale,2016,5,262,543,.48250461,OH
Miami University,Wholesale,2016,10,,,,OH
Miami University,Wholesale,2019,1,248,513,.4834308,OH
Miami University,Wholesale,2019,5,,,,OH
Miami University,Wholesale,2019,10,,,,OH
Ohio State,Admin/Waste,2004,1,1009,1272,.793239,OH
Ohio State,Admin/Waste,2004,5,506,807,.62701362,OH
Ohio State,Admin/Waste,2004,10,462,788,.58629441,OH
Ohio State,Admin/Waste,2007,1,938,1164,.80584192,OH
Ohio State,Admin/Waste,2007,5,575,880,.65340906,OH
Ohio State,Admin/Waste,2007,10,460,789,.58301646,OH
Ohio State,Admin/Waste,2010,1,1107,1378,.80333817,OH
Ohio State,Admin/Waste,2010,5,648,1037,.62487948,OH
Ohio State,Admin/Waste,2010,10,553,930,.59462368,OH
Ohio State,Admin/Waste,2013,1,1067,1291,.82649112,OH
Ohio State,Admin/Waste,2013,5,631,1028,.61381322,OH
Ohio State,Admin/Waste,2013,10,,,,OH
Ohio State,Admin/Waste,2016,1,1033,1363,.75788701,OH
Ohio State,Admin/Waste,2016,5,628,1096,.57299268,OH
Ohio State,Admin/Waste,2016,10,,,,OH
Ohio State,Admin/Waste,2019,1,978,1318,.74203336,OH
Ohio State,Admin/Waste,2019,5,,,,OH
Ohio State,Admin/Waste,2019,10,,,,OH
Ohio State,Agriculture,2004,1,43,43,1,OH
Ohio State,Agriculture,2004,5,42,42,1,OH
Ohio State,Agriculture,2004,10,36,40,.89999998,OH
Ohio State,Agriculture,2007,1,43,49,.87755102,OH
Ohio State,Agriculture,2007,5,34,36,.94444442,OH
Ohio State,Agriculture,2007,10,34,43,.79069769,OH
Ohio State,Agriculture,2010,1,35,39,.8974359,OH
Ohio State,Agriculture,2010,5,44,61,.72131145,OH
Ohio State,Agriculture,2010,10,33,38,.86842108,OH
Ohio State,Agriculture,2013,1,52,59,.88135594,OH
Ohio State,Agriculture,2013,5,35,49,.71428573,OH
Ohio State,Agriculture,2013,10,,,,OH
Ohio State,Agriculture,2016,1,96,101,.95049506,OH
Ohio State,Agriculture,2016,5,64,71,.90140843,OH
Ohio State,Agriculture,2016,10,,,,OH
Ohio State,Agriculture,2019,1,79,85,.92941177,OH
Ohio State,Agriculture,2019,5,,,,OH
Ohio State,Agriculture,2019,10,,,,OH
Ohio State,Arts/Entertainment,2004,1,273,359,.76044565,OH
Ohio State,Arts/Entertainment,2004,5,182,279,.65232974,OH
Ohio State,Arts/Entertainment,2004,10,186,303,.61386138,OH
Ohio State,Arts/Entertainment,2007,1,251,311,.80707395,OH
Ohio State,Arts/Entertainment,2007,5,202,300,.67333335,OH
Ohio State,Arts/Entertainment,2007,10,161,288,.55902779,OH
Ohio State,Arts/Entertainment,2010,1,302,393,.76844782,OH
Ohio State,Arts/Entertainment,2010,5,250,396,.63131315,OH
Ohio State,Arts/Entertainment,2010,10,205,351,.58404559,OH
Ohio State,Arts/Entertainment,2013,1,282,365,.77260274,OH
Ohio State,Arts/Entertainment,2013,5,202,331,.61027193,OH
Ohio State,Arts/Entertainment,2013,10,,,,OH
Ohio State,Arts/Entertainment,2016,1,337,448,.75223213,OH
Ohio State,Arts/Entertainment,2016,5,219,351,.62393165,OH
Ohio State,Arts/Entertainment,2016,10,,,,OH
Ohio State,Arts/Entertainment,2019,1,282,366,.77049178,OH
Ohio State,Arts/Entertainment,2019,5,,,,OH
Ohio State,Arts/Entertainment,2019,10,,,,OH
Ohio State,Construction,2004,1,328,432,.75925928,OH
Ohio State,Construction,2004,5,260,400,.64999998,OH
Ohio State,Construction,2004,10,269,393,.68447834,OH
Ohio State,Construction,2007,1,292,399,.73182958,OH
Ohio State,Construction,2007,5,271,400,.67750001,OH
Ohio State,Construction,2007,10,337,496,.67943549,OH
Ohio State,Construction,2010,1,324,455,.71208793,OH
Ohio State,Construction,2010,5,361,540,.66851854,OH
Ohio State,Construction,2010,10,423,620,.68225807,OH
Ohio State,Construction,2013,1,315,428,.73598129,OH
Ohio State,Construction,2013,5,369,495,.74545455,OH
Ohio State,Construction,2013,10,,,,OH
Ohio State,Construction,2016,1,365,500,.73000002,OH
Ohio State,Construction,2016,5,404,627,.64433813,OH
Ohio State,Construction,2016,10,,,,OH
Ohio State,Construction,2019,1,400,560,.71428573,OH
Ohio State,Construction,2019,5,,,,OH
Ohio State,Construction,2019,10,,,,OH
Ohio State,Education,2004,1,1556,1935,.80413437,OH
Ohio State,Education,2004,5,2400,3332,.7202881,OH
Ohio State,Education,2004,10,2511,3597,.69808173,OH
Ohio State,Education,2007,1,1622,2016,.80456346,OH
Ohio State,Education,2007,5,2503,3386,.73922032,OH
Ohio State,Education,2007,10,2577,3584,.71902901,OH
Ohio State,Education,2010,1,1780,2259,.78795928,OH
Ohio State,Education,2010,5,2884,3864,.74637681,OH
Ohio State,Education,2010,10,2505,3623,.69141597,OH
Ohio State,Education,2013,1,1955,2307,.84742087,OH
Ohio State,Education,2013,5,2563,3440,.74505812,OH
Ohio State,Education,2013,10,,,,OH
Ohio State,Education,2016,1,2468,2926,.8434723,OH
Ohio State,Education,2016,5,2239,3132,.71487868,OH
Ohio State,Education,2016,10,,,,OH
Ohio State,Education,2019,1,2116,2608,.81134969,OH
Ohio State,Education,2019,5,,,,OH
Ohio State,Education,2019,10,,,,OH
Ohio State,Finance,2004,1,1276,1635,.78042811,OH
Ohio State,Finance,2004,5,1177,1707,.68951374,OH
Ohio State,Finance,2004,10,1176,1768,.66515839,OH
Ohio State,Finance,2007,1,1125,1413,.79617834,OH
Ohio State,Finance,2007,5,1341,1863,.71980679,OH
Ohio State,Finance,2007,10,1453,2052,.70808965,OH
Ohio State,Finance,2010,1,1255,1656,.75785023,OH
Ohio State,Finance,2010,5,1637,2341,.69927382,OH
Ohio State,Finance,2010,10,1669,2448,.68178105,OH
Ohio State,Finance,2013,1,1121,1510,.74238414,OH
Ohio State,Finance,2013,5,1447,2131,.67902392,OH
Ohio State,Finance,2013,10,,,,OH
Ohio State,Finance,2016,1,1249,1764,.70804989,OH
Ohio State,Finance,2016,5,1415,2210,.64027148,OH
Ohio State,Finance,2016,10,,,,OH
Ohio State,Finance,2019,1,1435,2151,.66713154,OH
Ohio State,Finance,2019,5,,,,OH
Ohio State,Finance,2019,10,,,,OH
Ohio State,Food/Hospitality,2004,1,1096,1361,.80529022,OH
Ohio State,Food/Hospitality,2004,5,384,680,.56470591,OH
Ohio State,Food/Hospitality,2004,10,265,521,.50863725,OH
Ohio State,Food/Hospitality,2007,1,1034,1246,.82985556,OH
Ohio State,Food/Hospitality,2007,5,512,840,.60952383,OH
Ohio State,Food/Hospitality,2007,10,310,571,.54290718,OH
Ohio State,Food/Hospitality,2010,1,1206,1486,.8115747,OH
Ohio State,Food/Hospitality,2010,5,523,850,.6152941,OH
Ohio State,Food/Hospitality,2010,10,294,549,.53551912,OH
Ohio State,Food/Hospitality,2013,1,1044,1252,.83386582,OH
Ohio State,Food/Hospitality,2013,5,468,713,.65638149,OH
Ohio State,Food/Hospitality,2013,10,,,,OH
Ohio State,Food/Hospitality,2016,1,1021,1227,.83211082,OH
Ohio State,Food/Hospitality,2016,5,390,594,.65656567,OH
Ohio State,Food/Hospitality,2016,10,,,,OH
Ohio State,Food/Hospitality,2019,1,879,1115,.78834081,OH
Ohio State,Food/Hospitality,2019,5,,,,OH
Ohio State,Food/Hospitality,2019,10,,,,OH
Ohio State,Health Care,2004,1,1479,1894,.78088701,OH
Ohio State,Health Care,2004,5,1742,2517,.69209379,OH
Ohio State,Health Care,2004,10,1866,2914,.6403569,OH
Ohio State,Health Care,2007,1,1584,1968,.80487806,OH
Ohio State,Health Care,2007,5,2250,3165,.71090049,OH
Ohio State,Health Care,2007,10,2290,3471,.65975225,OH
Ohio State,Health Care,2010,1,1912,2253,.84864622,OH
Ohio State,Health Care,2010,5,2600,3714,.70005387,OH
Ohio State,Health Care,2010,10,2592,3988,.64994985,OH
Ohio State,Health Care,2013,1,1930,2288,.84353149,OH
Ohio State,Health Care,2013,5,2477,3557,.69637334,OH
Ohio State,Health Care,2013,10,,,,OH
Ohio State,Health Care,2016,1,2055,2531,.81193203,OH
Ohio State,Health Care,2016,5,2417,3582,.67476273,OH
Ohio State,Health Care,2016,10,,,,OH
Ohio State,Health Care,2019,1,2166,2757,.78563654,OH
Ohio State,Health Care,2019,5,,,,OH
Ohio State,Health Care,2019,10,,,,OH
Ohio State,Information,2004,1,368,520,.70769233,OH
Ohio State,Information,2004,5,359,587,.61158431,OH
Ohio State,Information,2004,10,329,643,.51166409,OH
Ohio State,Information,2007,1,279,392,.71173471,OH
Ohio State,Information,2007,5,329,565,.5823009,OH
Ohio State,Information,2007,10,358,700,.51142859,OH
Ohio State,Information,2010,1,349,553,.6311031,OH
Ohio State,Information,2010,5,390,769,.50715214,OH
Ohio State,Information,2010,10,477,1023,.46627566,OH
Ohio State,Information,2013,1,315,541,.58225507,OH
Ohio State,Information,2013,5,430,806,.53349876,OH
Ohio State,Information,2013,10,,,,OH
Ohio State,Information,2016,1,430,742,.5795148,OH
Ohio State,Information,2016,5,573,1143,.50131232,OH
Ohio State,Information,2016,10,,,,OH
Ohio State,Information,2019,1,333,739,.45060894,OH
Ohio State,Information,2019,5,,,,OH
Ohio State,Information,2019,10,,,,OH
Ohio State,Management,2004,1,406,550,.73818183,OH
Ohio State,Management,2004,5,465,656,.70884144,OH
Ohio State,Management,2004,10,710,967,.73422956,OH
Ohio State,Management,2007,1,435,552,.7880435,OH
Ohio State,Management,2007,5,751,965,.77823836,OH
Ohio State,Management,2007,10,781,1015,.76945812,OH
Ohio State,Management,2010,1,646,861,.75029033,OH
Ohio State,Management,2010,5,926,1199,.77231026,OH
Ohio State,Management,2010,10,874,1204,.72591364,OH
Ohio State,Management,2013,1,694,897,.7736901,OH
Ohio State,Management,2013,5,788,1042,.75623798,OH
Ohio State,Management,2013,10,,,,OH
Ohio State,Management,2016,1,737,985,.74822336,OH
Ohio State,Management,2016,5,833,1184,.7035473,OH
Ohio State,Management,2016,10,,,,OH
Ohio State,Management,2019,1,690,967,.71354705,OH
Ohio State,Management,2019,5,,,,OH
Ohio State,Management,2019,10,,,,OH
Ohio State,Manufacturing,2004,1,809,1391,.58159596,OH
Ohio State,Manufacturing,2004,5,848,1449,.58523118,OH
Ohio State,Manufacturing,2004,10,871,1488,.58534944,OH
Ohio State,Manufacturing,2007,1,712,1275,.55843139,OH
Ohio State,Manufacturing,2007,5,917,1534,.59778357,OH
Ohio State,Manufacturing,2007,10,943,1618,.58281827,OH
Ohio State,Manufacturing,2010,1,1038,1847,.56199241,OH
Ohio State,Manufacturing,2010,5,1270,2189,.58017361,OH
Ohio State,Manufacturing,2010,10,1278,2108,.60626185,OH
Ohio State,Manufacturing,2013,1,1121,1886,.59437966,OH
Ohio State,Manufacturing,2013,5,1235,2061,.59922367,OH
Ohio State,Manufacturing,2013,10,,,,OH
Ohio State,Manufacturing,2016,1,1125,2007,.56053811,OH
Ohio State,Manufacturing,2016,5,1134,2024,.56027669,OH
Ohio State,Manufacturing,2016,10,,,,OH
Ohio State,Manufacturing,2019,1,995,1769,.56246465,OH
Ohio State,Manufacturing,2019,5,,,,OH
Ohio State,Manufacturing,2019,10,,,,OH
Ohio State,Mining,2004,1,14,28,.5,OH
Ohio State,Mining,2004,5,14,26,.53846157,OH
Ohio State,Mining,2004,10,3,17,.17647059,OH
Ohio State,Mining,2007,1,15,29,.51724136,OH
Ohio State,Mining,2007,5,11,32,.34375,OH
Ohio State,Mining,2007,10,7,28,.25,OH
Ohio State,Mining,2010,1,17,40,.42500001,OH
Ohio State,Mining,2010,5,17,48,.35416666,OH
Ohio State,Mining,2010,10,10,30,.33333334,OH
Ohio State,Mining,2013,1,11,40,.27500001,OH
Ohio State,Mining,2013,5,10,32,.3125,OH
Ohio State,Mining,2013,10,,,,OH
Ohio State,Mining,2016,1,1,8,.125,OH
Ohio State,Mining,2016,5,4,12,.33333334,OH
Ohio State,Mining,2016,10,,,,OH
Ohio State,Mining,2019,1,2,12,.16666667,OH
Ohio State,Mining,2019,5,,,,OH
Ohio State,Mining,2019,10,,,,OH
Ohio State,Other Services,2004,1,320,405,.79012346,OH
Ohio State,Other Services,2004,5,256,406,.63054186,OH
Ohio State,Other Services,2004,10,255,396,.64393938,OH
Ohio State,Other Services,2007,1,304,397,.76574308,OH
Ohio State,Other Services,2007,5,271,425,.63764703,OH
Ohio State,Other Services,2007,10,254,415,.61204821,OH
Ohio State,Other Services,2010,1,309,408,.75735295,OH
Ohio State,Other Services,2010,5,282,454,.62114537,OH
Ohio State,Other Services,2010,10,311,485,.64123714,OH
Ohio State,Other Services,2013,1,346,447,.77404922,OH
Ohio State,Other Services,2013,5,311,450,.69111109,OH
Ohio State,Other Services,2013,10,,,,OH
Ohio State,Other Services,2016,1,385,484,.79545456,OH
Ohio State,Other Services,2016,5,343,528,.64962119,OH
Ohio State,Other Services,2016,10,,,,OH
Ohio State,Other Services,2019,1,335,447,.74944073,OH
Ohio State,Other Services,2019,5,,,,OH
Ohio State,Other Services,2019,10,,,,OH
Ohio State,Professional Services,2004,1,1635,2451,.66707468,OH
Ohio State,Professional Services,2004,5,1647,2803,.58758473,OH
Ohio State,Professional Services,2004,10,1451,2805,.51729053,OH
Ohio State,Professional Services,2007,1,1641,2299,.71378863,OH
Ohio State,Professional Services,2007,5,1674,2965,.56458682,OH
Ohio State,Professional Services,2007,10,1593,3071,.51872355,OH
Ohio State,Professional Services,2010,1,1875,2747,.68256277,OH
Ohio State,Professional Services,2010,5,2142,3779,.56681663,OH
Ohio State,Professional Services,2010,10,2186,4026,.54297072,OH
Ohio State,Professional Services,2013,1,2087,3063,.68135816,OH
Ohio State,Professional Services,2013,5,2102,3897,.53938925,OH
Ohio State,Professional Services,2013,10,,,,OH
Ohio State,Professional Services,2016,1,2556,3917,.65254021,OH
Ohio State,Professional Services,2016,5,2571,4875,.52738464,OH
Ohio State,Professional Services,2016,10,,,,OH
Ohio State,Professional Services,2019,1,2767,4387,.63072717,OH
Ohio State,Professional Services,2019,5,,,,OH
Ohio State,Professional Services,2019,10,,,,OH
Ohio State,Public Admin,2004,1,522,685,.76204377,OH
Ohio State,Public Admin,2004,5,658,980,.67142856,OH
Ohio State,Public Admin,2004,10,689,1047,.65807068,OH
Ohio State,Public Admin,2007,1,385,527,.73055029,OH
Ohio State,Public Admin,2007,5,568,852,.66666669,OH
Ohio State,Public Admin,2007,10,677,1034,.6547389,OH
Ohio State,Public Admin,2010,1,439,548,.80109489,OH
Ohio State,Public Admin,2010,5,726,1010,.71881187,OH
Ohio State,Public Admin,2010,10,797,1193,.6680637,OH
Ohio State,Public Admin,2013,1,446,591,.75465316,OH
Ohio State,Public Admin,2013,5,657,905,.72596687,OH
Ohio State,Public Admin,2013,10,,,,OH
Ohio State,Public Admin,2016,1,458,590,.77627116,OH
Ohio State,Public Admin,2016,5,607,872,.69610089,OH
Ohio State,Public Admin,2016,10,,,,OH
Ohio State,Public Admin,2019,1,451,637,.70800626,OH
Ohio State,Public Admin,2019,5,,,,OH
Ohio State,Public Admin,2019,10,,,,OH
Ohio State,Real Estate,2004,1,239,303,.7887789,OH
Ohio State,Real Estate,2004,5,155,225,.68888891,OH
Ohio State,Real Estate,2004,10,120,219,.5479452,OH
Ohio State,Real Estate,2007,1,171,202,.84653467,OH
Ohio State,Real Estate,2007,5,164,245,.66938776,OH
Ohio State,Real Estate,2007,10,162,222,.72972971,OH
Ohio State,Real Estate,2010,1,201,255,.78823531,OH
Ohio State,Real Estate,2010,5,196,304,.64473683,OH
Ohio State,Real Estate,2010,10,189,280,.67500001,OH
Ohio State,Real Estate,2013,1,199,229,.86899561,OH
Ohio State,Real Estate,2013,5,170,243,.69958848,OH
Ohio State,Real Estate,2013,10,,,,OH
Ohio State,Real Estate,2016,1,182,225,.80888891,OH
Ohio State,Real Estate,2016,5,159,256,.62109375,OH
Ohio State,Real Estate,2016,10,,,,OH
Ohio State,Real Estate,2019,1,189,238,.79411763,OH
Ohio State,Real Estate,2019,5,,,,OH
Ohio State,Real Estate,2019,10,,,,OH
Ohio State,Retail,2004,1,1474,1814,.8125689,OH
Ohio State,Retail,2004,5,847,1215,.69711936,OH
Ohio State,Retail,2004,10,632,1047,.60362941,OH
Ohio State,Retail,2007,1,1283,1578,.8130545,OH
Ohio State,Retail,2007,5,899,1276,.70454544,OH
Ohio State,Retail,2007,10,609,986,.61764705,OH
Ohio State,Retail,2010,1,1362,1697,.80259281,OH
Ohio State,Retail,2010,5,877,1346,.65156019,OH
Ohio State,Retail,2010,10,635,1050,.6047619,OH
Ohio State,Retail,2013,1,1117,1430,.78111887,OH
Ohio State,Retail,2013,5,656,1042,.62955856,OH
Ohio State,Retail,2013,10,,,,OH
Ohio State,Retail,2016,1,968,1266,.76461297,OH
Ohio State,Retail,2016,5,579,1041,.55619597,OH
Ohio State,Retail,2016,10,,,,OH
Ohio State,Retail,2019,1,934,1288,.72515529,OH
Ohio State,Retail,2019,5,,,,OH
Ohio State,Retail,2019,10,,,,OH
Ohio State,Transportation,2004,1,452,589,.76740235,OH
Ohio State,Transportation,2004,5,382,546,.69963372,OH
Ohio State,Transportation,2004,10,341,506,.67391306,OH
Ohio State,Transportation,2007,1,413,505,.8178218,OH
Ohio State,Transportation,2007,5,353,476,.74159664,OH
Ohio State,Transportation,2007,10,328,509,.64440078,OH
Ohio State,Transportation,2010,1,509,667,.76311845,OH
Ohio State,Transportation,2010,5,493,702,.70227921,OH
Ohio State,Transportation,2010,10,470,718,.65459609,OH
Ohio State,Transportation,2013,1,461,625,.73760003,OH
Ohio State,Transportation,2013,5,444,655,.67786258,OH
Ohio State,Transportation,2013,10,,,,OH
Ohio State,Transportation,2016,1,564,756,.74603176,OH
Ohio State,Transportation,2016,5,510,759,.67193675,OH
Ohio State,Transportation,2016,10,,,,OH
Ohio State,Transportation,2019,1,613,816,.75122547,OH
Ohio State,Transportation,2019,5,,,,OH
Ohio State,Transportation,2019,10,,,,OH
Ohio State,Utilities,2004,1,44,47,.93617022,OH
Ohio State,Utilities,2004,5,59,66,.89393938,OH
Ohio State,Utilities,2004,10,89,109,.81651378,OH
Ohio State,Utilities,2007,1,48,51,.94117647,OH
Ohio State,Utilities,2007,5,75,90,.83333331,OH
Ohio State,Utilities,2007,10,105,127,.82677168,OH
Ohio State,Utilities,2010,1,40,45,.8888889,OH
Ohio State,Utilities,2010,5,109,132,.82575756,OH
Ohio State,Utilities,2010,10,128,142,.90140843,OH
Ohio State,Utilities,2013,1,61,71,.85915494,OH
Ohio State,Utilities,2013,5,118,131,.90076333,OH
Ohio State,Utilities,2013,10,,,,OH
Ohio State,Utilities,2016,1,45,54,.83333331,OH
Ohio State,Utilities,2016,5,79,90,.87777776,OH
Ohio State,Utilities,2016,10,,,,OH
Ohio State,Utilities,2019,1,53,57,.92982459,OH
Ohio State,Utilities,2019,5,,,,OH
Ohio State,Utilities,2019,10,,,,OH
Ohio State,Wholesale,2004,1,522,813,.64206642,OH
Ohio State,Wholesale,2004,5,577,952,.60609245,OH
Ohio State,Wholesale,2004,10,674,1123,.60017812,OH
Ohio State,Wholesale,2007,1,502,751,.66844207,OH
Ohio State,Wholesale,2007,5,653,1017,.64208454,OH
Ohio State,Wholesale,2007,10,704,1111,.63366336,OH
Ohio State,Wholesale,2010,1,619,935,.66203207,OH
Ohio State,Wholesale,2010,5,867,1317,.65831435,OH
Ohio State,Wholesale,2010,10,801,1286,.62286156,OH
Ohio State,Wholesale,2013,1,625,934,.6691649,OH
Ohio State,Wholesale,2013,5,689,1094,.62979889,OH
Ohio State,Wholesale,2013,10,,,,OH
Ohio State,Wholesale,2016,1,590,953,.61909759,OH
Ohio State,Wholesale,2016,5,675,1122,.60160428,OH
Ohio State,Wholesale,2016,10,,,,OH
Ohio State,Wholesale,2019,1,578,927,.62351674,OH
Ohio State,Wholesale,2019,5,,,,OH
Ohio State,Wholesale,2019,10,,,,OH
Ohio University,Admin/Waste,2004,1,323,498,.64859438,OH
Ohio University,Admin/Waste,2004,5,206,403,.51116627,OH
Ohio University,Admin/Waste,2004,10,186,341,.54545456,OH
Ohio University,Admin/Waste,2007,1,318,449,.70824051,OH
Ohio University,Admin/Waste,2007,5,249,405,.61481482,OH
Ohio University,Admin/Waste,2007,10,201,387,.51937985,OH
Ohio University,Admin/Waste,2010,1,411,562,.73131675,OH
Ohio University,Admin/Waste,2010,5,308,520,.59230769,OH
Ohio University,Admin/Waste,2010,10,315,579,.54404145,OH
Ohio University,Admin/Waste,2013,1,482,699,.68955654,OH
Ohio University,Admin/Waste,2013,5,334,655,.50992364,OH
Ohio University,Admin/Waste,2013,10,,,,OH
Ohio University,Admin/Waste,2016,1,512,790,.64810127,OH
Ohio University,Admin/Waste,2016,5,527,1006,.52385688,OH
Ohio University,Admin/Waste,2016,10,,,,OH
Ohio University,Admin/Waste,2019,1,639,1008,.6339286,OH
Ohio University,Admin/Waste,2019,5,,,,OH
Ohio University,Admin/Waste,2019,10,,,,OH
Ohio University,Agriculture,2004,1,2,2,1,OH
Ohio University,Agriculture,2004,5,2,4,.5,OH
Ohio University,Agriculture,2004,10,3,3,1,OH
Ohio University,Agriculture,2007,1,1,1,1,OH
Ohio University,Agriculture,2007,5,2,2,1,OH
Ohio University,Agriculture,2007,10,2,5,.40000001,OH
Ohio University,Agriculture,2010,1,2,2,1,OH
Ohio University,Agriculture,2010,5,8,9,.8888889,OH
Ohio University,Agriculture,2010,10,6,11,.54545456,OH
Ohio University,Agriculture,2013,1,4,4,1,OH
Ohio University,Agriculture,2013,5,5,15,.33333334,OH
Ohio University,Agriculture,2013,10,,,,OH
Ohio University,Agriculture,2016,1,1,1,1,OH
Ohio University,Agriculture,2016,5,3,4,.75,OH
Ohio University,Agriculture,2016,10,,,,OH
Ohio University,Agriculture,2019,1,10,10,1,OH
Ohio University,Agriculture,2019,5,,,,OH
Ohio University,Agriculture,2019,10,,,,OH
Ohio University,Arts/Entertainment,2004,1,117,199,.58793968,OH
Ohio University,Arts/Entertainment,2004,5,89,184,.48369566,OH
Ohio University,Arts/Entertainment,2004,10,77,156,.49358973,OH
Ohio University,Arts/Entertainment,2007,1,113,169,.66863906,OH
Ohio University,Arts/Entertainment,2007,5,90,164,.5487805,OH
Ohio University,Arts/Entertainment,2007,10,67,134,.5,OH
Ohio University,Arts/Entertainment,2010,1,139,217,.640553,OH
Ohio University,Arts/Entertainment,2010,5,112,192,.58333331,OH
Ohio University,Arts/Entertainment,2010,10,77,150,.51333332,OH
Ohio University,Arts/Entertainment,2013,1,115,190,.60526317,OH
Ohio University,Arts/Entertainment,2013,5,111,209,.53110045,OH
Ohio University,Arts/Entertainment,2013,10,,,,OH
Ohio University,Arts/Entertainment,2016,1,162,264,.61363637,OH
Ohio University,Arts/Entertainment,2016,5,113,199,.56783921,OH
Ohio University,Arts/Entertainment,2016,10,,,,OH
Ohio University,Arts/Entertainment,2019,1,131,200,.65499997,OH
Ohio University,Arts/Entertainment,2019,5,,,,OH
Ohio University,Arts/Entertainment,2019,10,,,,OH
Ohio University,Construction,2004,1,112,155,.72258067,OH
Ohio University,Construction,2004,5,88,157,.56050956,OH
Ohio University,Construction,2004,10,103,137,.7518248,OH
Ohio University,Construction,2007,1,76,115,.66086954,OH
Ohio University,Construction,2007,5,84,128,.65625,OH
Ohio University,Construction,2007,10,101,160,.63125002,OH
Ohio University,Construction,2010,1,77,107,.71962619,OH
Ohio University,Construction,2010,5,121,203,.59605908,OH
Ohio University,Construction,2010,10,145,226,.64159292,OH
Ohio University,Construction,2013,1,111,160,.69375002,OH
Ohio University,Construction,2013,5,135,215,.62790698,OH
Ohio University,Construction,2013,10,,,,OH
Ohio University,Construction,2016,1,133,175,.75999999,OH
Ohio University,Construction,2016,5,176,243,.72427982,OH
Ohio University,Construction,2016,10,,,,OH
Ohio University,Construction,2019,1,148,195,.75897437,OH
Ohio University,Construction,2019,5,,,,OH
Ohio University,Construction,2019,10,,,,OH
Ohio University,Education,2004,1,1269,1822,.69648737,OH
Ohio University,Education,2004,5,1576,2354,.66949874,OH
Ohio University,Education,2004,10,1696,2468,.68719614,OH
Ohio University,Education,2007,1,987,1354,.72895128,OH
Ohio University,Education,2007,5,1403,1944,.72170782,OH
Ohio University,Education,2007,10,1536,2168,.70848709,OH
Ohio University,Education,2010,1,888,1188,.74747473,OH
Ohio University,Education,2010,5,1481,2038,.72669286,OH
Ohio University,Education,2010,10,1413,2000,.70649999,OH
Ohio University,Education,2013,1,1081,1400,.77214283,OH
Ohio University,Education,2013,5,1526,2066,.73862535,OH
Ohio University,Education,2013,10,,,,OH
Ohio University,Education,2016,1,1046,1362,.76798826,OH
Ohio University,Education,2016,5,1305,1820,.71703297,OH
Ohio University,Education,2016,10,,,,OH
Ohio University,Education,2019,1,1032,1297,.79568237,OH
Ohio University,Education,2019,5,,,,OH
Ohio University,Education,2019,10,,,,OH
Ohio University,Finance,2004,1,613,815,.75214726,OH
Ohio University,Finance,2004,5,551,893,.61702126,OH
Ohio University,Finance,2004,10,549,885,.62033898,OH
Ohio University,Finance,2007,1,457,576,.79340279,OH
Ohio University,Finance,2007,5,544,745,.73020136,OH
Ohio University,Finance,2007,10,547,805,.67950308,OH
Ohio University,Finance,2010,1,527,669,.78774291,OH
Ohio University,Finance,2010,5,726,1004,.72310758,OH
Ohio University,Finance,2010,10,782,1095,.71415526,OH
Ohio University,Finance,2013,1,566,753,.75166005,OH
Ohio University,Finance,2013,5,694,993,.69889224,OH
Ohio University,Finance,2013,10,,,,OH
Ohio University,Finance,2016,1,623,873,.71363115,OH
Ohio University,Finance,2016,5,743,1114,.6669659,OH
Ohio University,Finance,2016,10,,,,OH
Ohio University,Finance,2019,1,763,978,.78016359,OH
Ohio University,Finance,2019,5,,,,OH
Ohio University,Finance,2019,10,,,,OH
Ohio University,Food/Hospitality,2004,1,350,531,.65913373,OH
Ohio University,Food/Hospitality,2004,5,152,370,.4108108,OH
Ohio University,Food/Hospitality,2004,10,116,260,.44615385,OH
Ohio University,Food/Hospitality,2007,1,315,453,.69536424,OH
Ohio University,Food/Hospitality,2007,5,158,332,.4759036,OH
Ohio University,Food/Hospitality,2007,10,116,274,.42335767,OH
Ohio University,Food/Hospitality,2010,1,381,572,.66608393,OH
Ohio University,Food/Hospitality,2010,5,223,428,.52102804,OH
Ohio University,Food/Hospitality,2010,10,130,259,.50193048,OH
Ohio University,Food/Hospitality,2013,1,393,546,.71978021,OH
Ohio University,Food/Hospitality,2013,5,204,359,.56824511,OH
Ohio University,Food/Hospitality,2013,10,,,,OH
Ohio University,Food/Hospitality,2016,1,432,585,.73846155,OH
Ohio University,Food/Hospitality,2016,5,186,351,.52991456,OH
Ohio University,Food/Hospitality,2016,10,,,,OH
Ohio University,Food/Hospitality,2019,1,446,560,.79642856,OH
Ohio University,Food/Hospitality,2019,5,,,,OH
Ohio University,Food/Hospitality,2019,10,,,,OH
Ohio University,Health Care,2004,1,769,1086,.70810312,OH
Ohio University,Health Care,2004,5,943,1398,.67453504,OH
Ohio University,Health Care,2004,10,945,1486,.63593543,OH
Ohio University,Health Care,2007,1,824,1126,.73179394,OH
Ohio University,Health Care,2007,5,1118,1576,.70939088,OH
Ohio University,Health Care,2007,10,1062,1576,.67385787,OH
Ohio University,Health Care,2010,1,2786,3525,.79035461,OH
Ohio University,Health Care,2010,5,2810,3781,.74318963,OH
Ohio University,Health Care,2010,10,2367,3289,.71967161,OH
Ohio University,Health Care,2013,1,5130,6884,.7452063,OH
Ohio University,Health Care,2013,5,4718,6716,.70250148,OH
Ohio University,Health Care,2013,10,,,,OH
Ohio University,Health Care,2016,1,5450,7665,.71102417,OH
Ohio University,Health Care,2016,5,4789,6751,.70937639,OH
Ohio University,Health Care,2016,10,,,,OH
Ohio University,Health Care,2019,1,4194,6227,.67351854,OH
Ohio University,Health Care,2019,5,,,,OH
Ohio University,Health Care,2019,10,,,,OH
Ohio University,Information,2004,1,298,503,.59244531,OH
Ohio University,Information,2004,5,244,504,.48412699,OH
Ohio University,Information,2004,10,218,432,.50462961,OH
Ohio University,Information,2007,1,182,371,.49056605,OH
Ohio University,Information,2007,5,187,408,.45833334,OH
Ohio University,Information,2007,10,205,401,.51122195,OH
Ohio University,Information,2010,1,244,455,.53626376,OH
Ohio University,Information,2010,5,247,559,.44186047,OH
Ohio University,Information,2010,10,255,569,.44815466,OH
Ohio University,Information,2013,1,227,446,.50896859,OH
Ohio University,Information,2013,5,261,537,.48603353,OH
Ohio University,Information,2013,10,,,,OH
Ohio University,Information,2016,1,239,455,.52527475,OH
Ohio University,Information,2016,5,277,552,.50181162,OH
Ohio University,Information,2016,10,,,,OH
Ohio University,Information,2019,1,223,384,.58072919,OH
Ohio University,Information,2019,5,,,,OH
Ohio University,Information,2019,10,,,,OH
Ohio University,Management,2004,1,139,187,.74331552,OH
Ohio University,Management,2004,5,196,287,.68292683,OH
Ohio University,Management,2004,10,253,368,.6875,OH
Ohio University,Management,2007,1,132,165,.80000001,OH
Ohio University,Management,2007,5,279,351,.79487181,OH
Ohio University,Management,2007,10,317,409,.77506113,OH
Ohio University,Management,2010,1,275,313,.87859422,OH
Ohio University,Management,2010,5,411,473,.86892176,OH
Ohio University,Management,2010,10,401,487,.8234086,OH
Ohio University,Management,2013,1,321,381,.8425197,OH
Ohio University,Management,2013,5,454,565,.80353981,OH
Ohio University,Management,2013,10,,,,OH
Ohio University,Management,2016,1,395,464,.85129309,OH
Ohio University,Management,2016,5,472,580,.81379312,OH
Ohio University,Management,2016,10,,,,OH
Ohio University,Management,2019,1,335,412,.81310678,OH
Ohio University,Management,2019,5,,,,OH
Ohio University,Management,2019,10,,,,OH
Ohio University,Manufacturing,2004,1,366,545,.67155963,OH
Ohio University,Manufacturing,2004,5,325,564,.57624114,OH
Ohio University,Manufacturing,2004,10,366,590,.62033898,OH
Ohio University,Manufacturing,2007,1,303,461,.6572668,OH
Ohio University,Manufacturing,2007,5,377,590,.63898307,OH
Ohio University,Manufacturing,2007,10,409,605,.67603308,OH
Ohio University,Manufacturing,2010,1,412,556,.74100721,OH
Ohio University,Manufacturing,2010,5,502,741,.67746288,OH
Ohio University,Manufacturing,2010,10,502,763,.65792924,OH
Ohio University,Manufacturing,2013,1,394,565,.69734514,OH
Ohio University,Manufacturing,2013,5,495,713,.69424963,OH
Ohio University,Manufacturing,2013,10,,,,OH
Ohio University,Manufacturing,2016,1,449,641,.700468,OH
Ohio University,Manufacturing,2016,5,509,765,.6653595,OH
Ohio University,Manufacturing,2016,10,,,,OH
Ohio University,Manufacturing,2019,1,464,633,.73301739,OH
Ohio University,Manufacturing,2019,5,,,,OH
Ohio University,Manufacturing,2019,10,,,,OH
Ohio University,Mining,2004,1,3,4,.75,OH
Ohio University,Mining,2004,5,8,12,.66666669,OH
Ohio University,Mining,2004,10,9,13,.69230771,OH
Ohio University,Mining,2007,1,7,7,1,OH
Ohio University,Mining,2007,5,5,9,.55555558,OH
Ohio University,Mining,2007,10,14,16,.875,OH
Ohio University,Mining,2010,1,5,7,.71428573,OH
Ohio University,Mining,2010,5,9,16,.5625,OH
Ohio University,Mining,2010,10,6,9,.66666669,OH
Ohio University,Mining,2013,1,10,14,.71428573,OH
Ohio University,Mining,2013,5,9,12,.75,OH
Ohio University,Mining,2013,10,,,,OH
Ohio University,Mining,2016,1,8,9,.8888889,OH
Ohio University,Mining,2016,5,3,6,.5,OH
Ohio University,Mining,2016,10,,,,OH
Ohio University,Mining,2019,1,2,2,1,OH
Ohio University,Mining,2019,5,,,,OH
Ohio University,Mining,2019,10,,,,OH
Ohio University,Other Services,2004,1,125,204,.61274511,OH
Ohio University,Other Services,2004,5,112,238,.47058824,OH
Ohio University,Other Services,2004,10,106,217,.48847926,OH
Ohio University,Other Services,2007,1,117,147,.79591835,OH
Ohio University,Other Services,2007,5,112,191,.58638746,OH
Ohio University,Other Services,2007,10,127,234,.54273504,OH
Ohio University,Other Services,2010,1,105,165,.63636363,OH
Ohio University,Other Services,2010,5,149,235,.63404256,OH
Ohio University,Other Services,2010,10,128,238,.53781515,OH
Ohio University,Other Services,2013,1,111,156,.71153843,OH
Ohio University,Other Services,2013,5,148,244,.60655737,OH
Ohio University,Other Services,2013,10,,,,OH
Ohio University,Other Services,2016,1,164,207,.79227054,OH
Ohio University,Other Services,2016,5,167,267,.62546819,OH
Ohio University,Other Services,2016,10,,,,OH
Ohio University,Other Services,2019,1,154,197,.78172588,OH
Ohio University,Other Services,2019,5,,,,OH
Ohio University,Other Services,2019,10,,,,OH
Ohio University,Professional Services,2004,1,765,1257,.60859191,OH
Ohio University,Professional Services,2004,5,732,1351,.54182088,OH
Ohio University,Professional Services,2004,10,638,1314,.48554033,OH
Ohio University,Professional Services,2007,1,775,1130,.68584073,OH
Ohio University,Professional Services,2007,5,756,1313,.57578063,OH
Ohio University,Professional Services,2007,10,716,1351,.5299778,OH
Ohio University,Professional Services,2010,1,887,1309,.67761648,OH
Ohio University,Professional Services,2010,5,884,1524,.5800525,OH
Ohio University,Professional Services,2010,10,844,1511,.5585705,OH
Ohio University,Professional Services,2013,1,939,1349,.69607115,OH
Ohio University,Professional Services,2013,5,887,1552,.57152063,OH
Ohio University,Professional Services,2013,10,,,,OH
Ohio University,Professional Services,2016,1,1106,1551,.71308833,OH
Ohio University,Professional Services,2016,5,1027,1756,.58485192,OH
Ohio University,Professional Services,2016,10,,,,OH
Ohio University,Professional Services,2019,1,1197,1650,.72545457,OH
Ohio University,Professional Services,2019,5,,,,OH
Ohio University,Professional Services,2019,10,,,,OH
Ohio University,Public Admin,2004,1,240,354,.67796612,OH
Ohio University,Public Admin,2004,5,337,477,.70649898,OH
Ohio University,Public Admin,2004,10,326,502,.64940238,OH
Ohio University,Public Admin,2007,1,192,273,.70329672,OH
Ohio University,Public Admin,2007,5,253,344,.73546511,OH
Ohio University,Public Admin,2007,10,300,467,.6423983,OH
Ohio University,Public Admin,2010,1,232,286,.81118882,OH
Ohio University,Public Admin,2010,5,316,418,.75598085,OH
Ohio University,Public Admin,2010,10,342,514,.66536963,OH
Ohio University,Public Admin,2013,1,261,361,.7229917,OH
Ohio University,Public Admin,2013,5,356,511,.69667321,OH
Ohio University,Public Admin,2013,10,,,,OH
Ohio University,Public Admin,2016,1,307,394,.7791878,OH
Ohio University,Public Admin,2016,5,408,572,.7132867,OH
Ohio University,Public Admin,2016,10,,,,OH
Ohio University,Public Admin,2019,1,298,391,.76214832,OH
Ohio University,Public Admin,2019,5,,,,OH
Ohio University,Public Admin,2019,10,,,,OH
Ohio University,Real Estate,2004,1,106,134,.79104477,OH
Ohio University,Real Estate,2004,5,57,90,.63333333,OH
Ohio University,Real Estate,2004,10,53,96,.55208331,OH
Ohio University,Real Estate,2007,1,76,86,.88372093,OH
Ohio University,Real Estate,2007,5,59,75,.78666669,OH
Ohio University,Real Estate,2007,10,55,87,.63218391,OH
Ohio University,Real Estate,2010,1,74,96,.77083331,OH
Ohio University,Real Estate,2010,5,95,124,.76612902,OH
Ohio University,Real Estate,2010,10,87,122,.71311474,OH
Ohio University,Real Estate,2013,1,70,93,.75268817,OH
Ohio University,Real Estate,2013,5,104,138,.75362319,OH
Ohio University,Real Estate,2013,10,,,,OH
Ohio University,Real Estate,2016,1,91,123,.73983741,OH
Ohio University,Real Estate,2016,5,92,132,.69696969,OH
Ohio University,Real Estate,2016,10,,,,OH
Ohio University,Real Estate,2019,1,88,114,.7719298,OH
Ohio University,Real Estate,2019,5,,,,OH
Ohio University,Real Estate,2019,10,,,,OH
Ohio University,Retail,2004,1,563,800,.70375001,OH
Ohio University,Retail,2004,5,358,605,.59173554,OH
Ohio University,Retail,2004,10,237,458,.51746726,OH
Ohio University,Retail,2007,1,477,663,.71945703,OH
Ohio University,Retail,2007,5,353,571,.61821365,OH
Ohio University,Retail,2007,10,252,425,.59294116,OH
Ohio University,Retail,2010,1,545,744,.7325269,OH
Ohio University,Retail,2010,5,350,569,.61511421,OH
Ohio University,Retail,2010,10,265,488,.54303277,OH
Ohio University,Retail,2013,1,466,676,.68934911,OH
Ohio University,Retail,2013,5,294,537,.54748601,OH
Ohio University,Retail,2013,10,,,,OH
Ohio University,Retail,2016,1,451,613,.73572594,OH
Ohio University,Retail,2016,5,300,519,.5780347,OH
Ohio University,Retail,2016,10,,,,OH
Ohio University,Retail,2019,1,454,626,.72523963,OH
Ohio University,Retail,2019,5,,,,OH
Ohio University,Retail,2019,10,,,,OH
Ohio University,Transportation,2004,1,147,215,.68372095,OH
Ohio University,Transportation,2004,5,149,226,.65929204,OH
Ohio University,Transportation,2004,10,117,209,.55980861,OH
Ohio University,Transportation,2007,1,129,163,.79141104,OH
Ohio University,Transportation,2007,5,145,212,.68396229,OH
Ohio University,Transportation,2007,10,122,193,.63212436,OH
Ohio University,Transportation,2010,1,137,181,.75690609,OH
Ohio University,Transportation,2010,5,138,222,.62162161,OH
Ohio University,Transportation,2010,10,155,253,.61264825,OH
Ohio University,Transportation,2013,1,163,208,.78365386,OH
Ohio University,Transportation,2013,5,192,289,.66435987,OH
Ohio University,Transportation,2013,10,,,,OH
Ohio University,Transportation,2016,1,159,201,.79104477,OH
Ohio University,Transportation,2016,5,222,325,.68307692,OH
Ohio University,Transportation,2016,10,,,,OH
Ohio University,Transportation,2019,1,307,353,.86968839,OH
Ohio University,Transportation,2019,5,,,,OH
Ohio University,Transportation,2019,10,,,,OH
Ohio University,Utilities,2004,1,22,23,.95652175,OH
Ohio University,Utilities,2004,5,28,32,.875,OH
Ohio University,Utilities,2004,10,49,53,.9245283,OH
Ohio University,Utilities,2007,1,26,30,.86666667,OH
Ohio University,Utilities,2007,5,30,33,.90909094,OH
Ohio University,Utilities,2007,10,47,48,.97916669,OH
Ohio University,Utilities,2010,1,27,30,.89999998,OH
Ohio University,Utilities,2010,5,62,63,.98412699,OH
Ohio University,Utilities,2010,10,78,80,.97500002,OH
Ohio University,Utilities,2013,1,36,37,.97297299,OH
Ohio University,Utilities,2013,5,65,72,.90277779,OH
Ohio University,Utilities,2013,10,,,,OH
Ohio University,Utilities,2016,1,19,21,.90476191,OH
Ohio University,Utilities,2016,5,54,58,.93103451,OH
Ohio University,Utilities,2016,10,,,,OH
Ohio University,Utilities,2019,1,40,40,1,OH
Ohio University,Utilities,2019,5,,,,OH
Ohio University,Utilities,2019,10,,,,OH
Ohio University,Wholesale,2004,1,206,341,.60410559,OH
Ohio University,Wholesale,2004,5,244,430,.56744188,OH
Ohio University,Wholesale,2004,10,278,466,.5965665,OH
Ohio University,Wholesale,2007,1,190,298,.63758391,OH
Ohio University,Wholesale,2007,5,247,419,.58949882,OH
Ohio University,Wholesale,2007,10,288,468,.61538464,OH
Ohio University,Wholesale,2010,1,240,344,.69767439,OH
Ohio University,Wholesale,2010,5,313,520,.60192305,OH
Ohio University,Wholesale,2010,10,356,560,.63571429,OH
Ohio University,Wholesale,2013,1,243,373,.65147454,OH
Ohio University,Wholesale,2013,5,304,496,.61290324,OH
Ohio University,Wholesale,2013,10,,,,OH
Ohio University,Wholesale,2016,1,273,400,.6825,OH
Ohio University,Wholesale,2016,5,346,537,.64432031,OH
Ohio University,Wholesale,2016,10,,,,OH
Ohio University,Wholesale,2019,1,275,383,.71801567,OH
Ohio University,Wholesale,2019,5,,,,OH
Ohio University,Wholesale,2019,10,,,,OH
Shawnee State,Admin/Waste,2004,1,23,28,.8214286,OH
Shawnee State,Admin/Waste,2004,5,15,25,.60000002,OH
Shawnee State,Admin/Waste,2004,10,26,46,.56521738,OH
Shawnee State,Admin/Waste,2007,1,17,29,.58620691,OH
Shawnee State,Admin/Waste,2007,5,21,41,.51219511,OH
Shawnee State,Admin/Waste,2007,10,33,42,.78571427,OH
Shawnee State,Admin/Waste,2010,1,21,34,.61764705,OH
Shawnee State,Admin/Waste,2010,5,29,46,.63043481,OH
Shawnee State,Admin/Waste,2010,10,25,62,.40322581,OH
Shawnee State,Admin/Waste,2013,1,39,59,.66101694,OH
Shawnee State,Admin/Waste,2013,5,32,58,.55172414,OH
Shawnee State,Admin/Waste,2013,10,,,,OH
Shawnee State,Admin/Waste,2016,1,26,44,.59090906,OH
Shawnee State,Admin/Waste,2016,5,35,54,.64814812,OH
Shawnee State,Admin/Waste,2016,10,,,,OH
Shawnee State,Admin/Waste,2019,1,33,59,.55932206,OH
Shawnee State,Admin/Waste,2019,5,,,,OH
Shawnee State,Admin/Waste,2019,10,,,,OH
Shawnee State,Agriculture,2004,1,3,3,1,OH
Shawnee State,Agriculture,2004,5,1,1,1,OH
Shawnee State,Agriculture,2004,10,2,7,.2857143,OH
Shawnee State,Agriculture,2007,1,0,1,0,OH
Shawnee State,Agriculture,2007,5,3,3,1,OH
Shawnee State,Agriculture,2007,10,1,1,1,OH
Shawnee State,Agriculture,2010,1,0,3,0,OH
Shawnee State,Agriculture,2010,5,0,0,,OH
Shawnee State,Agriculture,2010,10,0,2,0,OH
Shawnee State,Agriculture,2013,1,0,0,,OH
Shawnee State,Agriculture,2013,5,1,1,1,OH
Shawnee State,Agriculture,2013,10,,,,OH
Shawnee State,Agriculture,2016,1,2,2,1,OH
Shawnee State,Agriculture,2016,5,2,2,1,OH
Shawnee State,Agriculture,2016,10,,,,OH
Shawnee State,Agriculture,2019,1,0,4,0,OH
Shawnee State,Agriculture,2019,5,,,,OH
Shawnee State,Agriculture,2019,10,,,,OH
Shawnee State,Arts/Entertainment,2004,1,0,2,0,OH
Shawnee State,Arts/Entertainment,2004,5,3,10,.30000001,OH
Shawnee State,Arts/Entertainment,2004,10,6,6,1,OH
Shawnee State,Arts/Entertainment,2007,1,7,14,.5,OH
Shawnee State,Arts/Entertainment,2007,5,1,3,.33333334,OH
Shawnee State,Arts/Entertainment,2007,10,1,2,.5,OH
Shawnee State,Arts/Entertainment,2010,1,2,7,.2857143,OH
Shawnee State,Arts/Entertainment,2010,5,4,11,.36363637,OH
Shawnee State,Arts/Entertainment,2010,10,6,12,.5,OH
Shawnee State,Arts/Entertainment,2013,1,11,12,.91666669,OH
Shawnee State,Arts/Entertainment,2013,5,3,5,.60000002,OH
Shawnee State,Arts/Entertainment,2013,10,,,,OH
Shawnee State,Arts/Entertainment,2016,1,5,6,.83333331,OH
Shawnee State,Arts/Entertainment,2016,5,7,8,.875,OH
Shawnee State,Arts/Entertainment,2016,10,,,,OH
Shawnee State,Arts/Entertainment,2019,1,2,3,.66666669,OH
Shawnee State,Arts/Entertainment,2019,5,,,,OH
Shawnee State,Arts/Entertainment,2019,10,,,,OH
Shawnee State,Construction,2004,1,9,13,.69230771,OH
Shawnee State,Construction,2004,5,6,12,.5,OH
Shawnee State,Construction,2004,10,6,22,.27272728,OH
Shawnee State,Construction,2007,1,6,17,.35294119,OH
Shawnee State,Construction,2007,5,5,23,.2173913,OH
Shawnee State,Construction,2007,10,5,10,.5,OH
Shawnee State,Construction,2010,1,8,14,.5714286,OH
Shawnee State,Construction,2010,5,6,20,.30000001,OH
Shawnee State,Construction,2010,10,7,18,.3888889,OH
Shawnee State,Construction,2013,1,9,17,.52941179,OH
Shawnee State,Construction,2013,5,11,24,.45833334,OH
Shawnee State,Construction,2013,10,,,,OH
Shawnee State,Construction,2016,1,7,13,.53846157,OH
Shawnee State,Construction,2016,5,5,10,.5,OH
Shawnee State,Construction,2016,10,,,,OH
Shawnee State,Construction,2019,1,7,18,.3888889,OH
Shawnee State,Construction,2019,5,,,,OH
Shawnee State,Construction,2019,10,,,,OH
Shawnee State,Education,2004,1,145,170,.85294116,OH
Shawnee State,Education,2004,5,167,231,.72294372,OH
Shawnee State,Education,2004,10,188,224,.83928573,OH
Shawnee State,Education,2007,1,121,144,.84027779,OH
Shawnee State,Education,2007,5,157,205,.76585364,OH
Shawnee State,Education,2007,10,175,206,.84951454,OH
Shawnee State,Education,2010,1,84,125,.67199999,OH
Shawnee State,Education,2010,5,134,173,.77456647,OH
Shawnee State,Education,2010,10,141,211,.66824645,OH
Shawnee State,Education,2013,1,141,179,.78770947,OH
Shawnee State,Education,2013,5,172,223,.77130044,OH
Shawnee State,Education,2013,10,,,,OH
Shawnee State,Education,2016,1,136,178,.76404494,OH
Shawnee State,Education,2016,5,171,217,.78801841,OH
Shawnee State,Education,2016,10,,,,OH
Shawnee State,Education,2019,1,135,173,.78034681,OH
Shawnee State,Education,2019,5,,,,OH
Shawnee State,Education,2019,10,,,,OH
Shawnee State,Finance,2004,1,21,25,.83999997,OH
Shawnee State,Finance,2004,5,29,38,.7631579,OH
Shawnee State,Finance,2004,10,30,48,.625,OH
Shawnee State,Finance,2007,1,22,34,.64705884,OH
Shawnee State,Finance,2007,5,23,34,.67647058,OH
Shawnee State,Finance,2007,10,28,36,.77777779,OH
Shawnee State,Finance,2010,1,14,26,.53846157,OH
Shawnee State,Finance,2010,5,19,25,.75999999,OH
Shawnee State,Finance,2010,10,11,22,.5,OH
Shawnee State,Finance,2013,1,30,44,.68181819,OH
Shawnee State,Finance,2013,5,51,70,.72857141,OH
Shawnee State,Finance,2013,10,,,,OH
Shawnee State,Finance,2016,1,16,22,.72727275,OH
Shawnee State,Finance,2016,5,32,33,.969697,OH
Shawnee State,Finance,2016,10,,,,OH
Shawnee State,Finance,2019,1,25,34,.7352941,OH
Shawnee State,Finance,2019,5,,,,OH
Shawnee State,Finance,2019,10,,,,OH
Shawnee State,Food/Hospitality,2004,1,14,20,.69999999,OH
Shawnee State,Food/Hospitality,2004,5,14,23,.60869563,OH
Shawnee State,Food/Hospitality,2004,10,8,22,.36363637,OH
Shawnee State,Food/Hospitality,2007,1,19,30,.63333333,OH
Shawnee State,Food/Hospitality,2007,5,7,20,.34999999,OH
Shawnee State,Food/Hospitality,2007,10,7,22,.31818181,OH
Shawnee State,Food/Hospitality,2010,1,24,42,.5714286,OH
Shawnee State,Food/Hospitality,2010,5,7,15,.46666667,OH
Shawnee State,Food/Hospitality,2010,10,7,23,.30434781,OH
Shawnee State,Food/Hospitality,2013,1,17,32,.53125,OH
Shawnee State,Food/Hospitality,2013,5,10,26,.38461539,OH
Shawnee State,Food/Hospitality,2013,10,,,,OH
Shawnee State,Food/Hospitality,2016,1,24,35,.6857143,OH
Shawnee State,Food/Hospitality,2016,5,12,20,.60000002,OH
Shawnee State,Food/Hospitality,2016,10,,,,OH
Shawnee State,Food/Hospitality,2019,1,22,39,.56410259,OH
Shawnee State,Food/Hospitality,2019,5,,,,OH
Shawnee State,Food/Hospitality,2019,10,,,,OH
Shawnee State,Health Care,2004,1,100,161,.62111801,OH
Shawnee State,Health Care,2004,5,132,214,.61682242,OH
Shawnee State,Health Care,2004,10,120,203,.591133,OH
Shawnee State,Health Care,2007,1,116,171,.67836255,OH
Shawnee State,Health Care,2007,5,185,296,.625,OH
Shawnee State,Health Care,2007,10,171,247,.69230771,OH
Shawnee State,Health Care,2010,1,130,166,.78313255,OH
Shawnee State,Health Care,2010,5,190,260,.73076922,OH
Shawnee State,Health Care,2010,10,208,315,.66031748,OH
Shawnee State,Health Care,2013,1,181,259,.69884169,OH
Shawnee State,Health Care,2013,5,207,297,.69696969,OH
Shawnee State,Health Care,2013,10,,,,OH
Shawnee State,Health Care,2016,1,221,281,.78647685,OH
Shawnee State,Health Care,2016,5,227,289,.78546715,OH
Shawnee State,Health Care,2016,10,,,,OH
Shawnee State,Health Care,2019,1,229,302,.75827813,OH
Shawnee State,Health Care,2019,5,,,,OH
Shawnee State,Health Care,2019,10,,,,OH
Shawnee State,Information,2004,1,14,22,.63636363,OH
Shawnee State,Information,2004,5,14,21,.66666669,OH
Shawnee State,Information,2004,10,14,17,.82352942,OH
Shawnee State,Information,2007,1,17,30,.56666666,OH
Shawnee State,Information,2007,5,13,30,.43333334,OH
Shawnee State,Information,2007,10,10,11,.90909094,OH
Shawnee State,Information,2010,1,10,15,.66666669,OH
Shawnee State,Information,2010,5,15,19,.78947371,OH
Shawnee State,Information,2010,10,7,21,.33333334,OH
Shawnee State,Information,2013,1,9,13,.69230771,OH
Shawnee State,Information,2013,5,7,17,.41176471,OH
Shawnee State,Information,2013,10,,,,OH
Shawnee State,Information,2016,1,16,23,.69565219,OH
Shawnee State,Information,2016,5,16,23,.69565219,OH
Shawnee State,Information,2016,10,,,,OH
Shawnee State,Information,2019,1,12,17,.70588237,OH
Shawnee State,Information,2019,5,,,,OH
Shawnee State,Information,2019,10,,,,OH
Shawnee State,Management,2004,1,6,6,1,OH
Shawnee State,Management,2004,5,6,7,.85714287,OH
Shawnee State,Management,2004,10,15,16,.9375,OH
Shawnee State,Management,2007,1,6,6,1,OH
Shawnee State,Management,2007,5,16,18,.8888889,OH
Shawnee State,Management,2007,10,7,9,.77777779,OH
Shawnee State,Management,2010,1,4,4,1,OH
Shawnee State,Management,2010,5,11,12,.91666669,OH
Shawnee State,Management,2010,10,5,9,.55555558,OH
Shawnee State,Management,2013,1,7,8,.875,OH
Shawnee State,Management,2013,5,10,13,.76923078,OH
Shawnee State,Management,2013,10,,,,OH
Shawnee State,Management,2016,1,11,11,1,OH
Shawnee State,Management,2016,5,7,7,1,OH
Shawnee State,Management,2016,10,,,,OH
Shawnee State,Management,2019,1,5,8,.625,OH
Shawnee State,Management,2019,5,,,,OH
Shawnee State,Management,2019,10,,,,OH
Shawnee State,Manufacturing,2004,1,15,23,.65217394,OH
Shawnee State,Manufacturing,2004,5,38,54,.7037037,OH
Shawnee State,Manufacturing,2004,10,30,54,.55555558,OH
Shawnee State,Manufacturing,2007,1,28,55,.5090909,OH
Shawnee State,Manufacturing,2007,5,40,73,.5479452,OH
Shawnee State,Manufacturing,2007,10,32,48,.66666669,OH
Shawnee State,Manufacturing,2010,1,30,46,.65217394,OH
Shawnee State,Manufacturing,2010,5,47,65,.72307694,OH
Shawnee State,Manufacturing,2010,10,50,80,.625,OH
Shawnee State,Manufacturing,2013,1,25,44,.56818181,OH
Shawnee State,Manufacturing,2013,5,26,61,.42622951,OH
Shawnee State,Manufacturing,2013,10,,,,OH
Shawnee State,Manufacturing,2016,1,56,84,.66666669,OH
Shawnee State,Manufacturing,2016,5,60,77,.77922076,OH
Shawnee State,Manufacturing,2016,10,,,,OH
Shawnee State,Manufacturing,2019,1,53,105,.50476193,OH
Shawnee State,Manufacturing,2019,5,,,,OH
Shawnee State,Manufacturing,2019,10,,,,OH
Shawnee State,Mining,2004,1,0,0,,OH
Shawnee State,Mining,2004,5,1,2,.5,OH
Shawnee State,Mining,2004,10,1,4,.25,OH
Shawnee State,Mining,2007,1,1,2,.5,OH
Shawnee State,Mining,2007,5,3,4,.75,OH
Shawnee State,Mining,2007,10,0,3,0,OH
Shawnee State,Mining,2010,1,7,7,1,OH
Shawnee State,Mining,2010,5,1,1,1,OH
Shawnee State,Mining,2010,10,7,8,.875,OH
Shawnee State,Mining,2013,1,0,0,,OH
Shawnee State,Mining,2013,5,1,2,.5,OH
Shawnee State,Mining,2013,10,,,,OH
Shawnee State,Mining,2016,1,0,0,,OH
Shawnee State,Mining,2016,5,3,3,1,OH
Shawnee State,Mining,2016,10,,,,OH
Shawnee State,Mining,2019,1,3,3,1,OH
Shawnee State,Mining,2019,5,,,,OH
Shawnee State,Mining,2019,10,,,,OH
Shawnee State,Other Services,2004,1,6,10,.60000002,OH
Shawnee State,Other Services,2004,5,7,17,.41176471,OH
Shawnee State,Other Services,2004,10,7,10,.69999999,OH
Shawnee State,Other Services,2007,1,4,5,.80000001,OH
Shawnee State,Other Services,2007,5,6,15,.40000001,OH
Shawnee State,Other Services,2007,10,5,6,.83333331,OH
Shawnee State,Other Services,2010,1,4,7,.5714286,OH
Shawnee State,Other Services,2010,5,2,4,.5,OH
Shawnee State,Other Services,2010,10,9,9,1,OH
Shawnee State,Other Services,2013,1,7,8,.875,OH
Shawnee State,Other Services,2013,5,9,14,.64285713,OH
Shawnee State,Other Services,2013,10,,,,OH
Shawnee State,Other Services,2016,1,5,11,.45454547,OH
Shawnee State,Other Services,2016,5,9,9,1,OH
Shawnee State,Other Services,2016,10,,,,OH
Shawnee State,Other Services,2019,1,9,17,.52941179,OH
Shawnee State,Other Services,2019,5,,,,OH
Shawnee State,Other Services,2019,10,,,,OH
Shawnee State,Professional Services,2004,1,28,34,.82352942,OH
Shawnee State,Professional Services,2004,5,25,44,.56818181,OH
Shawnee State,Professional Services,2004,10,27,51,.52941179,OH
Shawnee State,Professional Services,2007,1,40,81,.49382716,OH
Shawnee State,Professional Services,2007,5,56,72,.77777779,OH
Shawnee State,Professional Services,2007,10,36,49,.73469388,OH
Shawnee State,Professional Services,2010,1,49,70,.69999999,OH
Shawnee State,Professional Services,2010,5,44,63,.69841272,OH
Shawnee State,Professional Services,2010,10,31,70,.44285715,OH
Shawnee State,Professional Services,2013,1,61,71,.85915494,OH
Shawnee State,Professional Services,2013,5,46,88,.52272725,OH
Shawnee State,Professional Services,2013,10,,,,OH
Shawnee State,Professional Services,2016,1,39,54,.72222221,OH
Shawnee State,Professional Services,2016,5,49,52,.94230771,OH
Shawnee State,Professional Services,2016,10,,,,OH
Shawnee State,Professional Services,2019,1,56,82,.68292683,OH
Shawnee State,Professional Services,2019,5,,,,OH
Shawnee State,Professional Services,2019,10,,,,OH
Shawnee State,Public Admin,2004,1,34,41,.82926828,OH
Shawnee State,Public Admin,2004,5,39,53,.73584908,OH
Shawnee State,Public Admin,2004,10,33,57,.57894737,OH
Shawnee State,Public Admin,2007,1,32,42,.76190478,OH
Shawnee State,Public Admin,2007,5,31,51,.60784316,OH
Shawnee State,Public Admin,2007,10,33,39,.84615386,OH
Shawnee State,Public Admin,2010,1,16,25,.63999999,OH
Shawnee State,Public Admin,2010,5,33,50,.66000003,OH
Shawnee State,Public Admin,2010,10,23,65,.35384616,OH
Shawnee State,Public Admin,2013,1,23,35,.65714288,OH
Shawnee State,Public Admin,2013,5,41,73,.56164384,OH
Shawnee State,Public Admin,2013,10,,,,OH
Shawnee State,Public Admin,2016,1,15,27,.55555558,OH
Shawnee State,Public Admin,2016,5,33,35,.94285715,OH
Shawnee State,Public Admin,2016,10,,,,OH
Shawnee State,Public Admin,2019,1,29,56,.51785713,OH
Shawnee State,Public Admin,2019,5,,,,OH
Shawnee State,Public Admin,2019,10,,,,OH
Shawnee State,Real Estate,2004,1,5,10,.5,OH
Shawnee State,Real Estate,2004,5,3,5,.60000002,OH
Shawnee State,Real Estate,2004,10,5,5,1,OH
Shawnee State,Real Estate,2007,1,2,6,.33333334,OH
Shawnee State,Real Estate,2007,5,3,9,.33333334,OH
Shawnee State,Real Estate,2007,10,2,4,.5,OH
Shawnee State,Real Estate,2010,1,4,5,.80000001,OH
Shawnee State,Real Estate,2010,5,7,8,.875,OH
Shawnee State,Real Estate,2010,10,2,4,.5,OH
Shawnee State,Real Estate,2013,1,2,7,.2857143,OH
Shawnee State,Real Estate,2013,5,12,12,1,OH
Shawnee State,Real Estate,2013,10,,,,OH
Shawnee State,Real Estate,2016,1,0,0,,OH
Shawnee State,Real Estate,2016,5,3,4,.75,OH
Shawnee State,Real Estate,2016,10,,,,OH
Shawnee State,Real Estate,2019,1,8,15,.53333336,OH
Shawnee State,Real Estate,2019,5,,,,OH
Shawnee State,Real Estate,2019,10,,,,OH
Shawnee State,Retail,2004,1,46,54,.85185188,OH
Shawnee State,Retail,2004,5,24,34,.70588237,OH
Shawnee State,Retail,2004,10,30,58,.51724136,OH
Shawnee State,Retail,2007,1,34,66,.5151515,OH
Shawnee State,Retail,2007,5,23,45,.51111114,OH
Shawnee State,Retail,2007,10,24,40,.60000002,OH
Shawnee State,Retail,2010,1,52,86,.60465115,OH
Shawnee State,Retail,2010,5,40,74,.54054052,OH
Shawnee State,Retail,2010,10,31,84,.36904761,OH
Shawnee State,Retail,2013,1,63,77,.81818181,OH
Shawnee State,Retail,2013,5,40,79,.50632912,OH
Shawnee State,Retail,2013,10,,,,OH
Shawnee State,Retail,2016,1,49,63,.77777779,OH
Shawnee State,Retail,2016,5,35,44,.79545456,OH
Shawnee State,Retail,2016,10,,,,OH
Shawnee State,Retail,2019,1,47,92,.51086956,OH
Shawnee State,Retail,2019,5,,,,OH
Shawnee State,Retail,2019,10,,,,OH
Shawnee State,Transportation,2004,1,9,13,.69230771,OH
Shawnee State,Transportation,2004,5,7,15,.46666667,OH
Shawnee State,Transportation,2004,10,7,14,.5,OH
Shawnee State,Transportation,2007,1,7,13,.53846157,OH
Shawnee State,Transportation,2007,5,10,28,.35714287,OH
Shawnee State,Transportation,2007,10,7,9,.77777779,OH
Shawnee State,Transportation,2010,1,13,23,.56521738,OH
Shawnee State,Transportation,2010,5,12,17,.70588237,OH
Shawnee State,Transportation,2010,10,8,12,.66666669,OH
Shawnee State,Transportation,2013,1,6,18,.33333334,OH
Shawnee State,Transportation,2013,5,14,22,.63636363,OH
Shawnee State,Transportation,2013,10,,,,OH
Shawnee State,Transportation,2016,1,10,15,.66666669,OH
Shawnee State,Transportation,2016,5,14,16,.875,OH
Shawnee State,Transportation,2016,10,,,,OH
Shawnee State,Transportation,2019,1,18,29,.62068963,OH
Shawnee State,Transportation,2019,5,,,,OH
Shawnee State,Transportation,2019,10,,,,OH
Shawnee State,Utilities,2004,1,3,3,1,OH
Shawnee State,Utilities,2004,5,9,9,1,OH
Shawnee State,Utilities,2004,10,1,3,.33333334,OH
Shawnee State,Utilities,2007,1,3,4,.75,OH
Shawnee State,Utilities,2007,5,5,5,1,OH
Shawnee State,Utilities,2007,10,2,2,1,OH
Shawnee State,Utilities,2010,1,3,5,.60000002,OH
Shawnee State,Utilities,2010,5,6,7,.85714287,OH
Shawnee State,Utilities,2010,10,10,11,.90909094,OH
Shawnee State,Utilities,2013,1,4,8,.5,OH
Shawnee State,Utilities,2013,5,4,5,.80000001,OH
Shawnee State,Utilities,2013,10,,,,OH
Shawnee State,Utilities,2016,1,3,4,.75,OH
Shawnee State,Utilities,2016,5,0,0,,OH
Shawnee State,Utilities,2016,10,,,,OH
Shawnee State,Utilities,2019,1,1,3,.33333334,OH
Shawnee State,Utilities,2019,5,,,,OH
Shawnee State,Utilities,2019,10,,,,OH
Shawnee State,Wholesale,2004,1,9,11,.81818181,OH
Shawnee State,Wholesale,2004,5,10,18,.55555558,OH
Shawnee State,Wholesale,2004,10,17,26,.65384614,OH
Shawnee State,Wholesale,2007,1,5,16,.3125,OH
Shawnee State,Wholesale,2007,5,6,15,.40000001,OH
Shawnee State,Wholesale,2007,10,11,14,.78571427,OH
Shawnee State,Wholesale,2010,1,11,15,.73333335,OH
Shawnee State,Wholesale,2010,5,10,18,.55555558,OH
Shawnee State,Wholesale,2010,10,11,20,.55000001,OH
Shawnee State,Wholesale,2013,1,17,24,.70833331,OH
Shawnee State,Wholesale,2013,5,21,38,.55263156,OH
Shawnee State,Wholesale,2013,10,,,,OH
Shawnee State,Wholesale,2016,1,10,13,.76923078,OH
Shawnee State,Wholesale,2016,5,11,13,.84615386,OH
Shawnee State,Wholesale,2016,10,,,,OH
Shawnee State,Wholesale,2019,1,13,31,.41935483,OH
Shawnee State,Wholesale,2019,5,,,,OH
Shawnee State,Wholesale,2019,10,,,,OH
Toledo,Admin/Waste,2004,1,257,329,.78115499,OH
Toledo,Admin/Waste,2004,5,136,219,.62100458,OH
Toledo,Admin/Waste,2004,10,127,255,.49803922,OH
Toledo,Admin/Waste,2007,1,187,248,.75403225,OH
Toledo,Admin/Waste,2007,5,139,224,.62053573,OH
Toledo,Admin/Waste,2007,10,116,200,.57999998,OH
Toledo,Admin/Waste,2010,1,256,354,.72316384,OH
Toledo,Admin/Waste,2010,5,177,257,.68871593,OH
Toledo,Admin/Waste,2010,10,128,222,.57657659,OH
Toledo,Admin/Waste,2013,1,265,371,.71428573,OH
Toledo,Admin/Waste,2013,5,148,266,.556391,OH
Toledo,Admin/Waste,2013,10,,,,OH
Toledo,Admin/Waste,2016,1,214,310,.69032258,OH
Toledo,Admin/Waste,2016,5,164,268,.61194032,OH
Toledo,Admin/Waste,2016,10,,,,OH
Toledo,Admin/Waste,2019,1,182,273,.66666669,OH
Toledo,Admin/Waste,2019,5,,,,OH
Toledo,Admin/Waste,2019,10,,,,OH
Toledo,Agriculture,2004,1,3,4,.75,OH
Toledo,Agriculture,2004,5,1,1,1,OH
Toledo,Agriculture,2004,10,0,0,,OH
Toledo,Agriculture,2007,1,3,4,.75,OH
Toledo,Agriculture,2007,5,2,7,.2857143,OH
Toledo,Agriculture,2007,10,6,7,.85714287,OH
Toledo,Agriculture,2010,1,1,6,.16666667,OH
Toledo,Agriculture,2010,5,4,4,1,OH
Toledo,Agriculture,2010,10,3,5,.60000002,OH
Toledo,Agriculture,2013,1,3,3,1,OH
Toledo,Agriculture,2013,5,5,6,.83333331,OH
Toledo,Agriculture,2013,10,,,,OH
Toledo,Agriculture,2016,1,8,8,1,OH
Toledo,Agriculture,2016,5,6,6,1,OH
Toledo,Agriculture,2016,10,,,,OH
Toledo,Agriculture,2019,1,2,2,1,OH
Toledo,Agriculture,2019,5,,,,OH
Toledo,Agriculture,2019,10,,,,OH
Toledo,Arts/Entertainment,2004,1,65,84,.77380955,OH
Toledo,Arts/Entertainment,2004,5,45,57,.78947371,OH
Toledo,Arts/Entertainment,2004,10,42,80,.52499998,OH
Toledo,Arts/Entertainment,2007,1,40,49,.81632656,OH
Toledo,Arts/Entertainment,2007,5,49,63,.77777779,OH
Toledo,Arts/Entertainment,2007,10,46,66,.69696969,OH
Toledo,Arts/Entertainment,2010,1,62,76,.81578946,OH
Toledo,Arts/Entertainment,2010,5,61,70,.87142855,OH
Toledo,Arts/Entertainment,2010,10,35,44,.79545456,OH
Toledo,Arts/Entertainment,2013,1,62,77,.8051948,OH
Toledo,Arts/Entertainment,2013,5,42,70,.60000002,OH
Toledo,Arts/Entertainment,2013,10,,,,OH
Toledo,Arts/Entertainment,2016,1,56,72,.77777779,OH
Toledo,Arts/Entertainment,2016,5,49,61,.80327868,OH
Toledo,Arts/Entertainment,2016,10,,,,OH
Toledo,Arts/Entertainment,2019,1,46,55,.83636361,OH
Toledo,Arts/Entertainment,2019,5,,,,OH
Toledo,Arts/Entertainment,2019,10,,,,OH
Toledo,Construction,2004,1,126,175,.72000003,OH
Toledo,Construction,2004,5,106,156,.67948717,OH
Toledo,Construction,2004,10,102,161,.63354039,OH
Toledo,Construction,2007,1,81,113,.71681416,OH
Toledo,Construction,2007,5,91,121,.75206614,OH
Toledo,Construction,2007,10,112,152,.7368421,OH
Toledo,Construction,2010,1,68,108,.62962961,OH
Toledo,Construction,2010,5,91,133,.68421054,OH
Toledo,Construction,2010,10,114,167,.68263471,OH
Toledo,Construction,2013,1,98,142,.69014084,OH
Toledo,Construction,2013,5,128,188,.68085104,OH
Toledo,Construction,2013,10,,,,OH
Toledo,Construction,2016,1,135,171,.78947371,OH
Toledo,Construction,2016,5,142,181,.7845304,OH
Toledo,Construction,2016,10,,,,OH
Toledo,Construction,2019,1,152,184,.82608694,OH
Toledo,Construction,2019,5,,,,OH
Toledo,Construction,2019,10,,,,OH
Toledo,Education,2004,1,556,833,.667467,OH
Toledo,Education,2004,5,748,1056,.70833331,OH
Toledo,Education,2004,10,773,1147,.67393202,OH
Toledo,Education,2007,1,426,585,.72820514,OH
Toledo,Education,2007,5,612,861,.71080142,OH
Toledo,Education,2007,10,666,942,.70700639,OH
Toledo,Education,2010,1,380,537,.70763499,OH
Toledo,Education,2010,5,665,841,.79072535,OH
Toledo,Education,2010,10,653,897,.72798216,OH
Toledo,Education,2013,1,464,630,.73650795,OH
Toledo,Education,2013,5,605,888,.6813063,OH
Toledo,Education,2013,10,,,,OH
Toledo,Education,2016,1,374,520,.71923077,OH
Toledo,Education,2016,5,437,613,.71288747,OH
Toledo,Education,2016,10,,,,OH
Toledo,Education,2019,1,379,525,.72190475,OH
Toledo,Education,2019,5,,,,OH
Toledo,Education,2019,10,,,,OH
Toledo,Finance,2004,1,268,347,.77233428,OH
Toledo,Finance,2004,5,250,319,.78369904,OH
Toledo,Finance,2004,10,264,379,.69656992,OH
Toledo,Finance,2007,1,175,219,.79908675,OH
Toledo,Finance,2007,5,229,305,.75081968,OH
Toledo,Finance,2007,10,229,336,.68154764,OH
Toledo,Finance,2010,1,169,230,.73478264,OH
Toledo,Finance,2010,5,237,352,.67329544,OH
Toledo,Finance,2010,10,261,366,.71311474,OH
Toledo,Finance,2013,1,150,203,.73891628,OH
Toledo,Finance,2013,5,216,321,.67289722,OH
Toledo,Finance,2013,10,,,,OH
Toledo,Finance,2016,1,179,251,.7131474,OH
Toledo,Finance,2016,5,189,258,.73255813,OH
Toledo,Finance,2016,10,,,,OH
Toledo,Finance,2019,1,134,179,.74860334,OH
Toledo,Finance,2019,5,,,,OH
Toledo,Finance,2019,10,,,,OH
Toledo,Food/Hospitality,2004,1,221,303,.72937292,OH
Toledo,Food/Hospitality,2004,5,89,137,.64963502,OH
Toledo,Food/Hospitality,2004,10,61,134,.45522389,OH
Toledo,Food/Hospitality,2007,1,174,242,.71900827,OH
Toledo,Food/Hospitality,2007,5,80,132,.60606062,OH
Toledo,Food/Hospitality,2007,10,58,122,.47540984,OH
Toledo,Food/Hospitality,2010,1,220,275,.80000001,OH
Toledo,Food/Hospitality,2010,5,95,151,.62913907,OH
Toledo,Food/Hospitality,2010,10,63,118,.53389829,OH
Toledo,Food/Hospitality,2013,1,200,256,.78125,OH
Toledo,Food/Hospitality,2013,5,75,162,.46296296,OH
Toledo,Food/Hospitality,2013,10,,,,OH
Toledo,Food/Hospitality,2016,1,219,285,.76842105,OH
Toledo,Food/Hospitality,2016,5,94,140,.67142856,OH
Toledo,Food/Hospitality,2016,10,,,,OH
Toledo,Food/Hospitality,2019,1,186,218,.85321099,OH
Toledo,Food/Hospitality,2019,5,,,,OH
Toledo,Food/Hospitality,2019,10,,,,OH
Toledo,Health Care,2004,1,747,912,.81907892,OH
Toledo,Health Care,2004,5,827,1111,.74437445,OH
Toledo,Health Care,2004,10,832,1149,.72410792,OH
Toledo,Health Care,2007,1,670,853,.78546309,OH
Toledo,Health Care,2007,5,941,1273,.73919874,OH
Toledo,Health Care,2007,10,905,1289,.70209467,OH
Toledo,Health Care,2010,1,865,1102,.78493649,OH
Toledo,Health Care,2010,5,1151,1546,.74450195,OH
Toledo,Health Care,2010,10,1067,1497,.71275884,OH
Toledo,Health Care,2013,1,1062,1292,.82198143,OH
Toledo,Health Care,2013,5,1257,1739,.72282922,OH
Toledo,Health Care,2013,10,,,,OH
Toledo,Health Care,2016,1,958,1223,.78331971,OH
Toledo,Health Care,2016,5,1055,1412,.74716711,OH
Toledo,Health Care,2016,10,,,,OH
Toledo,Health Care,2019,1,1107,1339,.82673639,OH
Toledo,Health Care,2019,5,,,,OH
Toledo,Health Care,2019,10,,,,OH
Toledo,Information,2004,1,99,140,.70714283,OH
Toledo,Information,2004,5,94,133,.7067669,OH
Toledo,Information,2004,10,72,138,.52173913,OH
Toledo,Information,2007,1,78,89,.87640452,OH
Toledo,Information,2007,5,86,130,.66153848,OH
Toledo,Information,2007,10,93,138,.67391306,OH
Toledo,Information,2010,1,80,111,.72072071,OH
Toledo,Information,2010,5,86,126,.6825397,OH
Toledo,Information,2010,10,88,136,.64705884,OH
Toledo,Information,2013,1,81,118,.68644071,OH
Toledo,Information,2013,5,96,136,.70588237,OH
Toledo,Information,2013,10,,,,OH
Toledo,Information,2016,1,64,84,.76190478,OH
Toledo,Information,2016,5,84,115,.73043478,OH
Toledo,Information,2016,10,,,,OH
Toledo,Information,2019,1,76,93,.8172043,OH
Toledo,Information,2019,5,,,,OH
Toledo,Information,2019,10,,,,OH
Toledo,Management,2004,1,104,135,.77037036,OH
Toledo,Management,2004,5,135,150,.89999998,OH
Toledo,Management,2004,10,222,268,.82835823,OH
Toledo,Management,2007,1,69,86,.80232561,OH
Toledo,Management,2007,5,148,176,.84090906,OH
Toledo,Management,2007,10,192,220,.87272727,OH
Toledo,Management,2010,1,113,138,.81884056,OH
Toledo,Management,2010,5,202,247,.81781375,OH
Toledo,Management,2010,10,215,246,.87398374,OH
Toledo,Management,2013,1,187,206,.907767,OH
Toledo,Management,2013,5,231,275,.83999997,OH
Toledo,Management,2013,10,,,,OH
Toledo,Management,2016,1,173,213,.81220657,OH
Toledo,Management,2016,5,228,254,.89763778,OH
Toledo,Management,2016,10,,,,OH
Toledo,Management,2019,1,188,216,.87037039,OH
Toledo,Management,2019,5,,,,OH
Toledo,Management,2019,10,,,,OH
Toledo,Manufacturing,2004,1,514,715,.71888113,OH
Toledo,Manufacturing,2004,5,553,775,.71354836,OH
Toledo,Manufacturing,2004,10,590,857,.68844807,OH
Toledo,Manufacturing,2007,1,372,520,.7153846,OH
Toledo,Manufacturing,2007,5,456,683,.66764277,OH
Toledo,Manufacturing,2007,10,460,716,.64245808,OH
Toledo,Manufacturing,2010,1,463,658,.70364743,OH
Toledo,Manufacturing,2010,5,564,836,.67464113,OH
Toledo,Manufacturing,2010,10,534,820,.65121949,OH
Toledo,Manufacturing,2013,1,634,861,.7363531,OH
Toledo,Manufacturing,2013,5,668,987,.6767984,OH
Toledo,Manufacturing,2013,10,,,,OH
Toledo,Manufacturing,2016,1,698,980,.71224487,OH
Toledo,Manufacturing,2016,5,703,941,.74707758,OH
Toledo,Manufacturing,2016,10,,,,OH
Toledo,Manufacturing,2019,1,713,984,.72459352,OH
Toledo,Manufacturing,2019,5,,,,OH
Toledo,Manufacturing,2019,10,,,,OH
Toledo,Mining,2004,1,14,16,.875,OH
Toledo,Mining,2004,5,13,15,.86666667,OH
Toledo,Mining,2004,10,2,7,.2857143,OH
Toledo,Mining,2007,1,14,14,1,OH
Toledo,Mining,2007,5,8,8,1,OH
Toledo,Mining,2007,10,2,2,1,OH
Toledo,Mining,2010,1,10,12,.83333331,OH
Toledo,Mining,2010,5,2,3,.66666669,OH
Toledo,Mining,2010,10,2,10,.2,OH
Toledo,Mining,2013,1,1,2,.5,OH
Toledo,Mining,2013,5,5,5,1,OH
Toledo,Mining,2013,10,,,,OH
Toledo,Mining,2016,1,2,2,1,OH
Toledo,Mining,2016,5,4,6,.66666669,OH
Toledo,Mining,2016,10,,,,OH
Toledo,Mining,2019,1,0,0,,OH
Toledo,Mining,2019,5,,,,OH
Toledo,Mining,2019,10,,,,OH
Toledo,Other Services,2004,1,96,119,.8067227,OH
Toledo,Other Services,2004,5,80,95,.84210527,OH
Toledo,Other Services,2004,10,73,108,.67592591,OH
Toledo,Other Services,2007,1,82,102,.80392158,OH
Toledo,Other Services,2007,5,67,100,.67000002,OH
Toledo,Other Services,2007,10,57,85,.67058825,OH
Toledo,Other Services,2010,1,63,81,.77777779,OH
Toledo,Other Services,2010,5,72,88,.81818181,OH
Toledo,Other Services,2010,10,61,89,.68539327,OH
Toledo,Other Services,2013,1,66,80,.82499999,OH
Toledo,Other Services,2013,5,78,123,.63414633,OH
Toledo,Other Services,2013,10,,,,OH
Toledo,Other Services,2016,1,71,91,.78021979,OH
Toledo,Other Services,2016,5,65,83,.78313255,OH
Toledo,Other Services,2016,10,,,,OH
Toledo,Other Services,2019,1,63,77,.81818181,OH
Toledo,Other Services,2019,5,,,,OH
Toledo,Other Services,2019,10,,,,OH
Toledo,Professional Services,2004,1,535,686,.77988338,OH
Toledo,Professional Services,2004,5,458,686,.66763848,OH
Toledo,Professional Services,2004,10,394,652,.60429448,OH
Toledo,Professional Services,2007,1,372,468,.79487181,OH
Toledo,Professional Services,2007,5,377,542,.69557196,OH
Toledo,Professional Services,2007,10,377,594,.63468015,OH
Toledo,Professional Services,2010,1,414,590,.70169491,OH
Toledo,Professional Services,2010,5,435,662,.65709972,OH
Toledo,Professional Services,2010,10,401,646,.62074304,OH
Toledo,Professional Services,2013,1,394,558,.70609319,OH
Toledo,Professional Services,2013,5,409,707,.57850069,OH
Toledo,Professional Services,2013,10,,,,OH
Toledo,Professional Services,2016,1,413,603,.68490881,OH
Toledo,Professional Services,2016,5,462,623,.74157304,OH
Toledo,Professional Services,2016,10,,,,OH
Toledo,Professional Services,2019,1,482,665,.72481203,OH
Toledo,Professional Services,2019,5,,,,OH
Toledo,Professional Services,2019,10,,,,OH
Toledo,Public Admin,2004,1,124,174,.71264368,OH
Toledo,Public Admin,2004,5,178,247,.72064775,OH
Toledo,Public Admin,2004,10,195,278,.70143884,OH
Toledo,Public Admin,2007,1,93,135,.68888891,OH
Toledo,Public Admin,2007,5,162,241,.67219919,OH
Toledo,Public Admin,2007,10,179,280,.63928574,OH
Toledo,Public Admin,2010,1,97,142,.68309861,OH
Toledo,Public Admin,2010,5,159,234,.67948717,OH
Toledo,Public Admin,2010,10,204,277,.73646212,OH
Toledo,Public Admin,2013,1,95,145,.65517241,OH
Toledo,Public Admin,2013,5,180,251,.7171315,OH
Toledo,Public Admin,2013,10,,,,OH
Toledo,Public Admin,2016,1,115,171,.67251462,OH
Toledo,Public Admin,2016,5,170,229,.74235809,OH
Toledo,Public Admin,2016,10,,,,OH
Toledo,Public Admin,2019,1,114,151,.75496691,OH
Toledo,Public Admin,2019,5,,,,OH
Toledo,Public Admin,2019,10,,,,OH
Toledo,Real Estate,2004,1,66,83,.79518074,OH
Toledo,Real Estate,2004,5,45,59,.76271188,OH
Toledo,Real Estate,2004,10,36,62,.58064514,OH
Toledo,Real Estate,2007,1,59,68,.86764705,OH
Toledo,Real Estate,2007,5,60,76,.78947371,OH
Toledo,Real Estate,2007,10,43,61,.70491803,OH
Toledo,Real Estate,2010,1,39,47,.82978725,OH
Toledo,Real Estate,2010,5,49,59,.83050847,OH
Toledo,Real Estate,2010,10,41,59,.69491524,OH
Toledo,Real Estate,2013,1,54,73,.73972601,OH
Toledo,Real Estate,2013,5,41,49,.83673471,OH
Toledo,Real Estate,2013,10,,,,OH
Toledo,Real Estate,2016,1,47,56,.83928573,OH
Toledo,Real Estate,2016,5,47,55,.85454547,OH
Toledo,Real Estate,2016,10,,,,OH
Toledo,Real Estate,2019,1,53,63,.84126985,OH
Toledo,Real Estate,2019,5,,,,OH
Toledo,Real Estate,2019,10,,,,OH
Toledo,Retail,2004,1,582,742,.78436655,OH
Toledo,Retail,2004,5,409,605,.67603308,OH
Toledo,Retail,2004,10,307,510,.60196078,OH
Toledo,Retail,2007,1,431,564,.76418442,OH
Toledo,Retail,2007,5,354,549,.64480877,OH
Toledo,Retail,2007,10,248,443,.5598194,OH
Toledo,Retail,2010,1,387,517,.74854934,OH
Toledo,Retail,2010,5,331,546,.6062271,OH
Toledo,Retail,2010,10,237,391,.60613811,OH
Toledo,Retail,2013,1,367,489,.75051123,OH
Toledo,Retail,2013,5,262,455,.5758242,OH
Toledo,Retail,2013,10,,,,OH
Toledo,Retail,2016,1,319,433,.73672056,OH
Toledo,Retail,2016,5,284,385,.73766232,OH
Toledo,Retail,2016,10,,,,OH
Toledo,Retail,2019,1,344,420,.81904763,OH
Toledo,Retail,2019,5,,,,OH
Toledo,Retail,2019,10,,,,OH
Toledo,Transportation,2004,1,138,165,.83636361,OH
Toledo,Transportation,2004,5,89,127,.70078743,OH
Toledo,Transportation,2004,10,70,119,.58823532,OH
Toledo,Transportation,2007,1,106,132,.80303031,OH
Toledo,Transportation,2007,5,79,125,.63200003,OH
Toledo,Transportation,2007,10,100,143,.69930071,OH
Toledo,Transportation,2010,1,79,99,.79797977,OH
Toledo,Transportation,2010,5,84,116,.7241379,OH
Toledo,Transportation,2010,10,106,151,.70198673,OH
Toledo,Transportation,2013,1,104,124,.83870965,OH
Toledo,Transportation,2013,5,141,190,.74210525,OH
Toledo,Transportation,2013,10,,,,OH
Toledo,Transportation,2016,1,101,143,.7062937,OH
Toledo,Transportation,2016,5,118,163,.72392637,OH
Toledo,Transportation,2016,10,,,,OH
Toledo,Transportation,2019,1,170,212,.8018868,OH
Toledo,Transportation,2019,5,,,,OH
Toledo,Transportation,2019,10,,,,OH
Toledo,Utilities,2004,1,24,28,.85714287,OH
Toledo,Utilities,2004,5,32,34,.94117647,OH
Toledo,Utilities,2004,10,43,51,.84313726,OH
Toledo,Utilities,2007,1,27,28,.96428573,OH
Toledo,Utilities,2007,5,32,33,.969697,OH
Toledo,Utilities,2007,10,34,46,.73913044,OH
Toledo,Utilities,2010,1,21,23,.9130435,OH
Toledo,Utilities,2010,5,31,37,.83783782,OH
Toledo,Utilities,2010,10,34,41,.82926828,OH
Toledo,Utilities,2013,1,14,17,.82352942,OH
Toledo,Utilities,2013,5,20,29,.68965518,OH
Toledo,Utilities,2013,10,,,,OH
Toledo,Utilities,2016,1,17,23,.73913044,OH
Toledo,Utilities,2016,5,30,35,.85714287,OH
Toledo,Utilities,2016,10,,,,OH
Toledo,Utilities,2019,1,17,21,.80952382,OH
Toledo,Utilities,2019,5,,,,OH
Toledo,Utilities,2019,10,,,,OH
Toledo,Wholesale,2004,1,188,273,.68864471,OH
Toledo,Wholesale,2004,5,232,322,.72049689,OH
Toledo,Wholesale,2004,10,243,376,.64627659,OH
Toledo,Wholesale,2007,1,123,176,.69886363,OH
Toledo,Wholesale,2007,5,155,249,.62248999,OH
Toledo,Wholesale,2007,10,192,314,.61146498,OH
Toledo,Wholesale,2010,1,145,231,.62770563,OH
Toledo,Wholesale,2010,5,193,297,.64983165,OH
Toledo,Wholesale,2010,10,187,278,.67266184,OH
Toledo,Wholesale,2013,1,152,246,.61788619,OH
Toledo,Wholesale,2013,5,174,302,.57615894,OH
Toledo,Wholesale,2013,10,,,,OH
Toledo,Wholesale,2016,1,168,260,.64615387,OH
Toledo,Wholesale,2016,5,196,271,.72324723,OH
Toledo,Wholesale,2016,10,,,,OH
Toledo,Wholesale,2019,1,149,232,.64224136,OH
Toledo,Wholesale,2019,5,,,,OH
Toledo,Wholesale,2019,10,,,,OH
Wright State,Admin/Waste,2004,1,205,235,.87234044,OH
Wright State,Admin/Waste,2004,5,111,158,.70253164,OH
Wright State,Admin/Waste,2004,10,95,131,.72519082,OH
Wright State,Admin/Waste,2007,1,162,190,.85263157,OH
Wright State,Admin/Waste,2007,5,119,164,.72560978,OH
Wright State,Admin/Waste,2007,10,84,142,.59154928,OH
Wright State,Admin/Waste,2010,1,186,218,.85321099,OH
Wright State,Admin/Waste,2010,5,147,187,.78609627,OH
Wright State,Admin/Waste,2010,10,118,154,.76623374,OH
Wright State,Admin/Waste,2013,1,211,239,.88284516,OH
Wright State,Admin/Waste,2013,5,110,175,.62857145,OH
Wright State,Admin/Waste,2013,10,,,,OH
Wright State,Admin/Waste,2016,1,170,181,.93922651,OH
Wright State,Admin/Waste,2016,5,160,211,.75829387,OH
Wright State,Admin/Waste,2016,10,,,,OH
Wright State,Admin/Waste,2019,1,139,168,.82738096,OH
Wright State,Admin/Waste,2019,5,,,,OH
Wright State,Admin/Waste,2019,10,,,,OH
Wright State,Agriculture,2004,1,3,3,1,OH
Wright State,Agriculture,2004,5,1,1,1,OH
Wright State,Agriculture,2004,10,1,2,.5,OH
Wright State,Agriculture,2007,1,1,1,1,OH
Wright State,Agriculture,2007,5,5,5,1,OH
Wright State,Agriculture,2007,10,1,3,.33333334,OH
Wright State,Agriculture,2010,1,2,2,1,OH
Wright State,Agriculture,2010,5,1,2,.5,OH
Wright State,Agriculture,2010,10,5,7,.71428573,OH
Wright State,Agriculture,2013,1,4,4,1,OH
Wright State,Agriculture,2013,5,9,10,.89999998,OH
Wright State,Agriculture,2013,10,,,,OH
Wright State,Agriculture,2016,1,5,5,1,OH
Wright State,Agriculture,2016,5,6,8,.75,OH
Wright State,Agriculture,2016,10,,,,OH
Wright State,Agriculture,2019,1,9,14,.64285713,OH
Wright State,Agriculture,2019,5,,,,OH
Wright State,Agriculture,2019,10,,,,OH
Wright State,Arts/Entertainment,2004,1,55,70,.78571427,OH
Wright State,Arts/Entertainment,2004,5,26,35,.74285716,OH
Wright State,Arts/Entertainment,2004,10,26,36,.72222221,OH
Wright State,Arts/Entertainment,2007,1,31,42,.73809522,OH
Wright State,Arts/Entertainment,2007,5,24,52,.46153846,OH
Wright State,Arts/Entertainment,2007,10,35,58,.60344827,OH
Wright State,Arts/Entertainment,2010,1,39,46,.84782606,OH
Wright State,Arts/Entertainment,2010,5,40,49,.81632656,OH
Wright State,Arts/Entertainment,2010,10,24,35,.6857143,OH
Wright State,Arts/Entertainment,2013,1,42,63,.66666669,OH
Wright State,Arts/Entertainment,2013,5,25,52,.48076922,OH
Wright State,Arts/Entertainment,2013,10,,,,OH
Wright State,Arts/Entertainment,2016,1,39,42,.9285714,OH
Wright State,Arts/Entertainment,2016,5,39,56,.6964286,OH
Wright State,Arts/Entertainment,2016,10,,,,OH
Wright State,Arts/Entertainment,2019,1,50,60,.83333331,OH
Wright State,Arts/Entertainment,2019,5,,,,OH
Wright State,Arts/Entertainment,2019,10,,,,OH
Wright State,Construction,2004,1,52,63,.82539684,OH
Wright State,Construction,2004,5,37,45,.82222223,OH
Wright State,Construction,2004,10,44,51,.86274511,OH
Wright State,Construction,2007,1,38,46,.82608694,OH
Wright State,Construction,2007,5,39,59,.66101694,OH
Wright State,Construction,2007,10,54,68,.79411763,OH
Wright State,Construction,2010,1,37,44,.84090906,OH
Wright State,Construction,2010,5,60,71,.84507042,OH
Wright State,Construction,2010,10,68,87,.78160918,OH
Wright State,Construction,2013,1,52,68,.7647059,OH
Wright State,Construction,2013,5,65,88,.73863637,OH
Wright State,Construction,2013,10,,,,OH
Wright State,Construction,2016,1,43,44,.97727275,OH
Wright State,Construction,2016,5,58,64,.90625,OH
Wright State,Construction,2016,10,,,,OH
Wright State,Construction,2019,1,55,66,.83333331,OH
Wright State,Construction,2019,5,,,,OH
Wright State,Construction,2019,10,,,,OH
Wright State,Education,2004,1,698,834,.83693045,OH
Wright State,Education,2004,5,926,1074,.8621974,OH
Wright State,Education,2004,10,927,1122,.82620323,OH
Wright State,Education,2007,1,500,607,.82372326,OH
Wright State,Education,2007,5,764,960,.79583335,OH
Wright State,Education,2007,10,828,1066,.77673548,OH
Wright State,Education,2010,1,336,419,.80190933,OH
Wright State,Education,2010,5,706,860,.82093024,OH
Wright State,Education,2010,10,688,851,.80846065,OH
Wright State,Education,2013,1,442,507,.87179488,OH
Wright State,Education,2013,5,687,851,.80728555,OH
Wright State,Education,2013,10,,,,OH
Wright State,Education,2016,1,445,490,.90816325,OH
Wright State,Education,2016,5,595,716,.83100557,OH
Wright State,Education,2016,10,,,,OH
Wright State,Education,2019,1,441,493,.89452332,OH
Wright State,Education,2019,5,,,,OH
Wright State,Education,2019,10,,,,OH
Wright State,Finance,2004,1,239,276,.865942,OH
Wright State,Finance,2004,5,210,260,.80769229,OH
Wright State,Finance,2004,10,222,283,.78445232,OH
Wright State,Finance,2007,1,210,246,.85365856,OH
Wright State,Finance,2007,5,260,322,.80745339,OH
Wright State,Finance,2007,10,276,344,.80232561,OH
Wright State,Finance,2010,1,272,299,.90969902,OH
Wright State,Finance,2010,5,291,375,.77600002,OH
Wright State,Finance,2010,10,294,353,.83286119,OH
Wright State,Finance,2013,1,235,266,.88345867,OH
Wright State,Finance,2013,5,277,341,.81231672,OH
Wright State,Finance,2013,10,,,,OH
Wright State,Finance,2016,1,193,207,.93236715,OH
Wright State,Finance,2016,5,241,270,.89259261,OH
Wright State,Finance,2016,10,,,,OH
Wright State,Finance,2019,1,140,176,.79545456,OH
Wright State,Finance,2019,5,,,,OH
Wright State,Finance,2019,10,,,,OH
Wright State,Food/Hospitality,2004,1,189,231,.81818181,OH
Wright State,Food/Hospitality,2004,5,73,106,.68867922,OH
Wright State,Food/Hospitality,2004,10,52,86,.60465115,OH
Wright State,Food/Hospitality,2007,1,192,233,.82403433,OH
Wright State,Food/Hospitality,2007,5,101,177,.57062149,OH
Wright State,Food/Hospitality,2007,10,59,121,.48760331,OH
Wright State,Food/Hospitality,2010,1,254,289,.87889272,OH
Wright State,Food/Hospitality,2010,5,108,178,.60674155,OH
Wright State,Food/Hospitality,2010,10,63,94,.67021275,OH
Wright State,Food/Hospitality,2013,1,223,250,.89200002,OH
Wright State,Food/Hospitality,2013,5,103,149,.69127518,OH
Wright State,Food/Hospitality,2013,10,,,,OH
Wright State,Food/Hospitality,2016,1,221,234,.94444442,OH
Wright State,Food/Hospitality,2016,5,87,126,.69047618,OH
Wright State,Food/Hospitality,2016,10,,,,OH
Wright State,Food/Hospitality,2019,1,154,183,.84153003,OH
Wright State,Food/Hospitality,2019,5,,,,OH
Wright State,Food/Hospitality,2019,10,,,,OH
Wright State,Health Care,2004,1,914,1010,.9049505,OH
Wright State,Health Care,2004,5,821,980,.83775508,OH
Wright State,Health Care,2004,10,776,980,.79183674,OH
Wright State,Health Care,2007,1,947,1074,.88175046,OH
Wright State,Health Care,2007,5,1027,1244,.82556272,OH
Wright State,Health Care,2007,10,937,1206,.77694857,OH
Wright State,Health Care,2010,1,1077,1166,.92367065,OH
Wright State,Health Care,2010,5,1102,1290,.85426354,OH
Wright State,Health Care,2010,10,1041,1279,.8139171,OH
Wright State,Health Care,2013,1,1028,1121,.91703838,OH
Wright State,Health Care,2013,5,1029,1254,.82057416,OH
Wright State,Health Care,2013,10,,,,OH
Wright State,Health Care,2016,1,927,996,.93072289,OH
Wright State,Health Care,2016,5,927,1090,.85045874,OH
Wright State,Health Care,2016,10,,,,OH
Wright State,Health Care,2019,1,902,991,.91019171,OH
Wright State,Health Care,2019,5,,,,OH
Wright State,Health Care,2019,10,,,,OH
Wright State,Information,2004,1,182,201,.90547264,OH
Wright State,Information,2004,5,165,196,.84183675,OH
Wright State,Information,2004,10,138,178,.77528089,OH
Wright State,Information,2007,1,192,205,.93658537,OH
Wright State,Information,2007,5,159,188,.84574467,OH
Wright State,Information,2007,10,126,165,.76363635,OH
Wright State,Information,2010,1,190,204,.93137252,OH
Wright State,Information,2010,5,190,219,.86757994,OH
Wright State,Information,2010,10,148,165,.89696968,OH
Wright State,Information,2013,1,161,173,.93063581,OH
Wright State,Information,2013,5,146,169,.86390531,OH
Wright State,Information,2013,10,,,,OH
Wright State,Information,2016,1,151,153,.98692811,OH
Wright State,Information,2016,5,136,150,.9066667,OH
Wright State,Information,2016,10,,,,OH
Wright State,Information,2019,1,107,114,.93859649,OH
Wright State,Information,2019,5,,,,OH
Wright State,Information,2019,10,,,,OH
Wright State,Management,2004,1,93,104,.89423078,OH
Wright State,Management,2004,5,130,140,.9285714,OH
Wright State,Management,2004,10,136,162,.83950615,OH
Wright State,Management,2007,1,72,78,.92307693,OH
Wright State,Management,2007,5,125,139,.89928055,OH
Wright State,Management,2007,10,112,140,.80000001,OH
Wright State,Management,2010,1,120,129,.93023258,OH
Wright State,Management,2010,5,162,177,.91525424,OH
Wright State,Management,2010,10,135,149,.90604025,OH
Wright State,Management,2013,1,114,123,.92682928,OH
Wright State,Management,2013,5,120,136,.88235295,OH
Wright State,Management,2013,10,,,,OH
Wright State,Management,2016,1,88,95,.92631578,OH
Wright State,Management,2016,5,87,100,.87,OH
Wright State,Management,2016,10,,,,OH
Wright State,Management,2019,1,68,72,.94444442,OH
Wright State,Management,2019,5,,,,OH
Wright State,Management,2019,10,,,,OH
Wright State,Manufacturing,2004,1,296,346,.85549134,OH
Wright State,Manufacturing,2004,5,276,358,.77094972,OH
Wright State,Manufacturing,2004,10,285,382,.74607331,OH
Wright State,Manufacturing,2007,1,216,265,.81509435,OH
Wright State,Manufacturing,2007,5,311,411,.75669098,OH
Wright State,Manufacturing,2007,10,328,429,.76456875,OH
Wright State,Manufacturing,2010,1,309,376,.82180852,OH
Wright State,Manufacturing,2010,5,438,515,.85048544,OH
Wright State,Manufacturing,2010,10,390,488,.79918033,OH
Wright State,Manufacturing,2013,1,379,438,.86529678,OH
Wright State,Manufacturing,2013,5,445,537,.82867783,OH
Wright State,Manufacturing,2013,10,,,,OH
Wright State,Manufacturing,2016,1,403,447,.90156597,OH
Wright State,Manufacturing,2016,5,422,491,.85947049,OH
Wright State,Manufacturing,2016,10,,,,OH
Wright State,Manufacturing,2019,1,440,496,.88709676,OH
Wright State,Manufacturing,2019,5,,,,OH
Wright State,Manufacturing,2019,10,,,,OH
Wright State,Mining,2004,1,3,8,.375,OH
Wright State,Mining,2004,5,0,0,,OH
Wright State,Mining,2004,10,0,1,0,OH
Wright State,Mining,2007,1,5,5,1,OH
Wright State,Mining,2007,5,5,5,1,OH
Wright State,Mining,2007,10,2,3,.66666669,OH
Wright State,Mining,2010,1,0,0,,OH
Wright State,Mining,2010,5,3,3,1,OH
Wright State,Mining,2010,10,2,4,.5,OH
Wright State,Mining,2013,1,0,0,,OH
Wright State,Mining,2013,5,1,1,1,OH
Wright State,Mining,2013,10,,,,OH
Wright State,Mining,2016,1,0,0,,OH
Wright State,Mining,2016,5,0,0,,OH
Wright State,Mining,2016,10,,,,OH
Wright State,Mining,2019,1,0,0,,OH
Wright State,Mining,2019,5,,,,OH
Wright State,Mining,2019,10,,,,OH
Wright State,Other Services,2004,1,85,91,.93406594,OH
Wright State,Other Services,2004,5,47,54,.87037039,OH
Wright State,Other Services,2004,10,52,68,.7647059,OH
Wright State,Other Services,2007,1,59,72,.81944442,OH
Wright State,Other Services,2007,5,73,89,.8202247,OH
Wright State,Other Services,2007,10,55,74,.74324322,OH
Wright State,Other Services,2010,1,59,71,.8309859,OH
Wright State,Other Services,2010,5,69,80,.86250001,OH
Wright State,Other Services,2010,10,68,79,.8607595,OH
Wright State,Other Services,2013,1,54,66,.81818181,OH
Wright State,Other Services,2013,5,56,83,.67469877,OH
Wright State,Other Services,2013,10,,,,OH
Wright State,Other Services,2016,1,62,64,.96875,OH
Wright State,Other Services,2016,5,50,64,.78125,OH
Wright State,Other Services,2016,10,,,,OH
Wright State,Other Services,2019,1,51,56,.91071427,OH
Wright State,Other Services,2019,5,,,,OH
Wright State,Other Services,2019,10,,,,OH
Wright State,Professional Services,2004,1,410,468,.87606835,OH
Wright State,Professional Services,2004,5,395,488,.80942625,OH
Wright State,Professional Services,2004,10,386,523,.73804969,OH
Wright State,Professional Services,2007,1,377,420,.89761907,OH
Wright State,Professional Services,2007,5,396,521,.76007676,OH
Wright State,Professional Services,2007,10,401,518,.7741313,OH
Wright State,Professional Services,2010,1,455,511,.89041096,OH
Wright State,Professional Services,2010,5,471,571,.82486868,OH
Wright State,Professional Services,2010,10,499,623,.8009631,OH
Wright State,Professional Services,2013,1,398,468,.85042733,OH
Wright State,Professional Services,2013,5,485,598,.81103677,OH
Wright State,Professional Services,2013,10,,,,OH
Wright State,Professional Services,2016,1,538,573,.93891799,OH
Wright State,Professional Services,2016,5,614,710,.86478871,OH
Wright State,Professional Services,2016,10,,,,OH
Wright State,Professional Services,2019,1,560,643,.87091756,OH
Wright State,Professional Services,2019,5,,,,OH
Wright State,Professional Services,2019,10,,,,OH
Wright State,Public Admin,2004,1,151,167,.90419161,OH
Wright State,Public Admin,2004,5,156,186,.83870965,OH
Wright State,Public Admin,2004,10,182,226,.80530971,OH
Wright State,Public Admin,2007,1,112,131,.85496181,OH
Wright State,Public Admin,2007,5,168,210,.80000001,OH
Wright State,Public Admin,2007,10,174,213,.81690139,OH
Wright State,Public Admin,2010,1,90,102,.88235295,OH
Wright State,Public Admin,2010,5,176,202,.87128711,OH
Wright State,Public Admin,2010,10,176,221,.7963801,OH
Wright State,Public Admin,2013,1,127,149,.85234898,OH
Wright State,Public Admin,2013,5,194,251,.77290839,OH
Wright State,Public Admin,2013,10,,,,OH
Wright State,Public Admin,2016,1,130,135,.96296299,OH
Wright State,Public Admin,2016,5,146,185,.78918916,OH
Wright State,Public Admin,2016,10,,,,OH
Wright State,Public Admin,2019,1,112,126,.8888889,OH
Wright State,Public Admin,2019,5,,,,OH
Wright State,Public Admin,2019,10,,,,OH
Wright State,Real Estate,2004,1,54,65,.83076924,OH
Wright State,Real Estate,2004,5,30,32,.9375,OH
Wright State,Real Estate,2004,10,25,30,.83333331,OH
Wright State,Real Estate,2007,1,48,54,.8888889,OH
Wright State,Real Estate,2007,5,47,54,.87037039,OH
Wright State,Real Estate,2007,10,30,43,.69767439,OH
Wright State,Real Estate,2010,1,46,48,.95833331,OH
Wright State,Real Estate,2010,5,50,58,.86206895,OH
Wright State,Real Estate,2010,10,40,53,.75471699,OH
Wright State,Real Estate,2013,1,38,43,.88372093,OH
Wright State,Real Estate,2013,5,39,50,.77999997,OH
Wright State,Real Estate,2013,10,,,,OH
Wright State,Real Estate,2016,1,33,35,.94285715,OH
Wright State,Real Estate,2016,5,32,35,.91428572,OH
Wright State,Real Estate,2016,10,,,,OH
Wright State,Real Estate,2019,1,39,46,.84782606,OH
Wright State,Real Estate,2019,5,,,,OH
Wright State,Real Estate,2019,10,,,,OH
Wright State,Retail,2004,1,430,499,.86172342,OH
Wright State,Retail,2004,5,231,283,.81625444,OH
Wright State,Retail,2004,10,169,235,.71914893,OH
Wright State,Retail,2007,1,355,387,.91731268,OH
Wright State,Retail,2007,5,217,302,.71854305,OH
Wright State,Retail,2007,10,163,241,.67634857,OH
Wright State,Retail,2010,1,403,452,.89159292,OH
Wright State,Retail,2010,5,221,286,.77272725,OH
Wright State,Retail,2010,10,161,221,.7285068,OH
Wright State,Retail,2013,1,352,391,.90025574,OH
Wright State,Retail,2013,5,213,286,.74475527,OH
Wright State,Retail,2013,10,,,,OH
Wright State,Retail,2016,1,291,322,.9037267,OH
Wright State,Retail,2016,5,181,245,.73877549,OH
Wright State,Retail,2016,10,,,,OH
Wright State,Retail,2019,1,353,402,.87810946,OH
Wright State,Retail,2019,5,,,,OH
Wright State,Retail,2019,10,,,,OH
Wright State,Transportation,2004,1,76,83,.91566265,OH
Wright State,Transportation,2004,5,53,65,.81538463,OH
Wright State,Transportation,2004,10,50,68,.7352941,OH
Wright State,Transportation,2007,1,61,75,.81333333,OH
Wright State,Transportation,2007,5,65,88,.73863637,OH
Wright State,Transportation,2007,10,59,82,.71951222,OH
Wright State,Transportation,2010,1,107,117,.91452992,OH
Wright State,Transportation,2010,5,105,130,.80769229,OH
Wright State,Transportation,2010,10,90,132,.68181819,OH
Wright State,Transportation,2013,1,77,88,.875,OH
Wright State,Transportation,2013,5,84,103,.815534,OH
Wright State,Transportation,2013,10,,,,OH
Wright State,Transportation,2016,1,101,106,.9528302,OH
Wright State,Transportation,2016,5,94,108,.87037039,OH
Wright State,Transportation,2016,10,,,,OH
Wright State,Transportation,2019,1,103,123,.83739835,OH
Wright State,Transportation,2019,5,,,,OH
Wright State,Transportation,2019,10,,,,OH
Wright State,Utilities,2004,1,15,15,1,OH
Wright State,Utilities,2004,5,22,22,1,OH
Wright State,Utilities,2004,10,24,24,1,OH
Wright State,Utilities,2007,1,16,16,1,OH
Wright State,Utilities,2007,5,17,17,1,OH
Wright State,Utilities,2007,10,18,18,1,OH
Wright State,Utilities,2010,1,10,11,.90909094,OH
Wright State,Utilities,2010,5,18,18,1,OH
Wright State,Utilities,2010,10,8,8,1,OH
Wright State,Utilities,2013,1,4,5,.80000001,OH
Wright State,Utilities,2013,5,13,13,1,OH
Wright State,Utilities,2013,10,,,,OH
Wright State,Utilities,2016,1,7,7,1,OH
Wright State,Utilities,2016,5,11,11,1,OH
Wright State,Utilities,2016,10,,,,OH
Wright State,Utilities,2019,1,10,14,.71428573,OH
Wright State,Utilities,2019,5,,,,OH
Wright State,Utilities,2019,10,,,,OH
Wright State,Wholesale,2004,1,121,149,.81208056,OH
Wright State,Wholesale,2004,5,122,156,.78205127,OH
Wright State,Wholesale,2004,10,137,192,.71354169,OH
Wright State,Wholesale,2007,1,102,124,.82258064,OH
Wright State,Wholesale,2007,5,146,195,.74871796,OH
Wright State,Wholesale,2007,10,148,201,.73631841,OH
Wright State,Wholesale,2010,1,136,153,.8888889,OH
Wright State,Wholesale,2010,5,196,229,.85589522,OH
Wright State,Wholesale,2010,10,199,247,.805668,OH
Wright State,Wholesale,2013,1,147,173,.849711,OH
Wright State,Wholesale,2013,5,160,201,.79601991,OH
Wright State,Wholesale,2013,10,,,,OH
Wright State,Wholesale,2016,1,129,139,.92805755,OH
Wright State,Wholesale,2016,5,144,176,.81818181,OH
Wright State,Wholesale,2016,10,,,,OH
Wright State,Wholesale,2019,1,114,140,.8142857,OH
Wright State,Wholesale,2019,5,,,,OH
Wright State,Wholesale,2019,10,,,,OH
Youngstown State,Admin/Waste,2004,1,115,148,.77702701,OH
Youngstown State,Admin/Waste,2004,5,111,158,.70253164,OH
Youngstown State,Admin/Waste,2004,10,78,133,.58646619,OH
Youngstown State,Admin/Waste,2007,1,115,168,.68452382,OH
Youngstown State,Admin/Waste,2007,5,99,178,.55617976,OH
Youngstown State,Admin/Waste,2007,10,78,118,.66101694,OH
Youngstown State,Admin/Waste,2010,1,129,167,.7724551,OH
Youngstown State,Admin/Waste,2010,5,91,139,.65467626,OH
Youngstown State,Admin/Waste,2010,10,90,152,.59210527,OH
Youngstown State,Admin/Waste,2013,1,120,157,.76433122,OH
Youngstown State,Admin/Waste,2013,5,109,154,.70779222,OH
Youngstown State,Admin/Waste,2013,10,,,,OH
Youngstown State,Admin/Waste,2016,1,136,175,.77714288,OH
Youngstown State,Admin/Waste,2016,5,110,162,.67901236,OH
Youngstown State,Admin/Waste,2016,10,,,,OH
Youngstown State,Admin/Waste,2019,1,142,166,.85542166,OH
Youngstown State,Admin/Waste,2019,5,,,,OH
Youngstown State,Admin/Waste,2019,10,,,,OH
Youngstown State,Agriculture,2004,1,1,1,1,OH
Youngstown State,Agriculture,2004,5,1,7,.14285715,OH
Youngstown State,Agriculture,2004,10,3,3,1,OH
Youngstown State,Agriculture,2007,1,0,5,0,OH
Youngstown State,Agriculture,2007,5,5,6,.83333331,OH
Youngstown State,Agriculture,2007,10,1,2,.5,OH
Youngstown State,Agriculture,2010,1,1,2,.5,OH
Youngstown State,Agriculture,2010,5,2,4,.5,OH
Youngstown State,Agriculture,2010,10,2,3,.66666669,OH
Youngstown State,Agriculture,2013,1,1,2,.5,OH
Youngstown State,Agriculture,2013,5,0,1,0,OH
Youngstown State,Agriculture,2013,10,,,,OH
Youngstown State,Agriculture,2016,1,2,2,1,OH
Youngstown State,Agriculture,2016,5,1,1,1,OH
Youngstown State,Agriculture,2016,10,,,,OH
Youngstown State,Agriculture,2019,1,0,0,,OH
Youngstown State,Agriculture,2019,5,,,,OH
Youngstown State,Agriculture,2019,10,,,,OH
Youngstown State,Arts/Entertainment,2004,1,12,14,.85714287,OH
Youngstown State,Arts/Entertainment,2004,5,8,20,.40000001,OH
Youngstown State,Arts/Entertainment,2004,10,14,16,.875,OH
Youngstown State,Arts/Entertainment,2007,1,24,29,.82758623,OH
Youngstown State,Arts/Entertainment,2007,5,21,32,.65625,OH
Youngstown State,Arts/Entertainment,2007,10,15,16,.9375,OH
Youngstown State,Arts/Entertainment,2010,1,23,25,.92000002,OH
Youngstown State,Arts/Entertainment,2010,5,21,39,.53846157,OH
Youngstown State,Arts/Entertainment,2010,10,18,27,.66666669,OH
Youngstown State,Arts/Entertainment,2013,1,25,32,.78125,OH
Youngstown State,Arts/Entertainment,2013,5,21,22,.95454544,OH
Youngstown State,Arts/Entertainment,2013,10,,,,OH
Youngstown State,Arts/Entertainment,2016,1,31,36,.8611111,OH
Youngstown State,Arts/Entertainment,2016,5,17,23,.73913044,OH
Youngstown State,Arts/Entertainment,2016,10,,,,OH
Youngstown State,Arts/Entertainment,2019,1,37,39,.94871795,OH
Youngstown State,Arts/Entertainment,2019,5,,,,OH
Youngstown State,Arts/Entertainment,2019,10,,,,OH
Youngstown State,Construction,2004,1,60,77,.77922076,OH
Youngstown State,Construction,2004,5,60,124,.48387095,OH
Youngstown State,Construction,2004,10,53,76,.69736844,OH
Youngstown State,Construction,2007,1,48,71,.67605633,OH
Youngstown State,Construction,2007,5,60,96,.625,OH
Youngstown State,Construction,2007,10,58,88,.65909094,OH
Youngstown State,Construction,2010,1,53,71,.74647886,OH
Youngstown State,Construction,2010,5,64,102,.627451,OH
Youngstown State,Construction,2010,10,60,105,.5714286,OH
Youngstown State,Construction,2013,1,63,96,.65625,OH
Youngstown State,Construction,2013,5,71,112,.6339286,OH
Youngstown State,Construction,2013,10,,,,OH
Youngstown State,Construction,2016,1,55,93,.59139782,OH
Youngstown State,Construction,2016,5,67,99,.67676765,OH
Youngstown State,Construction,2016,10,,,,OH
Youngstown State,Construction,2019,1,59,104,.56730771,OH
Youngstown State,Construction,2019,5,,,,OH
Youngstown State,Construction,2019,10,,,,OH
Youngstown State,Education,2004,1,505,707,.71428573,OH
Youngstown State,Education,2004,5,603,846,.71276593,OH
Youngstown State,Education,2004,10,656,930,.70537633,OH
Youngstown State,Education,2007,1,462,591,.78172588,OH
Youngstown State,Education,2007,5,625,825,.75757575,OH
Youngstown State,Education,2007,10,645,836,.77153111,OH
Youngstown State,Education,2010,1,336,408,.82352942,OH
Youngstown State,Education,2010,5,524,672,.77976191,OH
Youngstown State,Education,2010,10,521,711,.73277074,OH
Youngstown State,Education,2013,1,435,476,.91386557,OH
Youngstown State,Education,2013,5,546,668,.81736529,OH
Youngstown State,Education,2013,10,,,,OH
Youngstown State,Education,2016,1,370,454,.81497794,OH
Youngstown State,Education,2016,5,451,565,.79823011,OH
Youngstown State,Education,2016,10,,,,OH
Youngstown State,Education,2019,1,334,423,.78959811,OH
Youngstown State,Education,2019,5,,,,OH
Youngstown State,Education,2019,10,,,,OH
Youngstown State,Finance,2004,1,93,127,.73228347,OH
Youngstown State,Finance,2004,5,93,153,.60784316,OH
Youngstown State,Finance,2004,10,96,148,.64864862,OH
Youngstown State,Finance,2007,1,92,127,.72440946,OH
Youngstown State,Finance,2007,5,108,154,.70129871,OH
Youngstown State,Finance,2007,10,99,144,.6875,OH
Youngstown State,Finance,2010,1,87,106,.82075471,OH
Youngstown State,Finance,2010,5,100,146,.68493152,OH
Youngstown State,Finance,2010,10,110,175,.62857145,OH
Youngstown State,Finance,2013,1,58,87,.66666669,OH
Youngstown State,Finance,2013,5,81,131,.61832058,OH
Youngstown State,Finance,2013,10,,,,OH
Youngstown State,Finance,2016,1,81,124,.65322578,OH
Youngstown State,Finance,2016,5,98,132,.74242425,OH
Youngstown State,Finance,2016,10,,,,OH
Youngstown State,Finance,2019,1,95,141,.67375886,OH
Youngstown State,Finance,2019,5,,,,OH
Youngstown State,Finance,2019,10,,,,OH
Youngstown State,Food/Hospitality,2004,1,134,181,.74033147,OH
Youngstown State,Food/Hospitality,2004,5,53,107,.49532712,OH
Youngstown State,Food/Hospitality,2004,10,26,83,.31325302,OH
Youngstown State,Food/Hospitality,2007,1,134,177,.75706214,OH
Youngstown State,Food/Hospitality,2007,5,62,139,.44604316,OH
Youngstown State,Food/Hospitality,2007,10,40,101,.39603961,OH
Youngstown State,Food/Hospitality,2010,1,123,152,.80921054,OH
Youngstown State,Food/Hospitality,2010,5,65,131,.49618322,OH
Youngstown State,Food/Hospitality,2010,10,38,77,.49350649,OH
Youngstown State,Food/Hospitality,2013,1,171,220,.7772727,OH
Youngstown State,Food/Hospitality,2013,5,85,140,.60714287,OH
Youngstown State,Food/Hospitality,2013,10,,,,OH
Youngstown State,Food/Hospitality,2016,1,159,190,.83684212,OH
Youngstown State,Food/Hospitality,2016,5,73,103,.70873785,OH
Youngstown State,Food/Hospitality,2016,10,,,,OH
Youngstown State,Food/Hospitality,2019,1,154,197,.78172588,OH
Youngstown State,Food/Hospitality,2019,5,,,,OH
Youngstown State,Food/Hospitality,2019,10,,,,OH
Youngstown State,Health Care,2004,1,479,615,.77886176,OH
Youngstown State,Health Care,2004,5,512,697,.73457676,OH
Youngstown State,Health Care,2004,10,506,733,.69031376,OH
Youngstown State,Health Care,2007,1,543,724,.75,OH
Youngstown State,Health Care,2007,5,635,882,.71995467,OH
Youngstown State,Health Care,2007,10,640,887,.72153324,OH
Youngstown State,Health Care,2010,1,487,632,.77056962,OH
Youngstown State,Health Care,2010,5,609,850,.7164706,OH
Youngstown State,Health Care,2010,10,587,829,.70808202,OH
Youngstown State,Health Care,2013,1,687,815,.8429448,OH
Youngstown State,Health Care,2013,5,773,1050,.7361905,OH
Youngstown State,Health Care,2013,10,,,,OH
Youngstown State,Health Care,2016,1,789,985,.80101526,OH
Youngstown State,Health Care,2016,5,836,1083,.7719298,OH
Youngstown State,Health Care,2016,10,,,,OH
Youngstown State,Health Care,2019,1,858,1059,.81019831,OH
Youngstown State,Health Care,2019,5,,,,OH
Youngstown State,Health Care,2019,10,,,,OH
Youngstown State,Information,2004,1,69,75,.92000002,OH
Youngstown State,Information,2004,5,43,69,.62318838,OH
Youngstown State,Information,2004,10,49,77,.63636363,OH
Youngstown State,Information,2007,1,40,46,.86956519,OH
Youngstown State,Information,2007,5,46,69,.66666669,OH
Youngstown State,Information,2007,10,47,60,.78333336,OH
Youngstown State,Information,2010,1,28,36,.77777779,OH
Youngstown State,Information,2010,5,59,78,.75641024,OH
Youngstown State,Information,2010,10,57,92,.61956519,OH
Youngstown State,Information,2013,1,41,56,.73214287,OH
Youngstown State,Information,2013,5,50,58,.86206895,OH
Youngstown State,Information,2013,10,,,,OH
Youngstown State,Information,2016,1,60,78,.76923078,OH
Youngstown State,Information,2016,5,51,64,.796875,OH
Youngstown State,Information,2016,10,,,,OH
Youngstown State,Information,2019,1,43,57,.75438595,OH
Youngstown State,Information,2019,5,,,,OH
Youngstown State,Information,2019,10,,,,OH
Youngstown State,Management,2004,1,38,47,.80851066,OH
Youngstown State,Management,2004,5,55,78,.70512819,OH
Youngstown State,Management,2004,10,75,93,.80645162,OH
Youngstown State,Management,2007,1,41,57,.71929824,OH
Youngstown State,Management,2007,5,72,108,.66666669,OH
Youngstown State,Management,2007,10,60,77,.77922076,OH
Youngstown State,Management,2010,1,50,51,.98039216,OH
Youngstown State,Management,2010,5,66,80,.82499999,OH
Youngstown State,Management,2010,10,78,113,.69026548,OH
Youngstown State,Management,2013,1,45,57,.78947371,OH
Youngstown State,Management,2013,5,85,102,.83333331,OH
Youngstown State,Management,2013,10,,,,OH
Youngstown State,Management,2016,1,76,94,.80851066,OH
Youngstown State,Management,2016,5,81,100,.81,OH
Youngstown State,Management,2016,10,,,,OH
Youngstown State,Management,2019,1,62,83,.74698794,OH
Youngstown State,Management,2019,5,,,,OH
Youngstown State,Management,2019,10,,,,OH
Youngstown State,Manufacturing,2004,1,171,246,.69512194,OH
Youngstown State,Manufacturing,2004,5,167,278,.60071945,OH
Youngstown State,Manufacturing,2004,10,179,311,.57556272,OH
Youngstown State,Manufacturing,2007,1,155,247,.62753034,OH
Youngstown State,Manufacturing,2007,5,203,299,.67892975,OH
Youngstown State,Manufacturing,2007,10,207,301,.68770766,OH
Youngstown State,Manufacturing,2010,1,177,258,.68604654,OH
Youngstown State,Manufacturing,2010,5,254,359,.7075209,OH
Youngstown State,Manufacturing,2010,10,193,323,.59752321,OH
Youngstown State,Manufacturing,2013,1,213,302,.70529801,OH
Youngstown State,Manufacturing,2013,5,264,375,.704,OH
Youngstown State,Manufacturing,2013,10,,,,OH
Youngstown State,Manufacturing,2016,1,254,358,.70949721,OH
Youngstown State,Manufacturing,2016,5,271,383,.7075718,OH
Youngstown State,Manufacturing,2016,10,,,,OH
Youngstown State,Manufacturing,2019,1,272,379,.71767813,OH
Youngstown State,Manufacturing,2019,5,,,,OH
Youngstown State,Manufacturing,2019,10,,,,OH
Youngstown State,Mining,2004,1,0,0,,OH
Youngstown State,Mining,2004,5,2,2,1,OH
Youngstown State,Mining,2004,10,2,9,.22222222,OH
Youngstown State,Mining,2007,1,0,0,,OH
Youngstown State,Mining,2007,5,7,7,1,OH
Youngstown State,Mining,2007,10,2,2,1,OH
Youngstown State,Mining,2010,1,0,1,0,OH
Youngstown State,Mining,2010,5,4,4,1,OH
Youngstown State,Mining,2010,10,4,6,.66666669,OH
Youngstown State,Mining,2013,1,4,4,1,OH
Youngstown State,Mining,2013,5,0,0,,OH
Youngstown State,Mining,2013,10,,,,OH
Youngstown State,Mining,2016,1,0,0,,OH
Youngstown State,Mining,2016,5,2,2,1,OH
Youngstown State,Mining,2016,10,,,,OH
Youngstown State,Mining,2019,1,0,0,,OH
Youngstown State,Mining,2019,5,,,,OH
Youngstown State,Mining,2019,10,,,,OH
Youngstown State,Other Services,2004,1,33,37,.8918919,OH
Youngstown State,Other Services,2004,5,48,55,.87272727,OH
Youngstown State,Other Services,2004,10,35,43,.81395346,OH
Youngstown State,Other Services,2007,1,40,54,.74074072,OH
Youngstown State,Other Services,2007,5,51,74,.6891892,OH
Youngstown State,Other Services,2007,10,45,56,.8035714,OH
Youngstown State,Other Services,2010,1,39,50,.77999997,OH
Youngstown State,Other Services,2010,5,39,64,.609375,OH
Youngstown State,Other Services,2010,10,41,65,.63076925,OH
Youngstown State,Other Services,2013,1,52,56,.9285714,OH
Youngstown State,Other Services,2013,5,54,67,.80597013,OH
Youngstown State,Other Services,2013,10,,,,OH
Youngstown State,Other Services,2016,1,56,72,.77777779,OH
Youngstown State,Other Services,2016,5,58,71,.81690139,OH
Youngstown State,Other Services,2016,10,,,,OH
Youngstown State,Other Services,2019,1,46,53,.86792451,OH
Youngstown State,Other Services,2019,5,,,,OH
Youngstown State,Other Services,2019,10,,,,OH
Youngstown State,Professional Services,2004,1,186,274,.67883211,OH
Youngstown State,Professional Services,2004,5,167,306,.54575163,OH
Youngstown State,Professional Services,2004,10,157,300,.52333331,OH
Youngstown State,Professional Services,2007,1,127,226,.56194693,OH
Youngstown State,Professional Services,2007,5,141,266,.53007519,OH
Youngstown State,Professional Services,2007,10,148,248,.59677422,OH
Youngstown State,Professional Services,2010,1,145,194,.7474227,OH
Youngstown State,Professional Services,2010,5,183,270,.67777777,OH
Youngstown State,Professional Services,2010,10,185,308,.60064936,OH
Youngstown State,Professional Services,2013,1,180,273,.65934068,OH
Youngstown State,Professional Services,2013,5,207,324,.6388889,OH
Youngstown State,Professional Services,2013,10,,,,OH
Youngstown State,Professional Services,2016,1,193,267,.72284645,OH
Youngstown State,Professional Services,2016,5,238,346,.68786126,OH
Youngstown State,Professional Services,2016,10,,,,OH
Youngstown State,Professional Services,2019,1,208,341,.60997069,OH
Youngstown State,Professional Services,2019,5,,,,OH
Youngstown State,Professional Services,2019,10,,,,OH
Youngstown State,Public Admin,2004,1,93,126,.73809522,OH
Youngstown State,Public Admin,2004,5,128,157,.81528664,OH
Youngstown State,Public Admin,2004,10,117,168,.6964286,OH
Youngstown State,Public Admin,2007,1,84,121,.69421488,OH
Youngstown State,Public Admin,2007,5,116,169,.68639052,OH
Youngstown State,Public Admin,2007,10,124,181,.68508285,OH
Youngstown State,Public Admin,2010,1,83,100,.82999998,OH
Youngstown State,Public Admin,2010,5,109,172,.63372093,OH
Youngstown State,Public Admin,2010,10,122,173,.70520234,OH
Youngstown State,Public Admin,2013,1,114,138,.82608694,OH
Youngstown State,Public Admin,2013,5,151,203,.74384236,OH
Youngstown State,Public Admin,2013,10,,,,OH
Youngstown State,Public Admin,2016,1,133,170,.78235292,OH
Youngstown State,Public Admin,2016,5,157,196,.80102038,OH
Youngstown State,Public Admin,2016,10,,,,OH
Youngstown State,Public Admin,2019,1,129,148,.87162161,OH
Youngstown State,Public Admin,2019,5,,,,OH
Youngstown State,Public Admin,2019,10,,,,OH
Youngstown State,Real Estate,2004,1,33,39,.84615386,OH
Youngstown State,Real Estate,2004,5,33,41,.80487806,OH
Youngstown State,Real Estate,2004,10,24,31,.77419353,OH
Youngstown State,Real Estate,2007,1,22,27,.81481481,OH
Youngstown State,Real Estate,2007,5,26,33,.78787881,OH
Youngstown State,Real Estate,2007,10,23,26,.88461536,OH
Youngstown State,Real Estate,2010,1,22,26,.84615386,OH
Youngstown State,Real Estate,2010,5,24,36,.66666669,OH
Youngstown State,Real Estate,2010,10,20,27,.74074072,OH
Youngstown State,Real Estate,2013,1,28,35,.80000001,OH
Youngstown State,Real Estate,2013,5,35,42,.83333331,OH
Youngstown State,Real Estate,2013,10,,,,OH
Youngstown State,Real Estate,2016,1,32,39,.82051283,OH
Youngstown State,Real Estate,2016,5,23,28,.8214286,OH
Youngstown State,Real Estate,2016,10,,,,OH
Youngstown State,Real Estate,2019,1,36,43,.83720928,OH
Youngstown State,Real Estate,2019,5,,,,OH
Youngstown State,Real Estate,2019,10,,,,OH
Youngstown State,Retail,2004,1,295,368,.80163044,OH
Youngstown State,Retail,2004,5,149,237,.62869197,OH
Youngstown State,Retail,2004,10,126,226,.55752212,OH
Youngstown State,Retail,2007,1,239,338,.70710057,OH
Youngstown State,Retail,2007,5,160,289,.55363321,OH
Youngstown State,Retail,2007,10,129,213,.6056338,OH
Youngstown State,Retail,2010,1,236,326,.72392637,OH
Youngstown State,Retail,2010,5,163,272,.59926468,OH
Youngstown State,Retail,2010,10,123,237,.51898736,OH
Youngstown State,Retail,2013,1,252,330,.76363635,OH
Youngstown State,Retail,2013,5,142,242,.58677685,OH
Youngstown State,Retail,2013,10,,,,OH
Youngstown State,Retail,2016,1,243,309,.78640777,OH
Youngstown State,Retail,2016,5,142,207,.68599033,OH
Youngstown State,Retail,2016,10,,,,OH
Youngstown State,Retail,2019,1,257,337,.76261127,OH
Youngstown State,Retail,2019,5,,,,OH
Youngstown State,Retail,2019,10,,,,OH
Youngstown State,Transportation,2004,1,25,40,.625,OH
Youngstown State,Transportation,2004,5,19,36,.52777779,OH
Youngstown State,Transportation,2004,10,37,57,.64912283,OH
Youngstown State,Transportation,2007,1,24,34,.70588237,OH
Youngstown State,Transportation,2007,5,25,43,.58139533,OH
Youngstown State,Transportation,2007,10,28,40,.69999999,OH
Youngstown State,Transportation,2010,1,36,39,.92307693,OH
Youngstown State,Transportation,2010,5,39,57,.68421054,OH
Youngstown State,Transportation,2010,10,51,66,.77272725,OH
Youngstown State,Transportation,2013,1,33,44,.75,OH
Youngstown State,Transportation,2013,5,47,58,.81034482,OH
Youngstown State,Transportation,2013,10,,,,OH
Youngstown State,Transportation,2016,1,30,46,.65217394,OH
Youngstown State,Transportation,2016,5,73,92,.79347825,OH
Youngstown State,Transportation,2016,10,,,,OH
Youngstown State,Transportation,2019,1,86,95,.90526319,OH
Youngstown State,Transportation,2019,5,,,,OH
Youngstown State,Transportation,2019,10,,,,OH
Youngstown State,Utilities,2004,1,12,12,1,OH
Youngstown State,Utilities,2004,5,16,22,.72727275,OH
Youngstown State,Utilities,2004,10,15,36,.41666666,OH
Youngstown State,Utilities,2007,1,14,21,.66666669,OH
Youngstown State,Utilities,2007,5,14,16,.875,OH
Youngstown State,Utilities,2007,10,11,11,1,OH
Youngstown State,Utilities,2010,1,7,9,.77777779,OH
Youngstown State,Utilities,2010,5,12,12,1,OH
Youngstown State,Utilities,2010,10,12,14,.85714287,OH
Youngstown State,Utilities,2013,1,9,18,.5,OH
Youngstown State,Utilities,2013,5,20,21,.95238096,OH
Youngstown State,Utilities,2013,10,,,,OH
Youngstown State,Utilities,2016,1,10,17,.58823532,OH
Youngstown State,Utilities,2016,5,13,14,.9285714,OH
Youngstown State,Utilities,2016,10,,,,OH
Youngstown State,Utilities,2019,1,7,10,.69999999,OH
Youngstown State,Utilities,2019,5,,,,OH
Youngstown State,Utilities,2019,10,,,,OH
Youngstown State,Wholesale,2004,1,47,67,.70149255,OH
Youngstown State,Wholesale,2004,5,73,104,.70192307,OH
Youngstown State,Wholesale,2004,10,95,126,.75396824,OH
Youngstown State,Wholesale,2007,1,60,72,.83333331,OH
Youngstown State,Wholesale,2007,5,72,104,.69230771,OH
Youngstown State,Wholesale,2007,10,94,136,.69117647,OH
Youngstown State,Wholesale,2010,1,75,93,.80645162,OH
Youngstown State,Wholesale,2010,5,82,122,.67213112,OH
Youngstown State,Wholesale,2010,10,111,151,.73509932,OH
Youngstown State,Wholesale,2013,1,86,122,.70491803,OH
Youngstown State,Wholesale,2013,5,112,144,.77777779,OH
Youngstown State,Wholesale,2013,10,,,,OH
Youngstown State,Wholesale,2016,1,89,104,.85576922,OH
Youngstown State,Wholesale,2016,5,100,134,.74626863,OH
Youngstown State,Wholesale,2016,10,,,,OH
Youngstown State,Wholesale,2019,1,95,111,.85585588,OH
Youngstown State,Wholesale,2019,5,,,,OH
Youngstown State,Wholesale,2019,10,,,,OH
