institution_cat,industry_cat,grad_cohort,horizon,emp_instate_,emp_n_,SI_by_cohort,state
Clemson,Admin/Waste,2004,1,153,280,.54642856,SC
Clemson,Admin/Waste,2004,5,129,269,.47955391,SC
Clemson,Admin/Waste,2004,10,90,226,.39823008,SC
Clemson,Admin/Waste,2007,1,181,310,.58387095,SC
Clemson,Admin/Waste,2007,5,148,331,.44712991,SC
Clemson,Admin/Waste,2007,10,120,284,.42253521,SC
Clemson,Admin/Waste,2010,1,246,406,.60591131,SC
Clemson,Admin/Waste,2010,5,172,359,.47910863,SC
Clemson,Admin/Waste,2010,10,139,341,.40762463,SC
Clemson,Admin/Waste,2013,1,264,485,.54432988,SC
Clemson,Admin/Waste,2013,5,173,389,.44473007,SC
Clemson,Admin/Waste,2013,10,,,,SC
Clemson,Admin/Waste,2016,1,277,530,.52264148,SC
Clemson,Admin/Waste,2016,5,179,445,.40224719,SC
Clemson,Admin/Waste,2016,10,,,,SC
Clemson,Admin/Waste,2019,1,310,629,.49284577,SC
Clemson,Admin/Waste,2019,5,,,,SC
Clemson,Admin/Waste,2019,10,,,,SC
Clemson,Agriculture,2004,1,31,36,.8611111,SC
Clemson,Agriculture,2004,5,21,27,.77777779,SC
Clemson,Agriculture,2004,10,25,30,.83333331,SC
Clemson,Agriculture,2007,1,23,26,.88461536,SC
Clemson,Agriculture,2007,5,22,35,.62857145,SC
Clemson,Agriculture,2007,10,22,31,.7096774,SC
Clemson,Agriculture,2010,1,20,22,.90909094,SC
Clemson,Agriculture,2010,5,26,35,.74285716,SC
Clemson,Agriculture,2010,10,22,30,.73333335,SC
Clemson,Agriculture,2013,1,41,52,.78846157,SC
Clemson,Agriculture,2013,5,38,50,.75999999,SC
Clemson,Agriculture,2013,10,,,,SC
Clemson,Agriculture,2016,1,43,53,.81132078,SC
Clemson,Agriculture,2016,5,44,56,.78571427,SC
Clemson,Agriculture,2016,10,,,,SC
Clemson,Agriculture,2019,1,40,46,.86956519,SC
Clemson,Agriculture,2019,5,,,,SC
Clemson,Agriculture,2019,10,,,,SC
Clemson,Arts/Entertainment,2004,1,51,96,.53125,SC
Clemson,Arts/Entertainment,2004,5,34,86,.39534885,SC
Clemson,Arts/Entertainment,2004,10,20,75,.26666668,SC
Clemson,Arts/Entertainment,2007,1,60,112,.53571427,SC
Clemson,Arts/Entertainment,2007,5,60,128,.46875,SC
Clemson,Arts/Entertainment,2007,10,37,93,.39784947,SC
Clemson,Arts/Entertainment,2010,1,53,109,.48623854,SC
Clemson,Arts/Entertainment,2010,5,29,94,.30851063,SC
Clemson,Arts/Entertainment,2010,10,29,76,.38157895,SC
Clemson,Arts/Entertainment,2013,1,54,113,.4778761,SC
Clemson,Arts/Entertainment,2013,5,52,122,.42622951,SC
Clemson,Arts/Entertainment,2013,10,,,,SC
Clemson,Arts/Entertainment,2016,1,62,152,.40789473,SC
Clemson,Arts/Entertainment,2016,5,33,122,.27049181,SC
Clemson,Arts/Entertainment,2016,10,,,,SC
Clemson,Arts/Entertainment,2019,1,64,133,.48120302,SC
Clemson,Arts/Entertainment,2019,5,,,,SC
Clemson,Arts/Entertainment,2019,10,,,,SC
Clemson,Construction,2004,1,217,370,.58648646,SC
Clemson,Construction,2004,5,159,301,.52823919,SC
Clemson,Construction,2004,10,158,290,.54482758,SC
Clemson,Construction,2007,1,133,312,.42628205,SC
Clemson,Construction,2007,5,126,276,.45652175,SC
Clemson,Construction,2007,10,145,319,.45454547,SC
Clemson,Construction,2010,1,139,277,.50180507,SC
Clemson,Construction,2010,5,159,310,.51290321,SC
Clemson,Construction,2010,10,187,361,.51800555,SC
Clemson,Construction,2013,1,193,346,.55780345,SC
Clemson,Construction,2013,5,221,405,.54567903,SC
Clemson,Construction,2013,10,,,,SC
Clemson,Construction,2016,1,219,425,.51529413,SC
Clemson,Construction,2016,5,265,513,.5165692,SC
Clemson,Construction,2016,10,,,,SC
Clemson,Construction,2019,1,279,554,.50361013,SC
Clemson,Construction,2019,5,,,,SC
Clemson,Construction,2019,10,,,,SC
Clemson,Education,2004,1,599,827,.72430474,SC
Clemson,Education,2004,5,663,1043,.63566637,SC
Clemson,Education,2004,10,634,1079,.5875811,SC
Clemson,Education,2007,1,508,752,.67553192,SC
Clemson,Education,2007,5,613,997,.61484456,SC
Clemson,Education,2007,10,571,1001,.57042956,SC
Clemson,Education,2010,1,479,705,.67943263,SC
Clemson,Education,2010,5,604,973,.62076056,SC
Clemson,Education,2010,10,527,934,.5642398,SC
Clemson,Education,2013,1,475,715,.66433567,SC
Clemson,Education,2013,5,635,1022,.62133074,SC
Clemson,Education,2013,10,,,,SC
Clemson,Education,2016,1,517,765,.67581701,SC
Clemson,Education,2016,5,568,1003,.56630111,SC
Clemson,Education,2016,10,,,,SC
Clemson,Education,2019,1,498,740,.67297298,SC
Clemson,Education,2019,5,,,,SC
Clemson,Education,2019,10,,,,SC
Clemson,Finance,2004,1,174,357,.48739496,SC
Clemson,Finance,2004,5,191,384,.49739584,SC
Clemson,Finance,2004,10,184,396,.46464646,SC
Clemson,Finance,2007,1,159,335,.47462687,SC
Clemson,Finance,2007,5,176,446,.39461884,SC
Clemson,Finance,2007,10,163,428,.38084114,SC
Clemson,Finance,2010,1,143,336,.42559522,SC
Clemson,Finance,2010,5,164,435,.37701151,SC
Clemson,Finance,2010,10,170,475,.35789475,SC
Clemson,Finance,2013,1,168,474,.35443038,SC
Clemson,Finance,2013,5,187,552,.33876812,SC
Clemson,Finance,2013,10,,,,SC
Clemson,Finance,2016,1,212,576,.36805555,SC
Clemson,Finance,2016,5,234,725,.32275862,SC
Clemson,Finance,2016,10,,,,SC
Clemson,Finance,2019,1,284,695,.40863308,SC
Clemson,Finance,2019,5,,,,SC
Clemson,Finance,2019,10,,,,SC
Clemson,Food/Hospitality,2004,1,155,249,.62248999,SC
Clemson,Food/Hospitality,2004,5,72,166,.43373495,SC
Clemson,Food/Hospitality,2004,10,57,123,.46341464,SC
Clemson,Food/Hospitality,2007,1,166,252,.65873015,SC
Clemson,Food/Hospitality,2007,5,91,225,.40444446,SC
Clemson,Food/Hospitality,2007,10,59,145,.40689656,SC
Clemson,Food/Hospitality,2010,1,186,263,.70722431,SC
Clemson,Food/Hospitality,2010,5,100,220,.45454547,SC
Clemson,Food/Hospitality,2010,10,42,137,.30656934,SC
Clemson,Food/Hospitality,2013,1,193,299,.64548492,SC
Clemson,Food/Hospitality,2013,5,104,212,.49056605,SC
Clemson,Food/Hospitality,2013,10,,,,SC
Clemson,Food/Hospitality,2016,1,225,317,.7097792,SC
Clemson,Food/Hospitality,2016,5,87,191,.45549738,SC
Clemson,Food/Hospitality,2016,10,,,,SC
Clemson,Food/Hospitality,2019,1,250,364,.68681318,SC
Clemson,Food/Hospitality,2019,5,,,,SC
Clemson,Food/Hospitality,2019,10,,,,SC
Clemson,Health Care,2004,1,368,573,.64223385,SC
Clemson,Health Care,2004,5,457,827,.55259979,SC
Clemson,Health Care,2004,10,497,953,.52151102,SC
Clemson,Health Care,2007,1,436,670,.65074629,SC
Clemson,Health Care,2007,5,562,1009,.55698711,SC
Clemson,Health Care,2007,10,605,1169,.51753634,SC
Clemson,Health Care,2010,1,483,746,.64745307,SC
Clemson,Health Care,2010,5,606,1124,.53914589,SC
Clemson,Health Care,2010,10,669,1260,.53095239,SC
Clemson,Health Care,2013,1,531,804,.66044778,SC
Clemson,Health Care,2013,5,670,1235,.54251009,SC
Clemson,Health Care,2013,10,,,,SC
Clemson,Health Care,2016,1,563,905,.62209946,SC
Clemson,Health Care,2016,5,822,1488,.55241936,SC
Clemson,Health Care,2016,10,,,,SC
Clemson,Health Care,2019,1,755,1269,.59495664,SC
Clemson,Health Care,2019,5,,,,SC
Clemson,Health Care,2019,10,,,,SC
Clemson,Information,2004,1,72,119,.60504204,SC
Clemson,Information,2004,5,68,152,.44736841,SC
Clemson,Information,2004,10,48,144,.33333334,SC
Clemson,Information,2007,1,68,133,.51127821,SC
Clemson,Information,2007,5,60,173,.3468208,SC
Clemson,Information,2007,10,58,159,.36477986,SC
Clemson,Information,2010,1,49,110,.44545454,SC
Clemson,Information,2010,5,55,168,.32738096,SC
Clemson,Information,2010,10,68,190,.35789475,SC
Clemson,Information,2013,1,52,185,.28108108,SC
Clemson,Information,2013,5,55,212,.25943395,SC
Clemson,Information,2013,10,,,,SC
Clemson,Information,2016,1,62,199,.3115578,SC
Clemson,Information,2016,5,113,345,.32753623,SC
Clemson,Information,2016,10,,,,SC
Clemson,Information,2019,1,82,251,.32669324,SC
Clemson,Information,2019,5,,,,SC
Clemson,Information,2019,10,,,,SC
Clemson,Management,2004,1,36,75,.47999999,SC
Clemson,Management,2004,5,51,126,.40476191,SC
Clemson,Management,2004,10,56,158,.35443038,SC
Clemson,Management,2007,1,42,98,.42857143,SC
Clemson,Management,2007,5,51,154,.33116883,SC
Clemson,Management,2007,10,57,151,.37748346,SC
Clemson,Management,2010,1,50,116,.43103448,SC
Clemson,Management,2010,5,66,154,.42857143,SC
Clemson,Management,2010,10,62,168,.36904761,SC
Clemson,Management,2013,1,26,108,.24074075,SC
Clemson,Management,2013,5,56,186,.30107528,SC
Clemson,Management,2013,10,,,,SC
Clemson,Management,2016,1,57,147,.3877551,SC
Clemson,Management,2016,5,80,255,.3137255,SC
Clemson,Management,2016,10,,,,SC
Clemson,Management,2019,1,70,189,.37037036,SC
Clemson,Management,2019,5,,,,SC
Clemson,Management,2019,10,,,,SC
Clemson,Manufacturing,2004,1,359,706,.50849861,SC
Clemson,Manufacturing,2004,5,355,715,.4965035,SC
Clemson,Manufacturing,2004,10,367,726,.50550961,SC
Clemson,Manufacturing,2007,1,276,577,.47833622,SC
Clemson,Manufacturing,2007,5,364,782,.46547315,SC
Clemson,Manufacturing,2007,10,349,766,.45561358,SC
Clemson,Manufacturing,2010,1,430,805,.53416151,SC
Clemson,Manufacturing,2010,5,530,986,.53752536,SC
Clemson,Manufacturing,2010,10,486,902,.53880268,SC
Clemson,Manufacturing,2013,1,530,1010,.5247525,SC
Clemson,Manufacturing,2013,5,583,1106,.52712476,SC
Clemson,Manufacturing,2013,10,,,,SC
Clemson,Manufacturing,2016,1,584,1167,.50042844,SC
Clemson,Manufacturing,2016,5,644,1239,.51977402,SC
Clemson,Manufacturing,2016,10,,,,SC
Clemson,Manufacturing,2019,1,589,1168,.50428081,SC
Clemson,Manufacturing,2019,5,,,,SC
Clemson,Manufacturing,2019,10,,,,SC
Clemson,Mining,2004,1,0,0,,SC
Clemson,Mining,2004,5,1,1,1,SC
Clemson,Mining,2004,10,0,5,0,SC
Clemson,Mining,2007,1,2,3,.66666669,SC
Clemson,Mining,2007,5,0,8,0,SC
Clemson,Mining,2007,10,0,8,0,SC
Clemson,Mining,2010,1,0,5,0,SC
Clemson,Mining,2010,5,1,6,.16666667,SC
Clemson,Mining,2010,10,0,2,0,SC
Clemson,Mining,2013,1,0,1,0,SC
Clemson,Mining,2013,5,2,6,.33333334,SC
Clemson,Mining,2013,10,,,,SC
Clemson,Mining,2016,1,2,7,.2857143,SC
Clemson,Mining,2016,5,2,4,.5,SC
Clemson,Mining,2016,10,,,,SC
Clemson,Mining,2019,1,0,0,,SC
Clemson,Mining,2019,5,,,,SC
Clemson,Mining,2019,10,,,,SC
Clemson,Other Services,2004,1,61,95,.64210528,SC
Clemson,Other Services,2004,5,58,104,.55769229,SC
Clemson,Other Services,2004,10,40,86,.46511629,SC
Clemson,Other Services,2007,1,55,97,.56701028,SC
Clemson,Other Services,2007,5,49,132,.37121212,SC
Clemson,Other Services,2007,10,38,106,.35849056,SC
Clemson,Other Services,2010,1,52,95,.54736841,SC
Clemson,Other Services,2010,5,50,119,.42016807,SC
Clemson,Other Services,2010,10,60,134,.44776121,SC
Clemson,Other Services,2013,1,58,112,.51785713,SC
Clemson,Other Services,2013,5,56,149,.37583894,SC
Clemson,Other Services,2013,10,,,,SC
Clemson,Other Services,2016,1,78,142,.54929578,SC
Clemson,Other Services,2016,5,53,141,.37588653,SC
Clemson,Other Services,2016,10,,,,SC
Clemson,Other Services,2019,1,73,123,.59349591,SC
Clemson,Other Services,2019,5,,,,SC
Clemson,Other Services,2019,10,,,,SC
Clemson,Professional Services,2004,1,429,784,.54719388,SC
Clemson,Professional Services,2004,5,504,1177,.42820731,SC
Clemson,Professional Services,2004,10,503,1175,.42808512,SC
Clemson,Professional Services,2007,1,416,881,.47219068,SC
Clemson,Professional Services,2007,5,520,1278,.40688577,SC
Clemson,Professional Services,2007,10,543,1314,.41324201,SC
Clemson,Professional Services,2010,1,373,859,.43422586,SC
Clemson,Professional Services,2010,5,523,1435,.36445993,SC
Clemson,Professional Services,2010,10,541,1440,.37569445,SC
Clemson,Professional Services,2013,1,481,1184,.40625,SC
Clemson,Professional Services,2013,5,593,1654,.3585248,SC
Clemson,Professional Services,2013,10,,,,SC
Clemson,Professional Services,2016,1,635,1502,.42276964,SC
Clemson,Professional Services,2016,5,745,2099,.35493091,SC
Clemson,Professional Services,2016,10,,,,SC
Clemson,Professional Services,2019,1,809,1899,.42601368,SC
Clemson,Professional Services,2019,5,,,,SC
Clemson,Professional Services,2019,10,,,,SC
Clemson,Public Admin,2004,1,171,225,.75999999,SC
Clemson,Public Admin,2004,5,224,358,.62569833,SC
Clemson,Public Admin,2004,10,191,357,.53501403,SC
Clemson,Public Admin,2007,1,145,230,.63043481,SC
Clemson,Public Admin,2007,5,224,351,.63817662,SC
Clemson,Public Admin,2007,10,201,352,.57102275,SC
Clemson,Public Admin,2010,1,116,198,.58585858,SC
Clemson,Public Admin,2010,5,192,310,.61935484,SC
Clemson,Public Admin,2010,10,162,300,.54000002,SC
Clemson,Public Admin,2013,1,181,255,.70980394,SC
Clemson,Public Admin,2013,5,195,324,.60185188,SC
Clemson,Public Admin,2013,10,,,,SC
Clemson,Public Admin,2016,1,181,262,.69083971,SC
Clemson,Public Admin,2016,5,196,345,.56811595,SC
Clemson,Public Admin,2016,10,,,,SC
Clemson,Public Admin,2019,1,151,221,.68325794,SC
Clemson,Public Admin,2019,5,,,,SC
Clemson,Public Admin,2019,10,,,,SC
Clemson,Real Estate,2004,1,57,95,.60000002,SC
Clemson,Real Estate,2004,5,41,79,.51898736,SC
Clemson,Real Estate,2004,10,45,94,.47872341,SC
Clemson,Real Estate,2007,1,47,90,.52222222,SC
Clemson,Real Estate,2007,5,41,88,.46590909,SC
Clemson,Real Estate,2007,10,54,108,.5,SC
Clemson,Real Estate,2010,1,52,74,.7027027,SC
Clemson,Real Estate,2010,5,47,96,.48958334,SC
Clemson,Real Estate,2010,10,68,110,.61818182,SC
Clemson,Real Estate,2013,1,58,102,.56862748,SC
Clemson,Real Estate,2013,5,65,136,.47794119,SC
Clemson,Real Estate,2013,10,,,,SC
Clemson,Real Estate,2016,1,76,112,.6785714,SC
Clemson,Real Estate,2016,5,86,177,.4858757,SC
Clemson,Real Estate,2016,10,,,,SC
Clemson,Real Estate,2019,1,81,143,.56643355,SC
Clemson,Real Estate,2019,5,,,,SC
Clemson,Real Estate,2019,10,,,,SC
Clemson,Retail,2004,1,232,357,.64985996,SC
Clemson,Retail,2004,5,157,317,.49526814,SC
Clemson,Retail,2004,10,147,295,.49830508,SC
Clemson,Retail,2007,1,201,331,.60725075,SC
Clemson,Retail,2007,5,191,361,.52908587,SC
Clemson,Retail,2007,10,145,310,.46774194,SC
Clemson,Retail,2010,1,208,331,.62839878,SC
Clemson,Retail,2010,5,174,366,.47540984,SC
Clemson,Retail,2010,10,140,295,.47457626,SC
Clemson,Retail,2013,1,217,373,.58176947,SC
Clemson,Retail,2013,5,163,328,.49695122,SC
Clemson,Retail,2013,10,,,,SC
Clemson,Retail,2016,1,232,394,.5888325,SC
Clemson,Retail,2016,5,171,374,.45721924,SC
Clemson,Retail,2016,10,,,,SC
Clemson,Retail,2019,1,306,470,.65106386,SC
Clemson,Retail,2019,5,,,,SC
Clemson,Retail,2019,10,,,,SC
Clemson,Transportation,2004,1,57,99,.57575756,SC
Clemson,Transportation,2004,5,44,96,.45833334,SC
Clemson,Transportation,2004,10,39,88,.44318181,SC
Clemson,Transportation,2007,1,23,64,.359375,SC
Clemson,Transportation,2007,5,27,88,.30681819,SC
Clemson,Transportation,2007,10,36,89,.40449437,SC
Clemson,Transportation,2010,1,32,76,.42105263,SC
Clemson,Transportation,2010,5,36,110,.32727271,SC
Clemson,Transportation,2010,10,47,118,.39830509,SC
Clemson,Transportation,2013,1,53,126,.42063493,SC
Clemson,Transportation,2013,5,54,130,.41538462,SC
Clemson,Transportation,2013,10,,,,SC
Clemson,Transportation,2016,1,65,146,.44520548,SC
Clemson,Transportation,2016,5,65,183,.35519126,SC
Clemson,Transportation,2016,10,,,,SC
Clemson,Transportation,2019,1,77,167,.46107784,SC
Clemson,Transportation,2019,5,,,,SC
Clemson,Transportation,2019,10,,,,SC
Clemson,Utilities,2004,1,45,51,.88235295,SC
Clemson,Utilities,2004,5,60,71,.84507042,SC
Clemson,Utilities,2004,10,64,83,.77108431,SC
Clemson,Utilities,2007,1,55,67,.82089549,SC
Clemson,Utilities,2007,5,61,83,.73493975,SC
Clemson,Utilities,2007,10,66,82,.80487806,SC
Clemson,Utilities,2010,1,52,64,.8125,SC
Clemson,Utilities,2010,5,58,83,.6987952,SC
Clemson,Utilities,2010,10,83,107,.77570093,SC
Clemson,Utilities,2013,1,37,47,.78723407,SC
Clemson,Utilities,2013,5,55,69,.79710144,SC
Clemson,Utilities,2013,10,,,,SC
Clemson,Utilities,2016,1,39,52,.75,SC
Clemson,Utilities,2016,5,42,63,.66666669,SC
Clemson,Utilities,2016,10,,,,SC
Clemson,Utilities,2019,1,28,32,.875,SC
Clemson,Utilities,2019,5,,,,SC
Clemson,Utilities,2019,10,,,,SC
Clemson,Wholesale,2004,1,157,303,.51815182,SC
Clemson,Wholesale,2004,5,191,370,.51621622,SC
Clemson,Wholesale,2004,10,201,382,.526178,SC
Clemson,Wholesale,2007,1,122,256,.4765625,SC
Clemson,Wholesale,2007,5,160,414,.38647342,SC
Clemson,Wholesale,2007,10,169,405,.41728395,SC
Clemson,Wholesale,2010,1,156,336,.4642857,SC
Clemson,Wholesale,2010,5,204,428,.47663552,SC
Clemson,Wholesale,2010,10,208,433,.48036951,SC
Clemson,Wholesale,2013,1,188,397,.47355163,SC
Clemson,Wholesale,2013,5,210,495,.42424244,SC
Clemson,Wholesale,2013,10,,,,SC
Clemson,Wholesale,2016,1,216,545,.39633027,SC
Clemson,Wholesale,2016,5,259,619,.4184168,SC
Clemson,Wholesale,2016,10,,,,SC
Clemson,Wholesale,2019,1,302,594,.50841749,SC
Clemson,Wholesale,2019,5,,,,SC
Clemson,Wholesale,2019,10,,,,SC
Coastal Carolina,Admin/Waste,2004,1,41,73,.56164384,SC
Coastal Carolina,Admin/Waste,2004,5,31,91,.34065935,SC
Coastal Carolina,Admin/Waste,2004,10,31,92,.33695653,SC
Coastal Carolina,Admin/Waste,2007,1,40,89,.44943821,SC
Coastal Carolina,Admin/Waste,2007,5,44,129,.34108528,SC
Coastal Carolina,Admin/Waste,2007,10,43,125,.34400001,SC
Coastal Carolina,Admin/Waste,2010,1,47,135,.34814814,SC
Coastal Carolina,Admin/Waste,2010,5,48,152,.31578946,SC
Coastal Carolina,Admin/Waste,2010,10,40,154,.25974026,SC
Coastal Carolina,Admin/Waste,2013,1,101,211,.47867298,SC
Coastal Carolina,Admin/Waste,2013,5,65,209,.31100479,SC
Coastal Carolina,Admin/Waste,2013,10,,,,SC
Coastal Carolina,Admin/Waste,2016,1,146,310,.47096774,SC
Coastal Carolina,Admin/Waste,2016,5,91,265,.34339622,SC
Coastal Carolina,Admin/Waste,2016,10,,,,SC
Coastal Carolina,Admin/Waste,2019,1,107,265,.40377358,SC
Coastal Carolina,Admin/Waste,2019,5,,,,SC
Coastal Carolina,Admin/Waste,2019,10,,,,SC
Coastal Carolina,Agriculture,2004,1,0,0,,SC
Coastal Carolina,Agriculture,2004,5,2,4,.5,SC
Coastal Carolina,Agriculture,2004,10,3,6,.5,SC
Coastal Carolina,Agriculture,2007,1,2,3,.66666669,SC
Coastal Carolina,Agriculture,2007,5,4,5,.80000001,SC
Coastal Carolina,Agriculture,2007,10,2,7,.2857143,SC
Coastal Carolina,Agriculture,2010,1,0,2,0,SC
Coastal Carolina,Agriculture,2010,5,2,4,.5,SC
Coastal Carolina,Agriculture,2010,10,4,8,.5,SC
Coastal Carolina,Agriculture,2013,1,0,0,,SC
Coastal Carolina,Agriculture,2013,5,6,14,.42857143,SC
Coastal Carolina,Agriculture,2013,10,,,,SC
Coastal Carolina,Agriculture,2016,1,0,6,0,SC
Coastal Carolina,Agriculture,2016,5,2,2,1,SC
Coastal Carolina,Agriculture,2016,10,,,,SC
Coastal Carolina,Agriculture,2019,1,0,3,0,SC
Coastal Carolina,Agriculture,2019,5,,,,SC
Coastal Carolina,Agriculture,2019,10,,,,SC
Coastal Carolina,Arts/Entertainment,2004,1,63,92,.68478262,SC
Coastal Carolina,Arts/Entertainment,2004,5,30,83,.36144578,SC
Coastal Carolina,Arts/Entertainment,2004,10,21,52,.40384614,SC
Coastal Carolina,Arts/Entertainment,2007,1,59,105,.56190479,SC
Coastal Carolina,Arts/Entertainment,2007,5,38,112,.3392857,SC
Coastal Carolina,Arts/Entertainment,2007,10,28,81,.34567901,SC
Coastal Carolina,Arts/Entertainment,2010,1,56,150,.37333333,SC
Coastal Carolina,Arts/Entertainment,2010,5,40,127,.31496063,SC
Coastal Carolina,Arts/Entertainment,2010,10,25,83,.30120483,SC
Coastal Carolina,Arts/Entertainment,2013,1,71,182,.3901099,SC
Coastal Carolina,Arts/Entertainment,2013,5,41,121,.33884299,SC
Coastal Carolina,Arts/Entertainment,2013,10,,,,SC
Coastal Carolina,Arts/Entertainment,2016,1,98,251,.39043826,SC
Coastal Carolina,Arts/Entertainment,2016,5,40,154,.25974026,SC
Coastal Carolina,Arts/Entertainment,2016,10,,,,SC
Coastal Carolina,Arts/Entertainment,2019,1,101,219,.46118721,SC
Coastal Carolina,Arts/Entertainment,2019,5,,,,SC
Coastal Carolina,Arts/Entertainment,2019,10,,,,SC
Coastal Carolina,Construction,2004,1,26,42,.61904764,SC
Coastal Carolina,Construction,2004,5,13,37,.35135135,SC
Coastal Carolina,Construction,2004,10,22,53,.41509435,SC
Coastal Carolina,Construction,2007,1,17,54,.31481481,SC
Coastal Carolina,Construction,2007,5,18,52,.34615386,SC
Coastal Carolina,Construction,2007,10,40,75,.53333336,SC
Coastal Carolina,Construction,2010,1,15,47,.31914893,SC
Coastal Carolina,Construction,2010,5,15,59,.25423729,SC
Coastal Carolina,Construction,2010,10,25,94,.26595744,SC
Coastal Carolina,Construction,2013,1,26,61,.42622951,SC
Coastal Carolina,Construction,2013,5,34,86,.39534885,SC
Coastal Carolina,Construction,2013,10,,,,SC
Coastal Carolina,Construction,2016,1,31,70,.44285715,SC
Coastal Carolina,Construction,2016,5,44,110,.40000001,SC
Coastal Carolina,Construction,2016,10,,,,SC
Coastal Carolina,Construction,2019,1,47,108,.43518519,SC
Coastal Carolina,Construction,2019,5,,,,SC
Coastal Carolina,Construction,2019,10,,,,SC
Coastal Carolina,Education,2004,1,280,380,.7368421,SC
Coastal Carolina,Education,2004,5,335,517,.64796907,SC
Coastal Carolina,Education,2004,10,312,503,.62027836,SC
Coastal Carolina,Education,2007,1,289,382,.75654453,SC
Coastal Carolina,Education,2007,5,356,527,.67552185,SC
Coastal Carolina,Education,2007,10,329,563,.58436942,SC
Coastal Carolina,Education,2010,1,263,367,.71662128,SC
Coastal Carolina,Education,2010,5,371,623,.5955056,SC
Coastal Carolina,Education,2010,10,369,585,.63076925,SC
Coastal Carolina,Education,2013,1,359,496,.72379035,SC
Coastal Carolina,Education,2013,5,413,693,.5959596,SC
Coastal Carolina,Education,2013,10,,,,SC
Coastal Carolina,Education,2016,1,332,444,.74774772,SC
Coastal Carolina,Education,2016,5,396,658,.60182369,SC
Coastal Carolina,Education,2016,10,,,,SC
Coastal Carolina,Education,2019,1,353,516,.68410856,SC
Coastal Carolina,Education,2019,5,,,,SC
Coastal Carolina,Education,2019,10,,,,SC
Coastal Carolina,Finance,2004,1,77,133,.57894737,SC
Coastal Carolina,Finance,2004,5,62,130,.47692308,SC
Coastal Carolina,Finance,2004,10,55,142,.38732395,SC
Coastal Carolina,Finance,2007,1,69,140,.49285713,SC
Coastal Carolina,Finance,2007,5,70,192,.36458334,SC
Coastal Carolina,Finance,2007,10,79,199,.39698493,SC
Coastal Carolina,Finance,2010,1,79,163,.48466256,SC
Coastal Carolina,Finance,2010,5,97,222,.43693694,SC
Coastal Carolina,Finance,2010,10,81,259,.31274131,SC
Coastal Carolina,Finance,2013,1,71,158,.44936708,SC
Coastal Carolina,Finance,2013,5,81,228,.35526314,SC
Coastal Carolina,Finance,2013,10,,,,SC
Coastal Carolina,Finance,2016,1,76,175,.4342857,SC
Coastal Carolina,Finance,2016,5,98,273,.35897437,SC
Coastal Carolina,Finance,2016,10,,,,SC
Coastal Carolina,Finance,2019,1,57,182,.31318682,SC
Coastal Carolina,Finance,2019,5,,,,SC
Coastal Carolina,Finance,2019,10,,,,SC
Coastal Carolina,Food/Hospitality,2004,1,239,314,.76114649,SC
Coastal Carolina,Food/Hospitality,2004,5,101,202,.5,SC
Coastal Carolina,Food/Hospitality,2004,10,50,146,.34246576,SC
Coastal Carolina,Food/Hospitality,2007,1,314,410,.76585364,SC
Coastal Carolina,Food/Hospitality,2007,5,165,298,.55369127,SC
Coastal Carolina,Food/Hospitality,2007,10,110,229,.48034933,SC
Coastal Carolina,Food/Hospitality,2010,1,303,436,.69495416,SC
Coastal Carolina,Food/Hospitality,2010,5,146,305,.47868854,SC
Coastal Carolina,Food/Hospitality,2010,10,78,187,.41711229,SC
Coastal Carolina,Food/Hospitality,2013,1,331,477,.69392031,SC
Coastal Carolina,Food/Hospitality,2013,5,126,278,.45323741,SC
Coastal Carolina,Food/Hospitality,2013,10,,,,SC
Coastal Carolina,Food/Hospitality,2016,1,364,560,.64999998,SC
Coastal Carolina,Food/Hospitality,2016,5,150,324,.46296296,SC
Coastal Carolina,Food/Hospitality,2016,10,,,,SC
Coastal Carolina,Food/Hospitality,2019,1,366,532,.68796992,SC
Coastal Carolina,Food/Hospitality,2019,5,,,,SC
Coastal Carolina,Food/Hospitality,2019,10,,,,SC
Coastal Carolina,Health Care,2004,1,45,82,.5487805,SC
Coastal Carolina,Health Care,2004,5,73,175,.41714287,SC
Coastal Carolina,Health Care,2004,10,92,218,.42201835,SC
Coastal Carolina,Health Care,2007,1,94,168,.55952382,SC
Coastal Carolina,Health Care,2007,5,127,268,.47388059,SC
Coastal Carolina,Health Care,2007,10,144,332,.43373495,SC
Coastal Carolina,Health Care,2010,1,122,216,.56481481,SC
Coastal Carolina,Health Care,2010,5,162,353,.45892352,SC
Coastal Carolina,Health Care,2010,10,160,386,.41450778,SC
Coastal Carolina,Health Care,2013,1,232,363,.63911843,SC
Coastal Carolina,Health Care,2013,5,250,483,.51759833,SC
Coastal Carolina,Health Care,2013,10,,,,SC
Coastal Carolina,Health Care,2016,1,192,351,.54700857,SC
Coastal Carolina,Health Care,2016,5,241,502,.48007968,SC
Coastal Carolina,Health Care,2016,10,,,,SC
Coastal Carolina,Health Care,2019,1,216,396,.54545456,SC
Coastal Carolina,Health Care,2019,5,,,,SC
Coastal Carolina,Health Care,2019,10,,,,SC
Coastal Carolina,Information,2004,1,19,33,.57575756,SC
Coastal Carolina,Information,2004,5,12,36,.33333334,SC
Coastal Carolina,Information,2004,10,20,37,.54054052,SC
Coastal Carolina,Information,2007,1,26,54,.48148149,SC
Coastal Carolina,Information,2007,5,32,56,.5714286,SC
Coastal Carolina,Information,2007,10,28,74,.37837839,SC
Coastal Carolina,Information,2010,1,32,68,.47058824,SC
Coastal Carolina,Information,2010,5,32,81,.39506173,SC
Coastal Carolina,Information,2010,10,26,104,.25,SC
Coastal Carolina,Information,2013,1,38,67,.56716418,SC
Coastal Carolina,Information,2013,5,32,79,.4050633,SC
Coastal Carolina,Information,2013,10,,,,SC
Coastal Carolina,Information,2016,1,58,93,.62365592,SC
Coastal Carolina,Information,2016,5,42,110,.38181818,SC
Coastal Carolina,Information,2016,10,,,,SC
Coastal Carolina,Information,2019,1,38,78,.48717949,SC
Coastal Carolina,Information,2019,5,,,,SC
Coastal Carolina,Information,2019,10,,,,SC
Coastal Carolina,Management,2004,1,2,9,.22222222,SC
Coastal Carolina,Management,2004,5,9,27,.33333334,SC
Coastal Carolina,Management,2004,10,7,28,.25,SC
Coastal Carolina,Management,2007,1,8,22,.36363637,SC
Coastal Carolina,Management,2007,5,11,27,.4074074,SC
Coastal Carolina,Management,2007,10,7,21,.33333334,SC
Coastal Carolina,Management,2010,1,8,14,.5714286,SC
Coastal Carolina,Management,2010,5,8,38,.21052632,SC
Coastal Carolina,Management,2010,10,18,45,.40000001,SC
Coastal Carolina,Management,2013,1,1,12,.083333336,SC
Coastal Carolina,Management,2013,5,18,46,.39130434,SC
Coastal Carolina,Management,2013,10,,,,SC
Coastal Carolina,Management,2016,1,5,19,.2631579,SC
Coastal Carolina,Management,2016,5,20,54,.37037036,SC
Coastal Carolina,Management,2016,10,,,,SC
Coastal Carolina,Management,2019,1,19,23,.82608694,SC
Coastal Carolina,Management,2019,5,,,,SC
Coastal Carolina,Management,2019,10,,,,SC
Coastal Carolina,Manufacturing,2004,1,29,55,.5272727,SC
Coastal Carolina,Manufacturing,2004,5,21,60,.34999999,SC
Coastal Carolina,Manufacturing,2004,10,18,58,.31034482,SC
Coastal Carolina,Manufacturing,2007,1,18,46,.39130434,SC
Coastal Carolina,Manufacturing,2007,5,19,75,.25333333,SC
Coastal Carolina,Manufacturing,2007,10,50,111,.45045045,SC
Coastal Carolina,Manufacturing,2010,1,24,72,.33333334,SC
Coastal Carolina,Manufacturing,2010,5,47,126,.37301588,SC
Coastal Carolina,Manufacturing,2010,10,55,151,.36423841,SC
Coastal Carolina,Manufacturing,2013,1,32,81,.39506173,SC
Coastal Carolina,Manufacturing,2013,5,74,155,.47741935,SC
Coastal Carolina,Manufacturing,2013,10,,,,SC
Coastal Carolina,Manufacturing,2016,1,39,103,.37864077,SC
Coastal Carolina,Manufacturing,2016,5,77,174,.44252872,SC
Coastal Carolina,Manufacturing,2016,10,,,,SC
Coastal Carolina,Manufacturing,2019,1,59,118,.5,SC
Coastal Carolina,Manufacturing,2019,5,,,,SC
Coastal Carolina,Manufacturing,2019,10,,,,SC
Coastal Carolina,Mining,2004,1,0,0,,SC
Coastal Carolina,Mining,2004,5,0,0,,SC
Coastal Carolina,Mining,2004,10,1,2,.5,SC
Coastal Carolina,Mining,2007,1,0,1,0,SC
Coastal Carolina,Mining,2007,5,0,2,0,SC
Coastal Carolina,Mining,2007,10,0,0,,SC
Coastal Carolina,Mining,2010,1,0,3,0,SC
Coastal Carolina,Mining,2010,5,1,1,1,SC
Coastal Carolina,Mining,2010,10,0,0,,SC
Coastal Carolina,Mining,2013,1,1,1,1,SC
Coastal Carolina,Mining,2013,5,0,1,0,SC
Coastal Carolina,Mining,2013,10,,,,SC
Coastal Carolina,Mining,2016,1,0,0,,SC
Coastal Carolina,Mining,2016,5,0,1,0,SC
Coastal Carolina,Mining,2016,10,,,,SC
Coastal Carolina,Mining,2019,1,0,0,,SC
Coastal Carolina,Mining,2019,5,,,,SC
Coastal Carolina,Mining,2019,10,,,,SC
Coastal Carolina,Other Services,2004,1,9,14,.64285713,SC
Coastal Carolina,Other Services,2004,5,8,27,.2962963,SC
Coastal Carolina,Other Services,2004,10,9,30,.30000001,SC
Coastal Carolina,Other Services,2007,1,11,22,.5,SC
Coastal Carolina,Other Services,2007,5,21,46,.45652175,SC
Coastal Carolina,Other Services,2007,10,11,31,.3548387,SC
Coastal Carolina,Other Services,2010,1,21,39,.53846157,SC
Coastal Carolina,Other Services,2010,5,22,53,.41509435,SC
Coastal Carolina,Other Services,2010,10,28,63,.44444445,SC
Coastal Carolina,Other Services,2013,1,21,41,.51219511,SC
Coastal Carolina,Other Services,2013,5,23,52,.44230768,SC
Coastal Carolina,Other Services,2013,10,,,,SC
Coastal Carolina,Other Services,2016,1,26,55,.47272727,SC
Coastal Carolina,Other Services,2016,5,21,49,.42857143,SC
Coastal Carolina,Other Services,2016,10,,,,SC
Coastal Carolina,Other Services,2019,1,31,59,.52542371,SC
Coastal Carolina,Other Services,2019,5,,,,SC
Coastal Carolina,Other Services,2019,10,,,,SC
Coastal Carolina,Professional Services,2004,1,83,144,.5763889,SC
Coastal Carolina,Professional Services,2004,5,80,197,.40609136,SC
Coastal Carolina,Professional Services,2004,10,79,217,.36405531,SC
Coastal Carolina,Professional Services,2007,1,61,137,.44525549,SC
Coastal Carolina,Professional Services,2007,5,82,239,.34309623,SC
Coastal Carolina,Professional Services,2007,10,76,257,.29571983,SC
Coastal Carolina,Professional Services,2010,1,69,197,.35025382,SC
Coastal Carolina,Professional Services,2010,5,99,338,.2928994,SC
Coastal Carolina,Professional Services,2010,10,109,363,.30027547,SC
Coastal Carolina,Professional Services,2013,1,103,250,.412,SC
Coastal Carolina,Professional Services,2013,5,118,346,.34104046,SC
Coastal Carolina,Professional Services,2013,10,,,,SC
Coastal Carolina,Professional Services,2016,1,120,343,.34985423,SC
Coastal Carolina,Professional Services,2016,5,152,517,.29400387,SC
Coastal Carolina,Professional Services,2016,10,,,,SC
Coastal Carolina,Professional Services,2019,1,134,362,.37016574,SC
Coastal Carolina,Professional Services,2019,5,,,,SC
Coastal Carolina,Professional Services,2019,10,,,,SC
Coastal Carolina,Public Admin,2004,1,78,103,.75728154,SC
Coastal Carolina,Public Admin,2004,5,88,163,.5398773,SC
Coastal Carolina,Public Admin,2004,10,77,152,.50657892,SC
Coastal Carolina,Public Admin,2007,1,75,113,.66371679,SC
Coastal Carolina,Public Admin,2007,5,84,149,.56375837,SC
Coastal Carolina,Public Admin,2007,10,78,160,.48750001,SC
Coastal Carolina,Public Admin,2010,1,57,94,.60638297,SC
Coastal Carolina,Public Admin,2010,5,107,190,.56315792,SC
Coastal Carolina,Public Admin,2010,10,112,227,.49339208,SC
Coastal Carolina,Public Admin,2013,1,111,165,.67272729,SC
Coastal Carolina,Public Admin,2013,5,164,278,.58992803,SC
Coastal Carolina,Public Admin,2013,10,,,,SC
Coastal Carolina,Public Admin,2016,1,135,204,.66176468,SC
Coastal Carolina,Public Admin,2016,5,153,281,.54448396,SC
Coastal Carolina,Public Admin,2016,10,,,,SC
Coastal Carolina,Public Admin,2019,1,127,187,.67914438,SC
Coastal Carolina,Public Admin,2019,5,,,,SC
Coastal Carolina,Public Admin,2019,10,,,,SC
Coastal Carolina,Real Estate,2004,1,32,36,.8888889,SC
Coastal Carolina,Real Estate,2004,5,18,40,.44999999,SC
Coastal Carolina,Real Estate,2004,10,19,32,.59375,SC
Coastal Carolina,Real Estate,2007,1,35,53,.66037738,SC
Coastal Carolina,Real Estate,2007,5,39,69,.56521738,SC
Coastal Carolina,Real Estate,2007,10,29,56,.51785713,SC
Coastal Carolina,Real Estate,2010,1,40,70,.5714286,SC
Coastal Carolina,Real Estate,2010,5,38,78,.48717949,SC
Coastal Carolina,Real Estate,2010,10,29,75,.38666666,SC
Coastal Carolina,Real Estate,2013,1,66,97,.68041235,SC
Coastal Carolina,Real Estate,2013,5,41,83,.49397591,SC
Coastal Carolina,Real Estate,2013,10,,,,SC
Coastal Carolina,Real Estate,2016,1,77,116,.66379309,SC
Coastal Carolina,Real Estate,2016,5,37,96,.38541666,SC
Coastal Carolina,Real Estate,2016,10,,,,SC
Coastal Carolina,Real Estate,2019,1,65,93,.69892472,SC
Coastal Carolina,Real Estate,2019,5,,,,SC
Coastal Carolina,Real Estate,2019,10,,,,SC
Coastal Carolina,Retail,2004,1,149,215,.69302326,SC
Coastal Carolina,Retail,2004,5,83,175,.47428572,SC
Coastal Carolina,Retail,2004,10,70,175,.40000001,SC
Coastal Carolina,Retail,2007,1,175,248,.70564514,SC
Coastal Carolina,Retail,2007,5,100,200,.5,SC
Coastal Carolina,Retail,2007,10,85,201,.42288557,SC
Coastal Carolina,Retail,2010,1,155,264,.58712119,SC
Coastal Carolina,Retail,2010,5,104,243,.42798355,SC
Coastal Carolina,Retail,2010,10,78,191,.40837696,SC
Coastal Carolina,Retail,2013,1,226,366,.61748636,SC
Coastal Carolina,Retail,2013,5,124,286,.43356642,SC
Coastal Carolina,Retail,2013,10,,,,SC
Coastal Carolina,Retail,2016,1,227,350,.64857143,SC
Coastal Carolina,Retail,2016,5,118,272,.43382353,SC
Coastal Carolina,Retail,2016,10,,,,SC
Coastal Carolina,Retail,2019,1,257,405,.63456792,SC
Coastal Carolina,Retail,2019,5,,,,SC
Coastal Carolina,Retail,2019,10,,,,SC
Coastal Carolina,Transportation,2004,1,7,18,.3888889,SC
Coastal Carolina,Transportation,2004,5,7,27,.25925925,SC
Coastal Carolina,Transportation,2004,10,4,20,.2,SC
Coastal Carolina,Transportation,2007,1,7,24,.29166666,SC
Coastal Carolina,Transportation,2007,5,10,30,.33333334,SC
Coastal Carolina,Transportation,2007,10,14,31,.45161289,SC
Coastal Carolina,Transportation,2010,1,12,33,.36363637,SC
Coastal Carolina,Transportation,2010,5,16,54,.2962963,SC
Coastal Carolina,Transportation,2010,10,18,78,.23076923,SC
Coastal Carolina,Transportation,2013,1,16,42,.38095239,SC
Coastal Carolina,Transportation,2013,5,23,63,.36507937,SC
Coastal Carolina,Transportation,2013,10,,,,SC
Coastal Carolina,Transportation,2016,1,19,52,.36538461,SC
Coastal Carolina,Transportation,2016,5,32,99,.32323232,SC
Coastal Carolina,Transportation,2016,10,,,,SC
Coastal Carolina,Transportation,2019,1,56,101,.55445546,SC
Coastal Carolina,Transportation,2019,5,,,,SC
Coastal Carolina,Transportation,2019,10,,,,SC
Coastal Carolina,Utilities,2004,1,6,6,1,SC
Coastal Carolina,Utilities,2004,5,2,4,.5,SC
Coastal Carolina,Utilities,2004,10,6,7,.85714287,SC
Coastal Carolina,Utilities,2007,1,9,9,1,SC
Coastal Carolina,Utilities,2007,5,11,12,.91666669,SC
Coastal Carolina,Utilities,2007,10,9,11,.81818181,SC
Coastal Carolina,Utilities,2010,1,0,5,0,SC
Coastal Carolina,Utilities,2010,5,5,8,.625,SC
Coastal Carolina,Utilities,2010,10,16,23,.69565219,SC
Coastal Carolina,Utilities,2013,1,0,3,0,SC
Coastal Carolina,Utilities,2013,5,4,8,.5,SC
Coastal Carolina,Utilities,2013,10,,,,SC
Coastal Carolina,Utilities,2016,1,5,9,.55555558,SC
Coastal Carolina,Utilities,2016,5,6,10,.60000002,SC
Coastal Carolina,Utilities,2016,10,,,,SC
Coastal Carolina,Utilities,2019,1,3,6,.5,SC
Coastal Carolina,Utilities,2019,5,,,,SC
Coastal Carolina,Utilities,2019,10,,,,SC
Coastal Carolina,Wholesale,2004,1,22,53,.41509435,SC
Coastal Carolina,Wholesale,2004,5,19,84,.22619048,SC
Coastal Carolina,Wholesale,2004,10,24,83,.28915662,SC
Coastal Carolina,Wholesale,2007,1,23,67,.34328359,SC
Coastal Carolina,Wholesale,2007,5,26,91,.2857143,SC
Coastal Carolina,Wholesale,2007,10,40,111,.36036035,SC
Coastal Carolina,Wholesale,2010,1,24,77,.3116883,SC
Coastal Carolina,Wholesale,2010,5,48,159,.3018868,SC
Coastal Carolina,Wholesale,2010,10,34,131,.25954199,SC
Coastal Carolina,Wholesale,2013,1,32,101,.31683168,SC
Coastal Carolina,Wholesale,2013,5,44,159,.27672955,SC
Coastal Carolina,Wholesale,2013,10,,,,SC
Coastal Carolina,Wholesale,2016,1,30,89,.33707866,SC
Coastal Carolina,Wholesale,2016,5,25,133,.18796992,SC
Coastal Carolina,Wholesale,2016,10,,,,SC
Coastal Carolina,Wholesale,2019,1,30,101,.2970297,SC
Coastal Carolina,Wholesale,2019,5,,,,SC
Coastal Carolina,Wholesale,2019,10,,,,SC
College of Charleston,Admin/Waste,2004,1,139,234,.59401709,SC
College of Charleston,Admin/Waste,2004,5,117,199,.58793968,SC
College of Charleston,Admin/Waste,2004,10,83,181,.45856354,SC
College of Charleston,Admin/Waste,2007,1,113,168,.67261904,SC
College of Charleston,Admin/Waste,2007,5,75,183,.40983605,SC
College of Charleston,Admin/Waste,2007,10,50,189,.26455027,SC
College of Charleston,Admin/Waste,2010,1,125,210,.59523809,SC
College of Charleston,Admin/Waste,2010,5,79,207,.38164252,SC
College of Charleston,Admin/Waste,2010,10,63,193,.32642487,SC
College of Charleston,Admin/Waste,2013,1,131,269,.48698884,SC
College of Charleston,Admin/Waste,2013,5,81,216,.375,SC
College of Charleston,Admin/Waste,2013,10,,,,SC
College of Charleston,Admin/Waste,2016,1,127,246,.51626015,SC
College of Charleston,Admin/Waste,2016,5,82,252,.32539684,SC
College of Charleston,Admin/Waste,2016,10,,,,SC
College of Charleston,Admin/Waste,2019,1,106,210,.50476193,SC
College of Charleston,Admin/Waste,2019,5,,,,SC
College of Charleston,Admin/Waste,2019,10,,,,SC
College of Charleston,Agriculture,2004,1,1,3,.33333334,SC
College of Charleston,Agriculture,2004,5,3,3,1,SC
College of Charleston,Agriculture,2004,10,0,4,0,SC
College of Charleston,Agriculture,2007,1,0,1,0,SC
College of Charleston,Agriculture,2007,5,0,4,0,SC
College of Charleston,Agriculture,2007,10,4,7,.5714286,SC
College of Charleston,Agriculture,2010,1,0,0,,SC
College of Charleston,Agriculture,2010,5,1,8,.125,SC
College of Charleston,Agriculture,2010,10,6,8,.75,SC
College of Charleston,Agriculture,2013,1,2,2,1,SC
College of Charleston,Agriculture,2013,5,6,12,.5,SC
College of Charleston,Agriculture,2013,10,,,,SC
College of Charleston,Agriculture,2016,1,1,1,1,SC
College of Charleston,Agriculture,2016,5,2,5,.40000001,SC
College of Charleston,Agriculture,2016,10,,,,SC
College of Charleston,Agriculture,2019,1,1,3,.33333334,SC
College of Charleston,Agriculture,2019,5,,,,SC
College of Charleston,Agriculture,2019,10,,,,SC
College of Charleston,Arts/Entertainment,2004,1,68,90,.75555557,SC
College of Charleston,Arts/Entertainment,2004,5,28,57,.49122807,SC
College of Charleston,Arts/Entertainment,2004,10,28,67,.41791046,SC
College of Charleston,Arts/Entertainment,2007,1,54,67,.80597013,SC
College of Charleston,Arts/Entertainment,2007,5,39,92,.42391303,SC
College of Charleston,Arts/Entertainment,2007,10,29,76,.38157895,SC
College of Charleston,Arts/Entertainment,2010,1,60,106,.56603771,SC
College of Charleston,Arts/Entertainment,2010,5,48,96,.5,SC
College of Charleston,Arts/Entertainment,2010,10,37,74,.5,SC
College of Charleston,Arts/Entertainment,2013,1,57,92,.61956519,SC
College of Charleston,Arts/Entertainment,2013,5,53,122,.43442622,SC
College of Charleston,Arts/Entertainment,2013,10,,,,SC
College of Charleston,Arts/Entertainment,2016,1,74,125,.59200001,SC
College of Charleston,Arts/Entertainment,2016,5,48,103,.46601942,SC
College of Charleston,Arts/Entertainment,2016,10,,,,SC
College of Charleston,Arts/Entertainment,2019,1,54,76,.71052629,SC
College of Charleston,Arts/Entertainment,2019,5,,,,SC
College of Charleston,Arts/Entertainment,2019,10,,,,SC
College of Charleston,Construction,2004,1,76,119,.63865548,SC
College of Charleston,Construction,2004,5,50,91,.54945058,SC
College of Charleston,Construction,2004,10,49,86,.56976742,SC
College of Charleston,Construction,2007,1,36,61,.59016395,SC
College of Charleston,Construction,2007,5,39,101,.38613862,SC
College of Charleston,Construction,2007,10,42,113,.37168142,SC
College of Charleston,Construction,2010,1,18,56,.32142857,SC
College of Charleston,Construction,2010,5,42,102,.41176471,SC
College of Charleston,Construction,2010,10,47,102,.46078432,SC
College of Charleston,Construction,2013,1,45,85,.52941179,SC
College of Charleston,Construction,2013,5,48,99,.4848485,SC
College of Charleston,Construction,2013,10,,,,SC
College of Charleston,Construction,2016,1,47,96,.48958334,SC
College of Charleston,Construction,2016,5,72,139,.51798558,SC
College of Charleston,Construction,2016,10,,,,SC
College of Charleston,Construction,2019,1,54,107,.50467288,SC
College of Charleston,Construction,2019,5,,,,SC
College of Charleston,Construction,2019,10,,,,SC
College of Charleston,Education,2004,1,438,577,.75909877,SC
College of Charleston,Education,2004,5,467,732,.63797814,SC
College of Charleston,Education,2004,10,447,716,.62430167,SC
College of Charleston,Education,2007,1,391,516,.75775194,SC
College of Charleston,Education,2007,5,403,702,.57407409,SC
College of Charleston,Education,2007,10,370,732,.50546449,SC
College of Charleston,Education,2010,1,434,557,.77917415,SC
College of Charleston,Education,2010,5,415,680,.6102941,SC
College of Charleston,Education,2010,10,351,674,.5207715,SC
College of Charleston,Education,2013,1,441,618,.71359223,SC
College of Charleston,Education,2013,5,430,743,.57873487,SC
College of Charleston,Education,2013,10,,,,SC
College of Charleston,Education,2016,1,423,549,.77049178,SC
College of Charleston,Education,2016,5,380,677,.56129986,SC
College of Charleston,Education,2016,10,,,,SC
College of Charleston,Education,2019,1,402,552,.72826087,SC
College of Charleston,Education,2019,5,,,,SC
College of Charleston,Education,2019,10,,,,SC
College of Charleston,Finance,2004,1,176,294,.59863943,SC
College of Charleston,Finance,2004,5,154,320,.48124999,SC
College of Charleston,Finance,2004,10,142,283,.5017668,SC
College of Charleston,Finance,2007,1,107,193,.55440414,SC
College of Charleston,Finance,2007,5,107,267,.40074906,SC
College of Charleston,Finance,2007,10,88,272,.32352942,SC
College of Charleston,Finance,2010,1,95,208,.45673078,SC
College of Charleston,Finance,2010,5,90,246,.36585367,SC
College of Charleston,Finance,2010,10,81,280,.28928572,SC
College of Charleston,Finance,2013,1,98,225,.43555555,SC
College of Charleston,Finance,2013,5,115,299,.38461539,SC
College of Charleston,Finance,2013,10,,,,SC
College of Charleston,Finance,2016,1,79,218,.36238533,SC
College of Charleston,Finance,2016,5,83,298,.2785235,SC
College of Charleston,Finance,2016,10,,,,SC
College of Charleston,Finance,2019,1,100,259,.38610038,SC
College of Charleston,Finance,2019,5,,,,SC
College of Charleston,Finance,2019,10,,,,SC
College of Charleston,Food/Hospitality,2004,1,419,598,.70066887,SC
College of Charleston,Food/Hospitality,2004,5,174,340,.51176471,SC
College of Charleston,Food/Hospitality,2004,10,113,234,.48290598,SC
College of Charleston,Food/Hospitality,2007,1,473,604,.78311259,SC
College of Charleston,Food/Hospitality,2007,5,229,424,.54009432,SC
College of Charleston,Food/Hospitality,2007,10,143,298,.47986576,SC
College of Charleston,Food/Hospitality,2010,1,447,589,.7589134,SC
College of Charleston,Food/Hospitality,2010,5,222,385,.57662338,SC
College of Charleston,Food/Hospitality,2010,10,119,266,.44736841,SC
College of Charleston,Food/Hospitality,2013,1,492,668,.73652697,SC
College of Charleston,Food/Hospitality,2013,5,219,446,.49103138,SC
College of Charleston,Food/Hospitality,2013,10,,,,SC
College of Charleston,Food/Hospitality,2016,1,463,648,.71450615,SC
College of Charleston,Food/Hospitality,2016,5,193,347,.55619597,SC
College of Charleston,Food/Hospitality,2016,10,,,,SC
College of Charleston,Food/Hospitality,2019,1,453,592,.7652027,SC
College of Charleston,Food/Hospitality,2019,5,,,,SC
College of Charleston,Food/Hospitality,2019,10,,,,SC
College of Charleston,Health Care,2004,1,168,272,.61764705,SC
College of Charleston,Health Care,2004,5,285,513,.55555558,SC
College of Charleston,Health Care,2004,10,348,695,.50071943,SC
College of Charleston,Health Care,2007,1,193,296,.65202701,SC
College of Charleston,Health Care,2007,5,319,624,.51121795,SC
College of Charleston,Health Care,2007,10,345,729,.47325101,SC
College of Charleston,Health Care,2010,1,194,306,.63398695,SC
College of Charleston,Health Care,2010,5,284,615,.46178862,SC
College of Charleston,Health Care,2010,10,311,705,.44113475,SC
College of Charleston,Health Care,2013,1,253,419,.6038186,SC
College of Charleston,Health Care,2013,5,316,643,.49144635,SC
College of Charleston,Health Care,2013,10,,,,SC
College of Charleston,Health Care,2016,1,289,453,.63796908,SC
College of Charleston,Health Care,2016,5,329,703,.4679943,SC
College of Charleston,Health Care,2016,10,,,,SC
College of Charleston,Health Care,2019,1,324,455,.71208793,SC
College of Charleston,Health Care,2019,5,,,,SC
College of Charleston,Health Care,2019,10,,,,SC
College of Charleston,Information,2004,1,86,134,.64179105,SC
College of Charleston,Information,2004,5,70,145,.48275861,SC
College of Charleston,Information,2004,10,52,111,.46846846,SC
College of Charleston,Information,2007,1,61,102,.59803921,SC
College of Charleston,Information,2007,5,67,156,.42948717,SC
College of Charleston,Information,2007,10,50,157,.31847134,SC
College of Charleston,Information,2010,1,60,119,.50420171,SC
College of Charleston,Information,2010,5,61,175,.34857142,SC
College of Charleston,Information,2010,10,70,210,.33333334,SC
College of Charleston,Information,2013,1,65,140,.4642857,SC
College of Charleston,Information,2013,5,61,225,.2711111,SC
College of Charleston,Information,2013,10,,,,SC
College of Charleston,Information,2016,1,58,127,.4566929,SC
College of Charleston,Information,2016,5,101,256,.39453125,SC
College of Charleston,Information,2016,10,,,,SC
College of Charleston,Information,2019,1,77,157,.49044585,SC
College of Charleston,Information,2019,5,,,,SC
College of Charleston,Information,2019,10,,,,SC
College of Charleston,Management,2004,1,17,33,.5151515,SC
College of Charleston,Management,2004,5,22,52,.42307693,SC
College of Charleston,Management,2004,10,21,55,.38181818,SC
College of Charleston,Management,2007,1,10,19,.52631581,SC
College of Charleston,Management,2007,5,13,35,.37142858,SC
College of Charleston,Management,2007,10,24,59,.40677965,SC
College of Charleston,Management,2010,1,13,27,.48148149,SC
College of Charleston,Management,2010,5,13,33,.39393941,SC
College of Charleston,Management,2010,10,19,66,.28787878,SC
College of Charleston,Management,2013,1,8,29,.27586207,SC
College of Charleston,Management,2013,5,24,76,.31578946,SC
College of Charleston,Management,2013,10,,,,SC
College of Charleston,Management,2016,1,14,44,.31818181,SC
College of Charleston,Management,2016,5,20,74,.27027026,SC
College of Charleston,Management,2016,10,,,,SC
College of Charleston,Management,2019,1,11,29,.37931034,SC
College of Charleston,Management,2019,5,,,,SC
College of Charleston,Management,2019,10,,,,SC
College of Charleston,Manufacturing,2004,1,45,85,.52941179,SC
College of Charleston,Manufacturing,2004,5,59,135,.43703705,SC
College of Charleston,Manufacturing,2004,10,78,134,.58208954,SC
College of Charleston,Manufacturing,2007,1,55,95,.57894737,SC
College of Charleston,Manufacturing,2007,5,75,164,.45731708,SC
College of Charleston,Manufacturing,2007,10,84,179,.46927375,SC
College of Charleston,Manufacturing,2010,1,49,100,.49000001,SC
College of Charleston,Manufacturing,2010,5,78,158,.49367088,SC
College of Charleston,Manufacturing,2010,10,87,195,.44615385,SC
College of Charleston,Manufacturing,2013,1,95,148,.6418919,SC
College of Charleston,Manufacturing,2013,5,107,220,.48636365,SC
College of Charleston,Manufacturing,2013,10,,,,SC
College of Charleston,Manufacturing,2016,1,84,151,.5562914,SC
College of Charleston,Manufacturing,2016,5,96,204,.47058824,SC
College of Charleston,Manufacturing,2016,10,,,,SC
College of Charleston,Manufacturing,2019,1,92,141,.65248227,SC
College of Charleston,Manufacturing,2019,5,,,,SC
College of Charleston,Manufacturing,2019,10,,,,SC
College of Charleston,Mining,2004,1,0,1,0,SC
College of Charleston,Mining,2004,5,0,0,,SC
College of Charleston,Mining,2004,10,0,0,,SC
College of Charleston,Mining,2007,1,0,0,,SC
College of Charleston,Mining,2007,5,1,6,.16666667,SC
College of Charleston,Mining,2007,10,1,3,.33333334,SC
College of Charleston,Mining,2010,1,0,1,0,SC
College of Charleston,Mining,2010,5,0,7,0,SC
College of Charleston,Mining,2010,10,0,4,0,SC
College of Charleston,Mining,2013,1,0,4,0,SC
College of Charleston,Mining,2013,5,1,4,.25,SC
College of Charleston,Mining,2013,10,,,,SC
College of Charleston,Mining,2016,1,0,0,,SC
College of Charleston,Mining,2016,5,0,1,0,SC
College of Charleston,Mining,2016,10,,,,SC
College of Charleston,Mining,2019,1,0,2,0,SC
College of Charleston,Mining,2019,5,,,,SC
College of Charleston,Mining,2019,10,,,,SC
College of Charleston,Other Services,2004,1,54,102,.52941179,SC
College of Charleston,Other Services,2004,5,53,114,.4649123,SC
College of Charleston,Other Services,2004,10,30,86,.3488372,SC
College of Charleston,Other Services,2007,1,44,76,.57894737,SC
College of Charleston,Other Services,2007,5,45,103,.43689319,SC
College of Charleston,Other Services,2007,10,30,96,.3125,SC
College of Charleston,Other Services,2010,1,57,98,.58163267,SC
College of Charleston,Other Services,2010,5,38,107,.35514018,SC
College of Charleston,Other Services,2010,10,43,140,.30714285,SC
College of Charleston,Other Services,2013,1,58,104,.55769229,SC
College of Charleston,Other Services,2013,5,42,119,.35294119,SC
College of Charleston,Other Services,2013,10,,,,SC
College of Charleston,Other Services,2016,1,49,84,.58333331,SC
College of Charleston,Other Services,2016,5,47,121,.38842976,SC
College of Charleston,Other Services,2016,10,,,,SC
College of Charleston,Other Services,2019,1,57,101,.56435645,SC
College of Charleston,Other Services,2019,5,,,,SC
College of Charleston,Other Services,2019,10,,,,SC
College of Charleston,Professional Services,2004,1,270,435,.62068963,SC
College of Charleston,Professional Services,2004,5,269,602,.44684386,SC
College of Charleston,Professional Services,2004,10,301,654,.46024466,SC
College of Charleston,Professional Services,2007,1,213,411,.5182482,SC
College of Charleston,Professional Services,2007,5,253,635,.39842519,SC
College of Charleston,Professional Services,2007,10,306,700,.43714285,SC
College of Charleston,Professional Services,2010,1,227,478,.47489539,SC
College of Charleston,Professional Services,2010,5,283,719,.39360222,SC
College of Charleston,Professional Services,2010,10,288,819,.35164836,SC
College of Charleston,Professional Services,2013,1,317,631,.50237715,SC
College of Charleston,Professional Services,2013,5,359,872,.41169724,SC
College of Charleston,Professional Services,2013,10,,,,SC
College of Charleston,Professional Services,2016,1,309,661,.46747354,SC
College of Charleston,Professional Services,2016,5,350,883,.39637598,SC
College of Charleston,Professional Services,2016,10,,,,SC
College of Charleston,Professional Services,2019,1,354,682,.51906157,SC
College of Charleston,Professional Services,2019,5,,,,SC
College of Charleston,Professional Services,2019,10,,,,SC
College of Charleston,Public Admin,2004,1,78,109,.71559632,SC
College of Charleston,Public Admin,2004,5,125,194,.64432991,SC
College of Charleston,Public Admin,2004,10,121,201,.60199004,SC
College of Charleston,Public Admin,2007,1,73,113,.64601767,SC
College of Charleston,Public Admin,2007,5,115,211,.54502368,SC
College of Charleston,Public Admin,2007,10,105,192,.546875,SC
College of Charleston,Public Admin,2010,1,48,81,.5925926,SC
College of Charleston,Public Admin,2010,5,108,189,.5714286,SC
College of Charleston,Public Admin,2010,10,94,198,.47474748,SC
College of Charleston,Public Admin,2013,1,72,111,.64864862,SC
College of Charleston,Public Admin,2013,5,95,173,.54913294,SC
College of Charleston,Public Admin,2013,10,,,,SC
College of Charleston,Public Admin,2016,1,78,114,.68421054,SC
College of Charleston,Public Admin,2016,5,109,185,.58918917,SC
College of Charleston,Public Admin,2016,10,,,,SC
College of Charleston,Public Admin,2019,1,91,135,.67407405,SC
College of Charleston,Public Admin,2019,5,,,,SC
College of Charleston,Public Admin,2019,10,,,,SC
College of Charleston,Real Estate,2004,1,66,115,.57391304,SC
College of Charleston,Real Estate,2004,5,42,74,.56756759,SC
College of Charleston,Real Estate,2004,10,33,59,.55932206,SC
College of Charleston,Real Estate,2007,1,53,66,.80303031,SC
College of Charleston,Real Estate,2007,5,44,83,.53012049,SC
College of Charleston,Real Estate,2007,10,49,90,.54444444,SC
College of Charleston,Real Estate,2010,1,56,79,.70886075,SC
College of Charleston,Real Estate,2010,5,57,91,.62637365,SC
College of Charleston,Real Estate,2010,10,49,114,.42982456,SC
College of Charleston,Real Estate,2013,1,72,101,.71287131,SC
College of Charleston,Real Estate,2013,5,61,103,.592233,SC
College of Charleston,Real Estate,2013,10,,,,SC
College of Charleston,Real Estate,2016,1,73,119,.6134454,SC
College of Charleston,Real Estate,2016,5,67,155,.43225807,SC
College of Charleston,Real Estate,2016,10,,,,SC
College of Charleston,Real Estate,2019,1,69,108,.6388889,SC
College of Charleston,Real Estate,2019,5,,,,SC
College of Charleston,Real Estate,2019,10,,,,SC
College of Charleston,Retail,2004,1,325,463,.70194381,SC
College of Charleston,Retail,2004,5,156,312,.5,SC
College of Charleston,Retail,2004,10,125,246,.50813007,SC
College of Charleston,Retail,2007,1,270,405,.66666669,SC
College of Charleston,Retail,2007,5,149,319,.46708465,SC
College of Charleston,Retail,2007,10,106,258,.4108527,SC
College of Charleston,Retail,2010,1,230,353,.6515581,SC
College of Charleston,Retail,2010,5,154,343,.44897959,SC
College of Charleston,Retail,2010,10,120,274,.43795621,SC
College of Charleston,Retail,2013,1,248,402,.6169154,SC
College of Charleston,Retail,2013,5,157,345,.45507246,SC
College of Charleston,Retail,2013,10,,,,SC
College of Charleston,Retail,2016,1,233,359,.64902508,SC
College of Charleston,Retail,2016,5,130,295,.44067797,SC
College of Charleston,Retail,2016,10,,,,SC
College of Charleston,Retail,2019,1,234,396,.59090906,SC
College of Charleston,Retail,2019,5,,,,SC
College of Charleston,Retail,2019,10,,,,SC
College of Charleston,Transportation,2004,1,62,95,.65263158,SC
College of Charleston,Transportation,2004,5,56,93,.60215056,SC
College of Charleston,Transportation,2004,10,39,58,.67241377,SC
College of Charleston,Transportation,2007,1,57,88,.64772725,SC
College of Charleston,Transportation,2007,5,60,104,.57692307,SC
College of Charleston,Transportation,2007,10,44,85,.51764709,SC
College of Charleston,Transportation,2010,1,72,98,.73469388,SC
College of Charleston,Transportation,2010,5,50,102,.49019608,SC
College of Charleston,Transportation,2010,10,45,95,.47368422,SC
College of Charleston,Transportation,2013,1,79,117,.67521369,SC
College of Charleston,Transportation,2013,5,63,120,.52499998,SC
College of Charleston,Transportation,2013,10,,,,SC
College of Charleston,Transportation,2016,1,81,122,.66393441,SC
College of Charleston,Transportation,2016,5,60,119,.50420171,SC
College of Charleston,Transportation,2016,10,,,,SC
College of Charleston,Transportation,2019,1,85,137,.62043798,SC
College of Charleston,Transportation,2019,5,,,,SC
College of Charleston,Transportation,2019,10,,,,SC
College of Charleston,Utilities,2004,1,2,10,.2,SC
College of Charleston,Utilities,2004,5,9,12,.75,SC
College of Charleston,Utilities,2004,10,8,8,1,SC
College of Charleston,Utilities,2007,1,3,3,1,SC
College of Charleston,Utilities,2007,5,7,10,.69999999,SC
College of Charleston,Utilities,2007,10,9,11,.81818181,SC
College of Charleston,Utilities,2010,1,5,6,.83333331,SC
College of Charleston,Utilities,2010,5,2,5,.40000001,SC
College of Charleston,Utilities,2010,10,5,10,.5,SC
College of Charleston,Utilities,2013,1,6,10,.60000002,SC
College of Charleston,Utilities,2013,5,10,12,.83333331,SC
College of Charleston,Utilities,2013,10,,,,SC
College of Charleston,Utilities,2016,1,2,3,.66666669,SC
College of Charleston,Utilities,2016,5,9,11,.81818181,SC
College of Charleston,Utilities,2016,10,,,,SC
College of Charleston,Utilities,2019,1,6,7,.85714287,SC
College of Charleston,Utilities,2019,5,,,,SC
College of Charleston,Utilities,2019,10,,,,SC
College of Charleston,Wholesale,2004,1,68,150,.45333335,SC
College of Charleston,Wholesale,2004,5,74,155,.47741935,SC
College of Charleston,Wholesale,2004,10,84,191,.43979058,SC
College of Charleston,Wholesale,2007,1,47,87,.54022986,SC
College of Charleston,Wholesale,2007,5,70,157,.44585988,SC
College of Charleston,Wholesale,2007,10,60,190,.31578946,SC
College of Charleston,Wholesale,2010,1,57,109,.52293581,SC
College of Charleston,Wholesale,2010,5,69,190,.3631579,SC
College of Charleston,Wholesale,2010,10,64,159,.40251571,SC
College of Charleston,Wholesale,2013,1,68,149,.45637584,SC
College of Charleston,Wholesale,2013,5,74,188,.39361703,SC
College of Charleston,Wholesale,2013,10,,,,SC
College of Charleston,Wholesale,2016,1,56,145,.3862069,SC
College of Charleston,Wholesale,2016,5,69,175,.39428571,SC
College of Charleston,Wholesale,2016,10,,,,SC
College of Charleston,Wholesale,2019,1,61,145,.42068964,SC
College of Charleston,Wholesale,2019,5,,,,SC
College of Charleston,Wholesale,2019,10,,,,SC
Francis Marion,Admin/Waste,2004,1,53,104,.50961536,SC
Francis Marion,Admin/Waste,2004,5,32,56,.5714286,SC
Francis Marion,Admin/Waste,2004,10,33,47,.70212764,SC
Francis Marion,Admin/Waste,2007,1,63,95,.66315788,SC
Francis Marion,Admin/Waste,2007,5,35,67,.52238804,SC
Francis Marion,Admin/Waste,2007,10,38,76,.5,SC
Francis Marion,Admin/Waste,2010,1,63,79,.79746836,SC
Francis Marion,Admin/Waste,2010,5,47,75,.62666667,SC
Francis Marion,Admin/Waste,2010,10,42,80,.52499998,SC
Francis Marion,Admin/Waste,2013,1,80,109,.73394495,SC
Francis Marion,Admin/Waste,2013,5,54,92,.5869565,SC
Francis Marion,Admin/Waste,2013,10,,,,SC
Francis Marion,Admin/Waste,2016,1,79,100,.79000002,SC
Francis Marion,Admin/Waste,2016,5,68,108,.62962961,SC
Francis Marion,Admin/Waste,2016,10,,,,SC
Francis Marion,Admin/Waste,2019,1,55,64,.859375,SC
Francis Marion,Admin/Waste,2019,5,,,,SC
Francis Marion,Admin/Waste,2019,10,,,,SC
Francis Marion,Agriculture,2004,1,1,2,.5,SC
Francis Marion,Agriculture,2004,5,2,4,.5,SC
Francis Marion,Agriculture,2004,10,0,0,,SC
Francis Marion,Agriculture,2007,1,1,3,.33333334,SC
Francis Marion,Agriculture,2007,5,0,6,0,SC
Francis Marion,Agriculture,2007,10,0,5,0,SC
Francis Marion,Agriculture,2010,1,0,2,0,SC
Francis Marion,Agriculture,2010,5,2,3,.66666669,SC
Francis Marion,Agriculture,2010,10,3,5,.60000002,SC
Francis Marion,Agriculture,2013,1,1,2,.5,SC
Francis Marion,Agriculture,2013,5,2,5,.40000001,SC
Francis Marion,Agriculture,2013,10,,,,SC
Francis Marion,Agriculture,2016,1,3,5,.60000002,SC
Francis Marion,Agriculture,2016,5,1,1,1,SC
Francis Marion,Agriculture,2016,10,,,,SC
Francis Marion,Agriculture,2019,1,0,0,,SC
Francis Marion,Agriculture,2019,5,,,,SC
Francis Marion,Agriculture,2019,10,,,,SC
Francis Marion,Arts/Entertainment,2004,1,8,8,1,SC
Francis Marion,Arts/Entertainment,2004,5,4,5,.80000001,SC
Francis Marion,Arts/Entertainment,2004,10,6,8,.75,SC
Francis Marion,Arts/Entertainment,2007,1,9,13,.69230771,SC
Francis Marion,Arts/Entertainment,2007,5,5,8,.625,SC
Francis Marion,Arts/Entertainment,2007,10,5,6,.83333331,SC
Francis Marion,Arts/Entertainment,2010,1,9,11,.81818181,SC
Francis Marion,Arts/Entertainment,2010,5,2,5,.40000001,SC
Francis Marion,Arts/Entertainment,2010,10,3,12,.25,SC
Francis Marion,Arts/Entertainment,2013,1,9,9,1,SC
Francis Marion,Arts/Entertainment,2013,5,3,16,.1875,SC
Francis Marion,Arts/Entertainment,2013,10,,,,SC
Francis Marion,Arts/Entertainment,2016,1,8,8,1,SC
Francis Marion,Arts/Entertainment,2016,5,4,6,.66666669,SC
Francis Marion,Arts/Entertainment,2016,10,,,,SC
Francis Marion,Arts/Entertainment,2019,1,14,16,.875,SC
Francis Marion,Arts/Entertainment,2019,5,,,,SC
Francis Marion,Arts/Entertainment,2019,10,,,,SC
Francis Marion,Construction,2004,1,15,38,.39473686,SC
Francis Marion,Construction,2004,5,7,12,.58333331,SC
Francis Marion,Construction,2004,10,2,10,.2,SC
Francis Marion,Construction,2007,1,9,20,.44999999,SC
Francis Marion,Construction,2007,5,10,27,.37037036,SC
Francis Marion,Construction,2007,10,12,24,.5,SC
Francis Marion,Construction,2010,1,5,19,.2631579,SC
Francis Marion,Construction,2010,5,11,22,.5,SC
Francis Marion,Construction,2010,10,9,27,.33333334,SC
Francis Marion,Construction,2013,1,5,23,.2173913,SC
Francis Marion,Construction,2013,5,6,28,.21428572,SC
Francis Marion,Construction,2013,10,,,,SC
Francis Marion,Construction,2016,1,5,15,.33333334,SC
Francis Marion,Construction,2016,5,9,14,.64285713,SC
Francis Marion,Construction,2016,10,,,,SC
Francis Marion,Construction,2019,1,17,26,.65384614,SC
Francis Marion,Construction,2019,5,,,,SC
Francis Marion,Construction,2019,10,,,,SC
Francis Marion,Education,2004,1,205,262,.78244275,SC
Francis Marion,Education,2004,5,225,273,.82417583,SC
Francis Marion,Education,2004,10,224,273,.82051283,SC
Francis Marion,Education,2007,1,180,220,.81818181,SC
Francis Marion,Education,2007,5,211,272,.77573532,SC
Francis Marion,Education,2007,10,224,289,.77508652,SC
Francis Marion,Education,2010,1,124,161,.77018636,SC
Francis Marion,Education,2010,5,179,241,.7427386,SC
Francis Marion,Education,2010,10,185,266,.69548875,SC
Francis Marion,Education,2013,1,183,227,.80616742,SC
Francis Marion,Education,2013,5,218,282,.77304965,SC
Francis Marion,Education,2013,10,,,,SC
Francis Marion,Education,2016,1,127,155,.81935483,SC
Francis Marion,Education,2016,5,165,217,.76036865,SC
Francis Marion,Education,2016,10,,,,SC
Francis Marion,Education,2019,1,146,166,.87951809,SC
Francis Marion,Education,2019,5,,,,SC
Francis Marion,Education,2019,10,,,,SC
Francis Marion,Finance,2004,1,118,143,.82517481,SC
Francis Marion,Finance,2004,5,93,127,.73228347,SC
Francis Marion,Finance,2004,10,69,111,.62162161,SC
Francis Marion,Finance,2007,1,83,106,.78301889,SC
Francis Marion,Finance,2007,5,96,141,.68085104,SC
Francis Marion,Finance,2007,10,76,116,.65517241,SC
Francis Marion,Finance,2010,1,108,121,.89256197,SC
Francis Marion,Finance,2010,5,72,93,.77419353,SC
Francis Marion,Finance,2010,10,65,103,.63106793,SC
Francis Marion,Finance,2013,1,52,68,.7647059,SC
Francis Marion,Finance,2013,5,57,84,.6785714,SC
Francis Marion,Finance,2013,10,,,,SC
Francis Marion,Finance,2016,1,66,84,.78571427,SC
Francis Marion,Finance,2016,5,61,84,.72619045,SC
Francis Marion,Finance,2016,10,,,,SC
Francis Marion,Finance,2019,1,57,72,.79166669,SC
Francis Marion,Finance,2019,5,,,,SC
Francis Marion,Finance,2019,10,,,,SC
Francis Marion,Food/Hospitality,2004,1,48,76,.63157892,SC
Francis Marion,Food/Hospitality,2004,5,14,33,.42424244,SC
Francis Marion,Food/Hospitality,2004,10,16,38,.42105263,SC
Francis Marion,Food/Hospitality,2007,1,47,63,.74603176,SC
Francis Marion,Food/Hospitality,2007,5,19,50,.38,SC
Francis Marion,Food/Hospitality,2007,10,14,36,.3888889,SC
Francis Marion,Food/Hospitality,2010,1,53,80,.66250002,SC
Francis Marion,Food/Hospitality,2010,5,31,51,.60784316,SC
Francis Marion,Food/Hospitality,2010,10,20,44,.45454547,SC
Francis Marion,Food/Hospitality,2013,1,56,74,.75675678,SC
Francis Marion,Food/Hospitality,2013,5,33,64,.515625,SC
Francis Marion,Food/Hospitality,2013,10,,,,SC
Francis Marion,Food/Hospitality,2016,1,64,85,.75294119,SC
Francis Marion,Food/Hospitality,2016,5,19,32,.59375,SC
Francis Marion,Food/Hospitality,2016,10,,,,SC
Francis Marion,Food/Hospitality,2019,1,43,56,.76785713,SC
Francis Marion,Food/Hospitality,2019,5,,,,SC
Francis Marion,Food/Hospitality,2019,10,,,,SC
Francis Marion,Health Care,2004,1,84,136,.61764705,SC
Francis Marion,Health Care,2004,5,113,164,.68902439,SC
Francis Marion,Health Care,2004,10,120,184,.65217394,SC
Francis Marion,Health Care,2007,1,182,237,.76793247,SC
Francis Marion,Health Care,2007,5,160,221,.72398192,SC
Francis Marion,Health Care,2007,10,184,277,.66425991,SC
Francis Marion,Health Care,2010,1,268,319,.84012538,SC
Francis Marion,Health Care,2010,5,289,372,.77688169,SC
Francis Marion,Health Care,2010,10,262,356,.73595506,SC
Francis Marion,Health Care,2013,1,307,376,.81648934,SC
Francis Marion,Health Care,2013,5,297,403,.73697269,SC
Francis Marion,Health Care,2013,10,,,,SC
Francis Marion,Health Care,2016,1,358,416,.86057693,SC
Francis Marion,Health Care,2016,5,317,391,.81074166,SC
Francis Marion,Health Care,2016,10,,,,SC
Francis Marion,Health Care,2019,1,333,381,.87401575,SC
Francis Marion,Health Care,2019,5,,,,SC
Francis Marion,Health Care,2019,10,,,,SC
Francis Marion,Information,2004,1,40,49,.81632656,SC
Francis Marion,Information,2004,5,20,29,.68965518,SC
Francis Marion,Information,2004,10,22,34,.64705884,SC
Francis Marion,Information,2007,1,27,51,.52941179,SC
Francis Marion,Information,2007,5,32,43,.74418604,SC
Francis Marion,Information,2007,10,22,43,.51162791,SC
Francis Marion,Information,2010,1,25,33,.75757575,SC
Francis Marion,Information,2010,5,31,40,.77499998,SC
Francis Marion,Information,2010,10,18,35,.51428574,SC
Francis Marion,Information,2013,1,12,22,.54545456,SC
Francis Marion,Information,2013,5,15,38,.39473686,SC
Francis Marion,Information,2013,10,,,,SC
Francis Marion,Information,2016,1,16,24,.66666669,SC
Francis Marion,Information,2016,5,14,19,.7368421,SC
Francis Marion,Information,2016,10,,,,SC
Francis Marion,Information,2019,1,8,13,.61538464,SC
Francis Marion,Information,2019,5,,,,SC
Francis Marion,Information,2019,10,,,,SC
Francis Marion,Management,2004,1,14,23,.60869563,SC
Francis Marion,Management,2004,5,9,14,.64285713,SC
Francis Marion,Management,2004,10,7,15,.46666667,SC
Francis Marion,Management,2007,1,12,15,.80000001,SC
Francis Marion,Management,2007,5,8,17,.47058824,SC
Francis Marion,Management,2007,10,6,18,.33333334,SC
Francis Marion,Management,2010,1,6,10,.60000002,SC
Francis Marion,Management,2010,5,15,23,.65217394,SC
Francis Marion,Management,2010,10,25,32,.78125,SC
Francis Marion,Management,2013,1,4,14,.2857143,SC
Francis Marion,Management,2013,5,13,24,.54166669,SC
Francis Marion,Management,2013,10,,,,SC
Francis Marion,Management,2016,1,9,12,.75,SC
Francis Marion,Management,2016,5,7,10,.69999999,SC
Francis Marion,Management,2016,10,,,,SC
Francis Marion,Management,2019,1,6,9,.66666669,SC
Francis Marion,Management,2019,5,,,,SC
Francis Marion,Management,2019,10,,,,SC
Francis Marion,Manufacturing,2004,1,55,89,.6179775,SC
Francis Marion,Manufacturing,2004,5,50,72,.69444442,SC
Francis Marion,Manufacturing,2004,10,53,76,.69736844,SC
Francis Marion,Manufacturing,2007,1,33,62,.53225809,SC
Francis Marion,Manufacturing,2007,5,48,75,.63999999,SC
Francis Marion,Manufacturing,2007,10,58,83,.6987952,SC
Francis Marion,Manufacturing,2010,1,35,48,.72916669,SC
Francis Marion,Manufacturing,2010,5,53,86,.61627907,SC
Francis Marion,Manufacturing,2010,10,55,81,.67901236,SC
Francis Marion,Manufacturing,2013,1,45,62,.72580647,SC
Francis Marion,Manufacturing,2013,5,60,103,.5825243,SC
Francis Marion,Manufacturing,2013,10,,,,SC
Francis Marion,Manufacturing,2016,1,51,73,.69863015,SC
Francis Marion,Manufacturing,2016,5,75,116,.64655173,SC
Francis Marion,Manufacturing,2016,10,,,,SC
Francis Marion,Manufacturing,2019,1,61,81,.75308645,SC
Francis Marion,Manufacturing,2019,5,,,,SC
Francis Marion,Manufacturing,2019,10,,,,SC
Francis Marion,Mining,2004,1,0,0,,SC
Francis Marion,Mining,2004,5,0,1,0,SC
Francis Marion,Mining,2004,10,0,0,,SC
Francis Marion,Mining,2007,1,0,0,,SC
Francis Marion,Mining,2007,5,1,2,.5,SC
Francis Marion,Mining,2007,10,0,0,,SC
Francis Marion,Mining,2010,1,0,3,0,SC
Francis Marion,Mining,2010,5,1,1,1,SC
Francis Marion,Mining,2010,10,0,0,,SC
Francis Marion,Mining,2013,1,0,0,,SC
Francis Marion,Mining,2013,5,0,3,0,SC
Francis Marion,Mining,2013,10,,,,SC
Francis Marion,Mining,2016,1,0,0,,SC
Francis Marion,Mining,2016,5,2,3,.66666669,SC
Francis Marion,Mining,2016,10,,,,SC
Francis Marion,Mining,2019,1,0,0,,SC
Francis Marion,Mining,2019,5,,,,SC
Francis Marion,Mining,2019,10,,,,SC
Francis Marion,Other Services,2004,1,10,25,.40000001,SC
Francis Marion,Other Services,2004,5,8,16,.5,SC
Francis Marion,Other Services,2004,10,2,5,.40000001,SC
Francis Marion,Other Services,2007,1,12,15,.80000001,SC
Francis Marion,Other Services,2007,5,11,19,.57894737,SC
Francis Marion,Other Services,2007,10,14,26,.53846157,SC
Francis Marion,Other Services,2010,1,9,18,.5,SC
Francis Marion,Other Services,2010,5,7,17,.41176471,SC
Francis Marion,Other Services,2010,10,14,19,.7368421,SC
Francis Marion,Other Services,2013,1,13,20,.64999998,SC
Francis Marion,Other Services,2013,5,14,22,.63636363,SC
Francis Marion,Other Services,2013,10,,,,SC
Francis Marion,Other Services,2016,1,1,5,.2,SC
Francis Marion,Other Services,2016,5,9,18,.5,SC
Francis Marion,Other Services,2016,10,,,,SC
Francis Marion,Other Services,2019,1,11,18,.6111111,SC
Francis Marion,Other Services,2019,5,,,,SC
Francis Marion,Other Services,2019,10,,,,SC
Francis Marion,Professional Services,2004,1,50,89,.56179774,SC
Francis Marion,Professional Services,2004,5,54,82,.65853661,SC
Francis Marion,Professional Services,2004,10,54,74,.72972971,SC
Francis Marion,Professional Services,2007,1,58,87,.66666669,SC
Francis Marion,Professional Services,2007,5,67,106,.63207549,SC
Francis Marion,Professional Services,2007,10,52,88,.59090906,SC
Francis Marion,Professional Services,2010,1,53,66,.80303031,SC
Francis Marion,Professional Services,2010,5,56,82,.68292683,SC
Francis Marion,Professional Services,2010,10,49,86,.56976742,SC
Francis Marion,Professional Services,2013,1,51,77,.66233766,SC
Francis Marion,Professional Services,2013,5,51,96,.53125,SC
Francis Marion,Professional Services,2013,10,,,,SC
Francis Marion,Professional Services,2016,1,50,66,.75757575,SC
Francis Marion,Professional Services,2016,5,71,98,.72448981,SC
Francis Marion,Professional Services,2016,10,,,,SC
Francis Marion,Professional Services,2019,1,48,65,.73846155,SC
Francis Marion,Professional Services,2019,5,,,,SC
Francis Marion,Professional Services,2019,10,,,,SC
Francis Marion,Public Admin,2004,1,44,83,.53012049,SC
Francis Marion,Public Admin,2004,5,74,101,.73267329,SC
Francis Marion,Public Admin,2004,10,74,96,.77083331,SC
Francis Marion,Public Admin,2007,1,46,75,.61333334,SC
Francis Marion,Public Admin,2007,5,69,103,.66990292,SC
Francis Marion,Public Admin,2007,10,86,117,.73504275,SC
Francis Marion,Public Admin,2010,1,36,64,.5625,SC
Francis Marion,Public Admin,2010,5,80,105,.76190478,SC
Francis Marion,Public Admin,2010,10,68,105,.64761907,SC
Francis Marion,Public Admin,2013,1,65,76,.85526317,SC
Francis Marion,Public Admin,2013,5,111,144,.77083331,SC
Francis Marion,Public Admin,2013,10,,,,SC
Francis Marion,Public Admin,2016,1,71,88,.80681819,SC
Francis Marion,Public Admin,2016,5,97,121,.80165291,SC
Francis Marion,Public Admin,2016,10,,,,SC
Francis Marion,Public Admin,2019,1,41,58,.70689654,SC
Francis Marion,Public Admin,2019,5,,,,SC
Francis Marion,Public Admin,2019,10,,,,SC
Francis Marion,Real Estate,2004,1,14,25,.56,SC
Francis Marion,Real Estate,2004,5,13,19,.68421054,SC
Francis Marion,Real Estate,2004,10,9,11,.81818181,SC
Francis Marion,Real Estate,2007,1,15,28,.53571427,SC
Francis Marion,Real Estate,2007,5,11,15,.73333335,SC
Francis Marion,Real Estate,2007,10,8,18,.44444445,SC
Francis Marion,Real Estate,2010,1,8,15,.53333336,SC
Francis Marion,Real Estate,2010,5,5,9,.55555558,SC
Francis Marion,Real Estate,2010,10,8,16,.5,SC
Francis Marion,Real Estate,2013,1,11,18,.6111111,SC
Francis Marion,Real Estate,2013,5,10,14,.71428573,SC
Francis Marion,Real Estate,2013,10,,,,SC
Francis Marion,Real Estate,2016,1,11,15,.73333335,SC
Francis Marion,Real Estate,2016,5,6,7,.85714287,SC
Francis Marion,Real Estate,2016,10,,,,SC
Francis Marion,Real Estate,2019,1,6,11,.54545456,SC
Francis Marion,Real Estate,2019,5,,,,SC
Francis Marion,Real Estate,2019,10,,,,SC
Francis Marion,Retail,2004,1,103,145,.71034485,SC
Francis Marion,Retail,2004,5,41,85,.48235294,SC
Francis Marion,Retail,2004,10,47,69,.68115944,SC
Francis Marion,Retail,2007,1,106,156,.67948717,SC
Francis Marion,Retail,2007,5,55,95,.57894737,SC
Francis Marion,Retail,2007,10,51,86,.59302324,SC
Francis Marion,Retail,2010,1,90,109,.82568806,SC
Francis Marion,Retail,2010,5,70,96,.72916669,SC
Francis Marion,Retail,2010,10,48,96,.5,SC
Francis Marion,Retail,2013,1,114,142,.80281693,SC
Francis Marion,Retail,2013,5,51,109,.4678899,SC
Francis Marion,Retail,2013,10,,,,SC
Francis Marion,Retail,2016,1,98,126,.77777779,SC
Francis Marion,Retail,2016,5,42,66,.63636363,SC
Francis Marion,Retail,2016,10,,,,SC
Francis Marion,Retail,2019,1,89,111,.8018018,SC
Francis Marion,Retail,2019,5,,,,SC
Francis Marion,Retail,2019,10,,,,SC
Francis Marion,Transportation,2004,1,10,26,.38461539,SC
Francis Marion,Transportation,2004,5,9,18,.5,SC
Francis Marion,Transportation,2004,10,9,20,.44999999,SC
Francis Marion,Transportation,2007,1,12,24,.5,SC
Francis Marion,Transportation,2007,5,12,18,.66666669,SC
Francis Marion,Transportation,2007,10,12,27,.44444445,SC
Francis Marion,Transportation,2010,1,9,22,.40909091,SC
Francis Marion,Transportation,2010,5,15,35,.42857143,SC
Francis Marion,Transportation,2010,10,13,31,.41935483,SC
Francis Marion,Transportation,2013,1,14,23,.60869563,SC
Francis Marion,Transportation,2013,5,12,31,.38709676,SC
Francis Marion,Transportation,2013,10,,,,SC
Francis Marion,Transportation,2016,1,18,26,.69230771,SC
Francis Marion,Transportation,2016,5,20,31,.64516127,SC
Francis Marion,Transportation,2016,10,,,,SC
Francis Marion,Transportation,2019,1,14,26,.53846157,SC
Francis Marion,Transportation,2019,5,,,,SC
Francis Marion,Transportation,2019,10,,,,SC
Francis Marion,Utilities,2004,1,4,5,.80000001,SC
Francis Marion,Utilities,2004,5,2,2,1,SC
Francis Marion,Utilities,2004,10,4,4,1,SC
Francis Marion,Utilities,2007,1,4,4,1,SC
Francis Marion,Utilities,2007,5,5,5,1,SC
Francis Marion,Utilities,2007,10,9,15,.60000002,SC
Francis Marion,Utilities,2010,1,5,5,1,SC
Francis Marion,Utilities,2010,5,13,21,.61904764,SC
Francis Marion,Utilities,2010,10,6,7,.85714287,SC
Francis Marion,Utilities,2013,1,3,3,1,SC
Francis Marion,Utilities,2013,5,6,6,1,SC
Francis Marion,Utilities,2013,10,,,,SC
Francis Marion,Utilities,2016,1,1,1,1,SC
Francis Marion,Utilities,2016,5,5,6,.83333331,SC
Francis Marion,Utilities,2016,10,,,,SC
Francis Marion,Utilities,2019,1,1,3,.33333334,SC
Francis Marion,Utilities,2019,5,,,,SC
Francis Marion,Utilities,2019,10,,,,SC
Francis Marion,Wholesale,2004,1,11,34,.32352942,SC
Francis Marion,Wholesale,2004,5,8,25,.31999999,SC
Francis Marion,Wholesale,2004,10,13,23,.56521738,SC
Francis Marion,Wholesale,2007,1,18,31,.58064514,SC
Francis Marion,Wholesale,2007,5,24,33,.72727275,SC
Francis Marion,Wholesale,2007,10,24,35,.6857143,SC
Francis Marion,Wholesale,2010,1,7,20,.34999999,SC
Francis Marion,Wholesale,2010,5,17,25,.68000001,SC
Francis Marion,Wholesale,2010,10,16,33,.4848485,SC
Francis Marion,Wholesale,2013,1,22,29,.75862068,SC
Francis Marion,Wholesale,2013,5,20,41,.48780489,SC
Francis Marion,Wholesale,2013,10,,,,SC
Francis Marion,Wholesale,2016,1,10,22,.45454547,SC
Francis Marion,Wholesale,2016,5,21,38,.55263156,SC
Francis Marion,Wholesale,2016,10,,,,SC
Francis Marion,Wholesale,2019,1,7,12,.58333331,SC
Francis Marion,Wholesale,2019,5,,,,SC
Francis Marion,Wholesale,2019,10,,,,SC
Lander,Admin/Waste,2004,1,34,64,.53125,SC
Lander,Admin/Waste,2004,5,17,39,.43589744,SC
Lander,Admin/Waste,2004,10,23,44,.52272725,SC
Lander,Admin/Waste,2007,1,57,89,.64044946,SC
Lander,Admin/Waste,2007,5,24,38,.63157892,SC
Lander,Admin/Waste,2007,10,22,46,.47826087,SC
Lander,Admin/Waste,2010,1,47,59,.79661018,SC
Lander,Admin/Waste,2010,5,31,62,.5,SC
Lander,Admin/Waste,2010,10,22,34,.64705884,SC
Lander,Admin/Waste,2013,1,48,78,.61538464,SC
Lander,Admin/Waste,2013,5,41,70,.58571428,SC
Lander,Admin/Waste,2013,10,,,,SC
Lander,Admin/Waste,2016,1,63,89,.70786518,SC
Lander,Admin/Waste,2016,5,43,72,.59722221,SC
Lander,Admin/Waste,2016,10,,,,SC
Lander,Admin/Waste,2019,1,49,59,.83050847,SC
Lander,Admin/Waste,2019,5,,,,SC
Lander,Admin/Waste,2019,10,,,,SC
Lander,Agriculture,2004,1,2,2,1,SC
Lander,Agriculture,2004,5,0,0,,SC
Lander,Agriculture,2004,10,0,0,,SC
Lander,Agriculture,2007,1,1,1,1,SC
Lander,Agriculture,2007,5,1,2,.5,SC
Lander,Agriculture,2007,10,0,0,,SC
Lander,Agriculture,2010,1,2,4,.5,SC
Lander,Agriculture,2010,5,1,2,.5,SC
Lander,Agriculture,2010,10,0,0,,SC
Lander,Agriculture,2013,1,0,0,,SC
Lander,Agriculture,2013,5,2,2,1,SC
Lander,Agriculture,2013,10,,,,SC
Lander,Agriculture,2016,1,1,3,.33333334,SC
Lander,Agriculture,2016,5,1,1,1,SC
Lander,Agriculture,2016,10,,,,SC
Lander,Agriculture,2019,1,2,2,1,SC
Lander,Agriculture,2019,5,,,,SC
Lander,Agriculture,2019,10,,,,SC
Lander,Arts/Entertainment,2004,1,7,8,.875,SC
Lander,Arts/Entertainment,2004,5,2,2,1,SC
Lander,Arts/Entertainment,2004,10,1,1,1,SC
Lander,Arts/Entertainment,2007,1,7,9,.77777779,SC
Lander,Arts/Entertainment,2007,5,4,4,1,SC
Lander,Arts/Entertainment,2007,10,0,1,0,SC
Lander,Arts/Entertainment,2010,1,5,8,.625,SC
Lander,Arts/Entertainment,2010,5,0,1,0,SC
Lander,Arts/Entertainment,2010,10,2,2,1,SC
Lander,Arts/Entertainment,2013,1,10,10,1,SC
Lander,Arts/Entertainment,2013,5,4,6,.66666669,SC
Lander,Arts/Entertainment,2013,10,,,,SC
Lander,Arts/Entertainment,2016,1,5,6,.83333331,SC
Lander,Arts/Entertainment,2016,5,5,6,.83333331,SC
Lander,Arts/Entertainment,2016,10,,,,SC
Lander,Arts/Entertainment,2019,1,2,4,.5,SC
Lander,Arts/Entertainment,2019,5,,,,SC
Lander,Arts/Entertainment,2019,10,,,,SC
Lander,Construction,2004,1,12,16,.75,SC
Lander,Construction,2004,5,13,20,.64999998,SC
Lander,Construction,2004,10,9,14,.64285713,SC
Lander,Construction,2007,1,7,17,.41176471,SC
Lander,Construction,2007,5,8,14,.5714286,SC
Lander,Construction,2007,10,6,14,.42857143,SC
Lander,Construction,2010,1,6,15,.40000001,SC
Lander,Construction,2010,5,7,10,.69999999,SC
Lander,Construction,2010,10,6,12,.5,SC
Lander,Construction,2013,1,12,16,.75,SC
Lander,Construction,2013,5,16,21,.76190478,SC
Lander,Construction,2013,10,,,,SC
Lander,Construction,2016,1,13,25,.51999998,SC
Lander,Construction,2016,5,10,25,.40000001,SC
Lander,Construction,2016,10,,,,SC
Lander,Construction,2019,1,7,15,.46666667,SC
Lander,Construction,2019,5,,,,SC
Lander,Construction,2019,10,,,,SC
Lander,Education,2004,1,230,271,.84870851,SC
Lander,Education,2004,5,238,269,.88475835,SC
Lander,Education,2004,10,255,312,.81730771,SC
Lander,Education,2007,1,140,180,.77777779,SC
Lander,Education,2007,5,200,226,.88495576,SC
Lander,Education,2007,10,205,243,.84362137,SC
Lander,Education,2010,1,146,183,.79781419,SC
Lander,Education,2010,5,186,237,.78481013,SC
Lander,Education,2010,10,194,272,.71323532,SC
Lander,Education,2013,1,185,230,.80434781,SC
Lander,Education,2013,5,215,259,.83011585,SC
Lander,Education,2013,10,,,,SC
Lander,Education,2016,1,191,222,.86036038,SC
Lander,Education,2016,5,233,290,.80344826,SC
Lander,Education,2016,10,,,,SC
Lander,Education,2019,1,181,215,.84186047,SC
Lander,Education,2019,5,,,,SC
Lander,Education,2019,10,,,,SC
Lander,Finance,2004,1,46,64,.71875,SC
Lander,Finance,2004,5,36,55,.65454543,SC
Lander,Finance,2004,10,38,57,.66666669,SC
Lander,Finance,2007,1,37,51,.72549021,SC
Lander,Finance,2007,5,41,54,.75925928,SC
Lander,Finance,2007,10,43,66,.65151513,SC
Lander,Finance,2010,1,28,35,.80000001,SC
Lander,Finance,2010,5,33,54,.6111111,SC
Lander,Finance,2010,10,34,58,.58620691,SC
Lander,Finance,2013,1,30,51,.58823532,SC
Lander,Finance,2013,5,35,63,.55555558,SC
Lander,Finance,2013,10,,,,SC
Lander,Finance,2016,1,38,56,.6785714,SC
Lander,Finance,2016,5,37,51,.72549021,SC
Lander,Finance,2016,10,,,,SC
Lander,Finance,2019,1,35,57,.61403507,SC
Lander,Finance,2019,5,,,,SC
Lander,Finance,2019,10,,,,SC
Lander,Food/Hospitality,2004,1,35,56,.625,SC
Lander,Food/Hospitality,2004,5,14,22,.63636363,SC
Lander,Food/Hospitality,2004,10,8,17,.47058824,SC
Lander,Food/Hospitality,2007,1,20,42,.47619048,SC
Lander,Food/Hospitality,2007,5,16,31,.51612902,SC
Lander,Food/Hospitality,2007,10,11,31,.3548387,SC
Lander,Food/Hospitality,2010,1,30,41,.73170733,SC
Lander,Food/Hospitality,2010,5,14,30,.46666667,SC
Lander,Food/Hospitality,2010,10,11,34,.32352942,SC
Lander,Food/Hospitality,2013,1,39,51,.7647059,SC
Lander,Food/Hospitality,2013,5,13,29,.44827586,SC
Lander,Food/Hospitality,2013,10,,,,SC
Lander,Food/Hospitality,2016,1,42,62,.67741936,SC
Lander,Food/Hospitality,2016,5,14,49,.2857143,SC
Lander,Food/Hospitality,2016,10,,,,SC
Lander,Food/Hospitality,2019,1,46,68,.67647058,SC
Lander,Food/Hospitality,2019,5,,,,SC
Lander,Food/Hospitality,2019,10,,,,SC
Lander,Health Care,2004,1,186,241,.77178425,SC
Lander,Health Care,2004,5,199,235,.84680849,SC
Lander,Health Care,2004,10,192,250,.76800001,SC
Lander,Health Care,2007,1,213,266,.80075186,SC
Lander,Health Care,2007,5,231,289,.79930794,SC
Lander,Health Care,2007,10,224,273,.82051283,SC
Lander,Health Care,2010,1,181,211,.85781991,SC
Lander,Health Care,2010,5,204,264,.77272725,SC
Lander,Health Care,2010,10,205,278,.73741007,SC
Lander,Health Care,2013,1,260,302,.86092716,SC
Lander,Health Care,2013,5,264,331,.7975831,SC
Lander,Health Care,2013,10,,,,SC
Lander,Health Care,2016,1,221,267,.82771534,SC
Lander,Health Care,2016,5,219,280,.78214288,SC
Lander,Health Care,2016,10,,,,SC
Lander,Health Care,2019,1,251,311,.80707395,SC
Lander,Health Care,2019,5,,,,SC
Lander,Health Care,2019,10,,,,SC
Lander,Information,2004,1,20,32,.625,SC
Lander,Information,2004,5,11,18,.6111111,SC
Lander,Information,2004,10,9,17,.52941179,SC
Lander,Information,2007,1,13,25,.51999998,SC
Lander,Information,2007,5,13,15,.86666667,SC
Lander,Information,2007,10,15,21,.71428573,SC
Lander,Information,2010,1,15,20,.75,SC
Lander,Information,2010,5,18,28,.64285713,SC
Lander,Information,2010,10,7,15,.46666667,SC
Lander,Information,2013,1,17,28,.60714287,SC
Lander,Information,2013,5,13,19,.68421054,SC
Lander,Information,2013,10,,,,SC
Lander,Information,2016,1,11,18,.6111111,SC
Lander,Information,2016,5,8,19,.42105263,SC
Lander,Information,2016,10,,,,SC
Lander,Information,2019,1,8,15,.53333336,SC
Lander,Information,2019,5,,,,SC
Lander,Information,2019,10,,,,SC
Lander,Management,2004,1,2,2,1,SC
Lander,Management,2004,5,5,11,.45454547,SC
Lander,Management,2004,10,2,3,.66666669,SC
Lander,Management,2007,1,1,6,.16666667,SC
Lander,Management,2007,5,1,1,1,SC
Lander,Management,2007,10,5,7,.71428573,SC
Lander,Management,2010,1,0,0,,SC
Lander,Management,2010,5,3,5,.60000002,SC
Lander,Management,2010,10,6,8,.75,SC
Lander,Management,2013,1,1,2,.5,SC
Lander,Management,2013,5,0,1,0,SC
Lander,Management,2013,10,,,,SC
Lander,Management,2016,1,2,3,.66666669,SC
Lander,Management,2016,5,5,5,1,SC
Lander,Management,2016,10,,,,SC
Lander,Management,2019,1,2,3,.66666669,SC
Lander,Management,2019,5,,,,SC
Lander,Management,2019,10,,,,SC
Lander,Manufacturing,2004,1,31,49,.63265306,SC
Lander,Manufacturing,2004,5,45,63,.71428573,SC
Lander,Manufacturing,2004,10,42,59,.71186441,SC
Lander,Manufacturing,2007,1,37,63,.58730161,SC
Lander,Manufacturing,2007,5,41,66,.62121212,SC
Lander,Manufacturing,2007,10,51,94,.54255319,SC
Lander,Manufacturing,2010,1,30,36,.83333331,SC
Lander,Manufacturing,2010,5,46,77,.59740257,SC
Lander,Manufacturing,2010,10,51,75,.68000001,SC
Lander,Manufacturing,2013,1,35,49,.71428573,SC
Lander,Manufacturing,2013,5,49,62,.7903226,SC
Lander,Manufacturing,2013,10,,,,SC
Lander,Manufacturing,2016,1,44,70,.62857145,SC
Lander,Manufacturing,2016,5,55,75,.73333335,SC
Lander,Manufacturing,2016,10,,,,SC
Lander,Manufacturing,2019,1,54,81,.66666669,SC
Lander,Manufacturing,2019,5,,,,SC
Lander,Manufacturing,2019,10,,,,SC
Lander,Mining,2004,1,1,1,1,SC
Lander,Mining,2004,5,0,0,,SC
Lander,Mining,2004,10,0,0,,SC
Lander,Mining,2007,1,0,0,,SC
Lander,Mining,2007,5,2,2,1,SC
Lander,Mining,2007,10,2,2,1,SC
Lander,Mining,2010,1,0,0,,SC
Lander,Mining,2010,5,0,1,0,SC
Lander,Mining,2010,10,1,5,.2,SC
Lander,Mining,2013,1,0,1,0,SC
Lander,Mining,2013,5,0,2,0,SC
Lander,Mining,2013,10,,,,SC
Lander,Mining,2016,1,0,0,,SC
Lander,Mining,2016,5,0,0,,SC
Lander,Mining,2016,10,,,,SC
Lander,Mining,2019,1,2,3,.66666669,SC
Lander,Mining,2019,5,,,,SC
Lander,Mining,2019,10,,,,SC
Lander,Other Services,2004,1,15,20,.75,SC
Lander,Other Services,2004,5,4,14,.2857143,SC
Lander,Other Services,2004,10,8,11,.72727275,SC
Lander,Other Services,2007,1,3,19,.15789473,SC
Lander,Other Services,2007,5,7,10,.69999999,SC
Lander,Other Services,2007,10,2,12,.16666667,SC
Lander,Other Services,2010,1,4,4,1,SC
Lander,Other Services,2010,5,8,18,.44444445,SC
Lander,Other Services,2010,10,4,13,.30769232,SC
Lander,Other Services,2013,1,8,18,.44444445,SC
Lander,Other Services,2013,5,1,4,.25,SC
Lander,Other Services,2013,10,,,,SC
Lander,Other Services,2016,1,10,20,.5,SC
Lander,Other Services,2016,5,9,19,.47368422,SC
Lander,Other Services,2016,10,,,,SC
Lander,Other Services,2019,1,14,17,.82352942,SC
Lander,Other Services,2019,5,,,,SC
Lander,Other Services,2019,10,,,,SC
Lander,Professional Services,2004,1,28,43,.6511628,SC
Lander,Professional Services,2004,5,32,64,.5,SC
Lander,Professional Services,2004,10,25,49,.51020408,SC
Lander,Professional Services,2007,1,36,63,.5714286,SC
Lander,Professional Services,2007,5,45,53,.8490566,SC
Lander,Professional Services,2007,10,29,56,.51785713,SC
Lander,Professional Services,2010,1,31,45,.68888891,SC
Lander,Professional Services,2010,5,41,70,.58571428,SC
Lander,Professional Services,2010,10,36,60,.60000002,SC
Lander,Professional Services,2013,1,39,58,.67241377,SC
Lander,Professional Services,2013,5,40,70,.5714286,SC
Lander,Professional Services,2013,10,,,,SC
Lander,Professional Services,2016,1,35,62,.56451613,SC
Lander,Professional Services,2016,5,43,73,.58904111,SC
Lander,Professional Services,2016,10,,,,SC
Lander,Professional Services,2019,1,44,80,.55000001,SC
Lander,Professional Services,2019,5,,,,SC
Lander,Professional Services,2019,10,,,,SC
Lander,Public Admin,2004,1,64,83,.77108431,SC
Lander,Public Admin,2004,5,78,90,.86666667,SC
Lander,Public Admin,2004,10,71,83,.85542166,SC
Lander,Public Admin,2007,1,47,64,.734375,SC
Lander,Public Admin,2007,5,66,75,.88,SC
Lander,Public Admin,2007,10,58,75,.77333331,SC
Lander,Public Admin,2010,1,33,52,.63461536,SC
Lander,Public Admin,2010,5,32,44,.72727275,SC
Lander,Public Admin,2010,10,43,57,.75438595,SC
Lander,Public Admin,2013,1,59,76,.77631581,SC
Lander,Public Admin,2013,5,78,91,.85714287,SC
Lander,Public Admin,2013,10,,,,SC
Lander,Public Admin,2016,1,50,69,.72463769,SC
Lander,Public Admin,2016,5,48,59,.81355929,SC
Lander,Public Admin,2016,10,,,,SC
Lander,Public Admin,2019,1,43,54,.7962963,SC
Lander,Public Admin,2019,5,,,,SC
Lander,Public Admin,2019,10,,,,SC
Lander,Real Estate,2004,1,14,21,.66666669,SC
Lander,Real Estate,2004,5,7,11,.63636363,SC
Lander,Real Estate,2004,10,3,4,.75,SC
Lander,Real Estate,2007,1,10,15,.66666669,SC
Lander,Real Estate,2007,5,9,9,1,SC
Lander,Real Estate,2007,10,11,12,.91666669,SC
Lander,Real Estate,2010,1,18,19,.94736844,SC
Lander,Real Estate,2010,5,11,14,.78571427,SC
Lander,Real Estate,2010,10,9,10,.89999998,SC
Lander,Real Estate,2013,1,14,21,.66666669,SC
Lander,Real Estate,2013,5,9,13,.69230771,SC
Lander,Real Estate,2013,10,,,,SC
Lander,Real Estate,2016,1,12,18,.66666669,SC
Lander,Real Estate,2016,5,2,6,.33333334,SC
Lander,Real Estate,2016,10,,,,SC
Lander,Real Estate,2019,1,11,18,.6111111,SC
Lander,Real Estate,2019,5,,,,SC
Lander,Real Estate,2019,10,,,,SC
Lander,Retail,2004,1,62,94,.65957445,SC
Lander,Retail,2004,5,37,65,.56923079,SC
Lander,Retail,2004,10,37,66,.56060606,SC
Lander,Retail,2007,1,63,94,.67021275,SC
Lander,Retail,2007,5,41,68,.60294116,SC
Lander,Retail,2007,10,31,61,.50819671,SC
Lander,Retail,2010,1,57,82,.69512194,SC
Lander,Retail,2010,5,46,87,.52873564,SC
Lander,Retail,2010,10,25,56,.44642857,SC
Lander,Retail,2013,1,71,106,.66981131,SC
Lander,Retail,2013,5,45,71,.63380283,SC
Lander,Retail,2013,10,,,,SC
Lander,Retail,2016,1,59,92,.64130437,SC
Lander,Retail,2016,5,35,54,.64814812,SC
Lander,Retail,2016,10,,,,SC
Lander,Retail,2019,1,68,102,.66666669,SC
Lander,Retail,2019,5,,,,SC
Lander,Retail,2019,10,,,,SC
Lander,Transportation,2004,1,11,20,.55000001,SC
Lander,Transportation,2004,5,4,17,.23529412,SC
Lander,Transportation,2004,10,8,16,.5,SC
Lander,Transportation,2007,1,9,14,.64285713,SC
Lander,Transportation,2007,5,2,13,.15384616,SC
Lander,Transportation,2007,10,13,24,.54166669,SC
Lander,Transportation,2010,1,4,10,.40000001,SC
Lander,Transportation,2010,5,2,11,.18181819,SC
Lander,Transportation,2010,10,8,13,.61538464,SC
Lander,Transportation,2013,1,6,28,.21428572,SC
Lander,Transportation,2013,5,7,22,.31818181,SC
Lander,Transportation,2013,10,,,,SC
Lander,Transportation,2016,1,13,25,.51999998,SC
Lander,Transportation,2016,5,13,27,.48148149,SC
Lander,Transportation,2016,10,,,,SC
Lander,Transportation,2019,1,11,27,.4074074,SC
Lander,Transportation,2019,5,,,,SC
Lander,Transportation,2019,10,,,,SC
Lander,Utilities,2004,1,0,0,,SC
Lander,Utilities,2004,5,2,7,.2857143,SC
Lander,Utilities,2004,10,4,6,.66666669,SC
Lander,Utilities,2007,1,3,4,.75,SC
Lander,Utilities,2007,5,1,3,.33333334,SC
Lander,Utilities,2007,10,7,8,.875,SC
Lander,Utilities,2010,1,3,3,1,SC
Lander,Utilities,2010,5,3,3,1,SC
Lander,Utilities,2010,10,4,8,.5,SC
Lander,Utilities,2013,1,1,1,1,SC
Lander,Utilities,2013,5,1,1,1,SC
Lander,Utilities,2013,10,,,,SC
Lander,Utilities,2016,1,0,1,0,SC
Lander,Utilities,2016,5,0,0,,SC
Lander,Utilities,2016,10,,,,SC
Lander,Utilities,2019,1,1,1,1,SC
Lander,Utilities,2019,5,,,,SC
Lander,Utilities,2019,10,,,,SC
Lander,Wholesale,2004,1,19,25,.75999999,SC
Lander,Wholesale,2004,5,14,20,.69999999,SC
Lander,Wholesale,2004,10,23,40,.57499999,SC
Lander,Wholesale,2007,1,17,22,.77272725,SC
Lander,Wholesale,2007,5,14,21,.66666669,SC
Lander,Wholesale,2007,10,16,28,.5714286,SC
Lander,Wholesale,2010,1,15,28,.53571427,SC
Lander,Wholesale,2010,5,30,37,.8108108,SC
Lander,Wholesale,2010,10,33,39,.84615386,SC
Lander,Wholesale,2013,1,16,26,.61538464,SC
Lander,Wholesale,2013,5,29,39,.74358976,SC
Lander,Wholesale,2013,10,,,,SC
Lander,Wholesale,2016,1,15,29,.51724136,SC
Lander,Wholesale,2016,5,17,28,.60714287,SC
Lander,Wholesale,2016,10,,,,SC
Lander,Wholesale,2019,1,19,31,.61290324,SC
Lander,Wholesale,2019,5,,,,SC
Lander,Wholesale,2019,10,,,,SC
SC State,Admin/Waste,2004,1,62,88,.70454544,SC
SC State,Admin/Waste,2004,5,24,61,.39344263,SC
SC State,Admin/Waste,2004,10,36,86,.41860464,SC
SC State,Admin/Waste,2007,1,45,70,.64285713,SC
SC State,Admin/Waste,2007,5,56,96,.58333331,SC
SC State,Admin/Waste,2007,10,56,86,.6511628,SC
SC State,Admin/Waste,2010,1,55,89,.6179775,SC
SC State,Admin/Waste,2010,5,70,107,.65420562,SC
SC State,Admin/Waste,2010,10,51,92,.55434781,SC
SC State,Admin/Waste,2013,1,67,122,.54918033,SC
SC State,Admin/Waste,2013,5,49,112,.4375,SC
SC State,Admin/Waste,2013,10,,,,SC
SC State,Admin/Waste,2016,1,49,88,.55681819,SC
SC State,Admin/Waste,2016,5,31,63,.49206349,SC
SC State,Admin/Waste,2016,10,,,,SC
SC State,Admin/Waste,2019,1,40,85,.47058824,SC
SC State,Admin/Waste,2019,5,,,,SC
SC State,Admin/Waste,2019,10,,,,SC
SC State,Agriculture,2004,1,0,1,0,SC
SC State,Agriculture,2004,5,0,0,,SC
SC State,Agriculture,2004,10,1,1,1,SC
SC State,Agriculture,2007,1,2,2,1,SC
SC State,Agriculture,2007,5,1,7,.14285715,SC
SC State,Agriculture,2007,10,2,9,.22222222,SC
SC State,Agriculture,2010,1,1,1,1,SC
SC State,Agriculture,2010,5,1,4,.25,SC
SC State,Agriculture,2010,10,1,1,1,SC
SC State,Agriculture,2013,1,2,3,.66666669,SC
SC State,Agriculture,2013,5,1,6,.16666667,SC
SC State,Agriculture,2013,10,,,,SC
SC State,Agriculture,2016,1,4,4,1,SC
SC State,Agriculture,2016,5,0,0,,SC
SC State,Agriculture,2016,10,,,,SC
SC State,Agriculture,2019,1,0,1,0,SC
SC State,Agriculture,2019,5,,,,SC
SC State,Agriculture,2019,10,,,,SC
SC State,Arts/Entertainment,2004,1,5,8,.625,SC
SC State,Arts/Entertainment,2004,5,2,4,.5,SC
SC State,Arts/Entertainment,2004,10,0,0,,SC
SC State,Arts/Entertainment,2007,1,3,3,1,SC
SC State,Arts/Entertainment,2007,5,5,12,.41666666,SC
SC State,Arts/Entertainment,2007,10,7,10,.69999999,SC
SC State,Arts/Entertainment,2010,1,1,9,.11111111,SC
SC State,Arts/Entertainment,2010,5,5,8,.625,SC
SC State,Arts/Entertainment,2010,10,5,11,.45454547,SC
SC State,Arts/Entertainment,2013,1,5,17,.29411766,SC
SC State,Arts/Entertainment,2013,5,2,9,.22222222,SC
SC State,Arts/Entertainment,2013,10,,,,SC
SC State,Arts/Entertainment,2016,1,2,6,.33333334,SC
SC State,Arts/Entertainment,2016,5,3,7,.42857143,SC
SC State,Arts/Entertainment,2016,10,,,,SC
SC State,Arts/Entertainment,2019,1,4,12,.33333334,SC
SC State,Arts/Entertainment,2019,5,,,,SC
SC State,Arts/Entertainment,2019,10,,,,SC
SC State,Construction,2004,1,9,9,1,SC
SC State,Construction,2004,5,1,8,.125,SC
SC State,Construction,2004,10,5,19,.2631579,SC
SC State,Construction,2007,1,3,8,.375,SC
SC State,Construction,2007,5,6,21,.2857143,SC
SC State,Construction,2007,10,13,21,.61904764,SC
SC State,Construction,2010,1,5,11,.45454547,SC
SC State,Construction,2010,5,7,12,.58333331,SC
SC State,Construction,2010,10,11,28,.39285713,SC
SC State,Construction,2013,1,5,9,.55555558,SC
SC State,Construction,2013,5,13,24,.54166669,SC
SC State,Construction,2013,10,,,,SC
SC State,Construction,2016,1,6,14,.42857143,SC
SC State,Construction,2016,5,4,19,.21052632,SC
SC State,Construction,2016,10,,,,SC
SC State,Construction,2019,1,6,18,.33333334,SC
SC State,Construction,2019,5,,,,SC
SC State,Construction,2019,10,,,,SC
SC State,Education,2004,1,154,223,.69058293,SC
SC State,Education,2004,5,176,254,.69291341,SC
SC State,Education,2004,10,194,317,.61198735,SC
SC State,Education,2007,1,129,158,.81645572,SC
SC State,Education,2007,5,148,200,.74000001,SC
SC State,Education,2007,10,163,253,.64426875,SC
SC State,Education,2010,1,113,187,.60427809,SC
SC State,Education,2010,5,160,256,.625,SC
SC State,Education,2010,10,146,277,.52707583,SC
SC State,Education,2013,1,120,220,.54545456,SC
SC State,Education,2013,5,148,268,.55223882,SC
SC State,Education,2013,10,,,,SC
SC State,Education,2016,1,73,120,.60833335,SC
SC State,Education,2016,5,75,136,.55147058,SC
SC State,Education,2016,10,,,,SC
SC State,Education,2019,1,61,120,.50833333,SC
SC State,Education,2019,5,,,,SC
SC State,Education,2019,10,,,,SC
SC State,Finance,2004,1,43,68,.63235295,SC
SC State,Finance,2004,5,41,71,.57746476,SC
SC State,Finance,2004,10,31,80,.38749999,SC
SC State,Finance,2007,1,27,33,.81818181,SC
SC State,Finance,2007,5,37,69,.53623188,SC
SC State,Finance,2007,10,34,64,.53125,SC
SC State,Finance,2010,1,21,30,.69999999,SC
SC State,Finance,2010,5,30,48,.625,SC
SC State,Finance,2010,10,40,67,.5970149,SC
SC State,Finance,2013,1,19,52,.36538461,SC
SC State,Finance,2013,5,30,55,.54545456,SC
SC State,Finance,2013,10,,,,SC
SC State,Finance,2016,1,18,33,.54545456,SC
SC State,Finance,2016,5,16,20,.80000001,SC
SC State,Finance,2016,10,,,,SC
SC State,Finance,2019,1,9,28,.32142857,SC
SC State,Finance,2019,5,,,,SC
SC State,Finance,2019,10,,,,SC
SC State,Food/Hospitality,2004,1,22,40,.55000001,SC
SC State,Food/Hospitality,2004,5,11,26,.42307693,SC
SC State,Food/Hospitality,2004,10,3,18,.16666667,SC
SC State,Food/Hospitality,2007,1,24,26,.92307693,SC
SC State,Food/Hospitality,2007,5,16,35,.45714286,SC
SC State,Food/Hospitality,2007,10,9,31,.29032257,SC
SC State,Food/Hospitality,2010,1,29,50,.57999998,SC
SC State,Food/Hospitality,2010,5,18,33,.54545456,SC
SC State,Food/Hospitality,2010,10,11,46,.23913044,SC
SC State,Food/Hospitality,2013,1,39,71,.54929578,SC
SC State,Food/Hospitality,2013,5,22,49,.44897959,SC
SC State,Food/Hospitality,2013,10,,,,SC
SC State,Food/Hospitality,2016,1,23,42,.54761904,SC
SC State,Food/Hospitality,2016,5,10,25,.40000001,SC
SC State,Food/Hospitality,2016,10,,,,SC
SC State,Food/Hospitality,2019,1,17,59,.28813559,SC
SC State,Food/Hospitality,2019,5,,,,SC
SC State,Food/Hospitality,2019,10,,,,SC
SC State,Health Care,2004,1,108,173,.62427747,SC
SC State,Health Care,2004,5,108,174,.62068963,SC
SC State,Health Care,2004,10,112,241,.46473029,SC
SC State,Health Care,2007,1,90,106,.8490566,SC
SC State,Health Care,2007,5,120,175,.6857143,SC
SC State,Health Care,2007,10,135,242,.55785125,SC
SC State,Health Care,2010,1,107,168,.63690478,SC
SC State,Health Care,2010,5,150,261,.57471263,SC
SC State,Health Care,2010,10,132,247,.53441298,SC
SC State,Health Care,2013,1,112,181,.61878455,SC
SC State,Health Care,2013,5,136,252,.53968257,SC
SC State,Health Care,2013,10,,,,SC
SC State,Health Care,2016,1,47,104,.45192307,SC
SC State,Health Care,2016,5,57,106,.53773582,SC
SC State,Health Care,2016,10,,,,SC
SC State,Health Care,2019,1,60,128,.46875,SC
SC State,Health Care,2019,5,,,,SC
SC State,Health Care,2019,10,,,,SC
SC State,Information,2004,1,13,22,.59090906,SC
SC State,Information,2004,5,20,30,.66666669,SC
SC State,Information,2004,10,7,24,.29166666,SC
SC State,Information,2007,1,17,20,.85000002,SC
SC State,Information,2007,5,14,25,.56,SC
SC State,Information,2007,10,8,20,.40000001,SC
SC State,Information,2010,1,4,13,.30769232,SC
SC State,Information,2010,5,5,19,.2631579,SC
SC State,Information,2010,10,7,19,.36842105,SC
SC State,Information,2013,1,10,19,.52631581,SC
SC State,Information,2013,5,15,23,.65217394,SC
SC State,Information,2013,10,,,,SC
SC State,Information,2016,1,10,16,.625,SC
SC State,Information,2016,5,10,18,.55555558,SC
SC State,Information,2016,10,,,,SC
SC State,Information,2019,1,7,20,.34999999,SC
SC State,Information,2019,5,,,,SC
SC State,Information,2019,10,,,,SC
SC State,Management,2004,1,8,8,1,SC
SC State,Management,2004,5,9,22,.40909091,SC
SC State,Management,2004,10,8,16,.5,SC
SC State,Management,2007,1,12,12,1,SC
SC State,Management,2007,5,4,12,.33333334,SC
SC State,Management,2007,10,2,3,.66666669,SC
SC State,Management,2010,1,3,6,.5,SC
SC State,Management,2010,5,4,9,.44444445,SC
SC State,Management,2010,10,7,11,.63636363,SC
SC State,Management,2013,1,3,21,.14285715,SC
SC State,Management,2013,5,4,9,.44444445,SC
SC State,Management,2013,10,,,,SC
SC State,Management,2016,1,1,6,.16666667,SC
SC State,Management,2016,5,2,10,.2,SC
SC State,Management,2016,10,,,,SC
SC State,Management,2019,1,0,4,0,SC
SC State,Management,2019,5,,,,SC
SC State,Management,2019,10,,,,SC
SC State,Manufacturing,2004,1,66,100,.66000003,SC
SC State,Manufacturing,2004,5,53,107,.49532712,SC
SC State,Manufacturing,2004,10,65,117,.55555558,SC
SC State,Manufacturing,2007,1,31,49,.63265306,SC
SC State,Manufacturing,2007,5,63,106,.59433961,SC
SC State,Manufacturing,2007,10,82,118,.69491524,SC
SC State,Manufacturing,2010,1,41,80,.51249999,SC
SC State,Manufacturing,2010,5,56,86,.6511628,SC
SC State,Manufacturing,2010,10,64,101,.63366336,SC
SC State,Manufacturing,2013,1,47,82,.57317072,SC
SC State,Manufacturing,2013,5,69,119,.57983196,SC
SC State,Manufacturing,2013,10,,,,SC
SC State,Manufacturing,2016,1,26,63,.41269842,SC
SC State,Manufacturing,2016,5,29,51,.56862748,SC
SC State,Manufacturing,2016,10,,,,SC
SC State,Manufacturing,2019,1,25,63,.3968254,SC
SC State,Manufacturing,2019,5,,,,SC
SC State,Manufacturing,2019,10,,,,SC
SC State,Mining,2004,1,0,1,0,SC
SC State,Mining,2004,5,0,0,,SC
SC State,Mining,2004,10,0,0,,SC
SC State,Mining,2007,1,0,0,,SC
SC State,Mining,2007,5,0,2,0,SC
SC State,Mining,2007,10,0,0,,SC
SC State,Mining,2010,1,0,1,0,SC
SC State,Mining,2010,5,0,0,,SC
SC State,Mining,2010,10,2,4,.5,SC
SC State,Mining,2013,1,0,1,0,SC
SC State,Mining,2013,5,3,3,1,SC
SC State,Mining,2013,10,,,,SC
SC State,Mining,2016,1,2,4,.5,SC
SC State,Mining,2016,5,1,3,.33333334,SC
SC State,Mining,2016,10,,,,SC
SC State,Mining,2019,1,0,3,0,SC
SC State,Mining,2019,5,,,,SC
SC State,Mining,2019,10,,,,SC
SC State,Other Services,2004,1,10,15,.66666669,SC
SC State,Other Services,2004,5,10,16,.625,SC
SC State,Other Services,2004,10,8,15,.53333336,SC
SC State,Other Services,2007,1,5,5,1,SC
SC State,Other Services,2007,5,5,14,.35714287,SC
SC State,Other Services,2007,10,8,19,.42105263,SC
SC State,Other Services,2010,1,15,22,.68181819,SC
SC State,Other Services,2010,5,7,16,.4375,SC
SC State,Other Services,2010,10,9,25,.36000001,SC
SC State,Other Services,2013,1,11,25,.44,SC
SC State,Other Services,2013,5,8,19,.42105263,SC
SC State,Other Services,2013,10,,,,SC
SC State,Other Services,2016,1,3,10,.30000001,SC
SC State,Other Services,2016,5,1,5,.2,SC
SC State,Other Services,2016,10,,,,SC
SC State,Other Services,2019,1,2,13,.15384616,SC
SC State,Other Services,2019,5,,,,SC
SC State,Other Services,2019,10,,,,SC
SC State,Professional Services,2004,1,10,35,.2857143,SC
SC State,Professional Services,2004,5,20,53,.3773585,SC
SC State,Professional Services,2004,10,25,59,.42372882,SC
SC State,Professional Services,2007,1,18,26,.69230771,SC
SC State,Professional Services,2007,5,15,52,.28846154,SC
SC State,Professional Services,2007,10,17,61,.27868852,SC
SC State,Professional Services,2010,1,31,51,.60784316,SC
SC State,Professional Services,2010,5,40,71,.5633803,SC
SC State,Professional Services,2010,10,28,98,.2857143,SC
SC State,Professional Services,2013,1,29,71,.40845069,SC
SC State,Professional Services,2013,5,28,81,.34567901,SC
SC State,Professional Services,2013,10,,,,SC
SC State,Professional Services,2016,1,16,35,.45714286,SC
SC State,Professional Services,2016,5,9,33,.27272728,SC
SC State,Professional Services,2016,10,,,,SC
SC State,Professional Services,2019,1,15,41,.36585367,SC
SC State,Professional Services,2019,5,,,,SC
SC State,Professional Services,2019,10,,,,SC
SC State,Public Admin,2004,1,69,97,.71134019,SC
SC State,Public Admin,2004,5,93,139,.66906476,SC
SC State,Public Admin,2004,10,100,160,.625,SC
SC State,Public Admin,2007,1,32,46,.69565219,SC
SC State,Public Admin,2007,5,68,120,.56666666,SC
SC State,Public Admin,2007,10,110,160,.6875,SC
SC State,Public Admin,2010,1,54,80,.67500001,SC
SC State,Public Admin,2010,5,101,143,.7062937,SC
SC State,Public Admin,2010,10,93,169,.55029583,SC
SC State,Public Admin,2013,1,66,130,.50769234,SC
SC State,Public Admin,2013,5,103,158,.65189874,SC
SC State,Public Admin,2013,10,,,,SC
SC State,Public Admin,2016,1,53,82,.64634144,SC
SC State,Public Admin,2016,5,64,73,.87671232,SC
SC State,Public Admin,2016,10,,,,SC
SC State,Public Admin,2019,1,52,88,.59090906,SC
SC State,Public Admin,2019,5,,,,SC
SC State,Public Admin,2019,10,,,,SC
SC State,Real Estate,2004,1,12,21,.5714286,SC
SC State,Real Estate,2004,5,1,5,.2,SC
SC State,Real Estate,2004,10,3,11,.27272728,SC
SC State,Real Estate,2007,1,3,6,.5,SC
SC State,Real Estate,2007,5,6,13,.46153846,SC
SC State,Real Estate,2007,10,1,10,.1,SC
SC State,Real Estate,2010,1,5,10,.5,SC
SC State,Real Estate,2010,5,8,20,.40000001,SC
SC State,Real Estate,2010,10,9,10,.89999998,SC
SC State,Real Estate,2013,1,1,14,.071428575,SC
SC State,Real Estate,2013,5,6,25,.23999999,SC
SC State,Real Estate,2013,10,,,,SC
SC State,Real Estate,2016,1,2,5,.40000001,SC
SC State,Real Estate,2016,5,6,14,.42857143,SC
SC State,Real Estate,2016,10,,,,SC
SC State,Real Estate,2019,1,7,19,.36842105,SC
SC State,Real Estate,2019,5,,,,SC
SC State,Real Estate,2019,10,,,,SC
SC State,Retail,2004,1,78,129,.60465115,SC
SC State,Retail,2004,5,33,83,.39759037,SC
SC State,Retail,2004,10,25,72,.34722221,SC
SC State,Retail,2007,1,86,121,.71074378,SC
SC State,Retail,2007,5,64,125,.51200002,SC
SC State,Retail,2007,10,49,88,.55681819,SC
SC State,Retail,2010,1,84,134,.62686568,SC
SC State,Retail,2010,5,63,110,.57272726,SC
SC State,Retail,2010,10,52,99,.52525252,SC
SC State,Retail,2013,1,69,124,.55645162,SC
SC State,Retail,2013,5,33,103,.32038835,SC
SC State,Retail,2013,10,,,,SC
SC State,Retail,2016,1,52,97,.53608245,SC
SC State,Retail,2016,5,31,57,.54385966,SC
SC State,Retail,2016,10,,,,SC
SC State,Retail,2019,1,52,87,.59770113,SC
SC State,Retail,2019,5,,,,SC
SC State,Retail,2019,10,,,,SC
SC State,Transportation,2004,1,13,16,.8125,SC
SC State,Transportation,2004,5,9,27,.33333334,SC
SC State,Transportation,2004,10,11,25,.44,SC
SC State,Transportation,2007,1,10,11,.90909094,SC
SC State,Transportation,2007,5,7,31,.22580644,SC
SC State,Transportation,2007,10,13,32,.40625,SC
SC State,Transportation,2010,1,15,29,.51724136,SC
SC State,Transportation,2010,5,11,20,.55000001,SC
SC State,Transportation,2010,10,23,35,.65714288,SC
SC State,Transportation,2013,1,13,26,.5,SC
SC State,Transportation,2013,5,13,43,.30232558,SC
SC State,Transportation,2013,10,,,,SC
SC State,Transportation,2016,1,10,29,.34482759,SC
SC State,Transportation,2016,5,16,33,.4848485,SC
SC State,Transportation,2016,10,,,,SC
SC State,Transportation,2019,1,23,46,.5,SC
SC State,Transportation,2019,5,,,,SC
SC State,Transportation,2019,10,,,,SC
SC State,Utilities,2004,1,0,0,,SC
SC State,Utilities,2004,5,7,9,.77777779,SC
SC State,Utilities,2004,10,6,6,1,SC
SC State,Utilities,2007,1,1,1,1,SC
SC State,Utilities,2007,5,2,4,.5,SC
SC State,Utilities,2007,10,0,1,0,SC
SC State,Utilities,2010,1,4,7,.5714286,SC
SC State,Utilities,2010,5,1,1,1,SC
SC State,Utilities,2010,10,6,8,.75,SC
SC State,Utilities,2013,1,1,4,.25,SC
SC State,Utilities,2013,5,5,5,1,SC
SC State,Utilities,2013,10,,,,SC
SC State,Utilities,2016,1,1,2,.5,SC
SC State,Utilities,2016,5,1,1,1,SC
SC State,Utilities,2016,10,,,,SC
SC State,Utilities,2019,1,1,7,.14285715,SC
SC State,Utilities,2019,5,,,,SC
SC State,Utilities,2019,10,,,,SC
SC State,Wholesale,2004,1,7,12,.58333331,SC
SC State,Wholesale,2004,5,6,12,.5,SC
SC State,Wholesale,2004,10,8,28,.2857143,SC
SC State,Wholesale,2007,1,5,7,.71428573,SC
SC State,Wholesale,2007,5,3,11,.27272728,SC
SC State,Wholesale,2007,10,7,17,.41176471,SC
SC State,Wholesale,2010,1,4,24,.16666667,SC
SC State,Wholesale,2010,5,7,13,.53846157,SC
SC State,Wholesale,2010,10,10,19,.52631581,SC
SC State,Wholesale,2013,1,5,18,.27777779,SC
SC State,Wholesale,2013,5,3,16,.1875,SC
SC State,Wholesale,2013,10,,,,SC
SC State,Wholesale,2016,1,10,16,.625,SC
SC State,Wholesale,2016,5,10,13,.76923078,SC
SC State,Wholesale,2016,10,,,,SC
SC State,Wholesale,2019,1,6,16,.375,SC
SC State,Wholesale,2019,5,,,,SC
SC State,Wholesale,2019,10,,,,SC
The Citadel,Admin/Waste,2004,1,13,24,.54166669,SC
The Citadel,Admin/Waste,2004,5,11,27,.4074074,SC
The Citadel,Admin/Waste,2004,10,17,39,.43589744,SC
The Citadel,Admin/Waste,2007,1,18,29,.62068963,SC
The Citadel,Admin/Waste,2007,5,17,31,.54838711,SC
The Citadel,Admin/Waste,2007,10,15,36,.41666666,SC
The Citadel,Admin/Waste,2010,1,36,58,.62068963,SC
The Citadel,Admin/Waste,2010,5,20,39,.51282054,SC
The Citadel,Admin/Waste,2010,10,19,53,.35849056,SC
The Citadel,Admin/Waste,2013,1,36,54,.66666669,SC
The Citadel,Admin/Waste,2013,5,31,47,.65957445,SC
The Citadel,Admin/Waste,2013,10,,,,SC
The Citadel,Admin/Waste,2016,1,38,58,.65517241,SC
The Citadel,Admin/Waste,2016,5,23,54,.42592594,SC
The Citadel,Admin/Waste,2016,10,,,,SC
The Citadel,Admin/Waste,2019,1,31,48,.64583331,SC
The Citadel,Admin/Waste,2019,5,,,,SC
The Citadel,Admin/Waste,2019,10,,,,SC
The Citadel,Agriculture,2004,1,1,1,1,SC
The Citadel,Agriculture,2004,5,2,3,.66666669,SC
The Citadel,Agriculture,2004,10,0,0,,SC
The Citadel,Agriculture,2007,1,0,0,,SC
The Citadel,Agriculture,2007,5,3,5,.60000002,SC
The Citadel,Agriculture,2007,10,1,1,1,SC
The Citadel,Agriculture,2010,1,0,0,,SC
The Citadel,Agriculture,2010,5,0,2,0,SC
The Citadel,Agriculture,2010,10,1,1,1,SC
The Citadel,Agriculture,2013,1,1,1,1,SC
The Citadel,Agriculture,2013,5,4,5,.80000001,SC
The Citadel,Agriculture,2013,10,,,,SC
The Citadel,Agriculture,2016,1,1,1,1,SC
The Citadel,Agriculture,2016,5,1,4,.25,SC
The Citadel,Agriculture,2016,10,,,,SC
The Citadel,Agriculture,2019,1,0,1,0,SC
The Citadel,Agriculture,2019,5,,,,SC
The Citadel,Agriculture,2019,10,,,,SC
The Citadel,Arts/Entertainment,2004,1,1,5,.2,SC
The Citadel,Arts/Entertainment,2004,5,0,3,0,SC
The Citadel,Arts/Entertainment,2004,10,2,3,.66666669,SC
The Citadel,Arts/Entertainment,2007,1,6,8,.75,SC
The Citadel,Arts/Entertainment,2007,5,2,3,.66666669,SC
The Citadel,Arts/Entertainment,2007,10,3,4,.75,SC
The Citadel,Arts/Entertainment,2010,1,4,5,.80000001,SC
The Citadel,Arts/Entertainment,2010,5,8,9,.8888889,SC
The Citadel,Arts/Entertainment,2010,10,3,5,.60000002,SC
The Citadel,Arts/Entertainment,2013,1,7,10,.69999999,SC
The Citadel,Arts/Entertainment,2013,5,4,9,.44444445,SC
The Citadel,Arts/Entertainment,2013,10,,,,SC
The Citadel,Arts/Entertainment,2016,1,2,4,.5,SC
The Citadel,Arts/Entertainment,2016,5,3,9,.33333334,SC
The Citadel,Arts/Entertainment,2016,10,,,,SC
The Citadel,Arts/Entertainment,2019,1,5,13,.38461539,SC
The Citadel,Arts/Entertainment,2019,5,,,,SC
The Citadel,Arts/Entertainment,2019,10,,,,SC
The Citadel,Construction,2004,1,34,55,.61818182,SC
The Citadel,Construction,2004,5,32,48,.66666669,SC
The Citadel,Construction,2004,10,29,49,.59183675,SC
The Citadel,Construction,2007,1,17,29,.58620691,SC
The Citadel,Construction,2007,5,19,39,.48717949,SC
The Citadel,Construction,2007,10,26,61,.42622951,SC
The Citadel,Construction,2010,1,26,41,.63414633,SC
The Citadel,Construction,2010,5,27,52,.51923078,SC
The Citadel,Construction,2010,10,38,61,.62295079,SC
The Citadel,Construction,2013,1,45,79,.56962025,SC
The Citadel,Construction,2013,5,43,84,.51190478,SC
The Citadel,Construction,2013,10,,,,SC
The Citadel,Construction,2016,1,47,82,.57317072,SC
The Citadel,Construction,2016,5,67,112,.59821427,SC
The Citadel,Construction,2016,10,,,,SC
The Citadel,Construction,2019,1,73,91,.80219781,SC
The Citadel,Construction,2019,5,,,,SC
The Citadel,Construction,2019,10,,,,SC
The Citadel,Education,2004,1,28,49,.5714286,SC
The Citadel,Education,2004,5,25,61,.40983605,SC
The Citadel,Education,2004,10,24,55,.43636364,SC
The Citadel,Education,2007,1,19,39,.48717949,SC
The Citadel,Education,2007,5,26,62,.41935483,SC
The Citadel,Education,2007,10,30,61,.49180329,SC
The Citadel,Education,2010,1,16,41,.39024389,SC
The Citadel,Education,2010,5,20,63,.31746033,SC
The Citadel,Education,2010,10,24,75,.31999999,SC
The Citadel,Education,2013,1,20,37,.54054052,SC
The Citadel,Education,2013,5,25,72,.34722221,SC
The Citadel,Education,2013,10,,,,SC
The Citadel,Education,2016,1,44,83,.53012049,SC
The Citadel,Education,2016,5,26,59,.44067797,SC
The Citadel,Education,2016,10,,,,SC
The Citadel,Education,2019,1,20,44,.45454547,SC
The Citadel,Education,2019,5,,,,SC
The Citadel,Education,2019,10,,,,SC
The Citadel,Finance,2004,1,31,52,.59615386,SC
The Citadel,Finance,2004,5,28,46,.60869563,SC
The Citadel,Finance,2004,10,21,57,.36842105,SC
The Citadel,Finance,2007,1,20,50,.40000001,SC
The Citadel,Finance,2007,5,19,44,.43181819,SC
The Citadel,Finance,2007,10,22,49,.44897959,SC
The Citadel,Finance,2010,1,27,41,.65853661,SC
The Citadel,Finance,2010,5,26,44,.59090906,SC
The Citadel,Finance,2010,10,18,47,.38297874,SC
The Citadel,Finance,2013,1,25,51,.49019608,SC
The Citadel,Finance,2013,5,24,55,.43636364,SC
The Citadel,Finance,2013,10,,,,SC
The Citadel,Finance,2016,1,24,47,.5106383,SC
The Citadel,Finance,2016,5,22,55,.40000001,SC
The Citadel,Finance,2016,10,,,,SC
The Citadel,Finance,2019,1,30,62,.48387095,SC
The Citadel,Finance,2019,5,,,,SC
The Citadel,Finance,2019,10,,,,SC
The Citadel,Food/Hospitality,2004,1,20,26,.76923078,SC
The Citadel,Food/Hospitality,2004,5,9,37,.24324325,SC
The Citadel,Food/Hospitality,2004,10,6,26,.23076923,SC
The Citadel,Food/Hospitality,2007,1,14,33,.42424244,SC
The Citadel,Food/Hospitality,2007,5,18,28,.64285713,SC
The Citadel,Food/Hospitality,2007,10,10,30,.33333334,SC
The Citadel,Food/Hospitality,2010,1,16,22,.72727275,SC
The Citadel,Food/Hospitality,2010,5,11,34,.32352942,SC
The Citadel,Food/Hospitality,2010,10,6,32,.1875,SC
The Citadel,Food/Hospitality,2013,1,18,29,.62068963,SC
The Citadel,Food/Hospitality,2013,5,14,49,.2857143,SC
The Citadel,Food/Hospitality,2013,10,,,,SC
The Citadel,Food/Hospitality,2016,1,33,55,.60000002,SC
The Citadel,Food/Hospitality,2016,5,24,54,.44444445,SC
The Citadel,Food/Hospitality,2016,10,,,,SC
The Citadel,Food/Hospitality,2019,1,22,35,.62857145,SC
The Citadel,Food/Hospitality,2019,5,,,,SC
The Citadel,Food/Hospitality,2019,10,,,,SC
The Citadel,Health Care,2004,1,10,29,.34482759,SC
The Citadel,Health Care,2004,5,19,50,.38,SC
The Citadel,Health Care,2004,10,20,51,.39215687,SC
The Citadel,Health Care,2007,1,12,34,.35294119,SC
The Citadel,Health Care,2007,5,13,35,.37142858,SC
The Citadel,Health Care,2007,10,17,57,.29824561,SC
The Citadel,Health Care,2010,1,17,33,.5151515,SC
The Citadel,Health Care,2010,5,22,57,.3859649,SC
The Citadel,Health Care,2010,10,22,68,.32352942,SC
The Citadel,Health Care,2013,1,10,41,.24390244,SC
The Citadel,Health Care,2013,5,21,81,.25925925,SC
The Citadel,Health Care,2013,10,,,,SC
The Citadel,Health Care,2016,1,22,52,.42307693,SC
The Citadel,Health Care,2016,5,25,68,.36764705,SC
The Citadel,Health Care,2016,10,,,,SC
The Citadel,Health Care,2019,1,83,122,.68032789,SC
The Citadel,Health Care,2019,5,,,,SC
The Citadel,Health Care,2019,10,,,,SC
The Citadel,Information,2004,1,9,10,.89999998,SC
The Citadel,Information,2004,5,5,10,.5,SC
The Citadel,Information,2004,10,2,4,.5,SC
The Citadel,Information,2007,1,9,11,.81818181,SC
The Citadel,Information,2007,5,6,15,.40000001,SC
The Citadel,Information,2007,10,9,13,.69230771,SC
The Citadel,Information,2010,1,2,7,.2857143,SC
The Citadel,Information,2010,5,3,7,.42857143,SC
The Citadel,Information,2010,10,5,10,.5,SC
The Citadel,Information,2013,1,6,10,.60000002,SC
The Citadel,Information,2013,5,3,13,.23076923,SC
The Citadel,Information,2013,10,,,,SC
The Citadel,Information,2016,1,6,8,.75,SC
The Citadel,Information,2016,5,8,14,.5714286,SC
The Citadel,Information,2016,10,,,,SC
The Citadel,Information,2019,1,3,14,.21428572,SC
The Citadel,Information,2019,5,,,,SC
The Citadel,Information,2019,10,,,,SC
The Citadel,Management,2004,1,2,2,1,SC
The Citadel,Management,2004,5,4,4,1,SC
The Citadel,Management,2004,10,5,15,.33333334,SC
The Citadel,Management,2007,1,2,4,.5,SC
The Citadel,Management,2007,5,2,10,.2,SC
The Citadel,Management,2007,10,2,21,.095238097,SC
The Citadel,Management,2010,1,2,4,.5,SC
The Citadel,Management,2010,5,2,7,.2857143,SC
The Citadel,Management,2010,10,3,6,.5,SC
The Citadel,Management,2013,1,6,11,.54545456,SC
The Citadel,Management,2013,5,4,22,.18181819,SC
The Citadel,Management,2013,10,,,,SC
The Citadel,Management,2016,1,2,8,.25,SC
The Citadel,Management,2016,5,3,15,.2,SC
The Citadel,Management,2016,10,,,,SC
The Citadel,Management,2019,1,10,14,.71428573,SC
The Citadel,Management,2019,5,,,,SC
The Citadel,Management,2019,10,,,,SC
The Citadel,Manufacturing,2004,1,16,26,.61538464,SC
The Citadel,Manufacturing,2004,5,28,48,.58333331,SC
The Citadel,Manufacturing,2004,10,31,64,.484375,SC
The Citadel,Manufacturing,2007,1,20,47,.42553192,SC
The Citadel,Manufacturing,2007,5,28,54,.51851851,SC
The Citadel,Manufacturing,2007,10,41,80,.51249999,SC
The Citadel,Manufacturing,2010,1,31,56,.5535714,SC
The Citadel,Manufacturing,2010,5,47,80,.58749998,SC
The Citadel,Manufacturing,2010,10,40,76,.52631581,SC
The Citadel,Manufacturing,2013,1,43,78,.55128205,SC
The Citadel,Manufacturing,2013,5,55,96,.57291669,SC
The Citadel,Manufacturing,2013,10,,,,SC
The Citadel,Manufacturing,2016,1,52,93,.55913979,SC
The Citadel,Manufacturing,2016,5,50,93,.53763443,SC
The Citadel,Manufacturing,2016,10,,,,SC
The Citadel,Manufacturing,2019,1,75,107,.70093459,SC
The Citadel,Manufacturing,2019,5,,,,SC
The Citadel,Manufacturing,2019,10,,,,SC
The Citadel,Mining,2004,1,0,0,,SC
The Citadel,Mining,2004,5,0,0,,SC
The Citadel,Mining,2004,10,1,1,1,SC
The Citadel,Mining,2007,1,0,1,0,SC
The Citadel,Mining,2007,5,0,0,,SC
The Citadel,Mining,2007,10,0,0,,SC
The Citadel,Mining,2010,1,0,0,,SC
The Citadel,Mining,2010,5,0,0,,SC
The Citadel,Mining,2010,10,0,0,,SC
The Citadel,Mining,2013,1,1,1,1,SC
The Citadel,Mining,2013,5,0,5,0,SC
The Citadel,Mining,2013,10,,,,SC
The Citadel,Mining,2016,1,0,0,,SC
The Citadel,Mining,2016,5,0,0,,SC
The Citadel,Mining,2016,10,,,,SC
The Citadel,Mining,2019,1,0,0,,SC
The Citadel,Mining,2019,5,,,,SC
The Citadel,Mining,2019,10,,,,SC
The Citadel,Other Services,2004,1,4,6,.66666669,SC
The Citadel,Other Services,2004,5,7,8,.875,SC
The Citadel,Other Services,2004,10,5,14,.35714287,SC
The Citadel,Other Services,2007,1,7,8,.875,SC
The Citadel,Other Services,2007,5,6,7,.85714287,SC
The Citadel,Other Services,2007,10,3,7,.42857143,SC
The Citadel,Other Services,2010,1,7,11,.63636363,SC
The Citadel,Other Services,2010,5,4,10,.40000001,SC
The Citadel,Other Services,2010,10,8,12,.66666669,SC
The Citadel,Other Services,2013,1,7,11,.63636363,SC
The Citadel,Other Services,2013,5,11,21,.52380955,SC
The Citadel,Other Services,2013,10,,,,SC
The Citadel,Other Services,2016,1,7,13,.53846157,SC
The Citadel,Other Services,2016,5,4,13,.30769232,SC
The Citadel,Other Services,2016,10,,,,SC
The Citadel,Other Services,2019,1,14,19,.7368421,SC
The Citadel,Other Services,2019,5,,,,SC
The Citadel,Other Services,2019,10,,,,SC
The Citadel,Professional Services,2004,1,56,90,.62222224,SC
The Citadel,Professional Services,2004,5,51,116,.43965518,SC
The Citadel,Professional Services,2004,10,57,116,.49137932,SC
The Citadel,Professional Services,2007,1,63,106,.59433961,SC
The Citadel,Professional Services,2007,5,59,134,.4402985,SC
The Citadel,Professional Services,2007,10,65,133,.48872182,SC
The Citadel,Professional Services,2010,1,65,121,.53719008,SC
The Citadel,Professional Services,2010,5,68,135,.50370371,SC
The Citadel,Professional Services,2010,10,60,138,.43478259,SC
The Citadel,Professional Services,2013,1,93,165,.56363636,SC
The Citadel,Professional Services,2013,5,90,164,.5487805,SC
The Citadel,Professional Services,2013,10,,,,SC
The Citadel,Professional Services,2016,1,145,216,.6712963,SC
The Citadel,Professional Services,2016,5,114,232,.49137932,SC
The Citadel,Professional Services,2016,10,,,,SC
The Citadel,Professional Services,2019,1,136,203,.66995072,SC
The Citadel,Professional Services,2019,5,,,,SC
The Citadel,Professional Services,2019,10,,,,SC
The Citadel,Public Admin,2004,1,31,48,.64583331,SC
The Citadel,Public Admin,2004,5,56,87,.64367819,SC
The Citadel,Public Admin,2004,10,37,82,.4512195,SC
The Citadel,Public Admin,2007,1,55,72,.7638889,SC
The Citadel,Public Admin,2007,5,94,121,.77685952,SC
The Citadel,Public Admin,2007,10,76,124,.61290324,SC
The Citadel,Public Admin,2010,1,56,75,.74666667,SC
The Citadel,Public Admin,2010,5,79,117,.67521369,SC
The Citadel,Public Admin,2010,10,56,106,.52830189,SC
The Citadel,Public Admin,2013,1,82,107,.76635516,SC
The Citadel,Public Admin,2013,5,80,130,.61538464,SC
The Citadel,Public Admin,2013,10,,,,SC
The Citadel,Public Admin,2016,1,64,101,.63366336,SC
The Citadel,Public Admin,2016,5,76,132,.57575756,SC
The Citadel,Public Admin,2016,10,,,,SC
The Citadel,Public Admin,2019,1,92,113,.81415927,SC
The Citadel,Public Admin,2019,5,,,,SC
The Citadel,Public Admin,2019,10,,,,SC
The Citadel,Real Estate,2004,1,2,3,.66666669,SC
The Citadel,Real Estate,2004,5,7,8,.875,SC
The Citadel,Real Estate,2004,10,5,14,.35714287,SC
The Citadel,Real Estate,2007,1,15,19,.78947371,SC
The Citadel,Real Estate,2007,5,9,12,.75,SC
The Citadel,Real Estate,2007,10,7,12,.58333331,SC
The Citadel,Real Estate,2010,1,6,12,.5,SC
The Citadel,Real Estate,2010,5,9,21,.42857143,SC
The Citadel,Real Estate,2010,10,7,10,.69999999,SC
The Citadel,Real Estate,2013,1,12,16,.75,SC
The Citadel,Real Estate,2013,5,7,19,.36842105,SC
The Citadel,Real Estate,2013,10,,,,SC
The Citadel,Real Estate,2016,1,13,17,.7647059,SC
The Citadel,Real Estate,2016,5,22,30,.73333335,SC
The Citadel,Real Estate,2016,10,,,,SC
The Citadel,Real Estate,2019,1,15,23,.65217394,SC
The Citadel,Real Estate,2019,5,,,,SC
The Citadel,Real Estate,2019,10,,,,SC
The Citadel,Retail,2004,1,33,49,.67346936,SC
The Citadel,Retail,2004,5,29,51,.56862748,SC
The Citadel,Retail,2004,10,20,39,.51282054,SC
The Citadel,Retail,2007,1,27,45,.60000002,SC
The Citadel,Retail,2007,5,20,39,.51282054,SC
The Citadel,Retail,2007,10,15,34,.44117647,SC
The Citadel,Retail,2010,1,27,46,.5869565,SC
The Citadel,Retail,2010,5,18,48,.375,SC
The Citadel,Retail,2010,10,23,45,.51111114,SC
The Citadel,Retail,2013,1,49,78,.62820512,SC
The Citadel,Retail,2013,5,24,62,.38709676,SC
The Citadel,Retail,2013,10,,,,SC
The Citadel,Retail,2016,1,42,81,.51851851,SC
The Citadel,Retail,2016,5,33,74,.44594595,SC
The Citadel,Retail,2016,10,,,,SC
The Citadel,Retail,2019,1,34,59,.57627118,SC
The Citadel,Retail,2019,5,,,,SC
The Citadel,Retail,2019,10,,,,SC
The Citadel,Transportation,2004,1,8,12,.66666669,SC
The Citadel,Transportation,2004,5,4,15,.26666668,SC
The Citadel,Transportation,2004,10,12,27,.44444445,SC
The Citadel,Transportation,2007,1,11,21,.52380955,SC
The Citadel,Transportation,2007,5,5,8,.625,SC
The Citadel,Transportation,2007,10,14,21,.66666669,SC
The Citadel,Transportation,2010,1,9,15,.60000002,SC
The Citadel,Transportation,2010,5,11,26,.42307693,SC
The Citadel,Transportation,2010,10,14,41,.34146342,SC
The Citadel,Transportation,2013,1,26,39,.66666669,SC
The Citadel,Transportation,2013,5,21,41,.51219511,SC
The Citadel,Transportation,2013,10,,,,SC
The Citadel,Transportation,2016,1,28,49,.5714286,SC
The Citadel,Transportation,2016,5,15,44,.34090909,SC
The Citadel,Transportation,2016,10,,,,SC
The Citadel,Transportation,2019,1,25,34,.7352941,SC
The Citadel,Transportation,2019,5,,,,SC
The Citadel,Transportation,2019,10,,,,SC
The Citadel,Utilities,2004,1,3,3,1,SC
The Citadel,Utilities,2004,5,3,5,.60000002,SC
The Citadel,Utilities,2004,10,7,8,.875,SC
The Citadel,Utilities,2007,1,5,8,.625,SC
The Citadel,Utilities,2007,5,11,17,.64705884,SC
The Citadel,Utilities,2007,10,10,13,.76923078,SC
The Citadel,Utilities,2010,1,8,9,.8888889,SC
The Citadel,Utilities,2010,5,15,15,1,SC
The Citadel,Utilities,2010,10,10,10,1,SC
The Citadel,Utilities,2013,1,18,19,.94736844,SC
The Citadel,Utilities,2013,5,15,15,1,SC
The Citadel,Utilities,2013,10,,,,SC
The Citadel,Utilities,2016,1,20,22,.90909094,SC
The Citadel,Utilities,2016,5,20,20,1,SC
The Citadel,Utilities,2016,10,,,,SC
The Citadel,Utilities,2019,1,14,15,.93333334,SC
The Citadel,Utilities,2019,5,,,,SC
The Citadel,Utilities,2019,10,,,,SC
The Citadel,Wholesale,2004,1,26,42,.61904764,SC
The Citadel,Wholesale,2004,5,26,49,.53061223,SC
The Citadel,Wholesale,2004,10,25,44,.56818181,SC
The Citadel,Wholesale,2007,1,20,35,.5714286,SC
The Citadel,Wholesale,2007,5,25,50,.5,SC
The Citadel,Wholesale,2007,10,26,56,.4642857,SC
The Citadel,Wholesale,2010,1,15,33,.45454547,SC
The Citadel,Wholesale,2010,5,24,51,.47058824,SC
The Citadel,Wholesale,2010,10,26,54,.48148149,SC
The Citadel,Wholesale,2013,1,18,38,.47368422,SC
The Citadel,Wholesale,2013,5,23,47,.4893617,SC
The Citadel,Wholesale,2013,10,,,,SC
The Citadel,Wholesale,2016,1,38,69,.55072463,SC
The Citadel,Wholesale,2016,5,28,68,.41176471,SC
The Citadel,Wholesale,2016,10,,,,SC
The Citadel,Wholesale,2019,1,34,69,.49275362,SC
The Citadel,Wholesale,2019,5,,,,SC
The Citadel,Wholesale,2019,10,,,,SC
USC Aiken,Admin/Waste,2004,1,36,67,.53731346,SC
USC Aiken,Admin/Waste,2004,5,27,56,.48214287,SC
USC Aiken,Admin/Waste,2004,10,23,50,.46000001,SC
USC Aiken,Admin/Waste,2007,1,35,63,.55555558,SC
USC Aiken,Admin/Waste,2007,5,43,71,.6056338,SC
USC Aiken,Admin/Waste,2007,10,52,83,.62650603,SC
USC Aiken,Admin/Waste,2010,1,52,64,.8125,SC
USC Aiken,Admin/Waste,2010,5,47,73,.6438356,SC
USC Aiken,Admin/Waste,2010,10,72,93,.77419353,SC
USC Aiken,Admin/Waste,2013,1,53,74,.71621621,SC
USC Aiken,Admin/Waste,2013,5,73,100,.73000002,SC
USC Aiken,Admin/Waste,2013,10,,,,SC
USC Aiken,Admin/Waste,2016,1,58,92,.63043481,SC
USC Aiken,Admin/Waste,2016,5,63,103,.61165047,SC
USC Aiken,Admin/Waste,2016,10,,,,SC
USC Aiken,Admin/Waste,2019,1,59,96,.61458331,SC
USC Aiken,Admin/Waste,2019,5,,,,SC
USC Aiken,Admin/Waste,2019,10,,,,SC
USC Aiken,Agriculture,2004,1,0,0,,SC
USC Aiken,Agriculture,2004,5,2,2,1,SC
USC Aiken,Agriculture,2004,10,1,2,.5,SC
USC Aiken,Agriculture,2007,1,0,0,,SC
USC Aiken,Agriculture,2007,5,1,2,.5,SC
USC Aiken,Agriculture,2007,10,1,1,1,SC
USC Aiken,Agriculture,2010,1,0,0,,SC
USC Aiken,Agriculture,2010,5,1,1,1,SC
USC Aiken,Agriculture,2010,10,2,2,1,SC
USC Aiken,Agriculture,2013,1,1,2,.5,SC
USC Aiken,Agriculture,2013,5,0,1,0,SC
USC Aiken,Agriculture,2013,10,,,,SC
USC Aiken,Agriculture,2016,1,0,2,0,SC
USC Aiken,Agriculture,2016,5,0,0,,SC
USC Aiken,Agriculture,2016,10,,,,SC
USC Aiken,Agriculture,2019,1,1,1,1,SC
USC Aiken,Agriculture,2019,5,,,,SC
USC Aiken,Agriculture,2019,10,,,,SC
USC Aiken,Arts/Entertainment,2004,1,7,11,.63636363,SC
USC Aiken,Arts/Entertainment,2004,5,6,12,.5,SC
USC Aiken,Arts/Entertainment,2004,10,2,5,.40000001,SC
USC Aiken,Arts/Entertainment,2007,1,12,19,.63157892,SC
USC Aiken,Arts/Entertainment,2007,5,8,16,.5,SC
USC Aiken,Arts/Entertainment,2007,10,1,8,.125,SC
USC Aiken,Arts/Entertainment,2010,1,5,10,.5,SC
USC Aiken,Arts/Entertainment,2010,5,2,10,.2,SC
USC Aiken,Arts/Entertainment,2010,10,6,14,.42857143,SC
USC Aiken,Arts/Entertainment,2013,1,7,16,.4375,SC
USC Aiken,Arts/Entertainment,2013,5,4,16,.25,SC
USC Aiken,Arts/Entertainment,2013,10,,,,SC
USC Aiken,Arts/Entertainment,2016,1,4,6,.66666669,SC
USC Aiken,Arts/Entertainment,2016,5,1,8,.125,SC
USC Aiken,Arts/Entertainment,2016,10,,,,SC
USC Aiken,Arts/Entertainment,2019,1,7,14,.5,SC
USC Aiken,Arts/Entertainment,2019,5,,,,SC
USC Aiken,Arts/Entertainment,2019,10,,,,SC
USC Aiken,Construction,2004,1,21,51,.41176471,SC
USC Aiken,Construction,2004,5,17,24,.70833331,SC
USC Aiken,Construction,2004,10,9,19,.47368422,SC
USC Aiken,Construction,2007,1,15,22,.68181819,SC
USC Aiken,Construction,2007,5,13,27,.48148149,SC
USC Aiken,Construction,2007,10,19,39,.48717949,SC
USC Aiken,Construction,2010,1,9,13,.69230771,SC
USC Aiken,Construction,2010,5,12,22,.54545456,SC
USC Aiken,Construction,2010,10,18,27,.66666669,SC
USC Aiken,Construction,2013,1,11,21,.52380955,SC
USC Aiken,Construction,2013,5,24,33,.72727275,SC
USC Aiken,Construction,2013,10,,,,SC
USC Aiken,Construction,2016,1,18,21,.85714287,SC
USC Aiken,Construction,2016,5,24,37,.64864862,SC
USC Aiken,Construction,2016,10,,,,SC
USC Aiken,Construction,2019,1,16,30,.53333336,SC
USC Aiken,Construction,2019,5,,,,SC
USC Aiken,Construction,2019,10,,,,SC
USC Aiken,Education,2004,1,201,275,.73090911,SC
USC Aiken,Education,2004,5,208,277,.75090253,SC
USC Aiken,Education,2004,10,211,300,.70333332,SC
USC Aiken,Education,2007,1,155,191,.81151831,SC
USC Aiken,Education,2007,5,189,255,.74117649,SC
USC Aiken,Education,2007,10,187,265,.7056604,SC
USC Aiken,Education,2010,1,133,158,.84177214,SC
USC Aiken,Education,2010,5,177,228,.77631581,SC
USC Aiken,Education,2010,10,176,222,.7927928,SC
USC Aiken,Education,2013,1,157,204,.76960784,SC
USC Aiken,Education,2013,5,173,231,.74891776,SC
USC Aiken,Education,2013,10,,,,SC
USC Aiken,Education,2016,1,168,209,.80382776,SC
USC Aiken,Education,2016,5,145,220,.65909094,SC
USC Aiken,Education,2016,10,,,,SC
USC Aiken,Education,2019,1,180,238,.75630254,SC
USC Aiken,Education,2019,5,,,,SC
USC Aiken,Education,2019,10,,,,SC
USC Aiken,Finance,2004,1,50,80,.625,SC
USC Aiken,Finance,2004,5,37,57,.64912283,SC
USC Aiken,Finance,2004,10,44,66,.66666669,SC
USC Aiken,Finance,2007,1,34,45,.75555557,SC
USC Aiken,Finance,2007,5,40,60,.66666669,SC
USC Aiken,Finance,2007,10,39,66,.59090906,SC
USC Aiken,Finance,2010,1,35,48,.72916669,SC
USC Aiken,Finance,2010,5,47,56,.83928573,SC
USC Aiken,Finance,2010,10,50,68,.7352941,SC
USC Aiken,Finance,2013,1,41,52,.78846157,SC
USC Aiken,Finance,2013,5,33,45,.73333335,SC
USC Aiken,Finance,2013,10,,,,SC
USC Aiken,Finance,2016,1,28,44,.63636363,SC
USC Aiken,Finance,2016,5,36,62,.58064514,SC
USC Aiken,Finance,2016,10,,,,SC
USC Aiken,Finance,2019,1,46,68,.67647058,SC
USC Aiken,Finance,2019,5,,,,SC
USC Aiken,Finance,2019,10,,,,SC
USC Aiken,Food/Hospitality,2004,1,26,58,.44827586,SC
USC Aiken,Food/Hospitality,2004,5,14,45,.31111112,SC
USC Aiken,Food/Hospitality,2004,10,13,41,.31707317,SC
USC Aiken,Food/Hospitality,2007,1,22,36,.6111111,SC
USC Aiken,Food/Hospitality,2007,5,19,39,.48717949,SC
USC Aiken,Food/Hospitality,2007,10,8,42,.19047619,SC
USC Aiken,Food/Hospitality,2010,1,34,41,.82926828,SC
USC Aiken,Food/Hospitality,2010,5,12,31,.38709676,SC
USC Aiken,Food/Hospitality,2010,10,6,27,.22222222,SC
USC Aiken,Food/Hospitality,2013,1,28,53,.52830189,SC
USC Aiken,Food/Hospitality,2013,5,16,30,.53333336,SC
USC Aiken,Food/Hospitality,2013,10,,,,SC
USC Aiken,Food/Hospitality,2016,1,43,65,.66153848,SC
USC Aiken,Food/Hospitality,2016,5,17,47,.36170211,SC
USC Aiken,Food/Hospitality,2016,10,,,,SC
USC Aiken,Food/Hospitality,2019,1,29,56,.51785713,SC
USC Aiken,Food/Hospitality,2019,5,,,,SC
USC Aiken,Food/Hospitality,2019,10,,,,SC
USC Aiken,Health Care,2004,1,117,273,.42857143,SC
USC Aiken,Health Care,2004,5,120,249,.48192772,SC
USC Aiken,Health Care,2004,10,140,291,.48109967,SC
USC Aiken,Health Care,2007,1,142,269,.52788103,SC
USC Aiken,Health Care,2007,5,156,314,.49681529,SC
USC Aiken,Health Care,2007,10,160,319,.50156742,SC
USC Aiken,Health Care,2010,1,154,250,.616,SC
USC Aiken,Health Care,2010,5,179,339,.5280236,SC
USC Aiken,Health Care,2010,10,156,294,.53061223,SC
USC Aiken,Health Care,2013,1,140,329,.42553192,SC
USC Aiken,Health Care,2013,5,170,375,.45333335,SC
USC Aiken,Health Care,2013,10,,,,SC
USC Aiken,Health Care,2016,1,142,306,.46405229,SC
USC Aiken,Health Care,2016,5,143,318,.44968554,SC
USC Aiken,Health Care,2016,10,,,,SC
USC Aiken,Health Care,2019,1,169,399,.42355889,SC
USC Aiken,Health Care,2019,5,,,,SC
USC Aiken,Health Care,2019,10,,,,SC
USC Aiken,Information,2004,1,15,28,.53571427,SC
USC Aiken,Information,2004,5,10,19,.52631581,SC
USC Aiken,Information,2004,10,10,32,.3125,SC
USC Aiken,Information,2007,1,7,14,.5,SC
USC Aiken,Information,2007,5,15,19,.78947371,SC
USC Aiken,Information,2007,10,8,20,.40000001,SC
USC Aiken,Information,2010,1,13,18,.72222221,SC
USC Aiken,Information,2010,5,10,20,.5,SC
USC Aiken,Information,2010,10,3,12,.25,SC
USC Aiken,Information,2013,1,7,14,.5,SC
USC Aiken,Information,2013,5,17,23,.73913044,SC
USC Aiken,Information,2013,10,,,,SC
USC Aiken,Information,2016,1,5,11,.45454547,SC
USC Aiken,Information,2016,5,8,20,.40000001,SC
USC Aiken,Information,2016,10,,,,SC
USC Aiken,Information,2019,1,8,17,.47058824,SC
USC Aiken,Information,2019,5,,,,SC
USC Aiken,Information,2019,10,,,,SC
USC Aiken,Management,2004,1,13,19,.68421054,SC
USC Aiken,Management,2004,5,7,14,.5,SC
USC Aiken,Management,2004,10,9,16,.5625,SC
USC Aiken,Management,2007,1,5,7,.71428573,SC
USC Aiken,Management,2007,5,6,10,.60000002,SC
USC Aiken,Management,2007,10,4,6,.66666669,SC
USC Aiken,Management,2010,1,5,5,1,SC
USC Aiken,Management,2010,5,6,10,.60000002,SC
USC Aiken,Management,2010,10,14,27,.51851851,SC
USC Aiken,Management,2013,1,4,9,.44444445,SC
USC Aiken,Management,2013,5,3,4,.75,SC
USC Aiken,Management,2013,10,,,,SC
USC Aiken,Management,2016,1,7,7,1,SC
USC Aiken,Management,2016,5,4,6,.66666669,SC
USC Aiken,Management,2016,10,,,,SC
USC Aiken,Management,2019,1,9,15,.60000002,SC
USC Aiken,Management,2019,5,,,,SC
USC Aiken,Management,2019,10,,,,SC
USC Aiken,Manufacturing,2004,1,31,71,.43661973,SC
USC Aiken,Manufacturing,2004,5,37,63,.58730161,SC
USC Aiken,Manufacturing,2004,10,32,53,.60377359,SC
USC Aiken,Manufacturing,2007,1,30,50,.60000002,SC
USC Aiken,Manufacturing,2007,5,47,66,.71212119,SC
USC Aiken,Manufacturing,2007,10,41,85,.48235294,SC
USC Aiken,Manufacturing,2010,1,24,41,.58536583,SC
USC Aiken,Manufacturing,2010,5,47,76,.61842108,SC
USC Aiken,Manufacturing,2010,10,40,62,.64516127,SC
USC Aiken,Manufacturing,2013,1,32,55,.58181816,SC
USC Aiken,Manufacturing,2013,5,38,57,.66666669,SC
USC Aiken,Manufacturing,2013,10,,,,SC
USC Aiken,Manufacturing,2016,1,29,39,.74358976,SC
USC Aiken,Manufacturing,2016,5,41,80,.51249999,SC
USC Aiken,Manufacturing,2016,10,,,,SC
USC Aiken,Manufacturing,2019,1,46,72,.6388889,SC
USC Aiken,Manufacturing,2019,5,,,,SC
USC Aiken,Manufacturing,2019,10,,,,SC
USC Aiken,Mining,2004,1,1,1,1,SC
USC Aiken,Mining,2004,5,0,1,0,SC
USC Aiken,Mining,2004,10,0,0,,SC
USC Aiken,Mining,2007,1,1,1,1,SC
USC Aiken,Mining,2007,5,0,0,,SC
USC Aiken,Mining,2007,10,2,4,.5,SC
USC Aiken,Mining,2010,1,0,0,,SC
USC Aiken,Mining,2010,5,0,0,,SC
USC Aiken,Mining,2010,10,0,1,0,SC
USC Aiken,Mining,2013,1,1,1,1,SC
USC Aiken,Mining,2013,5,0,0,,SC
USC Aiken,Mining,2013,10,,,,SC
USC Aiken,Mining,2016,1,1,1,1,SC
USC Aiken,Mining,2016,5,0,0,,SC
USC Aiken,Mining,2016,10,,,,SC
USC Aiken,Mining,2019,1,0,0,,SC
USC Aiken,Mining,2019,5,,,,SC
USC Aiken,Mining,2019,10,,,,SC
USC Aiken,Other Services,2004,1,6,11,.54545456,SC
USC Aiken,Other Services,2004,5,11,16,.6875,SC
USC Aiken,Other Services,2004,10,6,11,.54545456,SC
USC Aiken,Other Services,2007,1,8,12,.66666669,SC
USC Aiken,Other Services,2007,5,11,14,.78571427,SC
USC Aiken,Other Services,2007,10,7,12,.58333331,SC
USC Aiken,Other Services,2010,1,9,11,.81818181,SC
USC Aiken,Other Services,2010,5,13,13,1,SC
USC Aiken,Other Services,2010,10,10,17,.58823532,SC
USC Aiken,Other Services,2013,1,9,10,.89999998,SC
USC Aiken,Other Services,2013,5,9,11,.81818181,SC
USC Aiken,Other Services,2013,10,,,,SC
USC Aiken,Other Services,2016,1,3,5,.60000002,SC
USC Aiken,Other Services,2016,5,11,23,.47826087,SC
USC Aiken,Other Services,2016,10,,,,SC
USC Aiken,Other Services,2019,1,9,18,.5,SC
USC Aiken,Other Services,2019,5,,,,SC
USC Aiken,Other Services,2019,10,,,,SC
USC Aiken,Professional Services,2004,1,39,73,.53424656,SC
USC Aiken,Professional Services,2004,5,44,84,.52380955,SC
USC Aiken,Professional Services,2004,10,32,72,.44444445,SC
USC Aiken,Professional Services,2007,1,26,47,.55319148,SC
USC Aiken,Professional Services,2007,5,29,63,.46031746,SC
USC Aiken,Professional Services,2007,10,35,75,.46666667,SC
USC Aiken,Professional Services,2010,1,40,54,.74074072,SC
USC Aiken,Professional Services,2010,5,49,85,.57647061,SC
USC Aiken,Professional Services,2010,10,44,80,.55000001,SC
USC Aiken,Professional Services,2013,1,38,64,.59375,SC
USC Aiken,Professional Services,2013,5,45,109,.41284403,SC
USC Aiken,Professional Services,2013,10,,,,SC
USC Aiken,Professional Services,2016,1,36,69,.52173913,SC
USC Aiken,Professional Services,2016,5,54,138,.39130434,SC
USC Aiken,Professional Services,2016,10,,,,SC
USC Aiken,Professional Services,2019,1,32,66,.4848485,SC
USC Aiken,Professional Services,2019,5,,,,SC
USC Aiken,Professional Services,2019,10,,,,SC
USC Aiken,Public Admin,2004,1,50,87,.57471263,SC
USC Aiken,Public Admin,2004,5,70,106,.66037738,SC
USC Aiken,Public Admin,2004,10,63,94,.67021275,SC
USC Aiken,Public Admin,2007,1,42,62,.67741936,SC
USC Aiken,Public Admin,2007,5,71,96,.73958331,SC
USC Aiken,Public Admin,2007,10,55,100,.55000001,SC
USC Aiken,Public Admin,2010,1,45,51,.88235295,SC
USC Aiken,Public Admin,2010,5,85,107,.79439253,SC
USC Aiken,Public Admin,2010,10,84,107,.78504676,SC
USC Aiken,Public Admin,2013,1,55,71,.77464789,SC
USC Aiken,Public Admin,2013,5,60,82,.73170733,SC
USC Aiken,Public Admin,2013,10,,,,SC
USC Aiken,Public Admin,2016,1,39,49,.79591835,SC
USC Aiken,Public Admin,2016,5,63,90,.69999999,SC
USC Aiken,Public Admin,2016,10,,,,SC
USC Aiken,Public Admin,2019,1,49,60,.81666666,SC
USC Aiken,Public Admin,2019,5,,,,SC
USC Aiken,Public Admin,2019,10,,,,SC
USC Aiken,Real Estate,2004,1,9,16,.5625,SC
USC Aiken,Real Estate,2004,5,10,17,.58823532,SC
USC Aiken,Real Estate,2004,10,4,4,1,SC
USC Aiken,Real Estate,2007,1,14,19,.7368421,SC
USC Aiken,Real Estate,2007,5,3,7,.42857143,SC
USC Aiken,Real Estate,2007,10,4,8,.5,SC
USC Aiken,Real Estate,2010,1,6,8,.75,SC
USC Aiken,Real Estate,2010,5,7,7,1,SC
USC Aiken,Real Estate,2010,10,11,13,.84615386,SC
USC Aiken,Real Estate,2013,1,15,16,.9375,SC
USC Aiken,Real Estate,2013,5,6,7,.85714287,SC
USC Aiken,Real Estate,2013,10,,,,SC
USC Aiken,Real Estate,2016,1,11,16,.6875,SC
USC Aiken,Real Estate,2016,5,12,16,.75,SC
USC Aiken,Real Estate,2016,10,,,,SC
USC Aiken,Real Estate,2019,1,4,12,.33333334,SC
USC Aiken,Real Estate,2019,5,,,,SC
USC Aiken,Real Estate,2019,10,,,,SC
USC Aiken,Retail,2004,1,68,117,.58119661,SC
USC Aiken,Retail,2004,5,26,78,.33333334,SC
USC Aiken,Retail,2004,10,24,52,.46153846,SC
USC Aiken,Retail,2007,1,62,92,.67391306,SC
USC Aiken,Retail,2007,5,41,72,.56944442,SC
USC Aiken,Retail,2007,10,37,87,.42528737,SC
USC Aiken,Retail,2010,1,77,108,.71296299,SC
USC Aiken,Retail,2010,5,45,85,.52941179,SC
USC Aiken,Retail,2010,10,29,54,.53703701,SC
USC Aiken,Retail,2013,1,68,100,.68000001,SC
USC Aiken,Retail,2013,5,43,83,.51807231,SC
USC Aiken,Retail,2013,10,,,,SC
USC Aiken,Retail,2016,1,56,73,.76712328,SC
USC Aiken,Retail,2016,5,31,76,.40789473,SC
USC Aiken,Retail,2016,10,,,,SC
USC Aiken,Retail,2019,1,59,99,.5959596,SC
USC Aiken,Retail,2019,5,,,,SC
USC Aiken,Retail,2019,10,,,,SC
USC Aiken,Transportation,2004,1,40,47,.85106385,SC
USC Aiken,Transportation,2004,5,35,43,.81395346,SC
USC Aiken,Transportation,2004,10,34,47,.72340423,SC
USC Aiken,Transportation,2007,1,14,17,.82352942,SC
USC Aiken,Transportation,2007,5,17,26,.65384614,SC
USC Aiken,Transportation,2007,10,15,36,.41666666,SC
USC Aiken,Transportation,2010,1,13,15,.86666667,SC
USC Aiken,Transportation,2010,5,16,22,.72727275,SC
USC Aiken,Transportation,2010,10,12,22,.54545456,SC
USC Aiken,Transportation,2013,1,6,11,.54545456,SC
USC Aiken,Transportation,2013,5,11,21,.52380955,SC
USC Aiken,Transportation,2013,10,,,,SC
USC Aiken,Transportation,2016,1,5,10,.5,SC
USC Aiken,Transportation,2016,5,11,29,.37931034,SC
USC Aiken,Transportation,2016,10,,,,SC
USC Aiken,Transportation,2019,1,13,26,.5,SC
USC Aiken,Transportation,2019,5,,,,SC
USC Aiken,Transportation,2019,10,,,,SC
USC Aiken,Utilities,2004,1,11,17,.64705884,SC
USC Aiken,Utilities,2004,5,10,10,1,SC
USC Aiken,Utilities,2004,10,11,17,.64705884,SC
USC Aiken,Utilities,2007,1,4,4,1,SC
USC Aiken,Utilities,2007,5,4,4,1,SC
USC Aiken,Utilities,2007,10,5,9,.55555558,SC
USC Aiken,Utilities,2010,1,4,4,1,SC
USC Aiken,Utilities,2010,5,8,8,1,SC
USC Aiken,Utilities,2010,10,8,8,1,SC
USC Aiken,Utilities,2013,1,3,4,.75,SC
USC Aiken,Utilities,2013,5,2,2,1,SC
USC Aiken,Utilities,2013,10,,,,SC
USC Aiken,Utilities,2016,1,5,13,.38461539,SC
USC Aiken,Utilities,2016,5,5,7,.71428573,SC
USC Aiken,Utilities,2016,10,,,,SC
USC Aiken,Utilities,2019,1,8,12,.66666669,SC
USC Aiken,Utilities,2019,5,,,,SC
USC Aiken,Utilities,2019,10,,,,SC
USC Aiken,Wholesale,2004,1,15,33,.45454547,SC
USC Aiken,Wholesale,2004,5,8,23,.34782609,SC
USC Aiken,Wholesale,2004,10,10,22,.45454547,SC
USC Aiken,Wholesale,2007,1,15,23,.65217394,SC
USC Aiken,Wholesale,2007,5,10,27,.37037036,SC
USC Aiken,Wholesale,2007,10,11,22,.5,SC
USC Aiken,Wholesale,2010,1,11,11,1,SC
USC Aiken,Wholesale,2010,5,14,17,.82352942,SC
USC Aiken,Wholesale,2010,10,13,31,.41935483,SC
USC Aiken,Wholesale,2013,1,12,17,.70588237,SC
USC Aiken,Wholesale,2013,5,15,22,.68181819,SC
USC Aiken,Wholesale,2013,10,,,,SC
USC Aiken,Wholesale,2016,1,7,15,.46666667,SC
USC Aiken,Wholesale,2016,5,6,38,.15789473,SC
USC Aiken,Wholesale,2016,10,,,,SC
USC Aiken,Wholesale,2019,1,16,36,.44444445,SC
USC Aiken,Wholesale,2019,5,,,,SC
USC Aiken,Wholesale,2019,10,,,,SC
USC Beaufort,Admin/Waste,2004,1,2,14,.14285715,SC
USC Beaufort,Admin/Waste,2004,5,0,14,0,SC
USC Beaufort,Admin/Waste,2004,10,1,6,.16666667,SC
USC Beaufort,Admin/Waste,2007,1,6,11,.54545456,SC
USC Beaufort,Admin/Waste,2007,5,6,17,.35294119,SC
USC Beaufort,Admin/Waste,2007,10,5,22,.22727273,SC
USC Beaufort,Admin/Waste,2010,1,15,19,.78947371,SC
USC Beaufort,Admin/Waste,2010,5,11,23,.47826087,SC
USC Beaufort,Admin/Waste,2010,10,9,25,.36000001,SC
USC Beaufort,Admin/Waste,2013,1,12,34,.35294119,SC
USC Beaufort,Admin/Waste,2013,5,12,20,.60000002,SC
USC Beaufort,Admin/Waste,2013,10,,,,SC
USC Beaufort,Admin/Waste,2016,1,15,28,.53571427,SC
USC Beaufort,Admin/Waste,2016,5,15,33,.45454547,SC
USC Beaufort,Admin/Waste,2016,10,,,,SC
USC Beaufort,Admin/Waste,2019,1,21,39,.53846157,SC
USC Beaufort,Admin/Waste,2019,5,,,,SC
USC Beaufort,Admin/Waste,2019,10,,,,SC
USC Beaufort,Agriculture,2004,1,0,0,,SC
USC Beaufort,Agriculture,2004,5,0,2,0,SC
USC Beaufort,Agriculture,2004,10,1,1,1,SC
USC Beaufort,Agriculture,2007,1,0,1,0,SC
USC Beaufort,Agriculture,2007,5,2,2,1,SC
USC Beaufort,Agriculture,2007,10,0,0,,SC
USC Beaufort,Agriculture,2010,1,0,5,0,SC
USC Beaufort,Agriculture,2010,5,6,7,.85714287,SC
USC Beaufort,Agriculture,2010,10,0,0,,SC
USC Beaufort,Agriculture,2013,1,6,6,1,SC
USC Beaufort,Agriculture,2013,5,0,0,,SC
USC Beaufort,Agriculture,2013,10,,,,SC
USC Beaufort,Agriculture,2016,1,1,1,1,SC
USC Beaufort,Agriculture,2016,5,0,2,0,SC
USC Beaufort,Agriculture,2016,10,,,,SC
USC Beaufort,Agriculture,2019,1,1,2,.5,SC
USC Beaufort,Agriculture,2019,5,,,,SC
USC Beaufort,Agriculture,2019,10,,,,SC
USC Beaufort,Arts/Entertainment,2004,1,0,0,,SC
USC Beaufort,Arts/Entertainment,2004,5,1,5,.2,SC
USC Beaufort,Arts/Entertainment,2004,10,0,0,,SC
USC Beaufort,Arts/Entertainment,2007,1,7,12,.58333331,SC
USC Beaufort,Arts/Entertainment,2007,5,8,11,.72727275,SC
USC Beaufort,Arts/Entertainment,2007,10,5,6,.83333331,SC
USC Beaufort,Arts/Entertainment,2010,1,6,7,.85714287,SC
USC Beaufort,Arts/Entertainment,2010,5,5,6,.83333331,SC
USC Beaufort,Arts/Entertainment,2010,10,3,10,.30000001,SC
USC Beaufort,Arts/Entertainment,2013,1,2,9,.22222222,SC
USC Beaufort,Arts/Entertainment,2013,5,2,7,.2857143,SC
USC Beaufort,Arts/Entertainment,2013,10,,,,SC
USC Beaufort,Arts/Entertainment,2016,1,7,11,.63636363,SC
USC Beaufort,Arts/Entertainment,2016,5,7,11,.63636363,SC
USC Beaufort,Arts/Entertainment,2016,10,,,,SC
USC Beaufort,Arts/Entertainment,2019,1,19,30,.63333333,SC
USC Beaufort,Arts/Entertainment,2019,5,,,,SC
USC Beaufort,Arts/Entertainment,2019,10,,,,SC
USC Beaufort,Construction,2004,1,4,9,.44444445,SC
USC Beaufort,Construction,2004,5,4,12,.33333334,SC
USC Beaufort,Construction,2004,10,6,10,.60000002,SC
USC Beaufort,Construction,2007,1,5,12,.41666666,SC
USC Beaufort,Construction,2007,5,5,10,.5,SC
USC Beaufort,Construction,2007,10,6,14,.42857143,SC
USC Beaufort,Construction,2010,1,4,10,.40000001,SC
USC Beaufort,Construction,2010,5,11,18,.6111111,SC
USC Beaufort,Construction,2010,10,5,16,.3125,SC
USC Beaufort,Construction,2013,1,15,21,.71428573,SC
USC Beaufort,Construction,2013,5,13,21,.61904764,SC
USC Beaufort,Construction,2013,10,,,,SC
USC Beaufort,Construction,2016,1,9,19,.47368422,SC
USC Beaufort,Construction,2016,5,17,30,.56666666,SC
USC Beaufort,Construction,2016,10,,,,SC
USC Beaufort,Construction,2019,1,13,20,.64999998,SC
USC Beaufort,Construction,2019,5,,,,SC
USC Beaufort,Construction,2019,10,,,,SC
USC Beaufort,Education,2004,1,41,52,.78846157,SC
USC Beaufort,Education,2004,5,49,81,.60493827,SC
USC Beaufort,Education,2004,10,33,53,.6226415,SC
USC Beaufort,Education,2007,1,35,52,.67307693,SC
USC Beaufort,Education,2007,5,36,67,.53731346,SC
USC Beaufort,Education,2007,10,15,46,.32608697,SC
USC Beaufort,Education,2010,1,41,62,.66129035,SC
USC Beaufort,Education,2010,5,52,87,.59770113,SC
USC Beaufort,Education,2010,10,26,52,.5,SC
USC Beaufort,Education,2013,1,18,36,.5,SC
USC Beaufort,Education,2013,5,40,64,.625,SC
USC Beaufort,Education,2013,10,,,,SC
USC Beaufort,Education,2016,1,51,86,.59302324,SC
USC Beaufort,Education,2016,5,38,67,.56716418,SC
USC Beaufort,Education,2016,10,,,,SC
USC Beaufort,Education,2019,1,74,104,.71153843,SC
USC Beaufort,Education,2019,5,,,,SC
USC Beaufort,Education,2019,10,,,,SC
USC Beaufort,Finance,2004,1,5,6,.83333331,SC
USC Beaufort,Finance,2004,5,4,22,.18181819,SC
USC Beaufort,Finance,2004,10,3,9,.33333334,SC
USC Beaufort,Finance,2007,1,10,16,.625,SC
USC Beaufort,Finance,2007,5,12,18,.66666669,SC
USC Beaufort,Finance,2007,10,6,17,.35294119,SC
USC Beaufort,Finance,2010,1,11,24,.45833334,SC
USC Beaufort,Finance,2010,5,12,23,.52173913,SC
USC Beaufort,Finance,2010,10,10,26,.38461539,SC
USC Beaufort,Finance,2013,1,10,22,.45454547,SC
USC Beaufort,Finance,2013,5,8,15,.53333336,SC
USC Beaufort,Finance,2013,10,,,,SC
USC Beaufort,Finance,2016,1,11,31,.3548387,SC
USC Beaufort,Finance,2016,5,20,48,.41666666,SC
USC Beaufort,Finance,2016,10,,,,SC
USC Beaufort,Finance,2019,1,18,36,.5,SC
USC Beaufort,Finance,2019,5,,,,SC
USC Beaufort,Finance,2019,10,,,,SC
USC Beaufort,Food/Hospitality,2004,1,8,17,.47058824,SC
USC Beaufort,Food/Hospitality,2004,5,5,16,.3125,SC
USC Beaufort,Food/Hospitality,2004,10,3,11,.27272728,SC
USC Beaufort,Food/Hospitality,2007,1,33,48,.6875,SC
USC Beaufort,Food/Hospitality,2007,5,22,30,.73333335,SC
USC Beaufort,Food/Hospitality,2007,10,13,28,.4642857,SC
USC Beaufort,Food/Hospitality,2010,1,50,70,.71428573,SC
USC Beaufort,Food/Hospitality,2010,5,35,63,.55555558,SC
USC Beaufort,Food/Hospitality,2010,10,16,41,.39024389,SC
USC Beaufort,Food/Hospitality,2013,1,55,93,.59139782,SC
USC Beaufort,Food/Hospitality,2013,5,28,57,.49122807,SC
USC Beaufort,Food/Hospitality,2013,10,,,,SC
USC Beaufort,Food/Hospitality,2016,1,58,83,.6987952,SC
USC Beaufort,Food/Hospitality,2016,5,37,84,.44047618,SC
USC Beaufort,Food/Hospitality,2016,10,,,,SC
USC Beaufort,Food/Hospitality,2019,1,83,115,.72173911,SC
USC Beaufort,Food/Hospitality,2019,5,,,,SC
USC Beaufort,Food/Hospitality,2019,10,,,,SC
USC Beaufort,Health Care,2004,1,6,16,.375,SC
USC Beaufort,Health Care,2004,5,9,31,.29032257,SC
USC Beaufort,Health Care,2004,10,12,18,.66666669,SC
USC Beaufort,Health Care,2007,1,17,54,.31481481,SC
USC Beaufort,Health Care,2007,5,15,25,.60000002,SC
USC Beaufort,Health Care,2007,10,14,38,.36842105,SC
USC Beaufort,Health Care,2010,1,42,65,.64615387,SC
USC Beaufort,Health Care,2010,5,64,102,.627451,SC
USC Beaufort,Health Care,2010,10,43,102,.42156863,SC
USC Beaufort,Health Care,2013,1,94,149,.63087249,SC
USC Beaufort,Health Care,2013,5,77,125,.616,SC
USC Beaufort,Health Care,2013,10,,,,SC
USC Beaufort,Health Care,2016,1,99,167,.59281439,SC
USC Beaufort,Health Care,2016,5,110,194,.56701028,SC
USC Beaufort,Health Care,2016,10,,,,SC
USC Beaufort,Health Care,2019,1,120,195,.61538464,SC
USC Beaufort,Health Care,2019,5,,,,SC
USC Beaufort,Health Care,2019,10,,,,SC
USC Beaufort,Information,2004,1,1,1,1,SC
USC Beaufort,Information,2004,5,7,12,.58333331,SC
USC Beaufort,Information,2004,10,0,2,0,SC
USC Beaufort,Information,2007,1,7,12,.58333331,SC
USC Beaufort,Information,2007,5,4,10,.40000001,SC
USC Beaufort,Information,2007,10,1,2,.5,SC
USC Beaufort,Information,2010,1,2,7,.2857143,SC
USC Beaufort,Information,2010,5,0,6,0,SC
USC Beaufort,Information,2010,10,6,9,.66666669,SC
USC Beaufort,Information,2013,1,5,21,.23809524,SC
USC Beaufort,Information,2013,5,4,5,.80000001,SC
USC Beaufort,Information,2013,10,,,,SC
USC Beaufort,Information,2016,1,4,11,.36363637,SC
USC Beaufort,Information,2016,5,5,12,.41666666,SC
USC Beaufort,Information,2016,10,,,,SC
USC Beaufort,Information,2019,1,4,13,.30769232,SC
USC Beaufort,Information,2019,5,,,,SC
USC Beaufort,Information,2019,10,,,,SC
USC Beaufort,Management,2004,1,0,1,0,SC
USC Beaufort,Management,2004,5,0,0,,SC
USC Beaufort,Management,2004,10,1,1,1,SC
USC Beaufort,Management,2007,1,3,3,1,SC
USC Beaufort,Management,2007,5,2,3,.66666669,SC
USC Beaufort,Management,2007,10,1,2,.5,SC
USC Beaufort,Management,2010,1,8,10,.80000001,SC
USC Beaufort,Management,2010,5,3,7,.42857143,SC
USC Beaufort,Management,2010,10,2,5,.40000001,SC
USC Beaufort,Management,2013,1,10,13,.76923078,SC
USC Beaufort,Management,2013,5,9,16,.5625,SC
USC Beaufort,Management,2013,10,,,,SC
USC Beaufort,Management,2016,1,5,5,1,SC
USC Beaufort,Management,2016,5,3,4,.75,SC
USC Beaufort,Management,2016,10,,,,SC
USC Beaufort,Management,2019,1,7,8,.875,SC
USC Beaufort,Management,2019,5,,,,SC
USC Beaufort,Management,2019,10,,,,SC
USC Beaufort,Manufacturing,2004,1,1,7,.14285715,SC
USC Beaufort,Manufacturing,2004,5,0,4,0,SC
USC Beaufort,Manufacturing,2004,10,1,7,.14285715,SC
USC Beaufort,Manufacturing,2007,1,5,28,.17857143,SC
USC Beaufort,Manufacturing,2007,5,3,9,.33333334,SC
USC Beaufort,Manufacturing,2007,10,3,12,.25,SC
USC Beaufort,Manufacturing,2010,1,6,25,.23999999,SC
USC Beaufort,Manufacturing,2010,5,8,32,.25,SC
USC Beaufort,Manufacturing,2010,10,8,26,.30769232,SC
USC Beaufort,Manufacturing,2013,1,5,30,.16666667,SC
USC Beaufort,Manufacturing,2013,5,15,35,.42857143,SC
USC Beaufort,Manufacturing,2013,10,,,,SC
USC Beaufort,Manufacturing,2016,1,13,24,.54166669,SC
USC Beaufort,Manufacturing,2016,5,9,28,.32142857,SC
USC Beaufort,Manufacturing,2016,10,,,,SC
USC Beaufort,Manufacturing,2019,1,9,19,.47368422,SC
USC Beaufort,Manufacturing,2019,5,,,,SC
USC Beaufort,Manufacturing,2019,10,,,,SC
USC Beaufort,Mining,2004,1,0,0,,SC
USC Beaufort,Mining,2004,5,0,1,0,SC
USC Beaufort,Mining,2004,10,0,0,,SC
USC Beaufort,Mining,2007,1,0,0,,SC
USC Beaufort,Mining,2007,5,0,0,,SC
USC Beaufort,Mining,2007,10,0,0,,SC
USC Beaufort,Mining,2010,1,0,2,0,SC
USC Beaufort,Mining,2010,5,0,0,,SC
USC Beaufort,Mining,2010,10,0,3,0,SC
USC Beaufort,Mining,2013,1,0,1,0,SC
USC Beaufort,Mining,2013,5,0,0,,SC
USC Beaufort,Mining,2013,10,,,,SC
USC Beaufort,Mining,2016,1,0,1,0,SC
USC Beaufort,Mining,2016,5,1,4,.25,SC
USC Beaufort,Mining,2016,10,,,,SC
USC Beaufort,Mining,2019,1,0,0,,SC
USC Beaufort,Mining,2019,5,,,,SC
USC Beaufort,Mining,2019,10,,,,SC
USC Beaufort,Other Services,2004,1,9,9,1,SC
USC Beaufort,Other Services,2004,5,2,9,.22222222,SC
USC Beaufort,Other Services,2004,10,4,6,.66666669,SC
USC Beaufort,Other Services,2007,1,2,9,.22222222,SC
USC Beaufort,Other Services,2007,5,7,19,.36842105,SC
USC Beaufort,Other Services,2007,10,4,11,.36363637,SC
USC Beaufort,Other Services,2010,1,6,6,1,SC
USC Beaufort,Other Services,2010,5,12,18,.66666669,SC
USC Beaufort,Other Services,2010,10,7,17,.41176471,SC
USC Beaufort,Other Services,2013,1,17,19,.89473683,SC
USC Beaufort,Other Services,2013,5,8,16,.5,SC
USC Beaufort,Other Services,2013,10,,,,SC
USC Beaufort,Other Services,2016,1,32,37,.86486489,SC
USC Beaufort,Other Services,2016,5,22,28,.78571427,SC
USC Beaufort,Other Services,2016,10,,,,SC
USC Beaufort,Other Services,2019,1,15,20,.75,SC
USC Beaufort,Other Services,2019,5,,,,SC
USC Beaufort,Other Services,2019,10,,,,SC
USC Beaufort,Professional Services,2004,1,3,5,.60000002,SC
USC Beaufort,Professional Services,2004,5,4,12,.33333334,SC
USC Beaufort,Professional Services,2004,10,3,10,.30000001,SC
USC Beaufort,Professional Services,2007,1,7,25,.28,SC
USC Beaufort,Professional Services,2007,5,7,13,.53846157,SC
USC Beaufort,Professional Services,2007,10,12,24,.5,SC
USC Beaufort,Professional Services,2010,1,12,23,.52173913,SC
USC Beaufort,Professional Services,2010,5,11,25,.44,SC
USC Beaufort,Professional Services,2010,10,11,46,.23913044,SC
USC Beaufort,Professional Services,2013,1,18,41,.43902439,SC
USC Beaufort,Professional Services,2013,5,25,45,.55555558,SC
USC Beaufort,Professional Services,2013,10,,,,SC
USC Beaufort,Professional Services,2016,1,23,38,.60526317,SC
USC Beaufort,Professional Services,2016,5,17,57,.29824561,SC
USC Beaufort,Professional Services,2016,10,,,,SC
USC Beaufort,Professional Services,2019,1,26,50,.51999998,SC
USC Beaufort,Professional Services,2019,5,,,,SC
USC Beaufort,Professional Services,2019,10,,,,SC
USC Beaufort,Public Admin,2004,1,9,14,.64285713,SC
USC Beaufort,Public Admin,2004,5,12,20,.60000002,SC
USC Beaufort,Public Admin,2004,10,9,12,.75,SC
USC Beaufort,Public Admin,2007,1,17,24,.70833331,SC
USC Beaufort,Public Admin,2007,5,14,23,.60869563,SC
USC Beaufort,Public Admin,2007,10,14,28,.5,SC
USC Beaufort,Public Admin,2010,1,16,20,.80000001,SC
USC Beaufort,Public Admin,2010,5,21,32,.65625,SC
USC Beaufort,Public Admin,2010,10,22,34,.64705884,SC
USC Beaufort,Public Admin,2013,1,18,29,.62068963,SC
USC Beaufort,Public Admin,2013,5,19,28,.6785714,SC
USC Beaufort,Public Admin,2013,10,,,,SC
USC Beaufort,Public Admin,2016,1,22,31,.7096774,SC
USC Beaufort,Public Admin,2016,5,35,64,.546875,SC
USC Beaufort,Public Admin,2016,10,,,,SC
USC Beaufort,Public Admin,2019,1,26,43,.60465115,SC
USC Beaufort,Public Admin,2019,5,,,,SC
USC Beaufort,Public Admin,2019,10,,,,SC
USC Beaufort,Real Estate,2004,1,9,9,1,SC
USC Beaufort,Real Estate,2004,5,4,7,.5714286,SC
USC Beaufort,Real Estate,2004,10,2,2,1,SC
USC Beaufort,Real Estate,2007,1,12,14,.85714287,SC
USC Beaufort,Real Estate,2007,5,8,8,1,SC
USC Beaufort,Real Estate,2007,10,3,5,.60000002,SC
USC Beaufort,Real Estate,2010,1,6,11,.54545456,SC
USC Beaufort,Real Estate,2010,5,5,11,.45454547,SC
USC Beaufort,Real Estate,2010,10,3,9,.33333334,SC
USC Beaufort,Real Estate,2013,1,17,22,.77272725,SC
USC Beaufort,Real Estate,2013,5,8,11,.72727275,SC
USC Beaufort,Real Estate,2013,10,,,,SC
USC Beaufort,Real Estate,2016,1,16,17,.94117647,SC
USC Beaufort,Real Estate,2016,5,13,24,.54166669,SC
USC Beaufort,Real Estate,2016,10,,,,SC
USC Beaufort,Real Estate,2019,1,9,17,.52941179,SC
USC Beaufort,Real Estate,2019,5,,,,SC
USC Beaufort,Real Estate,2019,10,,,,SC
USC Beaufort,Retail,2004,1,6,20,.30000001,SC
USC Beaufort,Retail,2004,5,3,27,.11111111,SC
USC Beaufort,Retail,2004,10,3,12,.25,SC
USC Beaufort,Retail,2007,1,19,44,.43181819,SC
USC Beaufort,Retail,2007,5,15,31,.48387095,SC
USC Beaufort,Retail,2007,10,7,25,.28,SC
USC Beaufort,Retail,2010,1,28,56,.5,SC
USC Beaufort,Retail,2010,5,20,36,.55555558,SC
USC Beaufort,Retail,2010,10,19,42,.45238096,SC
USC Beaufort,Retail,2013,1,37,56,.66071427,SC
USC Beaufort,Retail,2013,5,17,32,.53125,SC
USC Beaufort,Retail,2013,10,,,,SC
USC Beaufort,Retail,2016,1,43,65,.66153848,SC
USC Beaufort,Retail,2016,5,35,81,.43209878,SC
USC Beaufort,Retail,2016,10,,,,SC
USC Beaufort,Retail,2019,1,54,82,.65853661,SC
USC Beaufort,Retail,2019,5,,,,SC
USC Beaufort,Retail,2019,10,,,,SC
USC Beaufort,Transportation,2004,1,1,3,.33333334,SC
USC Beaufort,Transportation,2004,5,1,2,.5,SC
USC Beaufort,Transportation,2004,10,1,1,1,SC
USC Beaufort,Transportation,2007,1,2,5,.40000001,SC
USC Beaufort,Transportation,2007,5,0,2,0,SC
USC Beaufort,Transportation,2007,10,1,3,.33333334,SC
USC Beaufort,Transportation,2010,1,2,3,.66666669,SC
USC Beaufort,Transportation,2010,5,3,4,.75,SC
USC Beaufort,Transportation,2010,10,1,8,.125,SC
USC Beaufort,Transportation,2013,1,3,8,.375,SC
USC Beaufort,Transportation,2013,5,2,6,.33333334,SC
USC Beaufort,Transportation,2013,10,,,,SC
USC Beaufort,Transportation,2016,1,3,15,.2,SC
USC Beaufort,Transportation,2016,5,6,20,.30000001,SC
USC Beaufort,Transportation,2016,10,,,,SC
USC Beaufort,Transportation,2019,1,5,6,.83333331,SC
USC Beaufort,Transportation,2019,5,,,,SC
USC Beaufort,Transportation,2019,10,,,,SC
USC Beaufort,Utilities,2004,1,1,1,1,SC
USC Beaufort,Utilities,2004,5,2,2,1,SC
USC Beaufort,Utilities,2004,10,0,0,,SC
USC Beaufort,Utilities,2007,1,1,4,.25,SC
USC Beaufort,Utilities,2007,5,0,2,0,SC
USC Beaufort,Utilities,2007,10,1,1,1,SC
USC Beaufort,Utilities,2010,1,2,2,1,SC
USC Beaufort,Utilities,2010,5,3,4,.75,SC
USC Beaufort,Utilities,2010,10,4,6,.66666669,SC
USC Beaufort,Utilities,2013,1,3,4,.75,SC
USC Beaufort,Utilities,2013,5,2,2,1,SC
USC Beaufort,Utilities,2013,10,,,,SC
USC Beaufort,Utilities,2016,1,1,2,.5,SC
USC Beaufort,Utilities,2016,5,1,1,1,SC
USC Beaufort,Utilities,2016,10,,,,SC
USC Beaufort,Utilities,2019,1,3,3,1,SC
USC Beaufort,Utilities,2019,5,,,,SC
USC Beaufort,Utilities,2019,10,,,,SC
USC Beaufort,Wholesale,2004,1,0,4,0,SC
USC Beaufort,Wholesale,2004,5,1,6,.16666667,SC
USC Beaufort,Wholesale,2004,10,1,6,.16666667,SC
USC Beaufort,Wholesale,2007,1,12,18,.66666669,SC
USC Beaufort,Wholesale,2007,5,6,9,.66666669,SC
USC Beaufort,Wholesale,2007,10,5,13,.38461539,SC
USC Beaufort,Wholesale,2010,1,2,8,.25,SC
USC Beaufort,Wholesale,2010,5,9,20,.44999999,SC
USC Beaufort,Wholesale,2010,10,6,12,.5,SC
USC Beaufort,Wholesale,2013,1,4,12,.33333334,SC
USC Beaufort,Wholesale,2013,5,8,18,.44444445,SC
USC Beaufort,Wholesale,2013,10,,,,SC
USC Beaufort,Wholesale,2016,1,5,13,.38461539,SC
USC Beaufort,Wholesale,2016,5,8,19,.42105263,SC
USC Beaufort,Wholesale,2016,10,,,,SC
USC Beaufort,Wholesale,2019,1,7,14,.5,SC
USC Beaufort,Wholesale,2019,5,,,,SC
USC Beaufort,Wholesale,2019,10,,,,SC
USC Upstate,Admin/Waste,2004,1,73,89,.8202247,SC
USC Upstate,Admin/Waste,2004,5,55,75,.73333335,SC
USC Upstate,Admin/Waste,2004,10,54,89,.60674155,SC
USC Upstate,Admin/Waste,2007,1,82,111,.73873872,SC
USC Upstate,Admin/Waste,2007,5,71,110,.64545453,SC
USC Upstate,Admin/Waste,2007,10,54,103,.52427185,SC
USC Upstate,Admin/Waste,2010,1,104,117,.8888889,SC
USC Upstate,Admin/Waste,2010,5,98,140,.69999999,SC
USC Upstate,Admin/Waste,2010,10,57,110,.5181818,SC
USC Upstate,Admin/Waste,2013,1,113,132,.85606062,SC
USC Upstate,Admin/Waste,2013,5,76,126,.60317463,SC
USC Upstate,Admin/Waste,2013,10,,,,SC
USC Upstate,Admin/Waste,2016,1,136,171,.79532164,SC
USC Upstate,Admin/Waste,2016,5,105,225,.46666667,SC
USC Upstate,Admin/Waste,2016,10,,,,SC
USC Upstate,Admin/Waste,2019,1,126,189,.66666669,SC
USC Upstate,Admin/Waste,2019,5,,,,SC
USC Upstate,Admin/Waste,2019,10,,,,SC
USC Upstate,Agriculture,2004,1,0,0,,SC
USC Upstate,Agriculture,2004,5,0,0,,SC
USC Upstate,Agriculture,2004,10,1,4,.25,SC
USC Upstate,Agriculture,2007,1,1,2,.5,SC
USC Upstate,Agriculture,2007,5,2,4,.5,SC
USC Upstate,Agriculture,2007,10,1,1,1,SC
USC Upstate,Agriculture,2010,1,1,1,1,SC
USC Upstate,Agriculture,2010,5,2,3,.66666669,SC
USC Upstate,Agriculture,2010,10,0,0,,SC
USC Upstate,Agriculture,2013,1,5,5,1,SC
USC Upstate,Agriculture,2013,5,3,4,.75,SC
USC Upstate,Agriculture,2013,10,,,,SC
USC Upstate,Agriculture,2016,1,0,0,,SC
USC Upstate,Agriculture,2016,5,0,1,0,SC
USC Upstate,Agriculture,2016,10,,,,SC
USC Upstate,Agriculture,2019,1,1,3,.33333334,SC
USC Upstate,Agriculture,2019,5,,,,SC
USC Upstate,Agriculture,2019,10,,,,SC
USC Upstate,Arts/Entertainment,2004,1,0,3,0,SC
USC Upstate,Arts/Entertainment,2004,5,9,9,1,SC
USC Upstate,Arts/Entertainment,2004,10,8,17,.47058824,SC
USC Upstate,Arts/Entertainment,2007,1,14,21,.66666669,SC
USC Upstate,Arts/Entertainment,2007,5,8,11,.72727275,SC
USC Upstate,Arts/Entertainment,2007,10,8,16,.5,SC
USC Upstate,Arts/Entertainment,2010,1,10,16,.625,SC
USC Upstate,Arts/Entertainment,2010,5,6,8,.75,SC
USC Upstate,Arts/Entertainment,2010,10,5,9,.55555558,SC
USC Upstate,Arts/Entertainment,2013,1,8,16,.5,SC
USC Upstate,Arts/Entertainment,2013,5,13,20,.64999998,SC
USC Upstate,Arts/Entertainment,2013,10,,,,SC
USC Upstate,Arts/Entertainment,2016,1,10,16,.625,SC
USC Upstate,Arts/Entertainment,2016,5,9,11,.81818181,SC
USC Upstate,Arts/Entertainment,2016,10,,,,SC
USC Upstate,Arts/Entertainment,2019,1,10,18,.55555558,SC
USC Upstate,Arts/Entertainment,2019,5,,,,SC
USC Upstate,Arts/Entertainment,2019,10,,,,SC
USC Upstate,Construction,2004,1,18,21,.85714287,SC
USC Upstate,Construction,2004,5,19,22,.86363637,SC
USC Upstate,Construction,2004,10,42,57,.7368421,SC
USC Upstate,Construction,2007,1,21,35,.60000002,SC
USC Upstate,Construction,2007,5,20,33,.60606062,SC
USC Upstate,Construction,2007,10,32,46,.69565219,SC
USC Upstate,Construction,2010,1,16,24,.66666669,SC
USC Upstate,Construction,2010,5,29,39,.74358976,SC
USC Upstate,Construction,2010,10,21,27,.77777779,SC
USC Upstate,Construction,2013,1,26,33,.78787881,SC
USC Upstate,Construction,2013,5,29,38,.7631579,SC
USC Upstate,Construction,2013,10,,,,SC
USC Upstate,Construction,2016,1,39,45,.86666667,SC
USC Upstate,Construction,2016,5,29,44,.65909094,SC
USC Upstate,Construction,2016,10,,,,SC
USC Upstate,Construction,2019,1,32,49,.65306121,SC
USC Upstate,Construction,2019,5,,,,SC
USC Upstate,Construction,2019,10,,,,SC
USC Upstate,Education,2004,1,395,443,.89164788,SC
USC Upstate,Education,2004,5,403,463,.87041038,SC
USC Upstate,Education,2004,10,411,480,.85624999,SC
USC Upstate,Education,2007,1,356,405,.87901235,SC
USC Upstate,Education,2007,5,383,437,.87643021,SC
USC Upstate,Education,2007,10,396,483,.81987578,SC
USC Upstate,Education,2010,1,373,430,.86744183,SC
USC Upstate,Education,2010,5,501,564,.88829786,SC
USC Upstate,Education,2010,10,460,545,.8440367,SC
USC Upstate,Education,2013,1,391,422,.92654026,SC
USC Upstate,Education,2013,5,419,490,.85510206,SC
USC Upstate,Education,2013,10,,,,SC
USC Upstate,Education,2016,1,391,428,.91355139,SC
USC Upstate,Education,2016,5,378,455,.83076924,SC
USC Upstate,Education,2016,10,,,,SC
USC Upstate,Education,2019,1,411,457,.89934355,SC
USC Upstate,Education,2019,5,,,,SC
USC Upstate,Education,2019,10,,,,SC
USC Upstate,Finance,2004,1,90,104,.86538464,SC
USC Upstate,Finance,2004,5,85,124,.68548387,SC
USC Upstate,Finance,2004,10,82,114,.71929824,SC
USC Upstate,Finance,2007,1,64,88,.72727275,SC
USC Upstate,Finance,2007,5,86,126,.6825397,SC
USC Upstate,Finance,2007,10,82,113,.72566372,SC
USC Upstate,Finance,2010,1,117,133,.87969923,SC
USC Upstate,Finance,2010,5,105,139,.75539571,SC
USC Upstate,Finance,2010,10,100,145,.68965518,SC
USC Upstate,Finance,2013,1,99,114,.86842108,SC
USC Upstate,Finance,2013,5,117,160,.73124999,SC
USC Upstate,Finance,2013,10,,,,SC
USC Upstate,Finance,2016,1,102,117,.87179488,SC
USC Upstate,Finance,2016,5,132,179,.73743016,SC
USC Upstate,Finance,2016,10,,,,SC
USC Upstate,Finance,2019,1,99,119,.83193278,SC
USC Upstate,Finance,2019,5,,,,SC
USC Upstate,Finance,2019,10,,,,SC
USC Upstate,Food/Hospitality,2004,1,55,65,.84615386,SC
USC Upstate,Food/Hospitality,2004,5,19,41,.46341464,SC
USC Upstate,Food/Hospitality,2004,10,20,50,.40000001,SC
USC Upstate,Food/Hospitality,2007,1,100,124,.80645162,SC
USC Upstate,Food/Hospitality,2007,5,37,60,.61666667,SC
USC Upstate,Food/Hospitality,2007,10,32,54,.5925926,SC
USC Upstate,Food/Hospitality,2010,1,78,98,.79591835,SC
USC Upstate,Food/Hospitality,2010,5,35,61,.57377046,SC
USC Upstate,Food/Hospitality,2010,10,27,55,.4909091,SC
USC Upstate,Food/Hospitality,2013,1,101,119,.8487395,SC
USC Upstate,Food/Hospitality,2013,5,44,60,.73333335,SC
USC Upstate,Food/Hospitality,2013,10,,,,SC
USC Upstate,Food/Hospitality,2016,1,116,136,.85294116,SC
USC Upstate,Food/Hospitality,2016,5,48,68,.70588237,SC
USC Upstate,Food/Hospitality,2016,10,,,,SC
USC Upstate,Food/Hospitality,2019,1,95,119,.79831934,SC
USC Upstate,Food/Hospitality,2019,5,,,,SC
USC Upstate,Food/Hospitality,2019,10,,,,SC
USC Upstate,Health Care,2004,1,444,494,.89878541,SC
USC Upstate,Health Care,2004,5,392,475,.82526314,SC
USC Upstate,Health Care,2004,10,364,492,.73983741,SC
USC Upstate,Health Care,2007,1,699,821,.85140073,SC
USC Upstate,Health Care,2007,5,637,773,.82406211,SC
USC Upstate,Health Care,2007,10,494,670,.73731345,SC
USC Upstate,Health Care,2010,1,720,809,.88998765,SC
USC Upstate,Health Care,2010,5,622,764,.81413615,SC
USC Upstate,Health Care,2010,10,652,807,.80793059,SC
USC Upstate,Health Care,2013,1,780,896,.87053573,SC
USC Upstate,Health Care,2013,5,645,822,.78467155,SC
USC Upstate,Health Care,2013,10,,,,SC
USC Upstate,Health Care,2016,1,709,818,.86674815,SC
USC Upstate,Health Care,2016,5,779,952,.8182773,SC
USC Upstate,Health Care,2016,10,,,,SC
USC Upstate,Health Care,2019,1,879,1012,.86857706,SC
USC Upstate,Health Care,2019,5,,,,SC
USC Upstate,Health Care,2019,10,,,,SC
USC Upstate,Information,2004,1,49,63,.77777779,SC
USC Upstate,Information,2004,5,36,43,.83720928,SC
USC Upstate,Information,2004,10,39,54,.72222221,SC
USC Upstate,Information,2007,1,54,68,.79411763,SC
USC Upstate,Information,2007,5,53,68,.77941179,SC
USC Upstate,Information,2007,10,40,52,.76923078,SC
USC Upstate,Information,2010,1,56,60,.93333334,SC
USC Upstate,Information,2010,5,43,58,.74137932,SC
USC Upstate,Information,2010,10,39,48,.8125,SC
USC Upstate,Information,2013,1,49,56,.875,SC
USC Upstate,Information,2013,5,46,64,.71875,SC
USC Upstate,Information,2013,10,,,,SC
USC Upstate,Information,2016,1,38,42,.90476191,SC
USC Upstate,Information,2016,5,41,52,.78846157,SC
USC Upstate,Information,2016,10,,,,SC
USC Upstate,Information,2019,1,17,34,.5,SC
USC Upstate,Information,2019,5,,,,SC
USC Upstate,Information,2019,10,,,,SC
USC Upstate,Management,2004,1,12,13,.92307693,SC
USC Upstate,Management,2004,5,17,22,.77272725,SC
USC Upstate,Management,2004,10,21,37,.56756759,SC
USC Upstate,Management,2007,1,18,27,.66666669,SC
USC Upstate,Management,2007,5,24,31,.77419353,SC
USC Upstate,Management,2007,10,23,32,.71875,SC
USC Upstate,Management,2010,1,24,31,.77419353,SC
USC Upstate,Management,2010,5,21,27,.77777779,SC
USC Upstate,Management,2010,10,26,36,.72222221,SC
USC Upstate,Management,2013,1,14,23,.60869563,SC
USC Upstate,Management,2013,5,33,44,.75,SC
USC Upstate,Management,2013,10,,,,SC
USC Upstate,Management,2016,1,19,25,.75999999,SC
USC Upstate,Management,2016,5,33,39,.84615386,SC
USC Upstate,Management,2016,10,,,,SC
USC Upstate,Management,2019,1,24,32,.75,SC
USC Upstate,Management,2019,5,,,,SC
USC Upstate,Management,2019,10,,,,SC
USC Upstate,Manufacturing,2004,1,64,74,.86486489,SC
USC Upstate,Manufacturing,2004,5,62,77,.8051948,SC
USC Upstate,Manufacturing,2004,10,80,112,.71428573,SC
USC Upstate,Manufacturing,2007,1,64,98,.65306121,SC
USC Upstate,Manufacturing,2007,5,93,117,.79487181,SC
USC Upstate,Manufacturing,2007,10,82,144,.56944442,SC
USC Upstate,Manufacturing,2010,1,82,110,.74545455,SC
USC Upstate,Manufacturing,2010,5,127,159,.79874212,SC
USC Upstate,Manufacturing,2010,10,120,163,.73619634,SC
USC Upstate,Manufacturing,2013,1,101,127,.79527557,SC
USC Upstate,Manufacturing,2013,5,117,147,.79591835,SC
USC Upstate,Manufacturing,2013,10,,,,SC
USC Upstate,Manufacturing,2016,1,117,132,.88636363,SC
USC Upstate,Manufacturing,2016,5,154,194,.79381442,SC
USC Upstate,Manufacturing,2016,10,,,,SC
USC Upstate,Manufacturing,2019,1,105,150,.69999999,SC
USC Upstate,Manufacturing,2019,5,,,,SC
USC Upstate,Manufacturing,2019,10,,,,SC
USC Upstate,Mining,2004,1,0,0,,SC
USC Upstate,Mining,2004,5,1,3,.33333334,SC
USC Upstate,Mining,2004,10,0,0,,SC
USC Upstate,Mining,2007,1,0,0,,SC
USC Upstate,Mining,2007,5,1,2,.5,SC
USC Upstate,Mining,2007,10,6,6,1,SC
USC Upstate,Mining,2010,1,1,1,1,SC
USC Upstate,Mining,2010,5,0,0,,SC
USC Upstate,Mining,2010,10,2,2,1,SC
USC Upstate,Mining,2013,1,0,0,,SC
USC Upstate,Mining,2013,5,0,1,0,SC
USC Upstate,Mining,2013,10,,,,SC
USC Upstate,Mining,2016,1,0,0,,SC
USC Upstate,Mining,2016,5,0,0,,SC
USC Upstate,Mining,2016,10,,,,SC
USC Upstate,Mining,2019,1,0,0,,SC
USC Upstate,Mining,2019,5,,,,SC
USC Upstate,Mining,2019,10,,,,SC
USC Upstate,Other Services,2004,1,7,13,.53846157,SC
USC Upstate,Other Services,2004,5,13,20,.64999998,SC
USC Upstate,Other Services,2004,10,12,28,.42857143,SC
USC Upstate,Other Services,2007,1,23,33,.69696969,SC
USC Upstate,Other Services,2007,5,17,28,.60714287,SC
USC Upstate,Other Services,2007,10,23,40,.57499999,SC
USC Upstate,Other Services,2010,1,15,17,.88235295,SC
USC Upstate,Other Services,2010,5,13,20,.64999998,SC
USC Upstate,Other Services,2010,10,24,35,.6857143,SC
USC Upstate,Other Services,2013,1,19,26,.73076922,SC
USC Upstate,Other Services,2013,5,20,27,.74074072,SC
USC Upstate,Other Services,2013,10,,,,SC
USC Upstate,Other Services,2016,1,15,21,.71428573,SC
USC Upstate,Other Services,2016,5,28,39,.71794873,SC
USC Upstate,Other Services,2016,10,,,,SC
USC Upstate,Other Services,2019,1,12,21,.5714286,SC
USC Upstate,Other Services,2019,5,,,,SC
USC Upstate,Other Services,2019,10,,,,SC
USC Upstate,Professional Services,2004,1,63,76,.82894737,SC
USC Upstate,Professional Services,2004,5,74,88,.84090906,SC
USC Upstate,Professional Services,2004,10,73,119,.6134454,SC
USC Upstate,Professional Services,2007,1,88,114,.7719298,SC
USC Upstate,Professional Services,2007,5,91,133,.68421054,SC
USC Upstate,Professional Services,2007,10,73,128,.5703125,SC
USC Upstate,Professional Services,2010,1,75,93,.80645162,SC
USC Upstate,Professional Services,2010,5,99,137,.72262776,SC
USC Upstate,Professional Services,2010,10,100,147,.6802721,SC
USC Upstate,Professional Services,2013,1,94,122,.77049178,SC
USC Upstate,Professional Services,2013,5,115,172,.66860467,SC
USC Upstate,Professional Services,2013,10,,,,SC
USC Upstate,Professional Services,2016,1,92,118,.779661,SC
USC Upstate,Professional Services,2016,5,157,194,.80927837,SC
USC Upstate,Professional Services,2016,10,,,,SC
USC Upstate,Professional Services,2019,1,109,136,.80147058,SC
USC Upstate,Professional Services,2019,5,,,,SC
USC Upstate,Professional Services,2019,10,,,,SC
USC Upstate,Public Admin,2004,1,89,92,.96739131,SC
USC Upstate,Public Admin,2004,5,86,98,.87755102,SC
USC Upstate,Public Admin,2004,10,108,153,.70588237,SC
USC Upstate,Public Admin,2007,1,73,98,.74489796,SC
USC Upstate,Public Admin,2007,5,85,130,.65384614,SC
USC Upstate,Public Admin,2007,10,79,123,.64227641,SC
USC Upstate,Public Admin,2010,1,72,79,.91139239,SC
USC Upstate,Public Admin,2010,5,105,134,.78358209,SC
USC Upstate,Public Admin,2010,10,79,97,.81443298,SC
USC Upstate,Public Admin,2013,1,112,133,.84210527,SC
USC Upstate,Public Admin,2013,5,141,162,.87037039,SC
USC Upstate,Public Admin,2013,10,,,,SC
USC Upstate,Public Admin,2016,1,171,187,.91443849,SC
USC Upstate,Public Admin,2016,5,160,179,.89385474,SC
USC Upstate,Public Admin,2016,10,,,,SC
USC Upstate,Public Admin,2019,1,146,181,.80662984,SC
USC Upstate,Public Admin,2019,5,,,,SC
USC Upstate,Public Admin,2019,10,,,,SC
USC Upstate,Real Estate,2004,1,8,9,.8888889,SC
USC Upstate,Real Estate,2004,5,17,24,.70833331,SC
USC Upstate,Real Estate,2004,10,15,23,.65217394,SC
USC Upstate,Real Estate,2007,1,26,30,.86666667,SC
USC Upstate,Real Estate,2007,5,23,28,.8214286,SC
USC Upstate,Real Estate,2007,10,22,29,.75862068,SC
USC Upstate,Real Estate,2010,1,16,20,.80000001,SC
USC Upstate,Real Estate,2010,5,15,23,.65217394,SC
USC Upstate,Real Estate,2010,10,18,21,.85714287,SC
USC Upstate,Real Estate,2013,1,12,14,.85714287,SC
USC Upstate,Real Estate,2013,5,22,28,.78571427,SC
USC Upstate,Real Estate,2013,10,,,,SC
USC Upstate,Real Estate,2016,1,20,26,.76923078,SC
USC Upstate,Real Estate,2016,5,18,20,.89999998,SC
USC Upstate,Real Estate,2016,10,,,,SC
USC Upstate,Real Estate,2019,1,16,18,.8888889,SC
USC Upstate,Real Estate,2019,5,,,,SC
USC Upstate,Real Estate,2019,10,,,,SC
USC Upstate,Retail,2004,1,122,147,.82993197,SC
USC Upstate,Retail,2004,5,59,85,.69411767,SC
USC Upstate,Retail,2004,10,57,97,.58762884,SC
USC Upstate,Retail,2007,1,152,193,.78756475,SC
USC Upstate,Retail,2007,5,82,125,.65600002,SC
USC Upstate,Retail,2007,10,57,116,.49137932,SC
USC Upstate,Retail,2010,1,160,185,.86486489,SC
USC Upstate,Retail,2010,5,86,123,.69918698,SC
USC Upstate,Retail,2010,10,69,102,.67647058,SC
USC Upstate,Retail,2013,1,145,172,.84302324,SC
USC Upstate,Retail,2013,5,91,129,.70542634,SC
USC Upstate,Retail,2013,10,,,,SC
USC Upstate,Retail,2016,1,165,189,.87301588,SC
USC Upstate,Retail,2016,5,89,121,.73553717,SC
USC Upstate,Retail,2016,10,,,,SC
USC Upstate,Retail,2019,1,178,216,.82407409,SC
USC Upstate,Retail,2019,5,,,,SC
USC Upstate,Retail,2019,10,,,,SC
USC Upstate,Transportation,2004,1,25,25,1,SC
USC Upstate,Transportation,2004,5,19,34,.55882353,SC
USC Upstate,Transportation,2004,10,23,40,.57499999,SC
USC Upstate,Transportation,2007,1,17,28,.60714287,SC
USC Upstate,Transportation,2007,5,15,39,.38461539,SC
USC Upstate,Transportation,2007,10,26,49,.53061223,SC
USC Upstate,Transportation,2010,1,20,22,.90909094,SC
USC Upstate,Transportation,2010,5,19,34,.55882353,SC
USC Upstate,Transportation,2010,10,31,44,.70454544,SC
USC Upstate,Transportation,2013,1,17,18,.94444442,SC
USC Upstate,Transportation,2013,5,22,41,.53658539,SC
USC Upstate,Transportation,2013,10,,,,SC
USC Upstate,Transportation,2016,1,28,36,.77777779,SC
USC Upstate,Transportation,2016,5,25,43,.58139533,SC
USC Upstate,Transportation,2016,10,,,,SC
USC Upstate,Transportation,2019,1,36,47,.76595747,SC
USC Upstate,Transportation,2019,5,,,,SC
USC Upstate,Transportation,2019,10,,,,SC
USC Upstate,Utilities,2004,1,0,5,0,SC
USC Upstate,Utilities,2004,5,1,8,.125,SC
USC Upstate,Utilities,2004,10,5,7,.71428573,SC
USC Upstate,Utilities,2007,1,4,4,1,SC
USC Upstate,Utilities,2007,5,5,7,.71428573,SC
USC Upstate,Utilities,2007,10,7,8,.875,SC
USC Upstate,Utilities,2010,1,2,2,1,SC
USC Upstate,Utilities,2010,5,2,2,1,SC
USC Upstate,Utilities,2010,10,7,8,.875,SC
USC Upstate,Utilities,2013,1,1,1,1,SC
USC Upstate,Utilities,2013,5,1,1,1,SC
USC Upstate,Utilities,2013,10,,,,SC
USC Upstate,Utilities,2016,1,2,3,.66666669,SC
USC Upstate,Utilities,2016,5,3,3,1,SC
USC Upstate,Utilities,2016,10,,,,SC
USC Upstate,Utilities,2019,1,0,1,0,SC
USC Upstate,Utilities,2019,5,,,,SC
USC Upstate,Utilities,2019,10,,,,SC
USC Upstate,Wholesale,2004,1,44,48,.91666669,SC
USC Upstate,Wholesale,2004,5,51,61,.83606559,SC
USC Upstate,Wholesale,2004,10,67,92,.72826087,SC
USC Upstate,Wholesale,2007,1,49,64,.765625,SC
USC Upstate,Wholesale,2007,5,54,70,.77142859,SC
USC Upstate,Wholesale,2007,10,50,68,.7352941,SC
USC Upstate,Wholesale,2010,1,59,77,.76623374,SC
USC Upstate,Wholesale,2010,5,62,83,.74698794,SC
USC Upstate,Wholesale,2010,10,67,90,.74444443,SC
USC Upstate,Wholesale,2013,1,40,56,.71428573,SC
USC Upstate,Wholesale,2013,5,63,92,.68478262,SC
USC Upstate,Wholesale,2013,10,,,,SC
USC Upstate,Wholesale,2016,1,42,56,.75,SC
USC Upstate,Wholesale,2016,5,75,87,.86206895,SC
USC Upstate,Wholesale,2016,10,,,,SC
USC Upstate,Wholesale,2019,1,62,79,.78481013,SC
USC Upstate,Wholesale,2019,5,,,,SC
USC Upstate,Wholesale,2019,10,,,,SC
University of South Carolina (USC),Admin/Waste,2004,1,260,361,.72022158,SC
University of South Carolina (USC),Admin/Waste,2004,5,151,293,.51535839,SC
University of South Carolina (USC),Admin/Waste,2004,10,159,277,.57400721,SC
University of South Carolina (USC),Admin/Waste,2007,1,264,402,.65671641,SC
University of South Carolina (USC),Admin/Waste,2007,5,248,446,.55605382,SC
University of South Carolina (USC),Admin/Waste,2007,10,188,394,.47715735,SC
University of South Carolina (USC),Admin/Waste,2010,1,316,534,.59176028,SC
University of South Carolina (USC),Admin/Waste,2010,5,236,509,.46365422,SC
University of South Carolina (USC),Admin/Waste,2010,10,211,461,.45770064,SC
University of South Carolina (USC),Admin/Waste,2013,1,368,685,.53722626,SC
University of South Carolina (USC),Admin/Waste,2013,5,222,574,.38675958,SC
University of South Carolina (USC),Admin/Waste,2013,10,,,,SC
University of South Carolina (USC),Admin/Waste,2016,1,354,773,.45795602,SC
University of South Carolina (USC),Admin/Waste,2016,5,235,703,.33428165,SC
University of South Carolina (USC),Admin/Waste,2016,10,,,,SC
University of South Carolina (USC),Admin/Waste,2019,1,304,810,.37530863,SC
University of South Carolina (USC),Admin/Waste,2019,5,,,,SC
University of South Carolina (USC),Admin/Waste,2019,10,,,,SC
University of South Carolina (USC),Agriculture,2004,1,2,3,.66666669,SC
University of South Carolina (USC),Agriculture,2004,5,1,1,1,SC
University of South Carolina (USC),Agriculture,2004,10,2,3,.66666669,SC
University of South Carolina (USC),Agriculture,2007,1,1,1,1,SC
University of South Carolina (USC),Agriculture,2007,5,2,2,1,SC
University of South Carolina (USC),Agriculture,2007,10,1,3,.33333334,SC
University of South Carolina (USC),Agriculture,2010,1,2,3,.66666669,SC
University of South Carolina (USC),Agriculture,2010,5,3,7,.42857143,SC
University of South Carolina (USC),Agriculture,2010,10,2,4,.5,SC
University of South Carolina (USC),Agriculture,2013,1,4,6,.66666669,SC
University of South Carolina (USC),Agriculture,2013,5,7,12,.58333331,SC
University of South Carolina (USC),Agriculture,2013,10,,,,SC
University of South Carolina (USC),Agriculture,2016,1,1,2,.5,SC
University of South Carolina (USC),Agriculture,2016,5,1,2,.5,SC
University of South Carolina (USC),Agriculture,2016,10,,,,SC
University of South Carolina (USC),Agriculture,2019,1,5,6,.83333331,SC
University of South Carolina (USC),Agriculture,2019,5,,,,SC
University of South Carolina (USC),Agriculture,2019,10,,,,SC
University of South Carolina (USC),Arts/Entertainment,2004,1,76,119,.63865548,SC
University of South Carolina (USC),Arts/Entertainment,2004,5,41,96,.42708334,SC
University of South Carolina (USC),Arts/Entertainment,2004,10,19,54,.35185185,SC
University of South Carolina (USC),Arts/Entertainment,2007,1,80,163,.49079755,SC
University of South Carolina (USC),Arts/Entertainment,2007,5,46,129,.35658914,SC
University of South Carolina (USC),Arts/Entertainment,2007,10,32,101,.31683168,SC
University of South Carolina (USC),Arts/Entertainment,2010,1,62,157,.39490446,SC
University of South Carolina (USC),Arts/Entertainment,2010,5,59,177,.33333334,SC
University of South Carolina (USC),Arts/Entertainment,2010,10,33,121,.27272728,SC
University of South Carolina (USC),Arts/Entertainment,2013,1,91,246,.3699187,SC
University of South Carolina (USC),Arts/Entertainment,2013,5,56,186,.30107528,SC
University of South Carolina (USC),Arts/Entertainment,2013,10,,,,SC
University of South Carolina (USC),Arts/Entertainment,2016,1,87,261,.33333334,SC
University of South Carolina (USC),Arts/Entertainment,2016,5,47,221,.21266969,SC
University of South Carolina (USC),Arts/Entertainment,2016,10,,,,SC
University of South Carolina (USC),Arts/Entertainment,2019,1,107,307,.3485342,SC
University of South Carolina (USC),Arts/Entertainment,2019,5,,,,SC
University of South Carolina (USC),Arts/Entertainment,2019,10,,,,SC
University of South Carolina (USC),Construction,2004,1,119,161,.73913044,SC
University of South Carolina (USC),Construction,2004,5,94,154,.61038959,SC
University of South Carolina (USC),Construction,2004,10,99,160,.61874998,SC
University of South Carolina (USC),Construction,2007,1,86,112,.76785713,SC
University of South Carolina (USC),Construction,2007,5,78,136,.57352942,SC
University of South Carolina (USC),Construction,2007,10,105,166,.63253009,SC
University of South Carolina (USC),Construction,2010,1,60,118,.50847459,SC
University of South Carolina (USC),Construction,2010,5,79,167,.4730539,SC
University of South Carolina (USC),Construction,2010,10,127,204,.622549,SC
University of South Carolina (USC),Construction,2013,1,102,181,.56353593,SC
University of South Carolina (USC),Construction,2013,5,161,275,.58545452,SC
University of South Carolina (USC),Construction,2013,10,,,,SC
University of South Carolina (USC),Construction,2016,1,124,236,.52542371,SC
University of South Carolina (USC),Construction,2016,5,166,320,.51875001,SC
University of South Carolina (USC),Construction,2016,10,,,,SC
University of South Carolina (USC),Construction,2019,1,141,289,.48788926,SC
University of South Carolina (USC),Construction,2019,5,,,,SC
University of South Carolina (USC),Construction,2019,10,,,,SC
University of South Carolina (USC),Education,2004,1,546,697,.78335726,SC
University of South Carolina (USC),Education,2004,5,831,1114,.74596047,SC
University of South Carolina (USC),Education,2004,10,810,1195,.67782426,SC
University of South Carolina (USC),Education,2007,1,728,922,.78958786,SC
University of South Carolina (USC),Education,2007,5,994,1390,.71510792,SC
University of South Carolina (USC),Education,2007,10,880,1392,.63218391,SC
University of South Carolina (USC),Education,2010,1,683,906,.75386316,SC
University of South Carolina (USC),Education,2010,5,941,1456,.6462912,SC
University of South Carolina (USC),Education,2010,10,739,1270,.58188975,SC
University of South Carolina (USC),Education,2013,1,743,1020,.72843134,SC
University of South Carolina (USC),Education,2013,5,825,1419,.58139533,SC
University of South Carolina (USC),Education,2013,10,,,,SC
University of South Carolina (USC),Education,2016,1,786,1087,.72309107,SC
University of South Carolina (USC),Education,2016,5,859,1405,.61138791,SC
University of South Carolina (USC),Education,2016,10,,,,SC
University of South Carolina (USC),Education,2019,1,669,1010,.66237622,SC
University of South Carolina (USC),Education,2019,5,,,,SC
University of South Carolina (USC),Education,2019,10,,,,SC
University of South Carolina (USC),Finance,2004,1,519,705,.73617023,SC
University of South Carolina (USC),Finance,2004,5,473,710,.66619718,SC
University of South Carolina (USC),Finance,2004,10,397,687,.57787484,SC
University of South Carolina (USC),Finance,2007,1,399,596,.6694631,SC
University of South Carolina (USC),Finance,2007,5,428,692,.61849713,SC
University of South Carolina (USC),Finance,2007,10,412,764,.539267,SC
University of South Carolina (USC),Finance,2010,1,367,694,.52881843,SC
University of South Carolina (USC),Finance,2010,5,373,868,.4297235,SC
University of South Carolina (USC),Finance,2010,10,399,950,.41999999,SC
University of South Carolina (USC),Finance,2013,1,309,775,.39870968,SC
University of South Carolina (USC),Finance,2013,5,336,1012,.33201581,SC
University of South Carolina (USC),Finance,2013,10,,,,SC
University of South Carolina (USC),Finance,2016,1,347,1018,.34086445,SC
University of South Carolina (USC),Finance,2016,5,358,1213,.29513603,SC
University of South Carolina (USC),Finance,2016,10,,,,SC
University of South Carolina (USC),Finance,2019,1,362,1221,.2964783,SC
University of South Carolina (USC),Finance,2019,5,,,,SC
University of South Carolina (USC),Finance,2019,10,,,,SC
University of South Carolina (USC),Food/Hospitality,2004,1,453,585,.77435899,SC
University of South Carolina (USC),Food/Hospitality,2004,5,194,338,.57396448,SC
University of South Carolina (USC),Food/Hospitality,2004,10,123,268,.45895523,SC
University of South Carolina (USC),Food/Hospitality,2007,1,464,593,.78246206,SC
University of South Carolina (USC),Food/Hospitality,2007,5,243,404,.60148513,SC
University of South Carolina (USC),Food/Hospitality,2007,10,124,307,.40390879,SC
University of South Carolina (USC),Food/Hospitality,2010,1,492,717,.68619245,SC
University of South Carolina (USC),Food/Hospitality,2010,5,232,477,.48637316,SC
University of South Carolina (USC),Food/Hospitality,2010,10,139,319,.43573669,SC
University of South Carolina (USC),Food/Hospitality,2013,1,455,717,.63458854,SC
University of South Carolina (USC),Food/Hospitality,2013,5,198,439,.45102507,SC
University of South Carolina (USC),Food/Hospitality,2013,10,,,,SC
University of South Carolina (USC),Food/Hospitality,2016,1,518,839,.61740166,SC
University of South Carolina (USC),Food/Hospitality,2016,5,182,444,.4099099,SC
University of South Carolina (USC),Food/Hospitality,2016,10,,,,SC
University of South Carolina (USC),Food/Hospitality,2019,1,506,826,.61259079,SC
University of South Carolina (USC),Food/Hospitality,2019,5,,,,SC
University of South Carolina (USC),Food/Hospitality,2019,10,,,,SC
University of South Carolina (USC),Health Care,2004,1,537,678,.7920354,SC
University of South Carolina (USC),Health Care,2004,5,610,924,.66017318,SC
University of South Carolina (USC),Health Care,2004,10,710,1149,.61792862,SC
University of South Carolina (USC),Health Care,2007,1,642,847,.75796932,SC
University of South Carolina (USC),Health Care,2007,5,739,1131,.65340406,SC
University of South Carolina (USC),Health Care,2007,10,795,1354,.5871492,SC
University of South Carolina (USC),Health Care,2010,1,799,1100,.72636366,SC
University of South Carolina (USC),Health Care,2010,5,840,1481,.56718433,SC
University of South Carolina (USC),Health Care,2010,10,836,1658,.50422198,SC
University of South Carolina (USC),Health Care,2013,1,837,1255,.66693228,SC
University of South Carolina (USC),Health Care,2013,5,873,1765,.49461755,SC
University of South Carolina (USC),Health Care,2013,10,,,,SC
University of South Carolina (USC),Health Care,2016,1,872,1480,.58918917,SC
University of South Carolina (USC),Health Care,2016,5,1050,2094,.50143266,SC
University of South Carolina (USC),Health Care,2016,10,,,,SC
University of South Carolina (USC),Health Care,2019,1,1000,1762,.56753689,SC
University of South Carolina (USC),Health Care,2019,5,,,,SC
University of South Carolina (USC),Health Care,2019,10,,,,SC
University of South Carolina (USC),Information,2004,1,230,308,.74675328,SC
University of South Carolina (USC),Information,2004,5,169,301,.56146181,SC
University of South Carolina (USC),Information,2004,10,105,261,.40229884,SC
University of South Carolina (USC),Information,2007,1,170,267,.63670415,SC
University of South Carolina (USC),Information,2007,5,146,284,.51408452,SC
University of South Carolina (USC),Information,2007,10,127,324,.39197531,SC
University of South Carolina (USC),Information,2010,1,151,294,.51360542,SC
University of South Carolina (USC),Information,2010,5,143,364,.39285713,SC
University of South Carolina (USC),Information,2010,10,122,373,.32707775,SC
University of South Carolina (USC),Information,2013,1,154,345,.4463768,SC
University of South Carolina (USC),Information,2013,5,124,398,.3115578,SC
University of South Carolina (USC),Information,2013,10,,,,SC
University of South Carolina (USC),Information,2016,1,139,412,.33737865,SC
University of South Carolina (USC),Information,2016,5,150,534,.28089887,SC
University of South Carolina (USC),Information,2016,10,,,,SC
University of South Carolina (USC),Information,2019,1,156,446,.34977579,SC
University of South Carolina (USC),Information,2019,5,,,,SC
University of South Carolina (USC),Information,2019,10,,,,SC
University of South Carolina (USC),Management,2004,1,64,97,.65979379,SC
University of South Carolina (USC),Management,2004,5,76,141,.53900707,SC
University of South Carolina (USC),Management,2004,10,55,141,.39007092,SC
University of South Carolina (USC),Management,2007,1,74,124,.59677422,SC
University of South Carolina (USC),Management,2007,5,54,145,.37241378,SC
University of South Carolina (USC),Management,2007,10,78,188,.41489363,SC
University of South Carolina (USC),Management,2010,1,68,150,.45333335,SC
University of South Carolina (USC),Management,2010,5,81,242,.33471075,SC
University of South Carolina (USC),Management,2010,10,88,242,.36363637,SC
University of South Carolina (USC),Management,2013,1,80,210,.38095239,SC
University of South Carolina (USC),Management,2013,5,95,283,.33568904,SC
University of South Carolina (USC),Management,2013,10,,,,SC
University of South Carolina (USC),Management,2016,1,89,271,.32841328,SC
University of South Carolina (USC),Management,2016,5,96,377,.25464192,SC
University of South Carolina (USC),Management,2016,10,,,,SC
University of South Carolina (USC),Management,2019,1,74,225,.32888889,SC
University of South Carolina (USC),Management,2019,5,,,,SC
University of South Carolina (USC),Management,2019,10,,,,SC
University of South Carolina (USC),Manufacturing,2004,1,245,314,.78025478,SC
University of South Carolina (USC),Manufacturing,2004,5,227,372,.61021507,SC
University of South Carolina (USC),Manufacturing,2004,10,248,433,.57274824,SC
University of South Carolina (USC),Manufacturing,2007,1,183,296,.61824322,SC
University of South Carolina (USC),Manufacturing,2007,5,240,401,.59850377,SC
University of South Carolina (USC),Manufacturing,2007,10,289,507,.57001972,SC
University of South Carolina (USC),Manufacturing,2010,1,289,477,.60587001,SC
University of South Carolina (USC),Manufacturing,2010,5,401,661,.60665655,SC
University of South Carolina (USC),Manufacturing,2010,10,364,650,.56,SC
University of South Carolina (USC),Manufacturing,2013,1,372,678,.54867256,SC
University of South Carolina (USC),Manufacturing,2013,5,415,768,.54036456,SC
University of South Carolina (USC),Manufacturing,2013,10,,,,SC
University of South Carolina (USC),Manufacturing,2016,1,429,871,.49253732,SC
University of South Carolina (USC),Manufacturing,2016,5,444,922,.48156181,SC
University of South Carolina (USC),Manufacturing,2016,10,,,,SC
University of South Carolina (USC),Manufacturing,2019,1,432,845,.51124263,SC
University of South Carolina (USC),Manufacturing,2019,5,,,,SC
University of South Carolina (USC),Manufacturing,2019,10,,,,SC
University of South Carolina (USC),Mining,2004,1,0,0,,SC
University of South Carolina (USC),Mining,2004,5,0,2,0,SC
University of South Carolina (USC),Mining,2004,10,0,2,0,SC
University of South Carolina (USC),Mining,2007,1,1,4,.25,SC
University of South Carolina (USC),Mining,2007,5,2,4,.5,SC
University of South Carolina (USC),Mining,2007,10,3,9,.33333334,SC
University of South Carolina (USC),Mining,2010,1,2,10,.2,SC
University of South Carolina (USC),Mining,2010,5,4,13,.30769232,SC
University of South Carolina (USC),Mining,2010,10,0,3,0,SC
University of South Carolina (USC),Mining,2013,1,1,8,.125,SC
University of South Carolina (USC),Mining,2013,5,0,2,0,SC
University of South Carolina (USC),Mining,2013,10,,,,SC
University of South Carolina (USC),Mining,2016,1,0,2,0,SC
University of South Carolina (USC),Mining,2016,5,0,5,0,SC
University of South Carolina (USC),Mining,2016,10,,,,SC
University of South Carolina (USC),Mining,2019,1,4,5,.80000001,SC
University of South Carolina (USC),Mining,2019,5,,,,SC
University of South Carolina (USC),Mining,2019,10,,,,SC
University of South Carolina (USC),Other Services,2004,1,103,133,.77443612,SC
University of South Carolina (USC),Other Services,2004,5,74,126,.58730161,SC
University of South Carolina (USC),Other Services,2004,10,84,137,.61313868,SC
University of South Carolina (USC),Other Services,2007,1,106,146,.72602737,SC
University of South Carolina (USC),Other Services,2007,5,94,180,.52222222,SC
University of South Carolina (USC),Other Services,2007,10,85,166,.51204818,SC
University of South Carolina (USC),Other Services,2010,1,91,151,.60264903,SC
University of South Carolina (USC),Other Services,2010,5,89,207,.4299517,SC
University of South Carolina (USC),Other Services,2010,10,87,193,.4507772,SC
University of South Carolina (USC),Other Services,2013,1,96,168,.5714286,SC
University of South Carolina (USC),Other Services,2013,5,86,223,.38565022,SC
University of South Carolina (USC),Other Services,2013,10,,,,SC
University of South Carolina (USC),Other Services,2016,1,94,184,.51086956,SC
University of South Carolina (USC),Other Services,2016,5,87,253,.34387353,SC
University of South Carolina (USC),Other Services,2016,10,,,,SC
University of South Carolina (USC),Other Services,2019,1,111,211,.52606636,SC
University of South Carolina (USC),Other Services,2019,5,,,,SC
University of South Carolina (USC),Other Services,2019,10,,,,SC
University of South Carolina (USC),Professional Services,2004,1,530,779,.68035942,SC
University of South Carolina (USC),Professional Services,2004,5,503,919,.54733407,SC
University of South Carolina (USC),Professional Services,2004,10,497,950,.52315789,SC
University of South Carolina (USC),Professional Services,2007,1,532,888,.5990991,SC
University of South Carolina (USC),Professional Services,2007,5,588,1237,.47534359,SC
University of South Carolina (USC),Professional Services,2007,10,547,1227,.44580278,SC
University of South Carolina (USC),Professional Services,2010,1,516,1013,.50937808,SC
University of South Carolina (USC),Professional Services,2010,5,584,1452,.40220386,SC
University of South Carolina (USC),Professional Services,2010,10,626,1576,.39720812,SC
University of South Carolina (USC),Professional Services,2013,1,590,1391,.42415529,SC
University of South Carolina (USC),Professional Services,2013,5,638,1828,.34901533,SC
University of South Carolina (USC),Professional Services,2013,10,,,,SC
University of South Carolina (USC),Professional Services,2016,1,667,1769,.37704918,SC
University of South Carolina (USC),Professional Services,2016,5,728,2337,.31151047,SC
University of South Carolina (USC),Professional Services,2016,10,,,,SC
University of South Carolina (USC),Professional Services,2019,1,759,2002,.37912089,SC
University of South Carolina (USC),Professional Services,2019,5,,,,SC
University of South Carolina (USC),Professional Services,2019,10,,,,SC
University of South Carolina (USC),Public Admin,2004,1,390,452,.86283183,SC
University of South Carolina (USC),Public Admin,2004,5,513,668,.76796407,SC
University of South Carolina (USC),Public Admin,2004,10,456,615,.74146342,SC
University of South Carolina (USC),Public Admin,2007,1,393,465,.84516132,SC
University of South Carolina (USC),Public Admin,2007,5,486,593,.81956154,SC
University of South Carolina (USC),Public Admin,2007,10,429,608,.7055921,SC
University of South Carolina (USC),Public Admin,2010,1,267,349,.76504296,SC
University of South Carolina (USC),Public Admin,2010,5,448,623,.71910113,SC
University of South Carolina (USC),Public Admin,2010,10,408,583,.69982845,SC
University of South Carolina (USC),Public Admin,2013,1,362,457,.79212254,SC
University of South Carolina (USC),Public Admin,2013,5,525,728,.72115386,SC
University of South Carolina (USC),Public Admin,2013,10,,,,SC
University of South Carolina (USC),Public Admin,2016,1,373,482,.7738589,SC
University of South Carolina (USC),Public Admin,2016,5,476,751,.63382155,SC
University of South Carolina (USC),Public Admin,2016,10,,,,SC
University of South Carolina (USC),Public Admin,2019,1,362,494,.73279351,SC
University of South Carolina (USC),Public Admin,2019,5,,,,SC
University of South Carolina (USC),Public Admin,2019,10,,,,SC
University of South Carolina (USC),Real Estate,2004,1,125,179,.69832402,SC
University of South Carolina (USC),Real Estate,2004,5,84,131,.64122134,SC
University of South Carolina (USC),Real Estate,2004,10,85,144,.59027779,SC
University of South Carolina (USC),Real Estate,2007,1,103,125,.824,SC
University of South Carolina (USC),Real Estate,2007,5,96,152,.63157892,SC
University of South Carolina (USC),Real Estate,2007,10,83,149,.55704701,SC
University of South Carolina (USC),Real Estate,2010,1,84,144,.58333331,SC
University of South Carolina (USC),Real Estate,2010,5,98,188,.52127659,SC
University of South Carolina (USC),Real Estate,2010,10,71,169,.42011833,SC
University of South Carolina (USC),Real Estate,2013,1,128,219,.58447486,SC
University of South Carolina (USC),Real Estate,2013,5,97,232,.41810346,SC
University of South Carolina (USC),Real Estate,2013,10,,,,SC
University of South Carolina (USC),Real Estate,2016,1,108,210,.51428574,SC
University of South Carolina (USC),Real Estate,2016,5,79,219,.36073059,SC
University of South Carolina (USC),Real Estate,2016,10,,,,SC
University of South Carolina (USC),Real Estate,2019,1,114,239,.47698745,SC
University of South Carolina (USC),Real Estate,2019,5,,,,SC
University of South Carolina (USC),Real Estate,2019,10,,,,SC
University of South Carolina (USC),Retail,2004,1,547,713,.76718092,SC
University of South Carolina (USC),Retail,2004,5,305,489,.6237219,SC
University of South Carolina (USC),Retail,2004,10,241,406,.59359604,SC
University of South Carolina (USC),Retail,2007,1,493,677,.72821271,SC
University of South Carolina (USC),Retail,2007,5,348,558,.62365592,SC
University of South Carolina (USC),Retail,2007,10,253,459,.55119824,SC
University of South Carolina (USC),Retail,2010,1,514,793,.64817148,SC
University of South Carolina (USC),Retail,2010,5,317,625,.5072,SC
University of South Carolina (USC),Retail,2010,10,244,484,.50413221,SC
University of South Carolina (USC),Retail,2013,1,520,849,.61248529,SC
University of South Carolina (USC),Retail,2013,5,312,636,.49056605,SC
University of South Carolina (USC),Retail,2013,10,,,,SC
University of South Carolina (USC),Retail,2016,1,445,799,.55694616,SC
University of South Carolina (USC),Retail,2016,5,295,654,.45107034,SC
University of South Carolina (USC),Retail,2016,10,,,,SC
University of South Carolina (USC),Retail,2019,1,458,837,.54719234,SC
University of South Carolina (USC),Retail,2019,5,,,,SC
University of South Carolina (USC),Retail,2019,10,,,,SC
University of South Carolina (USC),Transportation,2004,1,55,76,.72368419,SC
University of South Carolina (USC),Transportation,2004,5,48,84,.5714286,SC
University of South Carolina (USC),Transportation,2004,10,44,87,.50574714,SC
University of South Carolina (USC),Transportation,2007,1,35,70,.5,SC
University of South Carolina (USC),Transportation,2007,5,52,110,.47272727,SC
University of South Carolina (USC),Transportation,2007,10,60,124,.48387095,SC
University of South Carolina (USC),Transportation,2010,1,55,109,.50458717,SC
University of South Carolina (USC),Transportation,2010,5,71,153,.46405229,SC
University of South Carolina (USC),Transportation,2010,10,74,179,.41340783,SC
University of South Carolina (USC),Transportation,2013,1,73,150,.48666668,SC
University of South Carolina (USC),Transportation,2013,5,79,171,.4619883,SC
University of South Carolina (USC),Transportation,2013,10,,,,SC
University of South Carolina (USC),Transportation,2016,1,78,210,.37142858,SC
University of South Carolina (USC),Transportation,2016,5,84,222,.37837839,SC
University of South Carolina (USC),Transportation,2016,10,,,,SC
University of South Carolina (USC),Transportation,2019,1,114,271,.42066422,SC
University of South Carolina (USC),Transportation,2019,5,,,,SC
University of South Carolina (USC),Transportation,2019,10,,,,SC
University of South Carolina (USC),Utilities,2004,1,40,43,.93023258,SC
University of South Carolina (USC),Utilities,2004,5,63,67,.9402985,SC
University of South Carolina (USC),Utilities,2004,10,70,84,.83333331,SC
University of South Carolina (USC),Utilities,2007,1,46,56,.8214286,SC
University of South Carolina (USC),Utilities,2007,5,80,92,.86956519,SC
University of South Carolina (USC),Utilities,2007,10,76,96,.79166669,SC
University of South Carolina (USC),Utilities,2010,1,49,51,.96078432,SC
University of South Carolina (USC),Utilities,2010,5,75,91,.82417583,SC
University of South Carolina (USC),Utilities,2010,10,77,89,.86516851,SC
University of South Carolina (USC),Utilities,2013,1,53,58,.91379309,SC
University of South Carolina (USC),Utilities,2013,5,55,74,.74324322,SC
University of South Carolina (USC),Utilities,2013,10,,,,SC
University of South Carolina (USC),Utilities,2016,1,55,60,.91666669,SC
University of South Carolina (USC),Utilities,2016,5,55,74,.74324322,SC
University of South Carolina (USC),Utilities,2016,10,,,,SC
University of South Carolina (USC),Utilities,2019,1,47,54,.87037039,SC
University of South Carolina (USC),Utilities,2019,5,,,,SC
University of South Carolina (USC),Utilities,2019,10,,,,SC
University of South Carolina (USC),Wholesale,2004,1,168,251,.66932273,SC
University of South Carolina (USC),Wholesale,2004,5,207,373,.55495977,SC
University of South Carolina (USC),Wholesale,2004,10,203,382,.53141361,SC
University of South Carolina (USC),Wholesale,2007,1,140,236,.59322035,SC
University of South Carolina (USC),Wholesale,2007,5,149,313,.47603834,SC
University of South Carolina (USC),Wholesale,2007,10,181,370,.48918918,SC
University of South Carolina (USC),Wholesale,2010,1,139,311,.44694534,SC
University of South Carolina (USC),Wholesale,2010,5,209,452,.46238938,SC
University of South Carolina (USC),Wholesale,2010,10,215,458,.46943232,SC
University of South Carolina (USC),Wholesale,2013,1,179,466,.38412017,SC
University of South Carolina (USC),Wholesale,2013,5,201,527,.38140416,SC
University of South Carolina (USC),Wholesale,2013,10,,,,SC
University of South Carolina (USC),Wholesale,2016,1,161,500,.322,SC
University of South Carolina (USC),Wholesale,2016,5,210,660,.31818181,SC
University of South Carolina (USC),Wholesale,2016,10,,,,SC
University of South Carolina (USC),Wholesale,2019,1,182,514,.35408559,SC
University of South Carolina (USC),Wholesale,2019,5,,,,SC
University of South Carolina (USC),Wholesale,2019,10,,,,SC
Winthrop,Admin/Waste,2004,1,47,118,.39830509,SC
Winthrop,Admin/Waste,2004,5,43,99,.43434343,SC
Winthrop,Admin/Waste,2004,10,33,82,.40243903,SC
Winthrop,Admin/Waste,2007,1,59,112,.52678573,SC
Winthrop,Admin/Waste,2007,5,50,96,.52083331,SC
Winthrop,Admin/Waste,2007,10,42,84,.5,SC
Winthrop,Admin/Waste,2010,1,95,157,.60509557,SC
Winthrop,Admin/Waste,2010,5,51,106,.48113209,SC
Winthrop,Admin/Waste,2010,10,52,124,.41935483,SC
Winthrop,Admin/Waste,2013,1,62,108,.57407409,SC
Winthrop,Admin/Waste,2013,5,45,108,.41666666,SC
Winthrop,Admin/Waste,2013,10,,,,SC
Winthrop,Admin/Waste,2016,1,73,145,.50344825,SC
Winthrop,Admin/Waste,2016,5,52,125,.41600001,SC
Winthrop,Admin/Waste,2016,10,,,,SC
Winthrop,Admin/Waste,2019,1,55,126,.43650794,SC
Winthrop,Admin/Waste,2019,5,,,,SC
Winthrop,Admin/Waste,2019,10,,,,SC
Winthrop,Agriculture,2004,1,0,5,0,SC
Winthrop,Agriculture,2004,5,0,3,0,SC
Winthrop,Agriculture,2004,10,2,2,1,SC
Winthrop,Agriculture,2007,1,0,0,,SC
Winthrop,Agriculture,2007,5,0,0,,SC
Winthrop,Agriculture,2007,10,1,1,1,SC
Winthrop,Agriculture,2010,1,1,4,.25,SC
Winthrop,Agriculture,2010,5,0,2,0,SC
Winthrop,Agriculture,2010,10,6,12,.5,SC
Winthrop,Agriculture,2013,1,0,0,,SC
Winthrop,Agriculture,2013,5,5,5,1,SC
Winthrop,Agriculture,2013,10,,,,SC
Winthrop,Agriculture,2016,1,1,1,1,SC
Winthrop,Agriculture,2016,5,0,0,,SC
Winthrop,Agriculture,2016,10,,,,SC
Winthrop,Agriculture,2019,1,0,2,0,SC
Winthrop,Agriculture,2019,5,,,,SC
Winthrop,Agriculture,2019,10,,,,SC
Winthrop,Arts/Entertainment,2004,1,17,43,.39534885,SC
Winthrop,Arts/Entertainment,2004,5,5,29,.1724138,SC
Winthrop,Arts/Entertainment,2004,10,5,30,.16666667,SC
Winthrop,Arts/Entertainment,2007,1,19,29,.65517241,SC
Winthrop,Arts/Entertainment,2007,5,4,11,.36363637,SC
Winthrop,Arts/Entertainment,2007,10,12,36,.33333334,SC
Winthrop,Arts/Entertainment,2010,1,10,24,.41666666,SC
Winthrop,Arts/Entertainment,2010,5,6,24,.25,SC
Winthrop,Arts/Entertainment,2010,10,6,15,.40000001,SC
Winthrop,Arts/Entertainment,2013,1,19,23,.82608694,SC
Winthrop,Arts/Entertainment,2013,5,19,33,.57575756,SC
Winthrop,Arts/Entertainment,2013,10,,,,SC
Winthrop,Arts/Entertainment,2016,1,18,31,.58064514,SC
Winthrop,Arts/Entertainment,2016,5,12,35,.34285715,SC
Winthrop,Arts/Entertainment,2016,10,,,,SC
Winthrop,Arts/Entertainment,2019,1,30,46,.65217394,SC
Winthrop,Arts/Entertainment,2019,5,,,,SC
Winthrop,Arts/Entertainment,2019,10,,,,SC
Winthrop,Construction,2004,1,16,42,.38095239,SC
Winthrop,Construction,2004,5,6,21,.2857143,SC
Winthrop,Construction,2004,10,19,33,.57575756,SC
Winthrop,Construction,2007,1,10,15,.66666669,SC
Winthrop,Construction,2007,5,8,12,.66666669,SC
Winthrop,Construction,2007,10,13,24,.54166669,SC
Winthrop,Construction,2010,1,12,23,.52173913,SC
Winthrop,Construction,2010,5,12,34,.35294119,SC
Winthrop,Construction,2010,10,17,42,.40476191,SC
Winthrop,Construction,2013,1,12,25,.47999999,SC
Winthrop,Construction,2013,5,16,27,.5925926,SC
Winthrop,Construction,2013,10,,,,SC
Winthrop,Construction,2016,1,14,22,.63636363,SC
Winthrop,Construction,2016,5,14,23,.60869563,SC
Winthrop,Construction,2016,10,,,,SC
Winthrop,Construction,2019,1,10,27,.37037036,SC
Winthrop,Construction,2019,5,,,,SC
Winthrop,Construction,2019,10,,,,SC
Winthrop,Education,2004,1,415,548,.75729924,SC
Winthrop,Education,2004,5,449,576,.7795139,SC
Winthrop,Education,2004,10,441,619,.71243942,SC
Winthrop,Education,2007,1,325,418,.77751195,SC
Winthrop,Education,2007,5,406,518,.78378379,SC
Winthrop,Education,2007,10,439,615,.71382111,SC
Winthrop,Education,2010,1,279,376,.74202126,SC
Winthrop,Education,2010,5,388,529,.73345935,SC
Winthrop,Education,2010,10,354,539,.65677178,SC
Winthrop,Education,2013,1,313,404,.7747525,SC
Winthrop,Education,2013,5,389,522,.74521071,SC
Winthrop,Education,2013,10,,,,SC
Winthrop,Education,2016,1,395,451,.87583148,SC
Winthrop,Education,2016,5,412,561,.73440284,SC
Winthrop,Education,2016,10,,,,SC
Winthrop,Education,2019,1,371,456,.81359649,SC
Winthrop,Education,2019,5,,,,SC
Winthrop,Education,2019,10,,,,SC
Winthrop,Finance,2004,1,115,214,.5373832,SC
Winthrop,Finance,2004,5,114,210,.54285717,SC
Winthrop,Finance,2004,10,94,211,.44549763,SC
Winthrop,Finance,2007,1,113,181,.62430942,SC
Winthrop,Finance,2007,5,92,166,.55421686,SC
Winthrop,Finance,2007,10,84,194,.43298969,SC
Winthrop,Finance,2010,1,72,128,.5625,SC
Winthrop,Finance,2010,5,77,193,.39896372,SC
Winthrop,Finance,2010,10,63,197,.31979695,SC
Winthrop,Finance,2013,1,51,103,.49514562,SC
Winthrop,Finance,2013,5,57,155,.36774194,SC
Winthrop,Finance,2013,10,,,,SC
Winthrop,Finance,2016,1,54,108,.5,SC
Winthrop,Finance,2016,5,81,174,.46551725,SC
Winthrop,Finance,2016,10,,,,SC
Winthrop,Finance,2019,1,48,102,.47058824,SC
Winthrop,Finance,2019,5,,,,SC
Winthrop,Finance,2019,10,,,,SC
Winthrop,Food/Hospitality,2004,1,70,135,.51851851,SC
Winthrop,Food/Hospitality,2004,5,42,115,.36521739,SC
Winthrop,Food/Hospitality,2004,10,25,82,.30487806,SC
Winthrop,Food/Hospitality,2007,1,75,131,.57251906,SC
Winthrop,Food/Hospitality,2007,5,29,61,.47540984,SC
Winthrop,Food/Hospitality,2007,10,23,66,.34848484,SC
Winthrop,Food/Hospitality,2010,1,80,121,.66115701,SC
Winthrop,Food/Hospitality,2010,5,42,104,.40384614,SC
Winthrop,Food/Hospitality,2010,10,16,74,.21621622,SC
Winthrop,Food/Hospitality,2013,1,67,113,.59292036,SC
Winthrop,Food/Hospitality,2013,5,41,94,.43617022,SC
Winthrop,Food/Hospitality,2013,10,,,,SC
Winthrop,Food/Hospitality,2016,1,85,144,.59027779,SC
Winthrop,Food/Hospitality,2016,5,42,90,.46666667,SC
Winthrop,Food/Hospitality,2016,10,,,,SC
Winthrop,Food/Hospitality,2019,1,108,167,.64670658,SC
Winthrop,Food/Hospitality,2019,5,,,,SC
Winthrop,Food/Hospitality,2019,10,,,,SC
Winthrop,Health Care,2004,1,139,265,.52452832,SC
Winthrop,Health Care,2004,5,122,245,.4979592,SC
Winthrop,Health Care,2004,10,121,261,.46360153,SC
Winthrop,Health Care,2007,1,133,214,.62149531,SC
Winthrop,Health Care,2007,5,164,268,.61194032,SC
Winthrop,Health Care,2007,10,154,293,.52559727,SC
Winthrop,Health Care,2010,1,137,233,.58798283,SC
Winthrop,Health Care,2010,5,153,280,.54642856,SC
Winthrop,Health Care,2010,10,128,253,.50592887,SC
Winthrop,Health Care,2013,1,137,197,.69543147,SC
Winthrop,Health Care,2013,5,153,303,.50495052,SC
Winthrop,Health Care,2013,10,,,,SC
Winthrop,Health Care,2016,1,176,265,.66415095,SC
Winthrop,Health Care,2016,5,190,380,.5,SC
Winthrop,Health Care,2016,10,,,,SC
Winthrop,Health Care,2019,1,146,261,.55938697,SC
Winthrop,Health Care,2019,5,,,,SC
Winthrop,Health Care,2019,10,,,,SC
Winthrop,Information,2004,1,53,91,.58241761,SC
Winthrop,Information,2004,5,40,83,.48192772,SC
Winthrop,Information,2004,10,29,72,.40277779,SC
Winthrop,Information,2007,1,46,62,.74193549,SC
Winthrop,Information,2007,5,28,57,.49122807,SC
Winthrop,Information,2007,10,21,56,.375,SC
Winthrop,Information,2010,1,36,61,.59016395,SC
Winthrop,Information,2010,5,28,72,.3888889,SC
Winthrop,Information,2010,10,30,68,.44117647,SC
Winthrop,Information,2013,1,28,47,.59574467,SC
Winthrop,Information,2013,5,26,61,.42622951,SC
Winthrop,Information,2013,10,,,,SC
Winthrop,Information,2016,1,24,46,.52173913,SC
Winthrop,Information,2016,5,34,66,.5151515,SC
Winthrop,Information,2016,10,,,,SC
Winthrop,Information,2019,1,25,52,.48076922,SC
Winthrop,Information,2019,5,,,,SC
Winthrop,Information,2019,10,,,,SC
Winthrop,Management,2004,1,11,29,.37931034,SC
Winthrop,Management,2004,5,8,34,.23529412,SC
Winthrop,Management,2004,10,13,52,.25,SC
Winthrop,Management,2007,1,12,24,.5,SC
Winthrop,Management,2007,5,7,31,.22580644,SC
Winthrop,Management,2007,10,17,42,.40476191,SC
Winthrop,Management,2010,1,5,17,.29411766,SC
Winthrop,Management,2010,5,16,52,.30769232,SC
Winthrop,Management,2010,10,32,64,.5,SC
Winthrop,Management,2013,1,11,26,.42307693,SC
Winthrop,Management,2013,5,36,63,.5714286,SC
Winthrop,Management,2013,10,,,,SC
Winthrop,Management,2016,1,20,28,.71428573,SC
Winthrop,Management,2016,5,28,44,.63636363,SC
Winthrop,Management,2016,10,,,,SC
Winthrop,Management,2019,1,19,28,.6785714,SC
Winthrop,Management,2019,5,,,,SC
Winthrop,Management,2019,10,,,,SC
Winthrop,Manufacturing,2004,1,33,94,.35106382,SC
Winthrop,Manufacturing,2004,5,36,90,.40000001,SC
Winthrop,Manufacturing,2004,10,45,96,.46875,SC
Winthrop,Manufacturing,2007,1,33,62,.53225809,SC
Winthrop,Manufacturing,2007,5,31,60,.51666665,SC
Winthrop,Manufacturing,2007,10,44,101,.43564355,SC
Winthrop,Manufacturing,2010,1,40,91,.43956044,SC
Winthrop,Manufacturing,2010,5,50,118,.42372882,SC
Winthrop,Manufacturing,2010,10,61,120,.50833333,SC
Winthrop,Manufacturing,2013,1,37,70,.52857143,SC
Winthrop,Manufacturing,2013,5,49,122,.40163934,SC
Winthrop,Manufacturing,2013,10,,,,SC
Winthrop,Manufacturing,2016,1,49,84,.58333331,SC
Winthrop,Manufacturing,2016,5,65,117,.55555558,SC
Winthrop,Manufacturing,2016,10,,,,SC
Winthrop,Manufacturing,2019,1,38,77,.49350649,SC
Winthrop,Manufacturing,2019,5,,,,SC
Winthrop,Manufacturing,2019,10,,,,SC
Winthrop,Mining,2004,1,0,1,0,SC
Winthrop,Mining,2004,5,0,1,0,SC
Winthrop,Mining,2004,10,1,2,.5,SC
Winthrop,Mining,2007,1,0,0,,SC
Winthrop,Mining,2007,5,0,3,0,SC
Winthrop,Mining,2007,10,0,0,,SC
Winthrop,Mining,2010,1,0,0,,SC
Winthrop,Mining,2010,5,0,0,,SC
Winthrop,Mining,2010,10,0,0,,SC
Winthrop,Mining,2013,1,0,0,,SC
Winthrop,Mining,2013,5,1,1,1,SC
Winthrop,Mining,2013,10,,,,SC
Winthrop,Mining,2016,1,1,1,1,SC
Winthrop,Mining,2016,5,1,1,1,SC
Winthrop,Mining,2016,10,,,,SC
Winthrop,Mining,2019,1,0,0,,SC
Winthrop,Mining,2019,5,,,,SC
Winthrop,Mining,2019,10,,,,SC
Winthrop,Other Services,2004,1,19,37,.51351351,SC
Winthrop,Other Services,2004,5,12,23,.52173913,SC
Winthrop,Other Services,2004,10,19,35,.54285717,SC
Winthrop,Other Services,2007,1,22,32,.6875,SC
Winthrop,Other Services,2007,5,15,22,.68181819,SC
Winthrop,Other Services,2007,10,29,41,.70731705,SC
Winthrop,Other Services,2010,1,18,26,.69230771,SC
Winthrop,Other Services,2010,5,12,32,.375,SC
Winthrop,Other Services,2010,10,9,25,.36000001,SC
Winthrop,Other Services,2013,1,18,28,.64285713,SC
Winthrop,Other Services,2013,5,8,15,.53333336,SC
Winthrop,Other Services,2013,10,,,,SC
Winthrop,Other Services,2016,1,9,16,.5625,SC
Winthrop,Other Services,2016,5,14,25,.56,SC
Winthrop,Other Services,2016,10,,,,SC
Winthrop,Other Services,2019,1,20,38,.52631581,SC
Winthrop,Other Services,2019,5,,,,SC
Winthrop,Other Services,2019,10,,,,SC
Winthrop,Professional Services,2004,1,62,172,.36046511,SC
Winthrop,Professional Services,2004,5,66,176,.375,SC
Winthrop,Professional Services,2004,10,72,164,.43902439,SC
Winthrop,Professional Services,2007,1,62,146,.42465752,SC
Winthrop,Professional Services,2007,5,69,146,.47260273,SC
Winthrop,Professional Services,2007,10,69,170,.40588236,SC
Winthrop,Professional Services,2010,1,67,140,.47857141,SC
Winthrop,Professional Services,2010,5,86,185,.46486485,SC
Winthrop,Professional Services,2010,10,90,222,.4054054,SC
Winthrop,Professional Services,2013,1,86,167,.51497006,SC
Winthrop,Professional Services,2013,5,79,177,.44632769,SC
Winthrop,Professional Services,2013,10,,,,SC
Winthrop,Professional Services,2016,1,86,152,.56578946,SC
Winthrop,Professional Services,2016,5,85,213,.39906102,SC
Winthrop,Professional Services,2016,10,,,,SC
Winthrop,Professional Services,2019,1,81,164,.49390244,SC
Winthrop,Professional Services,2019,5,,,,SC
Winthrop,Professional Services,2019,10,,,,SC
Winthrop,Public Admin,2004,1,98,148,.66216218,SC
Winthrop,Public Admin,2004,5,113,159,.71069181,SC
Winthrop,Public Admin,2004,10,100,162,.61728394,SC
Winthrop,Public Admin,2007,1,70,119,.58823532,SC
Winthrop,Public Admin,2007,5,81,121,.66942149,SC
Winthrop,Public Admin,2007,10,86,146,.58904111,SC
Winthrop,Public Admin,2010,1,46,82,.56097561,SC
Winthrop,Public Admin,2010,5,74,131,.5648855,SC
Winthrop,Public Admin,2010,10,73,151,.48344371,SC
Winthrop,Public Admin,2013,1,65,87,.74712646,SC
Winthrop,Public Admin,2013,5,97,146,.66438359,SC
Winthrop,Public Admin,2013,10,,,,SC
Winthrop,Public Admin,2016,1,73,112,.65178573,SC
Winthrop,Public Admin,2016,5,98,144,.68055558,SC
Winthrop,Public Admin,2016,10,,,,SC
Winthrop,Public Admin,2019,1,87,112,.77678573,SC
Winthrop,Public Admin,2019,5,,,,SC
Winthrop,Public Admin,2019,10,,,,SC
Winthrop,Real Estate,2004,1,20,33,.60606062,SC
Winthrop,Real Estate,2004,5,24,41,.58536583,SC
Winthrop,Real Estate,2004,10,22,33,.66666669,SC
Winthrop,Real Estate,2007,1,11,17,.64705884,SC
Winthrop,Real Estate,2007,5,10,16,.625,SC
Winthrop,Real Estate,2007,10,15,29,.51724136,SC
Winthrop,Real Estate,2010,1,11,21,.52380955,SC
Winthrop,Real Estate,2010,5,11,22,.5,SC
Winthrop,Real Estate,2010,10,15,23,.65217394,SC
Winthrop,Real Estate,2013,1,17,19,.89473683,SC
Winthrop,Real Estate,2013,5,16,27,.5925926,SC
Winthrop,Real Estate,2013,10,,,,SC
Winthrop,Real Estate,2016,1,14,18,.77777779,SC
Winthrop,Real Estate,2016,5,19,25,.75999999,SC
Winthrop,Real Estate,2016,10,,,,SC
Winthrop,Real Estate,2019,1,18,29,.62068963,SC
Winthrop,Real Estate,2019,5,,,,SC
Winthrop,Real Estate,2019,10,,,,SC
Winthrop,Retail,2004,1,119,248,.4798387,SC
Winthrop,Retail,2004,5,56,139,.40287769,SC
Winthrop,Retail,2004,10,32,127,.2519685,SC
Winthrop,Retail,2007,1,122,203,.60098523,SC
Winthrop,Retail,2007,5,74,125,.59200001,SC
Winthrop,Retail,2007,10,56,108,.51851851,SC
Winthrop,Retail,2010,1,96,175,.54857141,SC
Winthrop,Retail,2010,5,65,175,.37142858,SC
Winthrop,Retail,2010,10,51,137,.37226278,SC
Winthrop,Retail,2013,1,110,183,.60109288,SC
Winthrop,Retail,2013,5,58,139,.41726619,SC
Winthrop,Retail,2013,10,,,,SC
Winthrop,Retail,2016,1,123,185,.66486484,SC
Winthrop,Retail,2016,5,70,165,.42424244,SC
Winthrop,Retail,2016,10,,,,SC
Winthrop,Retail,2019,1,129,200,.64499998,SC
Winthrop,Retail,2019,5,,,,SC
Winthrop,Retail,2019,10,,,,SC
Winthrop,Transportation,2004,1,7,31,.22580644,SC
Winthrop,Transportation,2004,5,5,22,.22727273,SC
Winthrop,Transportation,2004,10,12,40,.30000001,SC
Winthrop,Transportation,2007,1,7,12,.58333331,SC
Winthrop,Transportation,2007,5,5,18,.27777779,SC
Winthrop,Transportation,2007,10,11,26,.42307693,SC
Winthrop,Transportation,2010,1,11,26,.42307693,SC
Winthrop,Transportation,2010,5,19,34,.55882353,SC
Winthrop,Transportation,2010,10,25,49,.51020408,SC
Winthrop,Transportation,2013,1,6,18,.33333334,SC
Winthrop,Transportation,2013,5,3,22,.13636364,SC
Winthrop,Transportation,2013,10,,,,SC
Winthrop,Transportation,2016,1,4,15,.26666668,SC
Winthrop,Transportation,2016,5,22,49,.44897959,SC
Winthrop,Transportation,2016,10,,,,SC
Winthrop,Transportation,2019,1,6,31,.19354838,SC
Winthrop,Transportation,2019,5,,,,SC
Winthrop,Transportation,2019,10,,,,SC
Winthrop,Utilities,2004,1,2,2,1,SC
Winthrop,Utilities,2004,5,2,2,1,SC
Winthrop,Utilities,2004,10,4,4,1,SC
Winthrop,Utilities,2007,1,0,1,0,SC
Winthrop,Utilities,2007,5,4,4,1,SC
Winthrop,Utilities,2007,10,6,8,.75,SC
Winthrop,Utilities,2010,1,0,0,,SC
Winthrop,Utilities,2010,5,2,2,1,SC
Winthrop,Utilities,2010,10,3,4,.75,SC
Winthrop,Utilities,2013,1,3,3,1,SC
Winthrop,Utilities,2013,5,8,8,1,SC
Winthrop,Utilities,2013,10,,,,SC
Winthrop,Utilities,2016,1,0,1,0,SC
Winthrop,Utilities,2016,5,3,8,.375,SC
Winthrop,Utilities,2016,10,,,,SC
Winthrop,Utilities,2019,1,2,2,1,SC
Winthrop,Utilities,2019,5,,,,SC
Winthrop,Utilities,2019,10,,,,SC
Winthrop,Wholesale,2004,1,35,76,.46052632,SC
Winthrop,Wholesale,2004,5,32,81,.39506173,SC
Winthrop,Wholesale,2004,10,34,77,.44155845,SC
Winthrop,Wholesale,2007,1,18,37,.48648649,SC
Winthrop,Wholesale,2007,5,21,41,.51219511,SC
Winthrop,Wholesale,2007,10,23,54,.42592594,SC
Winthrop,Wholesale,2010,1,19,43,.44186047,SC
Winthrop,Wholesale,2010,5,22,64,.34375,SC
Winthrop,Wholesale,2010,10,21,73,.28767124,SC
Winthrop,Wholesale,2013,1,21,44,.47727272,SC
Winthrop,Wholesale,2013,5,33,58,.56896549,SC
Winthrop,Wholesale,2013,10,,,,SC
Winthrop,Wholesale,2016,1,32,44,.72727275,SC
Winthrop,Wholesale,2016,5,39,88,.44318181,SC
Winthrop,Wholesale,2016,10,,,,SC
Winthrop,Wholesale,2019,1,29,63,.46031746,SC
Winthrop,Wholesale,2019,5,,,,SC
Winthrop,Wholesale,2019,10,,,,SC
