institution_cat,industry_cat,grad_cohort,region_cat,horizon,emp_instate_,emp_n_,state
Southern Utah,Admin/Waste,2010,East North Central,1,0,4,UT
Southern Utah,Admin/Waste,2010,East North Central,5,0,2,UT
Southern Utah,Admin/Waste,2010,East North Central,10,0,4,UT
Southern Utah,Admin/Waste,2010,East South Central,1,0,0,UT
Southern Utah,Admin/Waste,2010,East South Central,5,0,0,UT
Southern Utah,Admin/Waste,2010,East South Central,10,0,0,UT
Southern Utah,Admin/Waste,2010,Middle Atlantic,1,0,0,UT
Southern Utah,Admin/Waste,2010,Middle Atlantic,5,0,5,UT
Southern Utah,Admin/Waste,2010,Middle Atlantic,10,0,2,UT
Southern Utah,Admin/Waste,2010,Mountain,1,29,34,UT
Southern Utah,Admin/Waste,2010,Mountain,5,32,33,UT
Southern Utah,Admin/Waste,2010,Mountain,10,20,25,UT
Southern Utah,Admin/Waste,2010,New England,1,0,0,UT
Southern Utah,Admin/Waste,2010,New England,5,0,0,UT
Southern Utah,Admin/Waste,2010,New England,10,0,0,UT
Southern Utah,Admin/Waste,2010,Pacific,1,0,7,UT
Southern Utah,Admin/Waste,2010,Pacific,5,0,3,UT
Southern Utah,Admin/Waste,2010,Pacific,10,0,4,UT
Southern Utah,Admin/Waste,2010,South Atlantic,1,0,8,UT
Southern Utah,Admin/Waste,2010,South Atlantic,5,0,1,UT
Southern Utah,Admin/Waste,2010,South Atlantic,10,0,0,UT
Southern Utah,Admin/Waste,2010,West North Central,1,0,0,UT
Southern Utah,Admin/Waste,2010,West North Central,5,0,0,UT
Southern Utah,Admin/Waste,2010,West North Central,10,0,2,UT
Southern Utah,Admin/Waste,2010,West South Central,1,0,1,UT
Southern Utah,Admin/Waste,2010,West South Central,5,0,0,UT
Southern Utah,Admin/Waste,2010,West South Central,10,0,5,UT
Southern Utah,Admin/Waste,2013,East North Central,1,0,0,UT
Southern Utah,Admin/Waste,2013,East North Central,5,0,1,UT
Southern Utah,Admin/Waste,2013,East North Central,10,,,UT
Southern Utah,Admin/Waste,2013,East South Central,1,0,1,UT
Southern Utah,Admin/Waste,2013,East South Central,5,0,0,UT
Southern Utah,Admin/Waste,2013,East South Central,10,,,UT
Southern Utah,Admin/Waste,2013,Middle Atlantic,1,0,0,UT
Southern Utah,Admin/Waste,2013,Middle Atlantic,5,0,3,UT
Southern Utah,Admin/Waste,2013,Middle Atlantic,10,,,UT
Southern Utah,Admin/Waste,2013,Mountain,1,23,26,UT
Southern Utah,Admin/Waste,2013,Mountain,5,34,42,UT
Southern Utah,Admin/Waste,2013,Mountain,10,,,UT
Southern Utah,Admin/Waste,2013,New England,1,0,0,UT
Southern Utah,Admin/Waste,2013,New England,5,0,1,UT
Southern Utah,Admin/Waste,2013,New England,10,,,UT
Southern Utah,Admin/Waste,2013,Pacific,1,0,0,UT
Southern Utah,Admin/Waste,2013,Pacific,5,0,8,UT
Southern Utah,Admin/Waste,2013,Pacific,10,,,UT
Southern Utah,Admin/Waste,2013,South Atlantic,1,0,1,UT
Southern Utah,Admin/Waste,2013,South Atlantic,5,0,0,UT
Southern Utah,Admin/Waste,2013,South Atlantic,10,,,UT
Southern Utah,Admin/Waste,2013,West North Central,1,0,0,UT
Southern Utah,Admin/Waste,2013,West North Central,5,0,1,UT
Southern Utah,Admin/Waste,2013,West North Central,10,,,UT
Southern Utah,Admin/Waste,2013,West South Central,1,0,1,UT
Southern Utah,Admin/Waste,2013,West South Central,5,0,5,UT
Southern Utah,Admin/Waste,2013,West South Central,10,,,UT
Southern Utah,Admin/Waste,2016,East North Central,1,0,2,UT
Southern Utah,Admin/Waste,2016,East North Central,5,0,3,UT
Southern Utah,Admin/Waste,2016,East North Central,10,,,UT
Southern Utah,Admin/Waste,2016,East South Central,1,0,0,UT
Southern Utah,Admin/Waste,2016,East South Central,5,0,0,UT
Southern Utah,Admin/Waste,2016,East South Central,10,,,UT
Southern Utah,Admin/Waste,2016,Middle Atlantic,1,0,3,UT
Southern Utah,Admin/Waste,2016,Middle Atlantic,5,0,2,UT
Southern Utah,Admin/Waste,2016,Middle Atlantic,10,,,UT
Southern Utah,Admin/Waste,2016,Mountain,1,45,49,UT
Southern Utah,Admin/Waste,2016,Mountain,5,34,42,UT
Southern Utah,Admin/Waste,2016,Mountain,10,,,UT
Southern Utah,Admin/Waste,2016,New England,1,0,0,UT
Southern Utah,Admin/Waste,2016,New England,5,0,0,UT
Southern Utah,Admin/Waste,2016,New England,10,,,UT
Southern Utah,Admin/Waste,2016,Pacific,1,0,8,UT
Southern Utah,Admin/Waste,2016,Pacific,5,0,12,UT
Southern Utah,Admin/Waste,2016,Pacific,10,,,UT
Southern Utah,Admin/Waste,2016,South Atlantic,1,0,2,UT
Southern Utah,Admin/Waste,2016,South Atlantic,5,0,1,UT
Southern Utah,Admin/Waste,2016,South Atlantic,10,,,UT
Southern Utah,Admin/Waste,2016,West North Central,1,0,0,UT
Southern Utah,Admin/Waste,2016,West North Central,5,0,0,UT
Southern Utah,Admin/Waste,2016,West North Central,10,,,UT
Southern Utah,Admin/Waste,2016,West South Central,1,0,0,UT
Southern Utah,Admin/Waste,2016,West South Central,5,0,4,UT
Southern Utah,Admin/Waste,2016,West South Central,10,,,UT
Southern Utah,Admin/Waste,2019,East North Central,1,0,1,UT
Southern Utah,Admin/Waste,2019,East North Central,5,,,UT
Southern Utah,Admin/Waste,2019,East North Central,10,,,UT
Southern Utah,Admin/Waste,2019,East South Central,1,0,0,UT
Southern Utah,Admin/Waste,2019,East South Central,5,,,UT
Southern Utah,Admin/Waste,2019,East South Central,10,,,UT
Southern Utah,Admin/Waste,2019,Middle Atlantic,1,0,4,UT
Southern Utah,Admin/Waste,2019,Middle Atlantic,5,,,UT
Southern Utah,Admin/Waste,2019,Middle Atlantic,10,,,UT
Southern Utah,Admin/Waste,2019,Mountain,1,62,67,UT
Southern Utah,Admin/Waste,2019,Mountain,5,,,UT
Southern Utah,Admin/Waste,2019,Mountain,10,,,UT
Southern Utah,Admin/Waste,2019,New England,1,0,0,UT
Southern Utah,Admin/Waste,2019,New England,5,,,UT
Southern Utah,Admin/Waste,2019,New England,10,,,UT
Southern Utah,Admin/Waste,2019,Pacific,1,0,10,UT
Southern Utah,Admin/Waste,2019,Pacific,5,,,UT
Southern Utah,Admin/Waste,2019,Pacific,10,,,UT
Southern Utah,Admin/Waste,2019,South Atlantic,1,0,9,UT
Southern Utah,Admin/Waste,2019,South Atlantic,5,,,UT
Southern Utah,Admin/Waste,2019,South Atlantic,10,,,UT
Southern Utah,Admin/Waste,2019,West North Central,1,0,0,UT
Southern Utah,Admin/Waste,2019,West North Central,5,,,UT
Southern Utah,Admin/Waste,2019,West North Central,10,,,UT
Southern Utah,Admin/Waste,2019,West South Central,1,0,5,UT
Southern Utah,Admin/Waste,2019,West South Central,5,,,UT
Southern Utah,Admin/Waste,2019,West South Central,10,,,UT
Southern Utah,Agriculture,2010,East North Central,1,0,0,UT
Southern Utah,Agriculture,2010,East North Central,5,0,0,UT
Southern Utah,Agriculture,2010,East North Central,10,0,0,UT
Southern Utah,Agriculture,2010,East South Central,1,0,0,UT
Southern Utah,Agriculture,2010,East South Central,5,0,0,UT
Southern Utah,Agriculture,2010,East South Central,10,0,0,UT
Southern Utah,Agriculture,2010,Middle Atlantic,1,0,0,UT
Southern Utah,Agriculture,2010,Middle Atlantic,5,0,0,UT
Southern Utah,Agriculture,2010,Middle Atlantic,10,0,0,UT
Southern Utah,Agriculture,2010,Mountain,1,5,7,UT
Southern Utah,Agriculture,2010,Mountain,5,0,3,UT
Southern Utah,Agriculture,2010,Mountain,10,2,2,UT
Southern Utah,Agriculture,2010,New England,1,0,0,UT
Southern Utah,Agriculture,2010,New England,5,0,0,UT
Southern Utah,Agriculture,2010,New England,10,0,0,UT
Southern Utah,Agriculture,2010,Pacific,1,0,0,UT
Southern Utah,Agriculture,2010,Pacific,5,0,2,UT
Southern Utah,Agriculture,2010,Pacific,10,0,2,UT
Southern Utah,Agriculture,2010,South Atlantic,1,0,0,UT
Southern Utah,Agriculture,2010,South Atlantic,5,0,0,UT
Southern Utah,Agriculture,2010,South Atlantic,10,0,0,UT
Southern Utah,Agriculture,2010,West North Central,1,0,0,UT
Southern Utah,Agriculture,2010,West North Central,5,0,0,UT
Southern Utah,Agriculture,2010,West North Central,10,0,0,UT
Southern Utah,Agriculture,2010,West South Central,1,0,0,UT
Southern Utah,Agriculture,2010,West South Central,5,0,2,UT
Southern Utah,Agriculture,2010,West South Central,10,0,0,UT
Southern Utah,Agriculture,2013,East North Central,1,0,0,UT
Southern Utah,Agriculture,2013,East North Central,5,0,0,UT
Southern Utah,Agriculture,2013,East North Central,10,,,UT
Southern Utah,Agriculture,2013,East South Central,1,0,0,UT
Southern Utah,Agriculture,2013,East South Central,5,0,0,UT
Southern Utah,Agriculture,2013,East South Central,10,,,UT
Southern Utah,Agriculture,2013,Middle Atlantic,1,0,0,UT
Southern Utah,Agriculture,2013,Middle Atlantic,5,0,0,UT
Southern Utah,Agriculture,2013,Middle Atlantic,10,,,UT
Southern Utah,Agriculture,2013,Mountain,1,0,0,UT
Southern Utah,Agriculture,2013,Mountain,5,10,10,UT
Southern Utah,Agriculture,2013,Mountain,10,,,UT
Southern Utah,Agriculture,2013,New England,1,0,0,UT
Southern Utah,Agriculture,2013,New England,5,0,0,UT
Southern Utah,Agriculture,2013,New England,10,,,UT
Southern Utah,Agriculture,2013,Pacific,1,0,1,UT
Southern Utah,Agriculture,2013,Pacific,5,0,8,UT
Southern Utah,Agriculture,2013,Pacific,10,,,UT
Southern Utah,Agriculture,2013,South Atlantic,1,0,0,UT
Southern Utah,Agriculture,2013,South Atlantic,5,0,0,UT
Southern Utah,Agriculture,2013,South Atlantic,10,,,UT
Southern Utah,Agriculture,2013,West North Central,1,0,0,UT
Southern Utah,Agriculture,2013,West North Central,5,0,0,UT
Southern Utah,Agriculture,2013,West North Central,10,,,UT
Southern Utah,Agriculture,2013,West South Central,1,0,0,UT
Southern Utah,Agriculture,2013,West South Central,5,0,1,UT
Southern Utah,Agriculture,2013,West South Central,10,,,UT
Southern Utah,Agriculture,2016,East North Central,1,0,0,UT
Southern Utah,Agriculture,2016,East North Central,5,0,0,UT
Southern Utah,Agriculture,2016,East North Central,10,,,UT
Southern Utah,Agriculture,2016,East South Central,1,0,0,UT
Southern Utah,Agriculture,2016,East South Central,5,0,0,UT
Southern Utah,Agriculture,2016,East South Central,10,,,UT
Southern Utah,Agriculture,2016,Middle Atlantic,1,0,0,UT
Southern Utah,Agriculture,2016,Middle Atlantic,5,0,0,UT
Southern Utah,Agriculture,2016,Middle Atlantic,10,,,UT
Southern Utah,Agriculture,2016,Mountain,1,5,5,UT
Southern Utah,Agriculture,2016,Mountain,5,7,8,UT
Southern Utah,Agriculture,2016,Mountain,10,,,UT
Southern Utah,Agriculture,2016,New England,1,0,0,UT
Southern Utah,Agriculture,2016,New England,5,0,0,UT
Southern Utah,Agriculture,2016,New England,10,,,UT
Southern Utah,Agriculture,2016,Pacific,1,0,3,UT
Southern Utah,Agriculture,2016,Pacific,5,0,2,UT
Southern Utah,Agriculture,2016,Pacific,10,,,UT
Southern Utah,Agriculture,2016,South Atlantic,1,0,0,UT
Southern Utah,Agriculture,2016,South Atlantic,5,0,0,UT
Southern Utah,Agriculture,2016,South Atlantic,10,,,UT
Southern Utah,Agriculture,2016,West North Central,1,0,0,UT
Southern Utah,Agriculture,2016,West North Central,5,0,0,UT
Southern Utah,Agriculture,2016,West North Central,10,,,UT
Southern Utah,Agriculture,2016,West South Central,1,0,0,UT
Southern Utah,Agriculture,2016,West South Central,5,0,3,UT
Southern Utah,Agriculture,2016,West South Central,10,,,UT
Southern Utah,Agriculture,2019,East North Central,1,0,0,UT
Southern Utah,Agriculture,2019,East North Central,5,,,UT
Southern Utah,Agriculture,2019,East North Central,10,,,UT
Southern Utah,Agriculture,2019,East South Central,1,0,0,UT
Southern Utah,Agriculture,2019,East South Central,5,,,UT
Southern Utah,Agriculture,2019,East South Central,10,,,UT
Southern Utah,Agriculture,2019,Middle Atlantic,1,0,0,UT
Southern Utah,Agriculture,2019,Middle Atlantic,5,,,UT
Southern Utah,Agriculture,2019,Middle Atlantic,10,,,UT
Southern Utah,Agriculture,2019,Mountain,1,8,9,UT
Southern Utah,Agriculture,2019,Mountain,5,,,UT
Southern Utah,Agriculture,2019,Mountain,10,,,UT
Southern Utah,Agriculture,2019,New England,1,0,0,UT
Southern Utah,Agriculture,2019,New England,5,,,UT
Southern Utah,Agriculture,2019,New England,10,,,UT
Southern Utah,Agriculture,2019,Pacific,1,0,3,UT
Southern Utah,Agriculture,2019,Pacific,5,,,UT
Southern Utah,Agriculture,2019,Pacific,10,,,UT
Southern Utah,Agriculture,2019,South Atlantic,1,0,1,UT
Southern Utah,Agriculture,2019,South Atlantic,5,,,UT
Southern Utah,Agriculture,2019,South Atlantic,10,,,UT
Southern Utah,Agriculture,2019,West North Central,1,0,0,UT
Southern Utah,Agriculture,2019,West North Central,5,,,UT
Southern Utah,Agriculture,2019,West North Central,10,,,UT
Southern Utah,Agriculture,2019,West South Central,1,0,0,UT
Southern Utah,Agriculture,2019,West South Central,5,,,UT
Southern Utah,Agriculture,2019,West South Central,10,,,UT
Southern Utah,Arts/Entertainment,2010,East North Central,1,0,0,UT
Southern Utah,Arts/Entertainment,2010,East North Central,5,0,0,UT
Southern Utah,Arts/Entertainment,2010,East North Central,10,0,0,UT
Southern Utah,Arts/Entertainment,2010,East South Central,1,0,0,UT
Southern Utah,Arts/Entertainment,2010,East South Central,5,0,0,UT
Southern Utah,Arts/Entertainment,2010,East South Central,10,0,0,UT
Southern Utah,Arts/Entertainment,2010,Middle Atlantic,1,0,0,UT
Southern Utah,Arts/Entertainment,2010,Middle Atlantic,5,0,0,UT
Southern Utah,Arts/Entertainment,2010,Middle Atlantic,10,0,0,UT
Southern Utah,Arts/Entertainment,2010,Mountain,1,17,17,UT
Southern Utah,Arts/Entertainment,2010,Mountain,5,13,13,UT
Southern Utah,Arts/Entertainment,2010,Mountain,10,10,10,UT
Southern Utah,Arts/Entertainment,2010,New England,1,0,0,UT
Southern Utah,Arts/Entertainment,2010,New England,5,0,0,UT
Southern Utah,Arts/Entertainment,2010,New England,10,0,0,UT
Southern Utah,Arts/Entertainment,2010,Pacific,1,0,3,UT
Southern Utah,Arts/Entertainment,2010,Pacific,5,0,1,UT
Southern Utah,Arts/Entertainment,2010,Pacific,10,0,2,UT
Southern Utah,Arts/Entertainment,2010,South Atlantic,1,0,2,UT
Southern Utah,Arts/Entertainment,2010,South Atlantic,5,0,0,UT
Southern Utah,Arts/Entertainment,2010,South Atlantic,10,0,0,UT
Southern Utah,Arts/Entertainment,2010,West North Central,1,0,0,UT
Southern Utah,Arts/Entertainment,2010,West North Central,5,0,0,UT
Southern Utah,Arts/Entertainment,2010,West North Central,10,0,0,UT
Southern Utah,Arts/Entertainment,2010,West South Central,1,0,1,UT
Southern Utah,Arts/Entertainment,2010,West South Central,5,0,0,UT
Southern Utah,Arts/Entertainment,2010,West South Central,10,0,0,UT
Southern Utah,Arts/Entertainment,2013,East North Central,1,0,0,UT
Southern Utah,Arts/Entertainment,2013,East North Central,5,0,1,UT
Southern Utah,Arts/Entertainment,2013,East North Central,10,,,UT
Southern Utah,Arts/Entertainment,2013,East South Central,1,0,0,UT
Southern Utah,Arts/Entertainment,2013,East South Central,5,0,0,UT
Southern Utah,Arts/Entertainment,2013,East South Central,10,,,UT
Southern Utah,Arts/Entertainment,2013,Middle Atlantic,1,0,0,UT
Southern Utah,Arts/Entertainment,2013,Middle Atlantic,5,0,0,UT
Southern Utah,Arts/Entertainment,2013,Middle Atlantic,10,,,UT
Southern Utah,Arts/Entertainment,2013,Mountain,1,12,13,UT
Southern Utah,Arts/Entertainment,2013,Mountain,5,18,23,UT
Southern Utah,Arts/Entertainment,2013,Mountain,10,,,UT
Southern Utah,Arts/Entertainment,2013,New England,1,0,0,UT
Southern Utah,Arts/Entertainment,2013,New England,5,0,0,UT
Southern Utah,Arts/Entertainment,2013,New England,10,,,UT
Southern Utah,Arts/Entertainment,2013,Pacific,1,0,2,UT
Southern Utah,Arts/Entertainment,2013,Pacific,5,0,2,UT
Southern Utah,Arts/Entertainment,2013,Pacific,10,,,UT
Southern Utah,Arts/Entertainment,2013,South Atlantic,1,0,0,UT
Southern Utah,Arts/Entertainment,2013,South Atlantic,5,0,0,UT
Southern Utah,Arts/Entertainment,2013,South Atlantic,10,,,UT
Southern Utah,Arts/Entertainment,2013,West North Central,1,0,0,UT
Southern Utah,Arts/Entertainment,2013,West North Central,5,0,0,UT
Southern Utah,Arts/Entertainment,2013,West North Central,10,,,UT
Southern Utah,Arts/Entertainment,2013,West South Central,1,0,0,UT
Southern Utah,Arts/Entertainment,2013,West South Central,5,0,3,UT
Southern Utah,Arts/Entertainment,2013,West South Central,10,,,UT
Southern Utah,Arts/Entertainment,2016,East North Central,1,0,3,UT
Southern Utah,Arts/Entertainment,2016,East North Central,5,0,2,UT
Southern Utah,Arts/Entertainment,2016,East North Central,10,,,UT
Southern Utah,Arts/Entertainment,2016,East South Central,1,0,0,UT
Southern Utah,Arts/Entertainment,2016,East South Central,5,0,0,UT
Southern Utah,Arts/Entertainment,2016,East South Central,10,,,UT
Southern Utah,Arts/Entertainment,2016,Middle Atlantic,1,0,0,UT
Southern Utah,Arts/Entertainment,2016,Middle Atlantic,5,0,2,UT
Southern Utah,Arts/Entertainment,2016,Middle Atlantic,10,,,UT
Southern Utah,Arts/Entertainment,2016,Mountain,1,13,13,UT
Southern Utah,Arts/Entertainment,2016,Mountain,5,16,18,UT
Southern Utah,Arts/Entertainment,2016,Mountain,10,,,UT
Southern Utah,Arts/Entertainment,2016,New England,1,0,0,UT
Southern Utah,Arts/Entertainment,2016,New England,5,0,0,UT
Southern Utah,Arts/Entertainment,2016,New England,10,,,UT
Southern Utah,Arts/Entertainment,2016,Pacific,1,0,3,UT
Southern Utah,Arts/Entertainment,2016,Pacific,5,0,7,UT
Southern Utah,Arts/Entertainment,2016,Pacific,10,,,UT
Southern Utah,Arts/Entertainment,2016,South Atlantic,1,0,0,UT
Southern Utah,Arts/Entertainment,2016,South Atlantic,5,0,1,UT
Southern Utah,Arts/Entertainment,2016,South Atlantic,10,,,UT
Southern Utah,Arts/Entertainment,2016,West North Central,1,0,0,UT
Southern Utah,Arts/Entertainment,2016,West North Central,5,0,0,UT
Southern Utah,Arts/Entertainment,2016,West North Central,10,,,UT
Southern Utah,Arts/Entertainment,2016,West South Central,1,0,1,UT
Southern Utah,Arts/Entertainment,2016,West South Central,5,0,1,UT
Southern Utah,Arts/Entertainment,2016,West South Central,10,,,UT
Southern Utah,Arts/Entertainment,2019,East North Central,1,0,0,UT
Southern Utah,Arts/Entertainment,2019,East North Central,5,,,UT
Southern Utah,Arts/Entertainment,2019,East North Central,10,,,UT
Southern Utah,Arts/Entertainment,2019,East South Central,1,0,0,UT
Southern Utah,Arts/Entertainment,2019,East South Central,5,,,UT
Southern Utah,Arts/Entertainment,2019,East South Central,10,,,UT
Southern Utah,Arts/Entertainment,2019,Middle Atlantic,1,0,1,UT
Southern Utah,Arts/Entertainment,2019,Middle Atlantic,5,,,UT
Southern Utah,Arts/Entertainment,2019,Middle Atlantic,10,,,UT
Southern Utah,Arts/Entertainment,2019,Mountain,1,23,25,UT
Southern Utah,Arts/Entertainment,2019,Mountain,5,,,UT
Southern Utah,Arts/Entertainment,2019,Mountain,10,,,UT
Southern Utah,Arts/Entertainment,2019,New England,1,0,0,UT
Southern Utah,Arts/Entertainment,2019,New England,5,,,UT
Southern Utah,Arts/Entertainment,2019,New England,10,,,UT
Southern Utah,Arts/Entertainment,2019,Pacific,1,0,6,UT
Southern Utah,Arts/Entertainment,2019,Pacific,5,,,UT
Southern Utah,Arts/Entertainment,2019,Pacific,10,,,UT
Southern Utah,Arts/Entertainment,2019,South Atlantic,1,0,0,UT
Southern Utah,Arts/Entertainment,2019,South Atlantic,5,,,UT
Southern Utah,Arts/Entertainment,2019,South Atlantic,10,,,UT
Southern Utah,Arts/Entertainment,2019,West North Central,1,0,0,UT
Southern Utah,Arts/Entertainment,2019,West North Central,5,,,UT
Southern Utah,Arts/Entertainment,2019,West North Central,10,,,UT
Southern Utah,Arts/Entertainment,2019,West South Central,1,0,0,UT
Southern Utah,Arts/Entertainment,2019,West South Central,5,,,UT
Southern Utah,Arts/Entertainment,2019,West South Central,10,,,UT
Southern Utah,Construction,2010,East North Central,1,0,0,UT
Southern Utah,Construction,2010,East North Central,5,0,8,UT
Southern Utah,Construction,2010,East North Central,10,0,2,UT
Southern Utah,Construction,2010,East South Central,1,0,0,UT
Southern Utah,Construction,2010,East South Central,5,0,0,UT
Southern Utah,Construction,2010,East South Central,10,0,1,UT
Southern Utah,Construction,2010,Middle Atlantic,1,0,2,UT
Southern Utah,Construction,2010,Middle Atlantic,5,0,0,UT
Southern Utah,Construction,2010,Middle Atlantic,10,0,0,UT
Southern Utah,Construction,2010,Mountain,1,30,35,UT
Southern Utah,Construction,2010,Mountain,5,30,32,UT
Southern Utah,Construction,2010,Mountain,10,38,42,UT
Southern Utah,Construction,2010,New England,1,0,0,UT
Southern Utah,Construction,2010,New England,5,0,0,UT
Southern Utah,Construction,2010,New England,10,0,0,UT
Southern Utah,Construction,2010,Pacific,1,0,2,UT
Southern Utah,Construction,2010,Pacific,5,0,4,UT
Southern Utah,Construction,2010,Pacific,10,0,4,UT
Southern Utah,Construction,2010,South Atlantic,1,0,2,UT
Southern Utah,Construction,2010,South Atlantic,5,0,0,UT
Southern Utah,Construction,2010,South Atlantic,10,0,0,UT
Southern Utah,Construction,2010,West North Central,1,0,1,UT
Southern Utah,Construction,2010,West North Central,5,0,3,UT
Southern Utah,Construction,2010,West North Central,10,0,0,UT
Southern Utah,Construction,2010,West South Central,1,0,4,UT
Southern Utah,Construction,2010,West South Central,5,0,4,UT
Southern Utah,Construction,2010,West South Central,10,0,4,UT
Southern Utah,Construction,2013,East North Central,1,0,1,UT
Southern Utah,Construction,2013,East North Central,5,0,3,UT
Southern Utah,Construction,2013,East North Central,10,,,UT
Southern Utah,Construction,2013,East South Central,1,0,0,UT
Southern Utah,Construction,2013,East South Central,5,0,0,UT
Southern Utah,Construction,2013,East South Central,10,,,UT
Southern Utah,Construction,2013,Middle Atlantic,1,0,0,UT
Southern Utah,Construction,2013,Middle Atlantic,5,0,2,UT
Southern Utah,Construction,2013,Middle Atlantic,10,,,UT
Southern Utah,Construction,2013,Mountain,1,32,37,UT
Southern Utah,Construction,2013,Mountain,5,46,55,UT
Southern Utah,Construction,2013,Mountain,10,,,UT
Southern Utah,Construction,2013,New England,1,0,0,UT
Southern Utah,Construction,2013,New England,5,0,0,UT
Southern Utah,Construction,2013,New England,10,,,UT
Southern Utah,Construction,2013,Pacific,1,0,3,UT
Southern Utah,Construction,2013,Pacific,5,0,8,UT
Southern Utah,Construction,2013,Pacific,10,,,UT
Southern Utah,Construction,2013,South Atlantic,1,0,1,UT
Southern Utah,Construction,2013,South Atlantic,5,0,9,UT
Southern Utah,Construction,2013,South Atlantic,10,,,UT
Southern Utah,Construction,2013,West North Central,1,0,0,UT
Southern Utah,Construction,2013,West North Central,5,0,0,UT
Southern Utah,Construction,2013,West North Central,10,,,UT
Southern Utah,Construction,2013,West South Central,1,0,1,UT
Southern Utah,Construction,2013,West South Central,5,0,3,UT
Southern Utah,Construction,2013,West South Central,10,,,UT
Southern Utah,Construction,2016,East North Central,1,0,0,UT
Southern Utah,Construction,2016,East North Central,5,0,4,UT
Southern Utah,Construction,2016,East North Central,10,,,UT
Southern Utah,Construction,2016,East South Central,1,0,0,UT
Southern Utah,Construction,2016,East South Central,5,0,1,UT
Southern Utah,Construction,2016,East South Central,10,,,UT
Southern Utah,Construction,2016,Middle Atlantic,1,0,0,UT
Southern Utah,Construction,2016,Middle Atlantic,5,0,3,UT
Southern Utah,Construction,2016,Middle Atlantic,10,,,UT
Southern Utah,Construction,2016,Mountain,1,28,31,UT
Southern Utah,Construction,2016,Mountain,5,46,54,UT
Southern Utah,Construction,2016,Mountain,10,,,UT
Southern Utah,Construction,2016,New England,1,0,0,UT
Southern Utah,Construction,2016,New England,5,0,0,UT
Southern Utah,Construction,2016,New England,10,,,UT
Southern Utah,Construction,2016,Pacific,1,0,2,UT
Southern Utah,Construction,2016,Pacific,5,0,16,UT
Southern Utah,Construction,2016,Pacific,10,,,UT
Southern Utah,Construction,2016,South Atlantic,1,0,0,UT
Southern Utah,Construction,2016,South Atlantic,5,0,5,UT
Southern Utah,Construction,2016,South Atlantic,10,,,UT
Southern Utah,Construction,2016,West North Central,1,0,0,UT
Southern Utah,Construction,2016,West North Central,5,0,2,UT
Southern Utah,Construction,2016,West North Central,10,,,UT
Southern Utah,Construction,2016,West South Central,1,0,2,UT
Southern Utah,Construction,2016,West South Central,5,0,7,UT
Southern Utah,Construction,2016,West South Central,10,,,UT
Southern Utah,Construction,2019,East North Central,1,0,3,UT
Southern Utah,Construction,2019,East North Central,5,,,UT
Southern Utah,Construction,2019,East North Central,10,,,UT
Southern Utah,Construction,2019,East South Central,1,0,2,UT
Southern Utah,Construction,2019,East South Central,5,,,UT
Southern Utah,Construction,2019,East South Central,10,,,UT
Southern Utah,Construction,2019,Middle Atlantic,1,0,3,UT
Southern Utah,Construction,2019,Middle Atlantic,5,,,UT
Southern Utah,Construction,2019,Middle Atlantic,10,,,UT
Southern Utah,Construction,2019,Mountain,1,59,66,UT
Southern Utah,Construction,2019,Mountain,5,,,UT
Southern Utah,Construction,2019,Mountain,10,,,UT
Southern Utah,Construction,2019,New England,1,0,2,UT
Southern Utah,Construction,2019,New England,5,,,UT
Southern Utah,Construction,2019,New England,10,,,UT
Southern Utah,Construction,2019,Pacific,1,0,8,UT
Southern Utah,Construction,2019,Pacific,5,,,UT
Southern Utah,Construction,2019,Pacific,10,,,UT
Southern Utah,Construction,2019,South Atlantic,1,0,5,UT
Southern Utah,Construction,2019,South Atlantic,5,,,UT
Southern Utah,Construction,2019,South Atlantic,10,,,UT
Southern Utah,Construction,2019,West North Central,1,0,2,UT
Southern Utah,Construction,2019,West North Central,5,,,UT
Southern Utah,Construction,2019,West North Central,10,,,UT
Southern Utah,Construction,2019,West South Central,1,0,5,UT
Southern Utah,Construction,2019,West South Central,5,,,UT
Southern Utah,Construction,2019,West South Central,10,,,UT
Southern Utah,Education,2010,East North Central,1,0,13,UT
Southern Utah,Education,2010,East North Central,5,0,10,UT
Southern Utah,Education,2010,East North Central,10,0,13,UT
Southern Utah,Education,2010,East South Central,1,0,0,UT
Southern Utah,Education,2010,East South Central,5,0,2,UT
Southern Utah,Education,2010,East South Central,10,0,8,UT
Southern Utah,Education,2010,Middle Atlantic,1,0,4,UT
Southern Utah,Education,2010,Middle Atlantic,5,0,9,UT
Southern Utah,Education,2010,Middle Atlantic,10,0,6,UT
Southern Utah,Education,2010,Mountain,1,267,290,UT
Southern Utah,Education,2010,Mountain,5,276,302,UT
Southern Utah,Education,2010,Mountain,10,244,266,UT
Southern Utah,Education,2010,New England,1,0,1,UT
Southern Utah,Education,2010,New England,5,0,1,UT
Southern Utah,Education,2010,New England,10,0,3,UT
Southern Utah,Education,2010,Pacific,1,0,9,UT
Southern Utah,Education,2010,Pacific,5,0,20,UT
Southern Utah,Education,2010,Pacific,10,0,19,UT
Southern Utah,Education,2010,South Atlantic,1,0,12,UT
Southern Utah,Education,2010,South Atlantic,5,0,6,UT
Southern Utah,Education,2010,South Atlantic,10,0,12,UT
Southern Utah,Education,2010,West North Central,1,0,4,UT
Southern Utah,Education,2010,West North Central,5,0,2,UT
Southern Utah,Education,2010,West North Central,10,0,5,UT
Southern Utah,Education,2010,West South Central,1,0,12,UT
Southern Utah,Education,2010,West South Central,5,0,17,UT
Southern Utah,Education,2010,West South Central,10,0,13,UT
Southern Utah,Education,2013,East North Central,1,0,9,UT
Southern Utah,Education,2013,East North Central,5,0,13,UT
Southern Utah,Education,2013,East North Central,10,,,UT
Southern Utah,Education,2013,East South Central,1,0,1,UT
Southern Utah,Education,2013,East South Central,5,0,4,UT
Southern Utah,Education,2013,East South Central,10,,,UT
Southern Utah,Education,2013,Middle Atlantic,1,0,8,UT
Southern Utah,Education,2013,Middle Atlantic,5,0,3,UT
Southern Utah,Education,2013,Middle Atlantic,10,,,UT
Southern Utah,Education,2013,Mountain,1,306,339,UT
Southern Utah,Education,2013,Mountain,5,356,417,UT
Southern Utah,Education,2013,Mountain,10,,,UT
Southern Utah,Education,2013,New England,1,0,1,UT
Southern Utah,Education,2013,New England,5,0,3,UT
Southern Utah,Education,2013,New England,10,,,UT
Southern Utah,Education,2013,Pacific,1,0,9,UT
Southern Utah,Education,2013,Pacific,5,0,26,UT
Southern Utah,Education,2013,Pacific,10,,,UT
Southern Utah,Education,2013,South Atlantic,1,0,8,UT
Southern Utah,Education,2013,South Atlantic,5,0,12,UT
Southern Utah,Education,2013,South Atlantic,10,,,UT
Southern Utah,Education,2013,West North Central,1,0,2,UT
Southern Utah,Education,2013,West North Central,5,0,8,UT
Southern Utah,Education,2013,West North Central,10,,,UT
Southern Utah,Education,2013,West South Central,1,0,5,UT
Southern Utah,Education,2013,West South Central,5,0,9,UT
Southern Utah,Education,2013,West South Central,10,,,UT
Southern Utah,Education,2016,East North Central,1,0,6,UT
Southern Utah,Education,2016,East North Central,5,0,17,UT
Southern Utah,Education,2016,East North Central,10,,,UT
Southern Utah,Education,2016,East South Central,1,0,0,UT
Southern Utah,Education,2016,East South Central,5,0,7,UT
Southern Utah,Education,2016,East South Central,10,,,UT
Southern Utah,Education,2016,Middle Atlantic,1,0,6,UT
Southern Utah,Education,2016,Middle Atlantic,5,0,9,UT
Southern Utah,Education,2016,Middle Atlantic,10,,,UT
Southern Utah,Education,2016,Mountain,1,309,349,UT
Southern Utah,Education,2016,Mountain,5,325,382,UT
Southern Utah,Education,2016,Mountain,10,,,UT
Southern Utah,Education,2016,New England,1,0,1,UT
Southern Utah,Education,2016,New England,5,0,6,UT
Southern Utah,Education,2016,New England,10,,,UT
Southern Utah,Education,2016,Pacific,1,0,14,UT
Southern Utah,Education,2016,Pacific,5,0,24,UT
Southern Utah,Education,2016,Pacific,10,,,UT
Southern Utah,Education,2016,South Atlantic,1,0,8,UT
Southern Utah,Education,2016,South Atlantic,5,0,18,UT
Southern Utah,Education,2016,South Atlantic,10,,,UT
Southern Utah,Education,2016,West North Central,1,0,6,UT
Southern Utah,Education,2016,West North Central,5,0,7,UT
Southern Utah,Education,2016,West North Central,10,,,UT
Southern Utah,Education,2016,West South Central,1,0,7,UT
Southern Utah,Education,2016,West South Central,5,0,12,UT
Southern Utah,Education,2016,West South Central,10,,,UT
Southern Utah,Education,2019,East North Central,1,0,6,UT
Southern Utah,Education,2019,East North Central,5,,,UT
Southern Utah,Education,2019,East North Central,10,,,UT
Southern Utah,Education,2019,East South Central,1,0,1,UT
Southern Utah,Education,2019,East South Central,5,,,UT
Southern Utah,Education,2019,East South Central,10,,,UT
Southern Utah,Education,2019,Middle Atlantic,1,0,9,UT
Southern Utah,Education,2019,Middle Atlantic,5,,,UT
Southern Utah,Education,2019,Middle Atlantic,10,,,UT
Southern Utah,Education,2019,Mountain,1,362,402,UT
Southern Utah,Education,2019,Mountain,5,,,UT
Southern Utah,Education,2019,Mountain,10,,,UT
Southern Utah,Education,2019,New England,1,0,1,UT
Southern Utah,Education,2019,New England,5,,,UT
Southern Utah,Education,2019,New England,10,,,UT
Southern Utah,Education,2019,Pacific,1,0,18,UT
Southern Utah,Education,2019,Pacific,5,,,UT
Southern Utah,Education,2019,Pacific,10,,,UT
Southern Utah,Education,2019,South Atlantic,1,0,18,UT
Southern Utah,Education,2019,South Atlantic,5,,,UT
Southern Utah,Education,2019,South Atlantic,10,,,UT
Southern Utah,Education,2019,West North Central,1,0,8,UT
Southern Utah,Education,2019,West North Central,5,,,UT
Southern Utah,Education,2019,West North Central,10,,,UT
Southern Utah,Education,2019,West South Central,1,0,13,UT
Southern Utah,Education,2019,West South Central,5,,,UT
Southern Utah,Education,2019,West South Central,10,,,UT
Southern Utah,Finance,2010,East North Central,1,0,1,UT
Southern Utah,Finance,2010,East North Central,5,0,1,UT
Southern Utah,Finance,2010,East North Central,10,0,1,UT
Southern Utah,Finance,2010,East South Central,1,0,0,UT
Southern Utah,Finance,2010,East South Central,5,0,1,UT
Southern Utah,Finance,2010,East South Central,10,0,2,UT
Southern Utah,Finance,2010,Middle Atlantic,1,0,4,UT
Southern Utah,Finance,2010,Middle Atlantic,5,0,0,UT
Southern Utah,Finance,2010,Middle Atlantic,10,0,3,UT
Southern Utah,Finance,2010,Mountain,1,51,60,UT
Southern Utah,Finance,2010,Mountain,5,69,83,UT
Southern Utah,Finance,2010,Mountain,10,60,69,UT
Southern Utah,Finance,2010,New England,1,0,0,UT
Southern Utah,Finance,2010,New England,5,0,1,UT
Southern Utah,Finance,2010,New England,10,0,0,UT
Southern Utah,Finance,2010,Pacific,1,0,4,UT
Southern Utah,Finance,2010,Pacific,5,0,4,UT
Southern Utah,Finance,2010,Pacific,10,0,6,UT
Southern Utah,Finance,2010,South Atlantic,1,0,8,UT
Southern Utah,Finance,2010,South Atlantic,5,0,2,UT
Southern Utah,Finance,2010,South Atlantic,10,0,3,UT
Southern Utah,Finance,2010,West North Central,1,0,0,UT
Southern Utah,Finance,2010,West North Central,5,0,1,UT
Southern Utah,Finance,2010,West North Central,10,0,2,UT
Southern Utah,Finance,2010,West South Central,1,0,1,UT
Southern Utah,Finance,2010,West South Central,5,0,2,UT
Southern Utah,Finance,2010,West South Central,10,0,6,UT
Southern Utah,Finance,2013,East North Central,1,0,0,UT
Southern Utah,Finance,2013,East North Central,5,0,2,UT
Southern Utah,Finance,2013,East North Central,10,,,UT
Southern Utah,Finance,2013,East South Central,1,0,0,UT
Southern Utah,Finance,2013,East South Central,5,0,1,UT
Southern Utah,Finance,2013,East South Central,10,,,UT
Southern Utah,Finance,2013,Middle Atlantic,1,0,0,UT
Southern Utah,Finance,2013,Middle Atlantic,5,0,1,UT
Southern Utah,Finance,2013,Middle Atlantic,10,,,UT
Southern Utah,Finance,2013,Mountain,1,63,69,UT
Southern Utah,Finance,2013,Mountain,5,76,87,UT
Southern Utah,Finance,2013,Mountain,10,,,UT
Southern Utah,Finance,2013,New England,1,0,0,UT
Southern Utah,Finance,2013,New England,5,0,0,UT
Southern Utah,Finance,2013,New England,10,,,UT
Southern Utah,Finance,2013,Pacific,1,0,3,UT
Southern Utah,Finance,2013,Pacific,5,0,6,UT
Southern Utah,Finance,2013,Pacific,10,,,UT
Southern Utah,Finance,2013,South Atlantic,1,0,1,UT
Southern Utah,Finance,2013,South Atlantic,5,0,3,UT
Southern Utah,Finance,2013,South Atlantic,10,,,UT
Southern Utah,Finance,2013,West North Central,1,0,1,UT
Southern Utah,Finance,2013,West North Central,5,0,3,UT
Southern Utah,Finance,2013,West North Central,10,,,UT
Southern Utah,Finance,2013,West South Central,1,0,2,UT
Southern Utah,Finance,2013,West South Central,5,0,2,UT
Southern Utah,Finance,2013,West South Central,10,,,UT
Southern Utah,Finance,2016,East North Central,1,0,6,UT
Southern Utah,Finance,2016,East North Central,5,0,7,UT
Southern Utah,Finance,2016,East North Central,10,,,UT
Southern Utah,Finance,2016,East South Central,1,0,0,UT
Southern Utah,Finance,2016,East South Central,5,0,0,UT
Southern Utah,Finance,2016,East South Central,10,,,UT
Southern Utah,Finance,2016,Middle Atlantic,1,0,8,UT
Southern Utah,Finance,2016,Middle Atlantic,5,0,4,UT
Southern Utah,Finance,2016,Middle Atlantic,10,,,UT
Southern Utah,Finance,2016,Mountain,1,62,71,UT
Southern Utah,Finance,2016,Mountain,5,87,93,UT
Southern Utah,Finance,2016,Mountain,10,,,UT
Southern Utah,Finance,2016,New England,1,0,0,UT
Southern Utah,Finance,2016,New England,5,0,1,UT
Southern Utah,Finance,2016,New England,10,,,UT
Southern Utah,Finance,2016,Pacific,1,0,6,UT
Southern Utah,Finance,2016,Pacific,5,0,10,UT
Southern Utah,Finance,2016,Pacific,10,,,UT
Southern Utah,Finance,2016,South Atlantic,1,0,4,UT
Southern Utah,Finance,2016,South Atlantic,5,0,4,UT
Southern Utah,Finance,2016,South Atlantic,10,,,UT
Southern Utah,Finance,2016,West North Central,1,0,3,UT
Southern Utah,Finance,2016,West North Central,5,0,3,UT
Southern Utah,Finance,2016,West North Central,10,,,UT
Southern Utah,Finance,2016,West South Central,1,0,3,UT
Southern Utah,Finance,2016,West South Central,5,0,1,UT
Southern Utah,Finance,2016,West South Central,10,,,UT
Southern Utah,Finance,2019,East North Central,1,0,2,UT
Southern Utah,Finance,2019,East North Central,5,,,UT
Southern Utah,Finance,2019,East North Central,10,,,UT
Southern Utah,Finance,2019,East South Central,1,0,0,UT
Southern Utah,Finance,2019,East South Central,5,,,UT
Southern Utah,Finance,2019,East South Central,10,,,UT
Southern Utah,Finance,2019,Middle Atlantic,1,0,3,UT
Southern Utah,Finance,2019,Middle Atlantic,5,,,UT
Southern Utah,Finance,2019,Middle Atlantic,10,,,UT
Southern Utah,Finance,2019,Mountain,1,97,110,UT
Southern Utah,Finance,2019,Mountain,5,,,UT
Southern Utah,Finance,2019,Mountain,10,,,UT
Southern Utah,Finance,2019,New England,1,0,0,UT
Southern Utah,Finance,2019,New England,5,,,UT
Southern Utah,Finance,2019,New England,10,,,UT
Southern Utah,Finance,2019,Pacific,1,0,2,UT
Southern Utah,Finance,2019,Pacific,5,,,UT
Southern Utah,Finance,2019,Pacific,10,,,UT
Southern Utah,Finance,2019,South Atlantic,1,0,5,UT
Southern Utah,Finance,2019,South Atlantic,5,,,UT
Southern Utah,Finance,2019,South Atlantic,10,,,UT
Southern Utah,Finance,2019,West North Central,1,0,2,UT
Southern Utah,Finance,2019,West North Central,5,,,UT
Southern Utah,Finance,2019,West North Central,10,,,UT
Southern Utah,Finance,2019,West South Central,1,0,1,UT
Southern Utah,Finance,2019,West South Central,5,,,UT
Southern Utah,Finance,2019,West South Central,10,,,UT
Southern Utah,Food/Hospitality,2010,East North Central,1,0,5,UT
Southern Utah,Food/Hospitality,2010,East North Central,5,0,5,UT
Southern Utah,Food/Hospitality,2010,East North Central,10,0,4,UT
Southern Utah,Food/Hospitality,2010,East South Central,1,0,0,UT
Southern Utah,Food/Hospitality,2010,East South Central,5,0,1,UT
Southern Utah,Food/Hospitality,2010,East South Central,10,0,1,UT
Southern Utah,Food/Hospitality,2010,Middle Atlantic,1,0,6,UT
Southern Utah,Food/Hospitality,2010,Middle Atlantic,5,0,4,UT
Southern Utah,Food/Hospitality,2010,Middle Atlantic,10,0,2,UT
Southern Utah,Food/Hospitality,2010,Mountain,1,52,66,UT
Southern Utah,Food/Hospitality,2010,Mountain,5,23,37,UT
Southern Utah,Food/Hospitality,2010,Mountain,10,17,24,UT
Southern Utah,Food/Hospitality,2010,New England,1,0,1,UT
Southern Utah,Food/Hospitality,2010,New England,5,0,2,UT
Southern Utah,Food/Hospitality,2010,New England,10,0,0,UT
Southern Utah,Food/Hospitality,2010,Pacific,1,0,7,UT
Southern Utah,Food/Hospitality,2010,Pacific,5,0,13,UT
Southern Utah,Food/Hospitality,2010,Pacific,10,0,3,UT
Southern Utah,Food/Hospitality,2010,South Atlantic,1,0,4,UT
Southern Utah,Food/Hospitality,2010,South Atlantic,5,0,5,UT
Southern Utah,Food/Hospitality,2010,South Atlantic,10,0,2,UT
Southern Utah,Food/Hospitality,2010,West North Central,1,0,1,UT
Southern Utah,Food/Hospitality,2010,West North Central,5,0,6,UT
Southern Utah,Food/Hospitality,2010,West North Central,10,0,4,UT
Southern Utah,Food/Hospitality,2010,West South Central,1,0,2,UT
Southern Utah,Food/Hospitality,2010,West South Central,5,0,0,UT
Southern Utah,Food/Hospitality,2010,West South Central,10,0,4,UT
Southern Utah,Food/Hospitality,2013,East North Central,1,0,1,UT
Southern Utah,Food/Hospitality,2013,East North Central,5,0,4,UT
Southern Utah,Food/Hospitality,2013,East North Central,10,,,UT
Southern Utah,Food/Hospitality,2013,East South Central,1,0,0,UT
Southern Utah,Food/Hospitality,2013,East South Central,5,0,3,UT
Southern Utah,Food/Hospitality,2013,East South Central,10,,,UT
Southern Utah,Food/Hospitality,2013,Middle Atlantic,1,0,4,UT
Southern Utah,Food/Hospitality,2013,Middle Atlantic,5,0,4,UT
Southern Utah,Food/Hospitality,2013,Middle Atlantic,10,,,UT
Southern Utah,Food/Hospitality,2013,Mountain,1,55,68,UT
Southern Utah,Food/Hospitality,2013,Mountain,5,23,42,UT
Southern Utah,Food/Hospitality,2013,Mountain,10,,,UT
Southern Utah,Food/Hospitality,2013,New England,1,0,0,UT
Southern Utah,Food/Hospitality,2013,New England,5,0,1,UT
Southern Utah,Food/Hospitality,2013,New England,10,,,UT
Southern Utah,Food/Hospitality,2013,Pacific,1,0,9,UT
Southern Utah,Food/Hospitality,2013,Pacific,5,0,11,UT
Southern Utah,Food/Hospitality,2013,Pacific,10,,,UT
Southern Utah,Food/Hospitality,2013,South Atlantic,1,0,4,UT
Southern Utah,Food/Hospitality,2013,South Atlantic,5,0,2,UT
Southern Utah,Food/Hospitality,2013,South Atlantic,10,,,UT
Southern Utah,Food/Hospitality,2013,West North Central,1,0,0,UT
Southern Utah,Food/Hospitality,2013,West North Central,5,0,2,UT
Southern Utah,Food/Hospitality,2013,West North Central,10,,,UT
Southern Utah,Food/Hospitality,2013,West South Central,1,0,0,UT
Southern Utah,Food/Hospitality,2013,West South Central,5,0,2,UT
Southern Utah,Food/Hospitality,2013,West South Central,10,,,UT
Southern Utah,Food/Hospitality,2016,East North Central,1,0,4,UT
Southern Utah,Food/Hospitality,2016,East North Central,5,0,8,UT
Southern Utah,Food/Hospitality,2016,East North Central,10,,,UT
Southern Utah,Food/Hospitality,2016,East South Central,1,0,4,UT
Southern Utah,Food/Hospitality,2016,East South Central,5,0,2,UT
Southern Utah,Food/Hospitality,2016,East South Central,10,,,UT
Southern Utah,Food/Hospitality,2016,Middle Atlantic,1,0,6,UT
Southern Utah,Food/Hospitality,2016,Middle Atlantic,5,0,4,UT
Southern Utah,Food/Hospitality,2016,Middle Atlantic,10,,,UT
Southern Utah,Food/Hospitality,2016,Mountain,1,49,60,UT
Southern Utah,Food/Hospitality,2016,Mountain,5,31,38,UT
Southern Utah,Food/Hospitality,2016,Mountain,10,,,UT
Southern Utah,Food/Hospitality,2016,New England,1,0,0,UT
Southern Utah,Food/Hospitality,2016,New England,5,0,0,UT
Southern Utah,Food/Hospitality,2016,New England,10,,,UT
Southern Utah,Food/Hospitality,2016,Pacific,1,0,18,UT
Southern Utah,Food/Hospitality,2016,Pacific,5,0,4,UT
Southern Utah,Food/Hospitality,2016,Pacific,10,,,UT
Southern Utah,Food/Hospitality,2016,South Atlantic,1,0,3,UT
Southern Utah,Food/Hospitality,2016,South Atlantic,5,0,4,UT
Southern Utah,Food/Hospitality,2016,South Atlantic,10,,,UT
Southern Utah,Food/Hospitality,2016,West North Central,1,0,1,UT
Southern Utah,Food/Hospitality,2016,West North Central,5,0,0,UT
Southern Utah,Food/Hospitality,2016,West North Central,10,,,UT
Southern Utah,Food/Hospitality,2016,West South Central,1,0,3,UT
Southern Utah,Food/Hospitality,2016,West South Central,5,0,2,UT
Southern Utah,Food/Hospitality,2016,West South Central,10,,,UT
Southern Utah,Food/Hospitality,2019,East North Central,1,0,4,UT
Southern Utah,Food/Hospitality,2019,East North Central,5,,,UT
Southern Utah,Food/Hospitality,2019,East North Central,10,,,UT
Southern Utah,Food/Hospitality,2019,East South Central,1,0,4,UT
Southern Utah,Food/Hospitality,2019,East South Central,5,,,UT
Southern Utah,Food/Hospitality,2019,East South Central,10,,,UT
Southern Utah,Food/Hospitality,2019,Middle Atlantic,1,0,3,UT
Southern Utah,Food/Hospitality,2019,Middle Atlantic,5,,,UT
Southern Utah,Food/Hospitality,2019,Middle Atlantic,10,,,UT
Southern Utah,Food/Hospitality,2019,Mountain,1,53,64,UT
Southern Utah,Food/Hospitality,2019,Mountain,5,,,UT
Southern Utah,Food/Hospitality,2019,Mountain,10,,,UT
Southern Utah,Food/Hospitality,2019,New England,1,0,0,UT
Southern Utah,Food/Hospitality,2019,New England,5,,,UT
Southern Utah,Food/Hospitality,2019,New England,10,,,UT
Southern Utah,Food/Hospitality,2019,Pacific,1,0,11,UT
Southern Utah,Food/Hospitality,2019,Pacific,5,,,UT
Southern Utah,Food/Hospitality,2019,Pacific,10,,,UT
Southern Utah,Food/Hospitality,2019,South Atlantic,1,0,2,UT
Southern Utah,Food/Hospitality,2019,South Atlantic,5,,,UT
Southern Utah,Food/Hospitality,2019,South Atlantic,10,,,UT
Southern Utah,Food/Hospitality,2019,West North Central,1,0,2,UT
Southern Utah,Food/Hospitality,2019,West North Central,5,,,UT
Southern Utah,Food/Hospitality,2019,West North Central,10,,,UT
Southern Utah,Food/Hospitality,2019,West South Central,1,0,7,UT
Southern Utah,Food/Hospitality,2019,West South Central,5,,,UT
Southern Utah,Food/Hospitality,2019,West South Central,10,,,UT
Southern Utah,Health Care,2010,East North Central,1,0,6,UT
Southern Utah,Health Care,2010,East North Central,5,0,4,UT
Southern Utah,Health Care,2010,East North Central,10,0,12,UT
Southern Utah,Health Care,2010,East South Central,1,0,1,UT
Southern Utah,Health Care,2010,East South Central,5,0,6,UT
Southern Utah,Health Care,2010,East South Central,10,0,3,UT
Southern Utah,Health Care,2010,Middle Atlantic,1,0,3,UT
Southern Utah,Health Care,2010,Middle Atlantic,5,0,8,UT
Southern Utah,Health Care,2010,Middle Atlantic,10,0,12,UT
Southern Utah,Health Care,2010,Mountain,1,235,268,UT
Southern Utah,Health Care,2010,Mountain,5,217,260,UT
Southern Utah,Health Care,2010,Mountain,10,225,293,UT
Southern Utah,Health Care,2010,New England,1,0,5,UT
Southern Utah,Health Care,2010,New England,5,0,6,UT
Southern Utah,Health Care,2010,New England,10,0,7,UT
Southern Utah,Health Care,2010,Pacific,1,0,10,UT
Southern Utah,Health Care,2010,Pacific,5,0,28,UT
Southern Utah,Health Care,2010,Pacific,10,0,25,UT
Southern Utah,Health Care,2010,South Atlantic,1,0,15,UT
Southern Utah,Health Care,2010,South Atlantic,5,0,13,UT
Southern Utah,Health Care,2010,South Atlantic,10,0,10,UT
Southern Utah,Health Care,2010,West North Central,1,0,4,UT
Southern Utah,Health Care,2010,West North Central,5,0,9,UT
Southern Utah,Health Care,2010,West North Central,10,0,13,UT
Southern Utah,Health Care,2010,West South Central,1,0,5,UT
Southern Utah,Health Care,2010,West South Central,5,0,9,UT
Southern Utah,Health Care,2010,West South Central,10,0,13,UT
Southern Utah,Health Care,2013,East North Central,1,0,8,UT
Southern Utah,Health Care,2013,East North Central,5,0,20,UT
Southern Utah,Health Care,2013,East North Central,10,,,UT
Southern Utah,Health Care,2013,East South Central,1,0,1,UT
Southern Utah,Health Care,2013,East South Central,5,0,3,UT
Southern Utah,Health Care,2013,East South Central,10,,,UT
Southern Utah,Health Care,2013,Middle Atlantic,1,0,4,UT
Southern Utah,Health Care,2013,Middle Atlantic,5,0,10,UT
Southern Utah,Health Care,2013,Middle Atlantic,10,,,UT
Southern Utah,Health Care,2013,Mountain,1,278,293,UT
Southern Utah,Health Care,2013,Mountain,5,299,362,UT
Southern Utah,Health Care,2013,Mountain,10,,,UT
Southern Utah,Health Care,2013,New England,1,0,2,UT
Southern Utah,Health Care,2013,New England,5,0,2,UT
Southern Utah,Health Care,2013,New England,10,,,UT
Southern Utah,Health Care,2013,Pacific,1,0,17,UT
Southern Utah,Health Care,2013,Pacific,5,0,34,UT
Southern Utah,Health Care,2013,Pacific,10,,,UT
Southern Utah,Health Care,2013,South Atlantic,1,0,5,UT
Southern Utah,Health Care,2013,South Atlantic,5,0,19,UT
Southern Utah,Health Care,2013,South Atlantic,10,,,UT
Southern Utah,Health Care,2013,West North Central,1,0,3,UT
Southern Utah,Health Care,2013,West North Central,5,0,25,UT
Southern Utah,Health Care,2013,West North Central,10,,,UT
Southern Utah,Health Care,2013,West South Central,1,0,8,UT
Southern Utah,Health Care,2013,West South Central,5,0,13,UT
Southern Utah,Health Care,2013,West South Central,10,,,UT
Southern Utah,Health Care,2016,East North Central,1,0,9,UT
Southern Utah,Health Care,2016,East North Central,5,0,20,UT
Southern Utah,Health Care,2016,East North Central,10,,,UT
Southern Utah,Health Care,2016,East South Central,1,0,4,UT
Southern Utah,Health Care,2016,East South Central,5,0,6,UT
Southern Utah,Health Care,2016,East South Central,10,,,UT
Southern Utah,Health Care,2016,Middle Atlantic,1,0,4,UT
Southern Utah,Health Care,2016,Middle Atlantic,5,0,20,UT
Southern Utah,Health Care,2016,Middle Atlantic,10,,,UT
Southern Utah,Health Care,2016,Mountain,1,363,382,UT
Southern Utah,Health Care,2016,Mountain,5,292,346,UT
Southern Utah,Health Care,2016,Mountain,10,,,UT
Southern Utah,Health Care,2016,New England,1,0,2,UT
Southern Utah,Health Care,2016,New England,5,0,2,UT
Southern Utah,Health Care,2016,New England,10,,,UT
Southern Utah,Health Care,2016,Pacific,1,0,17,UT
Southern Utah,Health Care,2016,Pacific,5,0,38,UT
Southern Utah,Health Care,2016,Pacific,10,,,UT
Southern Utah,Health Care,2016,South Atlantic,1,0,9,UT
Southern Utah,Health Care,2016,South Atlantic,5,0,12,UT
Southern Utah,Health Care,2016,South Atlantic,10,,,UT
Southern Utah,Health Care,2016,West North Central,1,0,13,UT
Southern Utah,Health Care,2016,West North Central,5,0,13,UT
Southern Utah,Health Care,2016,West North Central,10,,,UT
Southern Utah,Health Care,2016,West South Central,1,0,10,UT
Southern Utah,Health Care,2016,West South Central,5,0,18,UT
Southern Utah,Health Care,2016,West South Central,10,,,UT
Southern Utah,Health Care,2019,East North Central,1,0,20,UT
Southern Utah,Health Care,2019,East North Central,5,,,UT
Southern Utah,Health Care,2019,East North Central,10,,,UT
Southern Utah,Health Care,2019,East South Central,1,0,6,UT
Southern Utah,Health Care,2019,East South Central,5,,,UT
Southern Utah,Health Care,2019,East South Central,10,,,UT
Southern Utah,Health Care,2019,Middle Atlantic,1,0,7,UT
Southern Utah,Health Care,2019,Middle Atlantic,5,,,UT
Southern Utah,Health Care,2019,Middle Atlantic,10,,,UT
Southern Utah,Health Care,2019,Mountain,1,519,566,UT
Southern Utah,Health Care,2019,Mountain,5,,,UT
Southern Utah,Health Care,2019,Mountain,10,,,UT
Southern Utah,Health Care,2019,New England,1,0,3,UT
Southern Utah,Health Care,2019,New England,5,,,UT
Southern Utah,Health Care,2019,New England,10,,,UT
Southern Utah,Health Care,2019,Pacific,1,0,38,UT
Southern Utah,Health Care,2019,Pacific,5,,,UT
Southern Utah,Health Care,2019,Pacific,10,,,UT
Southern Utah,Health Care,2019,South Atlantic,1,0,17,UT
Southern Utah,Health Care,2019,South Atlantic,5,,,UT
Southern Utah,Health Care,2019,South Atlantic,10,,,UT
Southern Utah,Health Care,2019,West North Central,1,0,16,UT
Southern Utah,Health Care,2019,West North Central,5,,,UT
Southern Utah,Health Care,2019,West North Central,10,,,UT
Southern Utah,Health Care,2019,West South Central,1,0,9,UT
Southern Utah,Health Care,2019,West South Central,5,,,UT
Southern Utah,Health Care,2019,West South Central,10,,,UT
Southern Utah,Information,2010,East North Central,1,0,0,UT
Southern Utah,Information,2010,East North Central,5,0,0,UT
Southern Utah,Information,2010,East North Central,10,0,0,UT
Southern Utah,Information,2010,East South Central,1,0,0,UT
Southern Utah,Information,2010,East South Central,5,0,0,UT
Southern Utah,Information,2010,East South Central,10,0,0,UT
Southern Utah,Information,2010,Middle Atlantic,1,0,0,UT
Southern Utah,Information,2010,Middle Atlantic,5,0,0,UT
Southern Utah,Information,2010,Middle Atlantic,10,0,3,UT
Southern Utah,Information,2010,Mountain,1,27,28,UT
Southern Utah,Information,2010,Mountain,5,33,33,UT
Southern Utah,Information,2010,Mountain,10,23,24,UT
Southern Utah,Information,2010,New England,1,0,0,UT
Southern Utah,Information,2010,New England,5,0,0,UT
Southern Utah,Information,2010,New England,10,0,0,UT
Southern Utah,Information,2010,Pacific,1,0,1,UT
Southern Utah,Information,2010,Pacific,5,0,1,UT
Southern Utah,Information,2010,Pacific,10,0,3,UT
Southern Utah,Information,2010,South Atlantic,1,0,0,UT
Southern Utah,Information,2010,South Atlantic,5,0,0,UT
Southern Utah,Information,2010,South Atlantic,10,0,0,UT
Southern Utah,Information,2010,West North Central,1,0,0,UT
Southern Utah,Information,2010,West North Central,5,0,0,UT
Southern Utah,Information,2010,West North Central,10,0,0,UT
Southern Utah,Information,2010,West South Central,1,0,1,UT
Southern Utah,Information,2010,West South Central,5,0,3,UT
Southern Utah,Information,2010,West South Central,10,0,1,UT
Southern Utah,Information,2013,East North Central,1,0,0,UT
Southern Utah,Information,2013,East North Central,5,0,0,UT
Southern Utah,Information,2013,East North Central,10,,,UT
Southern Utah,Information,2013,East South Central,1,0,0,UT
Southern Utah,Information,2013,East South Central,5,0,2,UT
Southern Utah,Information,2013,East South Central,10,,,UT
Southern Utah,Information,2013,Middle Atlantic,1,0,1,UT
Southern Utah,Information,2013,Middle Atlantic,5,0,5,UT
Southern Utah,Information,2013,Middle Atlantic,10,,,UT
Southern Utah,Information,2013,Mountain,1,22,22,UT
Southern Utah,Information,2013,Mountain,5,33,33,UT
Southern Utah,Information,2013,Mountain,10,,,UT
Southern Utah,Information,2013,New England,1,0,0,UT
Southern Utah,Information,2013,New England,5,0,0,UT
Southern Utah,Information,2013,New England,10,,,UT
Southern Utah,Information,2013,Pacific,1,0,4,UT
Southern Utah,Information,2013,Pacific,5,0,10,UT
Southern Utah,Information,2013,Pacific,10,,,UT
Southern Utah,Information,2013,South Atlantic,1,0,0,UT
Southern Utah,Information,2013,South Atlantic,5,0,2,UT
Southern Utah,Information,2013,South Atlantic,10,,,UT
Southern Utah,Information,2013,West North Central,1,0,0,UT
Southern Utah,Information,2013,West North Central,5,0,0,UT
Southern Utah,Information,2013,West North Central,10,,,UT
Southern Utah,Information,2013,West South Central,1,0,2,UT
Southern Utah,Information,2013,West South Central,5,0,1,UT
Southern Utah,Information,2013,West South Central,10,,,UT
Southern Utah,Information,2016,East North Central,1,0,0,UT
Southern Utah,Information,2016,East North Central,5,0,1,UT
Southern Utah,Information,2016,East North Central,10,,,UT
Southern Utah,Information,2016,East South Central,1,0,0,UT
Southern Utah,Information,2016,East South Central,5,0,0,UT
Southern Utah,Information,2016,East South Central,10,,,UT
Southern Utah,Information,2016,Middle Atlantic,1,0,0,UT
Southern Utah,Information,2016,Middle Atlantic,5,0,2,UT
Southern Utah,Information,2016,Middle Atlantic,10,,,UT
Southern Utah,Information,2016,Mountain,1,26,27,UT
Southern Utah,Information,2016,Mountain,5,42,45,UT
Southern Utah,Information,2016,Mountain,10,,,UT
Southern Utah,Information,2016,New England,1,0,0,UT
Southern Utah,Information,2016,New England,5,0,0,UT
Southern Utah,Information,2016,New England,10,,,UT
Southern Utah,Information,2016,Pacific,1,0,4,UT
Southern Utah,Information,2016,Pacific,5,0,4,UT
Southern Utah,Information,2016,Pacific,10,,,UT
Southern Utah,Information,2016,South Atlantic,1,0,2,UT
Southern Utah,Information,2016,South Atlantic,5,0,1,UT
Southern Utah,Information,2016,South Atlantic,10,,,UT
Southern Utah,Information,2016,West North Central,1,0,0,UT
Southern Utah,Information,2016,West North Central,5,0,0,UT
Southern Utah,Information,2016,West North Central,10,,,UT
Southern Utah,Information,2016,West South Central,1,0,1,UT
Southern Utah,Information,2016,West South Central,5,0,4,UT
Southern Utah,Information,2016,West South Central,10,,,UT
Southern Utah,Information,2019,East North Central,1,0,0,UT
Southern Utah,Information,2019,East North Central,5,,,UT
Southern Utah,Information,2019,East North Central,10,,,UT
Southern Utah,Information,2019,East South Central,1,0,0,UT
Southern Utah,Information,2019,East South Central,5,,,UT
Southern Utah,Information,2019,East South Central,10,,,UT
Southern Utah,Information,2019,Middle Atlantic,1,0,2,UT
Southern Utah,Information,2019,Middle Atlantic,5,,,UT
Southern Utah,Information,2019,Middle Atlantic,10,,,UT
Southern Utah,Information,2019,Mountain,1,31,34,UT
Southern Utah,Information,2019,Mountain,5,,,UT
Southern Utah,Information,2019,Mountain,10,,,UT
Southern Utah,Information,2019,New England,1,0,0,UT
Southern Utah,Information,2019,New England,5,,,UT
Southern Utah,Information,2019,New England,10,,,UT
Southern Utah,Information,2019,Pacific,1,0,13,UT
Southern Utah,Information,2019,Pacific,5,,,UT
Southern Utah,Information,2019,Pacific,10,,,UT
Southern Utah,Information,2019,South Atlantic,1,0,0,UT
Southern Utah,Information,2019,South Atlantic,5,,,UT
Southern Utah,Information,2019,South Atlantic,10,,,UT
Southern Utah,Information,2019,West North Central,1,0,0,UT
Southern Utah,Information,2019,West North Central,5,,,UT
Southern Utah,Information,2019,West North Central,10,,,UT
Southern Utah,Information,2019,West South Central,1,0,0,UT
Southern Utah,Information,2019,West South Central,5,,,UT
Southern Utah,Information,2019,West South Central,10,,,UT
Southern Utah,Management,2010,East North Central,1,0,0,UT
Southern Utah,Management,2010,East North Central,5,0,0,UT
Southern Utah,Management,2010,East North Central,10,0,0,UT
Southern Utah,Management,2010,East South Central,1,0,0,UT
Southern Utah,Management,2010,East South Central,5,0,0,UT
Southern Utah,Management,2010,East South Central,10,0,0,UT
Southern Utah,Management,2010,Middle Atlantic,1,0,0,UT
Southern Utah,Management,2010,Middle Atlantic,5,0,0,UT
Southern Utah,Management,2010,Middle Atlantic,10,0,0,UT
Southern Utah,Management,2010,Mountain,1,9,10,UT
Southern Utah,Management,2010,Mountain,5,11,11,UT
Southern Utah,Management,2010,Mountain,10,7,8,UT
Southern Utah,Management,2010,New England,1,0,0,UT
Southern Utah,Management,2010,New England,5,0,0,UT
Southern Utah,Management,2010,New England,10,0,0,UT
Southern Utah,Management,2010,Pacific,1,0,1,UT
Southern Utah,Management,2010,Pacific,5,0,0,UT
Southern Utah,Management,2010,Pacific,10,0,2,UT
Southern Utah,Management,2010,South Atlantic,1,0,0,UT
Southern Utah,Management,2010,South Atlantic,5,0,0,UT
Southern Utah,Management,2010,South Atlantic,10,0,0,UT
Southern Utah,Management,2010,West North Central,1,0,0,UT
Southern Utah,Management,2010,West North Central,5,0,0,UT
Southern Utah,Management,2010,West North Central,10,0,0,UT
Southern Utah,Management,2010,West South Central,1,0,1,UT
Southern Utah,Management,2010,West South Central,5,0,0,UT
Southern Utah,Management,2010,West South Central,10,0,1,UT
Southern Utah,Management,2013,East North Central,1,0,0,UT
Southern Utah,Management,2013,East North Central,5,0,0,UT
Southern Utah,Management,2013,East North Central,10,,,UT
Southern Utah,Management,2013,East South Central,1,0,0,UT
Southern Utah,Management,2013,East South Central,5,0,0,UT
Southern Utah,Management,2013,East South Central,10,,,UT
Southern Utah,Management,2013,Middle Atlantic,1,0,0,UT
Southern Utah,Management,2013,Middle Atlantic,5,0,3,UT
Southern Utah,Management,2013,Middle Atlantic,10,,,UT
Southern Utah,Management,2013,Mountain,1,5,8,UT
Southern Utah,Management,2013,Mountain,5,10,10,UT
Southern Utah,Management,2013,Mountain,10,,,UT
Southern Utah,Management,2013,New England,1,0,0,UT
Southern Utah,Management,2013,New England,5,0,0,UT
Southern Utah,Management,2013,New England,10,,,UT
Southern Utah,Management,2013,Pacific,1,0,3,UT
Southern Utah,Management,2013,Pacific,5,0,6,UT
Southern Utah,Management,2013,Pacific,10,,,UT
Southern Utah,Management,2013,South Atlantic,1,0,0,UT
Southern Utah,Management,2013,South Atlantic,5,0,1,UT
Southern Utah,Management,2013,South Atlantic,10,,,UT
Southern Utah,Management,2013,West North Central,1,0,0,UT
Southern Utah,Management,2013,West North Central,5,0,0,UT
Southern Utah,Management,2013,West North Central,10,,,UT
Southern Utah,Management,2013,West South Central,1,0,1,UT
Southern Utah,Management,2013,West South Central,5,0,1,UT
Southern Utah,Management,2013,West South Central,10,,,UT
Southern Utah,Management,2016,East North Central,1,0,0,UT
Southern Utah,Management,2016,East North Central,5,0,2,UT
Southern Utah,Management,2016,East North Central,10,,,UT
Southern Utah,Management,2016,East South Central,1,0,0,UT
Southern Utah,Management,2016,East South Central,5,0,0,UT
Southern Utah,Management,2016,East South Central,10,,,UT
Southern Utah,Management,2016,Middle Atlantic,1,0,0,UT
Southern Utah,Management,2016,Middle Atlantic,5,0,0,UT
Southern Utah,Management,2016,Middle Atlantic,10,,,UT
Southern Utah,Management,2016,Mountain,1,11,11,UT
Southern Utah,Management,2016,Mountain,5,16,16,UT
Southern Utah,Management,2016,Mountain,10,,,UT
Southern Utah,Management,2016,New England,1,0,0,UT
Southern Utah,Management,2016,New England,5,0,0,UT
Southern Utah,Management,2016,New England,10,,,UT
Southern Utah,Management,2016,Pacific,1,0,1,UT
Southern Utah,Management,2016,Pacific,5,0,2,UT
Southern Utah,Management,2016,Pacific,10,,,UT
Southern Utah,Management,2016,South Atlantic,1,0,0,UT
Southern Utah,Management,2016,South Atlantic,5,0,1,UT
Southern Utah,Management,2016,South Atlantic,10,,,UT
Southern Utah,Management,2016,West North Central,1,0,0,UT
Southern Utah,Management,2016,West North Central,5,0,0,UT
Southern Utah,Management,2016,West North Central,10,,,UT
Southern Utah,Management,2016,West South Central,1,0,0,UT
Southern Utah,Management,2016,West South Central,5,0,1,UT
Southern Utah,Management,2016,West South Central,10,,,UT
Southern Utah,Management,2019,East North Central,1,0,2,UT
Southern Utah,Management,2019,East North Central,5,,,UT
Southern Utah,Management,2019,East North Central,10,,,UT
Southern Utah,Management,2019,East South Central,1,0,0,UT
Southern Utah,Management,2019,East South Central,5,,,UT
Southern Utah,Management,2019,East South Central,10,,,UT
Southern Utah,Management,2019,Middle Atlantic,1,0,1,UT
Southern Utah,Management,2019,Middle Atlantic,5,,,UT
Southern Utah,Management,2019,Middle Atlantic,10,,,UT
Southern Utah,Management,2019,Mountain,1,16,17,UT
Southern Utah,Management,2019,Mountain,5,,,UT
Southern Utah,Management,2019,Mountain,10,,,UT
Southern Utah,Management,2019,New England,1,0,0,UT
Southern Utah,Management,2019,New England,5,,,UT
Southern Utah,Management,2019,New England,10,,,UT
Southern Utah,Management,2019,Pacific,1,0,4,UT
Southern Utah,Management,2019,Pacific,5,,,UT
Southern Utah,Management,2019,Pacific,10,,,UT
Southern Utah,Management,2019,South Atlantic,1,0,0,UT
Southern Utah,Management,2019,South Atlantic,5,,,UT
Southern Utah,Management,2019,South Atlantic,10,,,UT
Southern Utah,Management,2019,West North Central,1,0,0,UT
Southern Utah,Management,2019,West North Central,5,,,UT
Southern Utah,Management,2019,West North Central,10,,,UT
Southern Utah,Management,2019,West South Central,1,0,1,UT
Southern Utah,Management,2019,West South Central,5,,,UT
Southern Utah,Management,2019,West South Central,10,,,UT
Southern Utah,Manufacturing,2010,East North Central,1,0,8,UT
Southern Utah,Manufacturing,2010,East North Central,5,0,6,UT
Southern Utah,Manufacturing,2010,East North Central,10,0,6,UT
Southern Utah,Manufacturing,2010,East South Central,1,0,4,UT
Southern Utah,Manufacturing,2010,East South Central,5,0,1,UT
Southern Utah,Manufacturing,2010,East South Central,10,0,4,UT
Southern Utah,Manufacturing,2010,Middle Atlantic,1,0,1,UT
Southern Utah,Manufacturing,2010,Middle Atlantic,5,0,1,UT
Southern Utah,Manufacturing,2010,Middle Atlantic,10,0,5,UT
Southern Utah,Manufacturing,2010,Mountain,1,39,49,UT
Southern Utah,Manufacturing,2010,Mountain,5,44,47,UT
Southern Utah,Manufacturing,2010,Mountain,10,35,42,UT
Southern Utah,Manufacturing,2010,New England,1,0,0,UT
Southern Utah,Manufacturing,2010,New England,5,0,1,UT
Southern Utah,Manufacturing,2010,New England,10,0,2,UT
Southern Utah,Manufacturing,2010,Pacific,1,0,7,UT
Southern Utah,Manufacturing,2010,Pacific,5,0,7,UT
Southern Utah,Manufacturing,2010,Pacific,10,0,7,UT
Southern Utah,Manufacturing,2010,South Atlantic,1,0,6,UT
Southern Utah,Manufacturing,2010,South Atlantic,5,0,2,UT
Southern Utah,Manufacturing,2010,South Atlantic,10,0,5,UT
Southern Utah,Manufacturing,2010,West North Central,1,0,4,UT
Southern Utah,Manufacturing,2010,West North Central,5,0,1,UT
Southern Utah,Manufacturing,2010,West North Central,10,0,2,UT
Southern Utah,Manufacturing,2010,West South Central,1,0,3,UT
Southern Utah,Manufacturing,2010,West South Central,5,0,6,UT
Southern Utah,Manufacturing,2010,West South Central,10,0,3,UT
Southern Utah,Manufacturing,2013,East North Central,1,0,2,UT
Southern Utah,Manufacturing,2013,East North Central,5,0,9,UT
Southern Utah,Manufacturing,2013,East North Central,10,,,UT
Southern Utah,Manufacturing,2013,East South Central,1,0,2,UT
Southern Utah,Manufacturing,2013,East South Central,5,0,3,UT
Southern Utah,Manufacturing,2013,East South Central,10,,,UT
Southern Utah,Manufacturing,2013,Middle Atlantic,1,0,1,UT
Southern Utah,Manufacturing,2013,Middle Atlantic,5,0,8,UT
Southern Utah,Manufacturing,2013,Middle Atlantic,10,,,UT
Southern Utah,Manufacturing,2013,Mountain,1,41,45,UT
Southern Utah,Manufacturing,2013,Mountain,5,62,71,UT
Southern Utah,Manufacturing,2013,Mountain,10,,,UT
Southern Utah,Manufacturing,2013,New England,1,0,0,UT
Southern Utah,Manufacturing,2013,New England,5,0,0,UT
Southern Utah,Manufacturing,2013,New England,10,,,UT
Southern Utah,Manufacturing,2013,Pacific,1,0,7,UT
Southern Utah,Manufacturing,2013,Pacific,5,0,11,UT
Southern Utah,Manufacturing,2013,Pacific,10,,,UT
Southern Utah,Manufacturing,2013,South Atlantic,1,0,1,UT
Southern Utah,Manufacturing,2013,South Atlantic,5,0,8,UT
Southern Utah,Manufacturing,2013,South Atlantic,10,,,UT
Southern Utah,Manufacturing,2013,West North Central,1,0,0,UT
Southern Utah,Manufacturing,2013,West North Central,5,0,0,UT
Southern Utah,Manufacturing,2013,West North Central,10,,,UT
Southern Utah,Manufacturing,2013,West South Central,1,0,1,UT
Southern Utah,Manufacturing,2013,West South Central,5,0,9,UT
Southern Utah,Manufacturing,2013,West South Central,10,,,UT
Southern Utah,Manufacturing,2016,East North Central,1,0,3,UT
Southern Utah,Manufacturing,2016,East North Central,5,0,13,UT
Southern Utah,Manufacturing,2016,East North Central,10,,,UT
Southern Utah,Manufacturing,2016,East South Central,1,0,0,UT
Southern Utah,Manufacturing,2016,East South Central,5,0,5,UT
Southern Utah,Manufacturing,2016,East South Central,10,,,UT
Southern Utah,Manufacturing,2016,Middle Atlantic,1,0,3,UT
Southern Utah,Manufacturing,2016,Middle Atlantic,5,0,8,UT
Southern Utah,Manufacturing,2016,Middle Atlantic,10,,,UT
Southern Utah,Manufacturing,2016,Mountain,1,37,42,UT
Southern Utah,Manufacturing,2016,Mountain,5,35,42,UT
Southern Utah,Manufacturing,2016,Mountain,10,,,UT
Southern Utah,Manufacturing,2016,New England,1,0,1,UT
Southern Utah,Manufacturing,2016,New England,5,0,0,UT
Southern Utah,Manufacturing,2016,New England,10,,,UT
Southern Utah,Manufacturing,2016,Pacific,1,0,9,UT
Southern Utah,Manufacturing,2016,Pacific,5,0,20,UT
Southern Utah,Manufacturing,2016,Pacific,10,,,UT
Southern Utah,Manufacturing,2016,South Atlantic,1,0,2,UT
Southern Utah,Manufacturing,2016,South Atlantic,5,0,5,UT
Southern Utah,Manufacturing,2016,South Atlantic,10,,,UT
Southern Utah,Manufacturing,2016,West North Central,1,0,0,UT
Southern Utah,Manufacturing,2016,West North Central,5,0,5,UT
Southern Utah,Manufacturing,2016,West North Central,10,,,UT
Southern Utah,Manufacturing,2016,West South Central,1,0,2,UT
Southern Utah,Manufacturing,2016,West South Central,5,0,2,UT
Southern Utah,Manufacturing,2016,West South Central,10,,,UT
Southern Utah,Manufacturing,2019,East North Central,1,0,5,UT
Southern Utah,Manufacturing,2019,East North Central,5,,,UT
Southern Utah,Manufacturing,2019,East North Central,10,,,UT
Southern Utah,Manufacturing,2019,East South Central,1,0,4,UT
Southern Utah,Manufacturing,2019,East South Central,5,,,UT
Southern Utah,Manufacturing,2019,East South Central,10,,,UT
Southern Utah,Manufacturing,2019,Middle Atlantic,1,0,3,UT
Southern Utah,Manufacturing,2019,Middle Atlantic,5,,,UT
Southern Utah,Manufacturing,2019,Middle Atlantic,10,,,UT
Southern Utah,Manufacturing,2019,Mountain,1,76,86,UT
Southern Utah,Manufacturing,2019,Mountain,5,,,UT
Southern Utah,Manufacturing,2019,Mountain,10,,,UT
Southern Utah,Manufacturing,2019,New England,1,0,0,UT
Southern Utah,Manufacturing,2019,New England,5,,,UT
Southern Utah,Manufacturing,2019,New England,10,,,UT
Southern Utah,Manufacturing,2019,Pacific,1,0,7,UT
Southern Utah,Manufacturing,2019,Pacific,5,,,UT
Southern Utah,Manufacturing,2019,Pacific,10,,,UT
Southern Utah,Manufacturing,2019,South Atlantic,1,0,5,UT
Southern Utah,Manufacturing,2019,South Atlantic,5,,,UT
Southern Utah,Manufacturing,2019,South Atlantic,10,,,UT
Southern Utah,Manufacturing,2019,West North Central,1,0,3,UT
Southern Utah,Manufacturing,2019,West North Central,5,,,UT
Southern Utah,Manufacturing,2019,West North Central,10,,,UT
Southern Utah,Manufacturing,2019,West South Central,1,0,4,UT
Southern Utah,Manufacturing,2019,West South Central,5,,,UT
Southern Utah,Manufacturing,2019,West South Central,10,,,UT
Southern Utah,Mining,2010,East North Central,1,0,0,UT
Southern Utah,Mining,2010,East North Central,5,0,0,UT
Southern Utah,Mining,2010,East North Central,10,0,0,UT
Southern Utah,Mining,2010,East South Central,1,0,0,UT
Southern Utah,Mining,2010,East South Central,5,0,0,UT
Southern Utah,Mining,2010,East South Central,10,0,0,UT
Southern Utah,Mining,2010,Middle Atlantic,1,0,0,UT
Southern Utah,Mining,2010,Middle Atlantic,5,0,0,UT
Southern Utah,Mining,2010,Middle Atlantic,10,0,0,UT
Southern Utah,Mining,2010,Mountain,1,12,14,UT
Southern Utah,Mining,2010,Mountain,5,6,6,UT
Southern Utah,Mining,2010,Mountain,10,3,3,UT
Southern Utah,Mining,2010,New England,1,0,0,UT
Southern Utah,Mining,2010,New England,5,0,0,UT
Southern Utah,Mining,2010,New England,10,0,0,UT
Southern Utah,Mining,2010,Pacific,1,0,0,UT
Southern Utah,Mining,2010,Pacific,5,0,0,UT
Southern Utah,Mining,2010,Pacific,10,0,0,UT
Southern Utah,Mining,2010,South Atlantic,1,0,0,UT
Southern Utah,Mining,2010,South Atlantic,5,0,0,UT
Southern Utah,Mining,2010,South Atlantic,10,0,0,UT
Southern Utah,Mining,2010,West North Central,1,0,0,UT
Southern Utah,Mining,2010,West North Central,5,0,0,UT
Southern Utah,Mining,2010,West North Central,10,0,0,UT
Southern Utah,Mining,2010,West South Central,1,0,1,UT
Southern Utah,Mining,2010,West South Central,5,0,0,UT
Southern Utah,Mining,2010,West South Central,10,0,2,UT
Southern Utah,Mining,2013,East North Central,1,0,0,UT
Southern Utah,Mining,2013,East North Central,5,0,0,UT
Southern Utah,Mining,2013,East North Central,10,,,UT
Southern Utah,Mining,2013,East South Central,1,0,0,UT
Southern Utah,Mining,2013,East South Central,5,0,0,UT
Southern Utah,Mining,2013,East South Central,10,,,UT
Southern Utah,Mining,2013,Middle Atlantic,1,0,0,UT
Southern Utah,Mining,2013,Middle Atlantic,5,0,0,UT
Southern Utah,Mining,2013,Middle Atlantic,10,,,UT
Southern Utah,Mining,2013,Mountain,1,1,1,UT
Southern Utah,Mining,2013,Mountain,5,3,3,UT
Southern Utah,Mining,2013,Mountain,10,,,UT
Southern Utah,Mining,2013,New England,1,0,0,UT
Southern Utah,Mining,2013,New England,5,0,0,UT
Southern Utah,Mining,2013,New England,10,,,UT
Southern Utah,Mining,2013,Pacific,1,0,0,UT
Southern Utah,Mining,2013,Pacific,5,0,2,UT
Southern Utah,Mining,2013,Pacific,10,,,UT
Southern Utah,Mining,2013,South Atlantic,1,0,0,UT
Southern Utah,Mining,2013,South Atlantic,5,0,0,UT
Southern Utah,Mining,2013,South Atlantic,10,,,UT
Southern Utah,Mining,2013,West North Central,1,0,0,UT
Southern Utah,Mining,2013,West North Central,5,0,0,UT
Southern Utah,Mining,2013,West North Central,10,,,UT
Southern Utah,Mining,2013,West South Central,1,0,1,UT
Southern Utah,Mining,2013,West South Central,5,0,1,UT
Southern Utah,Mining,2013,West South Central,10,,,UT
Southern Utah,Mining,2016,East North Central,1,0,0,UT
Southern Utah,Mining,2016,East North Central,5,0,0,UT
Southern Utah,Mining,2016,East North Central,10,,,UT
Southern Utah,Mining,2016,East South Central,1,0,0,UT
Southern Utah,Mining,2016,East South Central,5,0,0,UT
Southern Utah,Mining,2016,East South Central,10,,,UT
Southern Utah,Mining,2016,Middle Atlantic,1,0,0,UT
Southern Utah,Mining,2016,Middle Atlantic,5,0,0,UT
Southern Utah,Mining,2016,Middle Atlantic,10,,,UT
Southern Utah,Mining,2016,Mountain,1,4,4,UT
Southern Utah,Mining,2016,Mountain,5,0,0,UT
Southern Utah,Mining,2016,Mountain,10,,,UT
Southern Utah,Mining,2016,New England,1,0,0,UT
Southern Utah,Mining,2016,New England,5,0,0,UT
Southern Utah,Mining,2016,New England,10,,,UT
Southern Utah,Mining,2016,Pacific,1,0,0,UT
Southern Utah,Mining,2016,Pacific,5,0,0,UT
Southern Utah,Mining,2016,Pacific,10,,,UT
Southern Utah,Mining,2016,South Atlantic,1,0,0,UT
Southern Utah,Mining,2016,South Atlantic,5,0,0,UT
Southern Utah,Mining,2016,South Atlantic,10,,,UT
Southern Utah,Mining,2016,West North Central,1,0,0,UT
Southern Utah,Mining,2016,West North Central,5,0,0,UT
Southern Utah,Mining,2016,West North Central,10,,,UT
Southern Utah,Mining,2016,West South Central,1,0,1,UT
Southern Utah,Mining,2016,West South Central,5,0,0,UT
Southern Utah,Mining,2016,West South Central,10,,,UT
Southern Utah,Mining,2019,East North Central,1,0,0,UT
Southern Utah,Mining,2019,East North Central,5,,,UT
Southern Utah,Mining,2019,East North Central,10,,,UT
Southern Utah,Mining,2019,East South Central,1,0,0,UT
Southern Utah,Mining,2019,East South Central,5,,,UT
Southern Utah,Mining,2019,East South Central,10,,,UT
Southern Utah,Mining,2019,Middle Atlantic,1,0,0,UT
Southern Utah,Mining,2019,Middle Atlantic,5,,,UT
Southern Utah,Mining,2019,Middle Atlantic,10,,,UT
Southern Utah,Mining,2019,Mountain,1,5,5,UT
Southern Utah,Mining,2019,Mountain,5,,,UT
Southern Utah,Mining,2019,Mountain,10,,,UT
Southern Utah,Mining,2019,New England,1,0,0,UT
Southern Utah,Mining,2019,New England,5,,,UT
Southern Utah,Mining,2019,New England,10,,,UT
Southern Utah,Mining,2019,Pacific,1,0,0,UT
Southern Utah,Mining,2019,Pacific,5,,,UT
Southern Utah,Mining,2019,Pacific,10,,,UT
Southern Utah,Mining,2019,South Atlantic,1,0,0,UT
Southern Utah,Mining,2019,South Atlantic,5,,,UT
Southern Utah,Mining,2019,South Atlantic,10,,,UT
Southern Utah,Mining,2019,West North Central,1,0,0,UT
Southern Utah,Mining,2019,West North Central,5,,,UT
Southern Utah,Mining,2019,West North Central,10,,,UT
Southern Utah,Mining,2019,West South Central,1,0,0,UT
Southern Utah,Mining,2019,West South Central,5,,,UT
Southern Utah,Mining,2019,West South Central,10,,,UT
Southern Utah,Other Services,2010,East North Central,1,0,0,UT
Southern Utah,Other Services,2010,East North Central,5,0,1,UT
Southern Utah,Other Services,2010,East North Central,10,0,1,UT
Southern Utah,Other Services,2010,East South Central,1,0,0,UT
Southern Utah,Other Services,2010,East South Central,5,0,0,UT
Southern Utah,Other Services,2010,East South Central,10,0,0,UT
Southern Utah,Other Services,2010,Middle Atlantic,1,0,0,UT
Southern Utah,Other Services,2010,Middle Atlantic,5,0,3,UT
Southern Utah,Other Services,2010,Middle Atlantic,10,0,1,UT
Southern Utah,Other Services,2010,Mountain,1,9,9,UT
Southern Utah,Other Services,2010,Mountain,5,16,18,UT
Southern Utah,Other Services,2010,Mountain,10,11,13,UT
Southern Utah,Other Services,2010,New England,1,0,0,UT
Southern Utah,Other Services,2010,New England,5,0,0,UT
Southern Utah,Other Services,2010,New England,10,0,0,UT
Southern Utah,Other Services,2010,Pacific,1,0,3,UT
Southern Utah,Other Services,2010,Pacific,5,0,2,UT
Southern Utah,Other Services,2010,Pacific,10,0,3,UT
Southern Utah,Other Services,2010,South Atlantic,1,0,0,UT
Southern Utah,Other Services,2010,South Atlantic,5,0,0,UT
Southern Utah,Other Services,2010,South Atlantic,10,0,1,UT
Southern Utah,Other Services,2010,West North Central,1,0,0,UT
Southern Utah,Other Services,2010,West North Central,5,0,0,UT
Southern Utah,Other Services,2010,West North Central,10,0,0,UT
Southern Utah,Other Services,2010,West South Central,1,0,0,UT
Southern Utah,Other Services,2010,West South Central,5,0,2,UT
Southern Utah,Other Services,2010,West South Central,10,0,0,UT
Southern Utah,Other Services,2013,East North Central,1,0,0,UT
Southern Utah,Other Services,2013,East North Central,5,0,1,UT
Southern Utah,Other Services,2013,East North Central,10,,,UT
Southern Utah,Other Services,2013,East South Central,1,0,0,UT
Southern Utah,Other Services,2013,East South Central,5,0,0,UT
Southern Utah,Other Services,2013,East South Central,10,,,UT
Southern Utah,Other Services,2013,Middle Atlantic,1,0,1,UT
Southern Utah,Other Services,2013,Middle Atlantic,5,0,2,UT
Southern Utah,Other Services,2013,Middle Atlantic,10,,,UT
Southern Utah,Other Services,2013,Mountain,1,9,10,UT
Southern Utah,Other Services,2013,Mountain,5,8,9,UT
Southern Utah,Other Services,2013,Mountain,10,,,UT
Southern Utah,Other Services,2013,New England,1,0,0,UT
Southern Utah,Other Services,2013,New England,5,0,0,UT
Southern Utah,Other Services,2013,New England,10,,,UT
Southern Utah,Other Services,2013,Pacific,1,0,1,UT
Southern Utah,Other Services,2013,Pacific,5,0,4,UT
Southern Utah,Other Services,2013,Pacific,10,,,UT
Southern Utah,Other Services,2013,South Atlantic,1,0,0,UT
Southern Utah,Other Services,2013,South Atlantic,5,0,0,UT
Southern Utah,Other Services,2013,South Atlantic,10,,,UT
Southern Utah,Other Services,2013,West North Central,1,0,0,UT
Southern Utah,Other Services,2013,West North Central,5,0,1,UT
Southern Utah,Other Services,2013,West North Central,10,,,UT
Southern Utah,Other Services,2013,West South Central,1,0,0,UT
Southern Utah,Other Services,2013,West South Central,5,0,1,UT
Southern Utah,Other Services,2013,West South Central,10,,,UT
Southern Utah,Other Services,2016,East North Central,1,0,0,UT
Southern Utah,Other Services,2016,East North Central,5,0,0,UT
Southern Utah,Other Services,2016,East North Central,10,,,UT
Southern Utah,Other Services,2016,East South Central,1,0,0,UT
Southern Utah,Other Services,2016,East South Central,5,0,0,UT
Southern Utah,Other Services,2016,East South Central,10,,,UT
Southern Utah,Other Services,2016,Middle Atlantic,1,0,2,UT
Southern Utah,Other Services,2016,Middle Atlantic,5,0,0,UT
Southern Utah,Other Services,2016,Middle Atlantic,10,,,UT
Southern Utah,Other Services,2016,Mountain,1,17,18,UT
Southern Utah,Other Services,2016,Mountain,5,16,17,UT
Southern Utah,Other Services,2016,Mountain,10,,,UT
Southern Utah,Other Services,2016,New England,1,0,0,UT
Southern Utah,Other Services,2016,New England,5,0,0,UT
Southern Utah,Other Services,2016,New England,10,,,UT
Southern Utah,Other Services,2016,Pacific,1,0,4,UT
Southern Utah,Other Services,2016,Pacific,5,0,3,UT
Southern Utah,Other Services,2016,Pacific,10,,,UT
Southern Utah,Other Services,2016,South Atlantic,1,0,0,UT
Southern Utah,Other Services,2016,South Atlantic,5,0,1,UT
Southern Utah,Other Services,2016,South Atlantic,10,,,UT
Southern Utah,Other Services,2016,West North Central,1,0,0,UT
Southern Utah,Other Services,2016,West North Central,5,0,0,UT
Southern Utah,Other Services,2016,West North Central,10,,,UT
Southern Utah,Other Services,2016,West South Central,1,0,1,UT
Southern Utah,Other Services,2016,West South Central,5,0,1,UT
Southern Utah,Other Services,2016,West South Central,10,,,UT
Southern Utah,Other Services,2019,East North Central,1,0,0,UT
Southern Utah,Other Services,2019,East North Central,5,,,UT
Southern Utah,Other Services,2019,East North Central,10,,,UT
Southern Utah,Other Services,2019,East South Central,1,0,0,UT
Southern Utah,Other Services,2019,East South Central,5,,,UT
Southern Utah,Other Services,2019,East South Central,10,,,UT
Southern Utah,Other Services,2019,Middle Atlantic,1,0,0,UT
Southern Utah,Other Services,2019,Middle Atlantic,5,,,UT
Southern Utah,Other Services,2019,Middle Atlantic,10,,,UT
Southern Utah,Other Services,2019,Mountain,1,15,15,UT
Southern Utah,Other Services,2019,Mountain,5,,,UT
Southern Utah,Other Services,2019,Mountain,10,,,UT
Southern Utah,Other Services,2019,New England,1,0,0,UT
Southern Utah,Other Services,2019,New England,5,,,UT
Southern Utah,Other Services,2019,New England,10,,,UT
Southern Utah,Other Services,2019,Pacific,1,0,7,UT
Southern Utah,Other Services,2019,Pacific,5,,,UT
Southern Utah,Other Services,2019,Pacific,10,,,UT
Southern Utah,Other Services,2019,South Atlantic,1,0,0,UT
Southern Utah,Other Services,2019,South Atlantic,5,,,UT
Southern Utah,Other Services,2019,South Atlantic,10,,,UT
Southern Utah,Other Services,2019,West North Central,1,0,0,UT
Southern Utah,Other Services,2019,West North Central,5,,,UT
Southern Utah,Other Services,2019,West North Central,10,,,UT
Southern Utah,Other Services,2019,West South Central,1,0,3,UT
Southern Utah,Other Services,2019,West South Central,5,,,UT
Southern Utah,Other Services,2019,West South Central,10,,,UT
Southern Utah,Professional Services,2010,East North Central,1,0,2,UT
Southern Utah,Professional Services,2010,East North Central,5,0,4,UT
Southern Utah,Professional Services,2010,East North Central,10,0,2,UT
Southern Utah,Professional Services,2010,East South Central,1,0,0,UT
Southern Utah,Professional Services,2010,East South Central,5,0,0,UT
Southern Utah,Professional Services,2010,East South Central,10,0,2,UT
Southern Utah,Professional Services,2010,Middle Atlantic,1,0,6,UT
Southern Utah,Professional Services,2010,Middle Atlantic,5,0,1,UT
Southern Utah,Professional Services,2010,Middle Atlantic,10,0,2,UT
Southern Utah,Professional Services,2010,Mountain,1,57,70,UT
Southern Utah,Professional Services,2010,Mountain,5,70,82,UT
Southern Utah,Professional Services,2010,Mountain,10,67,76,UT
Southern Utah,Professional Services,2010,New England,1,0,0,UT
Southern Utah,Professional Services,2010,New England,5,0,1,UT
Southern Utah,Professional Services,2010,New England,10,0,1,UT
Southern Utah,Professional Services,2010,Pacific,1,0,8,UT
Southern Utah,Professional Services,2010,Pacific,5,0,9,UT
Southern Utah,Professional Services,2010,Pacific,10,0,10,UT
Southern Utah,Professional Services,2010,South Atlantic,1,0,5,UT
Southern Utah,Professional Services,2010,South Atlantic,5,0,4,UT
Southern Utah,Professional Services,2010,South Atlantic,10,0,10,UT
Southern Utah,Professional Services,2010,West North Central,1,0,1,UT
Southern Utah,Professional Services,2010,West North Central,5,0,0,UT
Southern Utah,Professional Services,2010,West North Central,10,0,0,UT
Southern Utah,Professional Services,2010,West South Central,1,0,9,UT
Southern Utah,Professional Services,2010,West South Central,5,0,6,UT
Southern Utah,Professional Services,2010,West South Central,10,0,6,UT
Southern Utah,Professional Services,2013,East North Central,1,0,5,UT
Southern Utah,Professional Services,2013,East North Central,5,0,3,UT
Southern Utah,Professional Services,2013,East North Central,10,,,UT
Southern Utah,Professional Services,2013,East South Central,1,0,0,UT
Southern Utah,Professional Services,2013,East South Central,5,0,0,UT
Southern Utah,Professional Services,2013,East South Central,10,,,UT
Southern Utah,Professional Services,2013,Middle Atlantic,1,0,1,UT
Southern Utah,Professional Services,2013,Middle Atlantic,5,0,4,UT
Southern Utah,Professional Services,2013,Middle Atlantic,10,,,UT
Southern Utah,Professional Services,2013,Mountain,1,72,85,UT
Southern Utah,Professional Services,2013,Mountain,5,119,139,UT
Southern Utah,Professional Services,2013,Mountain,10,,,UT
Southern Utah,Professional Services,2013,New England,1,0,0,UT
Southern Utah,Professional Services,2013,New England,5,0,3,UT
Southern Utah,Professional Services,2013,New England,10,,,UT
Southern Utah,Professional Services,2013,Pacific,1,0,8,UT
Southern Utah,Professional Services,2013,Pacific,5,0,18,UT
Southern Utah,Professional Services,2013,Pacific,10,,,UT
Southern Utah,Professional Services,2013,South Atlantic,1,0,1,UT
Southern Utah,Professional Services,2013,South Atlantic,5,0,7,UT
Southern Utah,Professional Services,2013,South Atlantic,10,,,UT
Southern Utah,Professional Services,2013,West North Central,1,0,2,UT
Southern Utah,Professional Services,2013,West North Central,5,0,4,UT
Southern Utah,Professional Services,2013,West North Central,10,,,UT
Southern Utah,Professional Services,2013,West South Central,1,0,0,UT
Southern Utah,Professional Services,2013,West South Central,5,0,3,UT
Southern Utah,Professional Services,2013,West South Central,10,,,UT
Southern Utah,Professional Services,2016,East North Central,1,0,4,UT
Southern Utah,Professional Services,2016,East North Central,5,0,10,UT
Southern Utah,Professional Services,2016,East North Central,10,,,UT
Southern Utah,Professional Services,2016,East South Central,1,0,0,UT
Southern Utah,Professional Services,2016,East South Central,5,0,0,UT
Southern Utah,Professional Services,2016,East South Central,10,,,UT
Southern Utah,Professional Services,2016,Middle Atlantic,1,0,5,UT
Southern Utah,Professional Services,2016,Middle Atlantic,5,0,5,UT
Southern Utah,Professional Services,2016,Middle Atlantic,10,,,UT
Southern Utah,Professional Services,2016,Mountain,1,106,125,UT
Southern Utah,Professional Services,2016,Mountain,5,159,179,UT
Southern Utah,Professional Services,2016,Mountain,10,,,UT
Southern Utah,Professional Services,2016,New England,1,0,0,UT
Southern Utah,Professional Services,2016,New England,5,0,1,UT
Southern Utah,Professional Services,2016,New England,10,,,UT
Southern Utah,Professional Services,2016,Pacific,1,0,12,UT
Southern Utah,Professional Services,2016,Pacific,5,0,19,UT
Southern Utah,Professional Services,2016,Pacific,10,,,UT
Southern Utah,Professional Services,2016,South Atlantic,1,0,1,UT
Southern Utah,Professional Services,2016,South Atlantic,5,0,12,UT
Southern Utah,Professional Services,2016,South Atlantic,10,,,UT
Southern Utah,Professional Services,2016,West North Central,1,0,1,UT
Southern Utah,Professional Services,2016,West North Central,5,0,5,UT
Southern Utah,Professional Services,2016,West North Central,10,,,UT
Southern Utah,Professional Services,2016,West South Central,1,0,2,UT
Southern Utah,Professional Services,2016,West South Central,5,0,11,UT
Southern Utah,Professional Services,2016,West South Central,10,,,UT
Southern Utah,Professional Services,2019,East North Central,1,0,3,UT
Southern Utah,Professional Services,2019,East North Central,5,,,UT
Southern Utah,Professional Services,2019,East North Central,10,,,UT
Southern Utah,Professional Services,2019,East South Central,1,0,7,UT
Southern Utah,Professional Services,2019,East South Central,5,,,UT
Southern Utah,Professional Services,2019,East South Central,10,,,UT
Southern Utah,Professional Services,2019,Middle Atlantic,1,0,1,UT
Southern Utah,Professional Services,2019,Middle Atlantic,5,,,UT
Southern Utah,Professional Services,2019,Middle Atlantic,10,,,UT
Southern Utah,Professional Services,2019,Mountain,1,174,198,UT
Southern Utah,Professional Services,2019,Mountain,5,,,UT
Southern Utah,Professional Services,2019,Mountain,10,,,UT
Southern Utah,Professional Services,2019,New England,1,0,5,UT
Southern Utah,Professional Services,2019,New England,5,,,UT
Southern Utah,Professional Services,2019,New England,10,,,UT
Southern Utah,Professional Services,2019,Pacific,1,0,14,UT
Southern Utah,Professional Services,2019,Pacific,5,,,UT
Southern Utah,Professional Services,2019,Pacific,10,,,UT
Southern Utah,Professional Services,2019,South Atlantic,1,0,15,UT
Southern Utah,Professional Services,2019,South Atlantic,5,,,UT
Southern Utah,Professional Services,2019,South Atlantic,10,,,UT
Southern Utah,Professional Services,2019,West North Central,1,0,5,UT
Southern Utah,Professional Services,2019,West North Central,5,,,UT
Southern Utah,Professional Services,2019,West North Central,10,,,UT
Southern Utah,Professional Services,2019,West South Central,1,0,6,UT
Southern Utah,Professional Services,2019,West South Central,5,,,UT
Southern Utah,Professional Services,2019,West South Central,10,,,UT
Southern Utah,Public Admin,2010,East North Central,1,0,0,UT
Southern Utah,Public Admin,2010,East North Central,5,0,4,UT
Southern Utah,Public Admin,2010,East North Central,10,0,0,UT
Southern Utah,Public Admin,2010,East South Central,1,0,0,UT
Southern Utah,Public Admin,2010,East South Central,5,0,0,UT
Southern Utah,Public Admin,2010,East South Central,10,0,0,UT
Southern Utah,Public Admin,2010,Middle Atlantic,1,0,3,UT
Southern Utah,Public Admin,2010,Middle Atlantic,5,0,1,UT
Southern Utah,Public Admin,2010,Middle Atlantic,10,0,2,UT
Southern Utah,Public Admin,2010,Mountain,1,66,75,UT
Southern Utah,Public Admin,2010,Mountain,5,78,93,UT
Southern Utah,Public Admin,2010,Mountain,10,74,83,UT
Southern Utah,Public Admin,2010,New England,1,0,0,UT
Southern Utah,Public Admin,2010,New England,5,0,0,UT
Southern Utah,Public Admin,2010,New England,10,0,0,UT
Southern Utah,Public Admin,2010,Pacific,1,0,7,UT
Southern Utah,Public Admin,2010,Pacific,5,0,8,UT
Southern Utah,Public Admin,2010,Pacific,10,0,8,UT
Southern Utah,Public Admin,2010,South Atlantic,1,0,6,UT
Southern Utah,Public Admin,2010,South Atlantic,5,0,3,UT
Southern Utah,Public Admin,2010,South Atlantic,10,0,0,UT
Southern Utah,Public Admin,2010,West North Central,1,0,1,UT
Southern Utah,Public Admin,2010,West North Central,5,0,0,UT
Southern Utah,Public Admin,2010,West North Central,10,0,3,UT
Southern Utah,Public Admin,2010,West South Central,1,0,1,UT
Southern Utah,Public Admin,2010,West South Central,5,0,5,UT
Southern Utah,Public Admin,2010,West South Central,10,0,1,UT
Southern Utah,Public Admin,2013,East North Central,1,0,0,UT
Southern Utah,Public Admin,2013,East North Central,5,0,5,UT
Southern Utah,Public Admin,2013,East North Central,10,,,UT
Southern Utah,Public Admin,2013,East South Central,1,0,0,UT
Southern Utah,Public Admin,2013,East South Central,5,0,1,UT
Southern Utah,Public Admin,2013,East South Central,10,,,UT
Southern Utah,Public Admin,2013,Middle Atlantic,1,0,0,UT
Southern Utah,Public Admin,2013,Middle Atlantic,5,0,6,UT
Southern Utah,Public Admin,2013,Middle Atlantic,10,,,UT
Southern Utah,Public Admin,2013,Mountain,1,79,80,UT
Southern Utah,Public Admin,2013,Mountain,5,120,129,UT
Southern Utah,Public Admin,2013,Mountain,10,,,UT
Southern Utah,Public Admin,2013,New England,1,0,0,UT
Southern Utah,Public Admin,2013,New England,5,0,2,UT
Southern Utah,Public Admin,2013,New England,10,,,UT
Southern Utah,Public Admin,2013,Pacific,1,0,9,UT
Southern Utah,Public Admin,2013,Pacific,5,0,12,UT
Southern Utah,Public Admin,2013,Pacific,10,,,UT
Southern Utah,Public Admin,2013,South Atlantic,1,0,0,UT
Southern Utah,Public Admin,2013,South Atlantic,5,0,5,UT
Southern Utah,Public Admin,2013,South Atlantic,10,,,UT
Southern Utah,Public Admin,2013,West North Central,1,0,0,UT
Southern Utah,Public Admin,2013,West North Central,5,0,1,UT
Southern Utah,Public Admin,2013,West North Central,10,,,UT
Southern Utah,Public Admin,2013,West South Central,1,0,0,UT
Southern Utah,Public Admin,2013,West South Central,5,0,5,UT
Southern Utah,Public Admin,2013,West South Central,10,,,UT
Southern Utah,Public Admin,2016,East North Central,1,0,0,UT
Southern Utah,Public Admin,2016,East North Central,5,0,5,UT
Southern Utah,Public Admin,2016,East North Central,10,,,UT
Southern Utah,Public Admin,2016,East South Central,1,0,3,UT
Southern Utah,Public Admin,2016,East South Central,5,0,0,UT
Southern Utah,Public Admin,2016,East South Central,10,,,UT
Southern Utah,Public Admin,2016,Middle Atlantic,1,0,2,UT
Southern Utah,Public Admin,2016,Middle Atlantic,5,0,2,UT
Southern Utah,Public Admin,2016,Middle Atlantic,10,,,UT
Southern Utah,Public Admin,2016,Mountain,1,89,97,UT
Southern Utah,Public Admin,2016,Mountain,5,112,129,UT
Southern Utah,Public Admin,2016,Mountain,10,,,UT
Southern Utah,Public Admin,2016,New England,1,0,1,UT
Southern Utah,Public Admin,2016,New England,5,0,1,UT
Southern Utah,Public Admin,2016,New England,10,,,UT
Southern Utah,Public Admin,2016,Pacific,1,0,6,UT
Southern Utah,Public Admin,2016,Pacific,5,0,14,UT
Southern Utah,Public Admin,2016,Pacific,10,,,UT
Southern Utah,Public Admin,2016,South Atlantic,1,0,0,UT
Southern Utah,Public Admin,2016,South Atlantic,5,0,9,UT
Southern Utah,Public Admin,2016,South Atlantic,10,,,UT
Southern Utah,Public Admin,2016,West North Central,1,0,0,UT
Southern Utah,Public Admin,2016,West North Central,5,0,3,UT
Southern Utah,Public Admin,2016,West North Central,10,,,UT
Southern Utah,Public Admin,2016,West South Central,1,0,1,UT
Southern Utah,Public Admin,2016,West South Central,5,0,4,UT
Southern Utah,Public Admin,2016,West South Central,10,,,UT
Southern Utah,Public Admin,2019,East North Central,1,0,2,UT
Southern Utah,Public Admin,2019,East North Central,5,,,UT
Southern Utah,Public Admin,2019,East North Central,10,,,UT
Southern Utah,Public Admin,2019,East South Central,1,0,1,UT
Southern Utah,Public Admin,2019,East South Central,5,,,UT
Southern Utah,Public Admin,2019,East South Central,10,,,UT
Southern Utah,Public Admin,2019,Middle Atlantic,1,0,3,UT
Southern Utah,Public Admin,2019,Middle Atlantic,5,,,UT
Southern Utah,Public Admin,2019,Middle Atlantic,10,,,UT
Southern Utah,Public Admin,2019,Mountain,1,125,131,UT
Southern Utah,Public Admin,2019,Mountain,5,,,UT
Southern Utah,Public Admin,2019,Mountain,10,,,UT
Southern Utah,Public Admin,2019,New England,1,0,0,UT
Southern Utah,Public Admin,2019,New England,5,,,UT
Southern Utah,Public Admin,2019,New England,10,,,UT
Southern Utah,Public Admin,2019,Pacific,1,0,21,UT
Southern Utah,Public Admin,2019,Pacific,5,,,UT
Southern Utah,Public Admin,2019,Pacific,10,,,UT
Southern Utah,Public Admin,2019,South Atlantic,1,0,6,UT
Southern Utah,Public Admin,2019,South Atlantic,5,,,UT
Southern Utah,Public Admin,2019,South Atlantic,10,,,UT
Southern Utah,Public Admin,2019,West North Central,1,0,1,UT
Southern Utah,Public Admin,2019,West North Central,5,,,UT
Southern Utah,Public Admin,2019,West North Central,10,,,UT
Southern Utah,Public Admin,2019,West South Central,1,0,0,UT
Southern Utah,Public Admin,2019,West South Central,5,,,UT
Southern Utah,Public Admin,2019,West South Central,10,,,UT
Southern Utah,Real Estate,2010,East North Central,1,0,0,UT
Southern Utah,Real Estate,2010,East North Central,5,0,0,UT
Southern Utah,Real Estate,2010,East North Central,10,0,1,UT
Southern Utah,Real Estate,2010,East South Central,1,0,0,UT
Southern Utah,Real Estate,2010,East South Central,5,0,0,UT
Southern Utah,Real Estate,2010,East South Central,10,0,0,UT
Southern Utah,Real Estate,2010,Middle Atlantic,1,0,0,UT
Southern Utah,Real Estate,2010,Middle Atlantic,5,0,1,UT
Southern Utah,Real Estate,2010,Middle Atlantic,10,0,0,UT
Southern Utah,Real Estate,2010,Mountain,1,11,17,UT
Southern Utah,Real Estate,2010,Mountain,5,10,14,UT
Southern Utah,Real Estate,2010,Mountain,10,9,9,UT
Southern Utah,Real Estate,2010,New England,1,0,0,UT
Southern Utah,Real Estate,2010,New England,5,0,0,UT
Southern Utah,Real Estate,2010,New England,10,0,0,UT
Southern Utah,Real Estate,2010,Pacific,1,0,0,UT
Southern Utah,Real Estate,2010,Pacific,5,0,2,UT
Southern Utah,Real Estate,2010,Pacific,10,0,5,UT
Southern Utah,Real Estate,2010,South Atlantic,1,0,0,UT
Southern Utah,Real Estate,2010,South Atlantic,5,0,0,UT
Southern Utah,Real Estate,2010,South Atlantic,10,0,1,UT
Southern Utah,Real Estate,2010,West North Central,1,0,0,UT
Southern Utah,Real Estate,2010,West North Central,5,0,0,UT
Southern Utah,Real Estate,2010,West North Central,10,0,0,UT
Southern Utah,Real Estate,2010,West South Central,1,0,2,UT
Southern Utah,Real Estate,2010,West South Central,5,0,1,UT
Southern Utah,Real Estate,2010,West South Central,10,0,1,UT
Southern Utah,Real Estate,2013,East North Central,1,0,0,UT
Southern Utah,Real Estate,2013,East North Central,5,0,0,UT
Southern Utah,Real Estate,2013,East North Central,10,,,UT
Southern Utah,Real Estate,2013,East South Central,1,0,0,UT
Southern Utah,Real Estate,2013,East South Central,5,0,0,UT
Southern Utah,Real Estate,2013,East South Central,10,,,UT
Southern Utah,Real Estate,2013,Middle Atlantic,1,0,0,UT
Southern Utah,Real Estate,2013,Middle Atlantic,5,0,0,UT
Southern Utah,Real Estate,2013,Middle Atlantic,10,,,UT
Southern Utah,Real Estate,2013,Mountain,1,10,10,UT
Southern Utah,Real Estate,2013,Mountain,5,12,12,UT
Southern Utah,Real Estate,2013,Mountain,10,,,UT
Southern Utah,Real Estate,2013,New England,1,0,0,UT
Southern Utah,Real Estate,2013,New England,5,0,0,UT
Southern Utah,Real Estate,2013,New England,10,,,UT
Southern Utah,Real Estate,2013,Pacific,1,0,1,UT
Southern Utah,Real Estate,2013,Pacific,5,0,3,UT
Southern Utah,Real Estate,2013,Pacific,10,,,UT
Southern Utah,Real Estate,2013,South Atlantic,1,0,0,UT
Southern Utah,Real Estate,2013,South Atlantic,5,0,0,UT
Southern Utah,Real Estate,2013,South Atlantic,10,,,UT
Southern Utah,Real Estate,2013,West North Central,1,0,0,UT
Southern Utah,Real Estate,2013,West North Central,5,0,0,UT
Southern Utah,Real Estate,2013,West North Central,10,,,UT
Southern Utah,Real Estate,2013,West South Central,1,0,0,UT
Southern Utah,Real Estate,2013,West South Central,5,0,3,UT
Southern Utah,Real Estate,2013,West South Central,10,,,UT
Southern Utah,Real Estate,2016,East North Central,1,0,0,UT
Southern Utah,Real Estate,2016,East North Central,5,0,0,UT
Southern Utah,Real Estate,2016,East North Central,10,,,UT
Southern Utah,Real Estate,2016,East South Central,1,0,0,UT
Southern Utah,Real Estate,2016,East South Central,5,0,0,UT
Southern Utah,Real Estate,2016,East South Central,10,,,UT
Southern Utah,Real Estate,2016,Middle Atlantic,1,0,0,UT
Southern Utah,Real Estate,2016,Middle Atlantic,5,0,0,UT
Southern Utah,Real Estate,2016,Middle Atlantic,10,,,UT
Southern Utah,Real Estate,2016,Mountain,1,8,10,UT
Southern Utah,Real Estate,2016,Mountain,5,14,15,UT
Southern Utah,Real Estate,2016,Mountain,10,,,UT
Southern Utah,Real Estate,2016,New England,1,0,0,UT
Southern Utah,Real Estate,2016,New England,5,0,0,UT
Southern Utah,Real Estate,2016,New England,10,,,UT
Southern Utah,Real Estate,2016,Pacific,1,0,4,UT
Southern Utah,Real Estate,2016,Pacific,5,0,2,UT
Southern Utah,Real Estate,2016,Pacific,10,,,UT
Southern Utah,Real Estate,2016,South Atlantic,1,0,1,UT
Southern Utah,Real Estate,2016,South Atlantic,5,0,0,UT
Southern Utah,Real Estate,2016,South Atlantic,10,,,UT
Southern Utah,Real Estate,2016,West North Central,1,0,0,UT
Southern Utah,Real Estate,2016,West North Central,5,0,0,UT
Southern Utah,Real Estate,2016,West North Central,10,,,UT
Southern Utah,Real Estate,2016,West South Central,1,0,1,UT
Southern Utah,Real Estate,2016,West South Central,5,0,0,UT
Southern Utah,Real Estate,2016,West South Central,10,,,UT
Southern Utah,Real Estate,2019,East North Central,1,0,0,UT
Southern Utah,Real Estate,2019,East North Central,5,,,UT
Southern Utah,Real Estate,2019,East North Central,10,,,UT
Southern Utah,Real Estate,2019,East South Central,1,0,0,UT
Southern Utah,Real Estate,2019,East South Central,5,,,UT
Southern Utah,Real Estate,2019,East South Central,10,,,UT
Southern Utah,Real Estate,2019,Middle Atlantic,1,0,0,UT
Southern Utah,Real Estate,2019,Middle Atlantic,5,,,UT
Southern Utah,Real Estate,2019,Middle Atlantic,10,,,UT
Southern Utah,Real Estate,2019,Mountain,1,26,26,UT
Southern Utah,Real Estate,2019,Mountain,5,,,UT
Southern Utah,Real Estate,2019,Mountain,10,,,UT
Southern Utah,Real Estate,2019,New England,1,0,0,UT
Southern Utah,Real Estate,2019,New England,5,,,UT
Southern Utah,Real Estate,2019,New England,10,,,UT
Southern Utah,Real Estate,2019,Pacific,1,0,3,UT
Southern Utah,Real Estate,2019,Pacific,5,,,UT
Southern Utah,Real Estate,2019,Pacific,10,,,UT
Southern Utah,Real Estate,2019,South Atlantic,1,0,0,UT
Southern Utah,Real Estate,2019,South Atlantic,5,,,UT
Southern Utah,Real Estate,2019,South Atlantic,10,,,UT
Southern Utah,Real Estate,2019,West North Central,1,0,0,UT
Southern Utah,Real Estate,2019,West North Central,5,,,UT
Southern Utah,Real Estate,2019,West North Central,10,,,UT
Southern Utah,Real Estate,2019,West South Central,1,0,2,UT
Southern Utah,Real Estate,2019,West South Central,5,,,UT
Southern Utah,Real Estate,2019,West South Central,10,,,UT
Southern Utah,Retail,2010,East North Central,1,0,6,UT
Southern Utah,Retail,2010,East North Central,5,0,9,UT
Southern Utah,Retail,2010,East North Central,10,0,5,UT
Southern Utah,Retail,2010,East South Central,1,0,5,UT
Southern Utah,Retail,2010,East South Central,5,0,0,UT
Southern Utah,Retail,2010,East South Central,10,0,0,UT
Southern Utah,Retail,2010,Middle Atlantic,1,0,2,UT
Southern Utah,Retail,2010,Middle Atlantic,5,0,5,UT
Southern Utah,Retail,2010,Middle Atlantic,10,0,7,UT
Southern Utah,Retail,2010,Mountain,1,64,81,UT
Southern Utah,Retail,2010,Mountain,5,44,57,UT
Southern Utah,Retail,2010,Mountain,10,47,68,UT
Southern Utah,Retail,2010,New England,1,0,0,UT
Southern Utah,Retail,2010,New England,5,0,0,UT
Southern Utah,Retail,2010,New England,10,0,1,UT
Southern Utah,Retail,2010,Pacific,1,0,9,UT
Southern Utah,Retail,2010,Pacific,5,0,11,UT
Southern Utah,Retail,2010,Pacific,10,0,12,UT
Southern Utah,Retail,2010,South Atlantic,1,0,16,UT
Southern Utah,Retail,2010,South Atlantic,5,0,3,UT
Southern Utah,Retail,2010,South Atlantic,10,0,10,UT
Southern Utah,Retail,2010,West North Central,1,0,5,UT
Southern Utah,Retail,2010,West North Central,5,0,2,UT
Southern Utah,Retail,2010,West North Central,10,0,1,UT
Southern Utah,Retail,2010,West South Central,1,0,9,UT
Southern Utah,Retail,2010,West South Central,5,0,8,UT
Southern Utah,Retail,2010,West South Central,10,0,1,UT
Southern Utah,Retail,2013,East North Central,1,0,6,UT
Southern Utah,Retail,2013,East North Central,5,0,8,UT
Southern Utah,Retail,2013,East North Central,10,,,UT
Southern Utah,Retail,2013,East South Central,1,0,1,UT
Southern Utah,Retail,2013,East South Central,5,0,3,UT
Southern Utah,Retail,2013,East South Central,10,,,UT
Southern Utah,Retail,2013,Middle Atlantic,1,0,4,UT
Southern Utah,Retail,2013,Middle Atlantic,5,0,4,UT
Southern Utah,Retail,2013,Middle Atlantic,10,,,UT
Southern Utah,Retail,2013,Mountain,1,88,99,UT
Southern Utah,Retail,2013,Mountain,5,63,80,UT
Southern Utah,Retail,2013,Mountain,10,,,UT
Southern Utah,Retail,2013,New England,1,0,0,UT
Southern Utah,Retail,2013,New England,5,0,4,UT
Southern Utah,Retail,2013,New England,10,,,UT
Southern Utah,Retail,2013,Pacific,1,0,10,UT
Southern Utah,Retail,2013,Pacific,5,0,14,UT
Southern Utah,Retail,2013,Pacific,10,,,UT
Southern Utah,Retail,2013,South Atlantic,1,0,5,UT
Southern Utah,Retail,2013,South Atlantic,5,0,8,UT
Southern Utah,Retail,2013,South Atlantic,10,,,UT
Southern Utah,Retail,2013,West North Central,1,0,3,UT
Southern Utah,Retail,2013,West North Central,5,0,5,UT
Southern Utah,Retail,2013,West North Central,10,,,UT
Southern Utah,Retail,2013,West South Central,1,0,2,UT
Southern Utah,Retail,2013,West South Central,5,0,6,UT
Southern Utah,Retail,2013,West South Central,10,,,UT
Southern Utah,Retail,2016,East North Central,1,0,6,UT
Southern Utah,Retail,2016,East North Central,5,0,6,UT
Southern Utah,Retail,2016,East North Central,10,,,UT
Southern Utah,Retail,2016,East South Central,1,0,4,UT
Southern Utah,Retail,2016,East South Central,5,0,1,UT
Southern Utah,Retail,2016,East South Central,10,,,UT
Southern Utah,Retail,2016,Middle Atlantic,1,0,3,UT
Southern Utah,Retail,2016,Middle Atlantic,5,0,7,UT
Southern Utah,Retail,2016,Middle Atlantic,10,,,UT
Southern Utah,Retail,2016,Mountain,1,77,93,UT
Southern Utah,Retail,2016,Mountain,5,72,93,UT
Southern Utah,Retail,2016,Mountain,10,,,UT
Southern Utah,Retail,2016,New England,1,0,2,UT
Southern Utah,Retail,2016,New England,5,0,4,UT
Southern Utah,Retail,2016,New England,10,,,UT
Southern Utah,Retail,2016,Pacific,1,0,9,UT
Southern Utah,Retail,2016,Pacific,5,0,18,UT
Southern Utah,Retail,2016,Pacific,10,,,UT
Southern Utah,Retail,2016,South Atlantic,1,0,2,UT
Southern Utah,Retail,2016,South Atlantic,5,0,8,UT
Southern Utah,Retail,2016,South Atlantic,10,,,UT
Southern Utah,Retail,2016,West North Central,1,0,3,UT
Southern Utah,Retail,2016,West North Central,5,0,6,UT
Southern Utah,Retail,2016,West North Central,10,,,UT
Southern Utah,Retail,2016,West South Central,1,0,9,UT
Southern Utah,Retail,2016,West South Central,5,0,2,UT
Southern Utah,Retail,2016,West South Central,10,,,UT
Southern Utah,Retail,2019,East North Central,1,0,11,UT
Southern Utah,Retail,2019,East North Central,5,,,UT
Southern Utah,Retail,2019,East North Central,10,,,UT
Southern Utah,Retail,2019,East South Central,1,0,1,UT
Southern Utah,Retail,2019,East South Central,5,,,UT
Southern Utah,Retail,2019,East South Central,10,,,UT
Southern Utah,Retail,2019,Middle Atlantic,1,0,9,UT
Southern Utah,Retail,2019,Middle Atlantic,5,,,UT
Southern Utah,Retail,2019,Middle Atlantic,10,,,UT
Southern Utah,Retail,2019,Mountain,1,120,140,UT
Southern Utah,Retail,2019,Mountain,5,,,UT
Southern Utah,Retail,2019,Mountain,10,,,UT
Southern Utah,Retail,2019,New England,1,0,4,UT
Southern Utah,Retail,2019,New England,5,,,UT
Southern Utah,Retail,2019,New England,10,,,UT
Southern Utah,Retail,2019,Pacific,1,0,9,UT
Southern Utah,Retail,2019,Pacific,5,,,UT
Southern Utah,Retail,2019,Pacific,10,,,UT
Southern Utah,Retail,2019,South Atlantic,1,0,8,UT
Southern Utah,Retail,2019,South Atlantic,5,,,UT
Southern Utah,Retail,2019,South Atlantic,10,,,UT
Southern Utah,Retail,2019,West North Central,1,0,4,UT
Southern Utah,Retail,2019,West North Central,5,,,UT
Southern Utah,Retail,2019,West North Central,10,,,UT
Southern Utah,Retail,2019,West South Central,1,0,5,UT
Southern Utah,Retail,2019,West South Central,5,,,UT
Southern Utah,Retail,2019,West South Central,10,,,UT
Southern Utah,Transportation,2010,East North Central,1,0,5,UT
Southern Utah,Transportation,2010,East North Central,5,0,0,UT
Southern Utah,Transportation,2010,East North Central,10,0,0,UT
Southern Utah,Transportation,2010,East South Central,1,0,0,UT
Southern Utah,Transportation,2010,East South Central,5,0,2,UT
Southern Utah,Transportation,2010,East South Central,10,0,0,UT
Southern Utah,Transportation,2010,Middle Atlantic,1,0,0,UT
Southern Utah,Transportation,2010,Middle Atlantic,5,0,0,UT
Southern Utah,Transportation,2010,Middle Atlantic,10,0,0,UT
Southern Utah,Transportation,2010,Mountain,1,31,31,UT
Southern Utah,Transportation,2010,Mountain,5,24,24,UT
Southern Utah,Transportation,2010,Mountain,10,25,27,UT
Southern Utah,Transportation,2010,New England,1,0,1,UT
Southern Utah,Transportation,2010,New England,5,0,0,UT
Southern Utah,Transportation,2010,New England,10,0,0,UT
Southern Utah,Transportation,2010,Pacific,1,0,1,UT
Southern Utah,Transportation,2010,Pacific,5,0,4,UT
Southern Utah,Transportation,2010,Pacific,10,0,5,UT
Southern Utah,Transportation,2010,South Atlantic,1,0,1,UT
Southern Utah,Transportation,2010,South Atlantic,5,0,4,UT
Southern Utah,Transportation,2010,South Atlantic,10,0,0,UT
Southern Utah,Transportation,2010,West North Central,1,0,0,UT
Southern Utah,Transportation,2010,West North Central,5,0,0,UT
Southern Utah,Transportation,2010,West North Central,10,0,1,UT
Southern Utah,Transportation,2010,West South Central,1,0,1,UT
Southern Utah,Transportation,2010,West South Central,5,0,0,UT
Southern Utah,Transportation,2010,West South Central,10,0,1,UT
Southern Utah,Transportation,2013,East North Central,1,0,3,UT
Southern Utah,Transportation,2013,East North Central,5,0,2,UT
Southern Utah,Transportation,2013,East North Central,10,,,UT
Southern Utah,Transportation,2013,East South Central,1,0,0,UT
Southern Utah,Transportation,2013,East South Central,5,0,0,UT
Southern Utah,Transportation,2013,East South Central,10,,,UT
Southern Utah,Transportation,2013,Middle Atlantic,1,0,0,UT
Southern Utah,Transportation,2013,Middle Atlantic,5,0,0,UT
Southern Utah,Transportation,2013,Middle Atlantic,10,,,UT
Southern Utah,Transportation,2013,Mountain,1,19,19,UT
Southern Utah,Transportation,2013,Mountain,5,28,31,UT
Southern Utah,Transportation,2013,Mountain,10,,,UT
Southern Utah,Transportation,2013,New England,1,0,0,UT
Southern Utah,Transportation,2013,New England,5,0,0,UT
Southern Utah,Transportation,2013,New England,10,,,UT
Southern Utah,Transportation,2013,Pacific,1,0,2,UT
Southern Utah,Transportation,2013,Pacific,5,0,4,UT
Southern Utah,Transportation,2013,Pacific,10,,,UT
Southern Utah,Transportation,2013,South Atlantic,1,0,0,UT
Southern Utah,Transportation,2013,South Atlantic,5,0,0,UT
Southern Utah,Transportation,2013,South Atlantic,10,,,UT
Southern Utah,Transportation,2013,West North Central,1,0,0,UT
Southern Utah,Transportation,2013,West North Central,5,0,2,UT
Southern Utah,Transportation,2013,West North Central,10,,,UT
Southern Utah,Transportation,2013,West South Central,1,0,2,UT
Southern Utah,Transportation,2013,West South Central,5,0,7,UT
Southern Utah,Transportation,2013,West South Central,10,,,UT
Southern Utah,Transportation,2016,East North Central,1,0,0,UT
Southern Utah,Transportation,2016,East North Central,5,0,0,UT
Southern Utah,Transportation,2016,East North Central,10,,,UT
Southern Utah,Transportation,2016,East South Central,1,0,0,UT
Southern Utah,Transportation,2016,East South Central,5,0,1,UT
Southern Utah,Transportation,2016,East South Central,10,,,UT
Southern Utah,Transportation,2016,Middle Atlantic,1,0,0,UT
Southern Utah,Transportation,2016,Middle Atlantic,5,0,3,UT
Southern Utah,Transportation,2016,Middle Atlantic,10,,,UT
Southern Utah,Transportation,2016,Mountain,1,21,24,UT
Southern Utah,Transportation,2016,Mountain,5,27,28,UT
Southern Utah,Transportation,2016,Mountain,10,,,UT
Southern Utah,Transportation,2016,New England,1,0,0,UT
Southern Utah,Transportation,2016,New England,5,0,0,UT
Southern Utah,Transportation,2016,New England,10,,,UT
Southern Utah,Transportation,2016,Pacific,1,0,4,UT
Southern Utah,Transportation,2016,Pacific,5,0,1,UT
Southern Utah,Transportation,2016,Pacific,10,,,UT
Southern Utah,Transportation,2016,South Atlantic,1,0,2,UT
Southern Utah,Transportation,2016,South Atlantic,5,0,5,UT
Southern Utah,Transportation,2016,South Atlantic,10,,,UT
Southern Utah,Transportation,2016,West North Central,1,0,0,UT
Southern Utah,Transportation,2016,West North Central,5,0,2,UT
Southern Utah,Transportation,2016,West North Central,10,,,UT
Southern Utah,Transportation,2016,West South Central,1,0,2,UT
Southern Utah,Transportation,2016,West South Central,5,0,5,UT
Southern Utah,Transportation,2016,West South Central,10,,,UT
Southern Utah,Transportation,2019,East North Central,1,0,0,UT
Southern Utah,Transportation,2019,East North Central,5,,,UT
Southern Utah,Transportation,2019,East North Central,10,,,UT
Southern Utah,Transportation,2019,East South Central,1,0,0,UT
Southern Utah,Transportation,2019,East South Central,5,,,UT
Southern Utah,Transportation,2019,East South Central,10,,,UT
Southern Utah,Transportation,2019,Middle Atlantic,1,0,0,UT
Southern Utah,Transportation,2019,Middle Atlantic,5,,,UT
Southern Utah,Transportation,2019,Middle Atlantic,10,,,UT
Southern Utah,Transportation,2019,Mountain,1,35,35,UT
Southern Utah,Transportation,2019,Mountain,5,,,UT
Southern Utah,Transportation,2019,Mountain,10,,,UT
Southern Utah,Transportation,2019,New England,1,0,0,UT
Southern Utah,Transportation,2019,New England,5,,,UT
Southern Utah,Transportation,2019,New England,10,,,UT
Southern Utah,Transportation,2019,Pacific,1,0,1,UT
Southern Utah,Transportation,2019,Pacific,5,,,UT
Southern Utah,Transportation,2019,Pacific,10,,,UT
Southern Utah,Transportation,2019,South Atlantic,1,0,2,UT
Southern Utah,Transportation,2019,South Atlantic,5,,,UT
Southern Utah,Transportation,2019,South Atlantic,10,,,UT
Southern Utah,Transportation,2019,West North Central,1,0,0,UT
Southern Utah,Transportation,2019,West North Central,5,,,UT
Southern Utah,Transportation,2019,West North Central,10,,,UT
Southern Utah,Transportation,2019,West South Central,1,0,0,UT
Southern Utah,Transportation,2019,West South Central,5,,,UT
Southern Utah,Transportation,2019,West South Central,10,,,UT
Southern Utah,Utilities,2010,East North Central,1,0,0,UT
Southern Utah,Utilities,2010,East North Central,5,0,0,UT
Southern Utah,Utilities,2010,East North Central,10,0,0,UT
Southern Utah,Utilities,2010,East South Central,1,0,0,UT
Southern Utah,Utilities,2010,East South Central,5,0,0,UT
Southern Utah,Utilities,2010,East South Central,10,0,0,UT
Southern Utah,Utilities,2010,Middle Atlantic,1,0,0,UT
Southern Utah,Utilities,2010,Middle Atlantic,5,0,0,UT
Southern Utah,Utilities,2010,Middle Atlantic,10,0,0,UT
Southern Utah,Utilities,2010,Mountain,1,1,1,UT
Southern Utah,Utilities,2010,Mountain,5,5,5,UT
Southern Utah,Utilities,2010,Mountain,10,6,8,UT
Southern Utah,Utilities,2010,New England,1,0,0,UT
Southern Utah,Utilities,2010,New England,5,0,0,UT
Southern Utah,Utilities,2010,New England,10,0,0,UT
Southern Utah,Utilities,2010,Pacific,1,0,2,UT
Southern Utah,Utilities,2010,Pacific,5,0,0,UT
Southern Utah,Utilities,2010,Pacific,10,0,0,UT
Southern Utah,Utilities,2010,South Atlantic,1,0,0,UT
Southern Utah,Utilities,2010,South Atlantic,5,0,0,UT
Southern Utah,Utilities,2010,South Atlantic,10,0,0,UT
Southern Utah,Utilities,2010,West North Central,1,0,0,UT
Southern Utah,Utilities,2010,West North Central,5,0,0,UT
Southern Utah,Utilities,2010,West North Central,10,0,0,UT
Southern Utah,Utilities,2010,West South Central,1,0,1,UT
Southern Utah,Utilities,2010,West South Central,5,0,0,UT
Southern Utah,Utilities,2010,West South Central,10,0,1,UT
Southern Utah,Utilities,2013,East North Central,1,0,0,UT
Southern Utah,Utilities,2013,East North Central,5,0,0,UT
Southern Utah,Utilities,2013,East North Central,10,,,UT
Southern Utah,Utilities,2013,East South Central,1,0,0,UT
Southern Utah,Utilities,2013,East South Central,5,0,0,UT
Southern Utah,Utilities,2013,East South Central,10,,,UT
Southern Utah,Utilities,2013,Middle Atlantic,1,0,0,UT
Southern Utah,Utilities,2013,Middle Atlantic,5,0,0,UT
Southern Utah,Utilities,2013,Middle Atlantic,10,,,UT
Southern Utah,Utilities,2013,Mountain,1,1,1,UT
Southern Utah,Utilities,2013,Mountain,5,5,5,UT
Southern Utah,Utilities,2013,Mountain,10,,,UT
Southern Utah,Utilities,2013,New England,1,0,0,UT
Southern Utah,Utilities,2013,New England,5,0,0,UT
Southern Utah,Utilities,2013,New England,10,,,UT
Southern Utah,Utilities,2013,Pacific,1,0,0,UT
Southern Utah,Utilities,2013,Pacific,5,0,2,UT
Southern Utah,Utilities,2013,Pacific,10,,,UT
Southern Utah,Utilities,2013,South Atlantic,1,0,0,UT
Southern Utah,Utilities,2013,South Atlantic,5,0,2,UT
Southern Utah,Utilities,2013,South Atlantic,10,,,UT
Southern Utah,Utilities,2013,West North Central,1,0,0,UT
Southern Utah,Utilities,2013,West North Central,5,0,0,UT
Southern Utah,Utilities,2013,West North Central,10,,,UT
Southern Utah,Utilities,2013,West South Central,1,0,1,UT
Southern Utah,Utilities,2013,West South Central,5,0,4,UT
Southern Utah,Utilities,2013,West South Central,10,,,UT
Southern Utah,Utilities,2016,East North Central,1,0,0,UT
Southern Utah,Utilities,2016,East North Central,5,0,0,UT
Southern Utah,Utilities,2016,East North Central,10,,,UT
Southern Utah,Utilities,2016,East South Central,1,0,0,UT
Southern Utah,Utilities,2016,East South Central,5,0,0,UT
Southern Utah,Utilities,2016,East South Central,10,,,UT
Southern Utah,Utilities,2016,Middle Atlantic,1,0,0,UT
Southern Utah,Utilities,2016,Middle Atlantic,5,0,0,UT
Southern Utah,Utilities,2016,Middle Atlantic,10,,,UT
Southern Utah,Utilities,2016,Mountain,1,0,0,UT
Southern Utah,Utilities,2016,Mountain,5,0,0,UT
Southern Utah,Utilities,2016,Mountain,10,,,UT
Southern Utah,Utilities,2016,New England,1,0,0,UT
Southern Utah,Utilities,2016,New England,5,0,0,UT
Southern Utah,Utilities,2016,New England,10,,,UT
Southern Utah,Utilities,2016,Pacific,1,0,2,UT
Southern Utah,Utilities,2016,Pacific,5,0,0,UT
Southern Utah,Utilities,2016,Pacific,10,,,UT
Southern Utah,Utilities,2016,South Atlantic,1,0,0,UT
Southern Utah,Utilities,2016,South Atlantic,5,0,0,UT
Southern Utah,Utilities,2016,South Atlantic,10,,,UT
Southern Utah,Utilities,2016,West North Central,1,0,0,UT
Southern Utah,Utilities,2016,West North Central,5,0,0,UT
Southern Utah,Utilities,2016,West North Central,10,,,UT
Southern Utah,Utilities,2016,West South Central,1,0,1,UT
Southern Utah,Utilities,2016,West South Central,5,0,0,UT
Southern Utah,Utilities,2016,West South Central,10,,,UT
Southern Utah,Utilities,2019,East North Central,1,0,0,UT
Southern Utah,Utilities,2019,East North Central,5,,,UT
Southern Utah,Utilities,2019,East North Central,10,,,UT
Southern Utah,Utilities,2019,East South Central,1,0,0,UT
Southern Utah,Utilities,2019,East South Central,5,,,UT
Southern Utah,Utilities,2019,East South Central,10,,,UT
Southern Utah,Utilities,2019,Middle Atlantic,1,0,0,UT
Southern Utah,Utilities,2019,Middle Atlantic,5,,,UT
Southern Utah,Utilities,2019,Middle Atlantic,10,,,UT
Southern Utah,Utilities,2019,Mountain,1,2,2,UT
Southern Utah,Utilities,2019,Mountain,5,,,UT
Southern Utah,Utilities,2019,Mountain,10,,,UT
Southern Utah,Utilities,2019,New England,1,0,0,UT
Southern Utah,Utilities,2019,New England,5,,,UT
Southern Utah,Utilities,2019,New England,10,,,UT
Southern Utah,Utilities,2019,Pacific,1,0,1,UT
Southern Utah,Utilities,2019,Pacific,5,,,UT
Southern Utah,Utilities,2019,Pacific,10,,,UT
Southern Utah,Utilities,2019,South Atlantic,1,0,0,UT
Southern Utah,Utilities,2019,South Atlantic,5,,,UT
Southern Utah,Utilities,2019,South Atlantic,10,,,UT
Southern Utah,Utilities,2019,West North Central,1,0,0,UT
Southern Utah,Utilities,2019,West North Central,5,,,UT
Southern Utah,Utilities,2019,West North Central,10,,,UT
Southern Utah,Utilities,2019,West South Central,1,0,0,UT
Southern Utah,Utilities,2019,West South Central,5,,,UT
Southern Utah,Utilities,2019,West South Central,10,,,UT
Southern Utah,Wholesale,2010,East North Central,1,0,2,UT
Southern Utah,Wholesale,2010,East North Central,5,0,0,UT
Southern Utah,Wholesale,2010,East North Central,10,0,1,UT
Southern Utah,Wholesale,2010,East South Central,1,0,0,UT
Southern Utah,Wholesale,2010,East South Central,5,0,0,UT
Southern Utah,Wholesale,2010,East South Central,10,0,0,UT
Southern Utah,Wholesale,2010,Middle Atlantic,1,0,0,UT
Southern Utah,Wholesale,2010,Middle Atlantic,5,0,1,UT
Southern Utah,Wholesale,2010,Middle Atlantic,10,0,0,UT
Southern Utah,Wholesale,2010,Mountain,1,24,26,UT
Southern Utah,Wholesale,2010,Mountain,5,24,26,UT
Southern Utah,Wholesale,2010,Mountain,10,27,28,UT
Southern Utah,Wholesale,2010,New England,1,0,0,UT
Southern Utah,Wholesale,2010,New England,5,0,0,UT
Southern Utah,Wholesale,2010,New England,10,0,0,UT
Southern Utah,Wholesale,2010,Pacific,1,0,3,UT
Southern Utah,Wholesale,2010,Pacific,5,0,2,UT
Southern Utah,Wholesale,2010,Pacific,10,0,3,UT
Southern Utah,Wholesale,2010,South Atlantic,1,0,0,UT
Southern Utah,Wholesale,2010,South Atlantic,5,0,1,UT
Southern Utah,Wholesale,2010,South Atlantic,10,0,0,UT
Southern Utah,Wholesale,2010,West North Central,1,0,0,UT
Southern Utah,Wholesale,2010,West North Central,5,0,0,UT
Southern Utah,Wholesale,2010,West North Central,10,0,0,UT
Southern Utah,Wholesale,2010,West South Central,1,0,5,UT
Southern Utah,Wholesale,2010,West South Central,5,0,2,UT
Southern Utah,Wholesale,2010,West South Central,10,0,2,UT
Southern Utah,Wholesale,2013,East North Central,1,0,1,UT
Southern Utah,Wholesale,2013,East North Central,5,0,6,UT
Southern Utah,Wholesale,2013,East North Central,10,,,UT
Southern Utah,Wholesale,2013,East South Central,1,0,0,UT
Southern Utah,Wholesale,2013,East South Central,5,0,1,UT
Southern Utah,Wholesale,2013,East South Central,10,,,UT
Southern Utah,Wholesale,2013,Middle Atlantic,1,0,0,UT
Southern Utah,Wholesale,2013,Middle Atlantic,5,0,1,UT
Southern Utah,Wholesale,2013,Middle Atlantic,10,,,UT
Southern Utah,Wholesale,2013,Mountain,1,19,23,UT
Southern Utah,Wholesale,2013,Mountain,5,24,25,UT
Southern Utah,Wholesale,2013,Mountain,10,,,UT
Southern Utah,Wholesale,2013,New England,1,0,0,UT
Southern Utah,Wholesale,2013,New England,5,0,0,UT
Southern Utah,Wholesale,2013,New England,10,,,UT
Southern Utah,Wholesale,2013,Pacific,1,0,2,UT
Southern Utah,Wholesale,2013,Pacific,5,0,9,UT
Southern Utah,Wholesale,2013,Pacific,10,,,UT
Southern Utah,Wholesale,2013,South Atlantic,1,0,0,UT
Southern Utah,Wholesale,2013,South Atlantic,5,0,7,UT
Southern Utah,Wholesale,2013,South Atlantic,10,,,UT
Southern Utah,Wholesale,2013,West North Central,1,0,0,UT
Southern Utah,Wholesale,2013,West North Central,5,0,3,UT
Southern Utah,Wholesale,2013,West North Central,10,,,UT
Southern Utah,Wholesale,2013,West South Central,1,0,1,UT
Southern Utah,Wholesale,2013,West South Central,5,0,3,UT
Southern Utah,Wholesale,2013,West South Central,10,,,UT
Southern Utah,Wholesale,2016,East North Central,1,0,2,UT
Southern Utah,Wholesale,2016,East North Central,5,0,1,UT
Southern Utah,Wholesale,2016,East North Central,10,,,UT
Southern Utah,Wholesale,2016,East South Central,1,0,0,UT
Southern Utah,Wholesale,2016,East South Central,5,0,1,UT
Southern Utah,Wholesale,2016,East South Central,10,,,UT
Southern Utah,Wholesale,2016,Middle Atlantic,1,0,1,UT
Southern Utah,Wholesale,2016,Middle Atlantic,5,0,3,UT
Southern Utah,Wholesale,2016,Middle Atlantic,10,,,UT
Southern Utah,Wholesale,2016,Mountain,1,14,15,UT
Southern Utah,Wholesale,2016,Mountain,5,23,26,UT
Southern Utah,Wholesale,2016,Mountain,10,,,UT
Southern Utah,Wholesale,2016,New England,1,0,0,UT
Southern Utah,Wholesale,2016,New England,5,0,0,UT
Southern Utah,Wholesale,2016,New England,10,,,UT
Southern Utah,Wholesale,2016,Pacific,1,0,1,UT
Southern Utah,Wholesale,2016,Pacific,5,0,3,UT
Southern Utah,Wholesale,2016,Pacific,10,,,UT
Southern Utah,Wholesale,2016,South Atlantic,1,0,5,UT
Southern Utah,Wholesale,2016,South Atlantic,5,0,3,UT
Southern Utah,Wholesale,2016,South Atlantic,10,,,UT
Southern Utah,Wholesale,2016,West North Central,1,0,0,UT
Southern Utah,Wholesale,2016,West North Central,5,0,1,UT
Southern Utah,Wholesale,2016,West North Central,10,,,UT
Southern Utah,Wholesale,2016,West South Central,1,0,1,UT
Southern Utah,Wholesale,2016,West South Central,5,0,3,UT
Southern Utah,Wholesale,2016,West South Central,10,,,UT
Southern Utah,Wholesale,2019,East North Central,1,0,1,UT
Southern Utah,Wholesale,2019,East North Central,5,,,UT
Southern Utah,Wholesale,2019,East North Central,10,,,UT
Southern Utah,Wholesale,2019,East South Central,1,0,1,UT
Southern Utah,Wholesale,2019,East South Central,5,,,UT
Southern Utah,Wholesale,2019,East South Central,10,,,UT
Southern Utah,Wholesale,2019,Middle Atlantic,1,0,4,UT
Southern Utah,Wholesale,2019,Middle Atlantic,5,,,UT
Southern Utah,Wholesale,2019,Middle Atlantic,10,,,UT
Southern Utah,Wholesale,2019,Mountain,1,33,34,UT
Southern Utah,Wholesale,2019,Mountain,5,,,UT
Southern Utah,Wholesale,2019,Mountain,10,,,UT
Southern Utah,Wholesale,2019,New England,1,0,0,UT
Southern Utah,Wholesale,2019,New England,5,,,UT
Southern Utah,Wholesale,2019,New England,10,,,UT
Southern Utah,Wholesale,2019,Pacific,1,0,15,UT
Southern Utah,Wholesale,2019,Pacific,5,,,UT
Southern Utah,Wholesale,2019,Pacific,10,,,UT
Southern Utah,Wholesale,2019,South Atlantic,1,0,5,UT
Southern Utah,Wholesale,2019,South Atlantic,5,,,UT
Southern Utah,Wholesale,2019,South Atlantic,10,,,UT
Southern Utah,Wholesale,2019,West North Central,1,0,0,UT
Southern Utah,Wholesale,2019,West North Central,5,,,UT
Southern Utah,Wholesale,2019,West North Central,10,,,UT
Southern Utah,Wholesale,2019,West South Central,1,0,2,UT
Southern Utah,Wholesale,2019,West South Central,5,,,UT
Southern Utah,Wholesale,2019,West South Central,10,,,UT
University of Utah,Admin/Waste,2010,East North Central,1,0,2,UT
University of Utah,Admin/Waste,2010,East North Central,5,0,13,UT
University of Utah,Admin/Waste,2010,East North Central,10,0,20,UT
University of Utah,Admin/Waste,2010,East South Central,1,0,0,UT
University of Utah,Admin/Waste,2010,East South Central,5,0,1,UT
University of Utah,Admin/Waste,2010,East South Central,10,0,4,UT
University of Utah,Admin/Waste,2010,Middle Atlantic,1,0,2,UT
University of Utah,Admin/Waste,2010,Middle Atlantic,5,0,9,UT
University of Utah,Admin/Waste,2010,Middle Atlantic,10,0,12,UT
University of Utah,Admin/Waste,2010,Mountain,1,295,303,UT
University of Utah,Admin/Waste,2010,Mountain,5,271,292,UT
University of Utah,Admin/Waste,2010,Mountain,10,193,220,UT
University of Utah,Admin/Waste,2010,New England,1,0,0,UT
University of Utah,Admin/Waste,2010,New England,5,0,0,UT
University of Utah,Admin/Waste,2010,New England,10,0,0,UT
University of Utah,Admin/Waste,2010,Pacific,1,0,22,UT
University of Utah,Admin/Waste,2010,Pacific,5,0,29,UT
University of Utah,Admin/Waste,2010,Pacific,10,0,38,UT
University of Utah,Admin/Waste,2010,South Atlantic,1,0,5,UT
University of Utah,Admin/Waste,2010,South Atlantic,5,0,9,UT
University of Utah,Admin/Waste,2010,South Atlantic,10,0,18,UT
University of Utah,Admin/Waste,2010,West North Central,1,0,0,UT
University of Utah,Admin/Waste,2010,West North Central,5,0,0,UT
University of Utah,Admin/Waste,2010,West North Central,10,0,6,UT
University of Utah,Admin/Waste,2010,West South Central,1,0,7,UT
University of Utah,Admin/Waste,2010,West South Central,5,0,11,UT
University of Utah,Admin/Waste,2010,West South Central,10,0,16,UT
University of Utah,Admin/Waste,2013,East North Central,1,0,5,UT
University of Utah,Admin/Waste,2013,East North Central,5,0,16,UT
University of Utah,Admin/Waste,2013,East North Central,10,,,UT
University of Utah,Admin/Waste,2013,East South Central,1,0,3,UT
University of Utah,Admin/Waste,2013,East South Central,5,0,4,UT
University of Utah,Admin/Waste,2013,East South Central,10,,,UT
University of Utah,Admin/Waste,2013,Middle Atlantic,1,0,3,UT
University of Utah,Admin/Waste,2013,Middle Atlantic,5,0,11,UT
University of Utah,Admin/Waste,2013,Middle Atlantic,10,,,UT
University of Utah,Admin/Waste,2013,Mountain,1,428,440,UT
University of Utah,Admin/Waste,2013,Mountain,5,317,344,UT
University of Utah,Admin/Waste,2013,Mountain,10,,,UT
University of Utah,Admin/Waste,2013,New England,1,0,0,UT
University of Utah,Admin/Waste,2013,New England,5,0,0,UT
University of Utah,Admin/Waste,2013,New England,10,,,UT
University of Utah,Admin/Waste,2013,Pacific,1,0,41,UT
University of Utah,Admin/Waste,2013,Pacific,5,0,43,UT
University of Utah,Admin/Waste,2013,Pacific,10,,,UT
University of Utah,Admin/Waste,2013,South Atlantic,1,0,12,UT
University of Utah,Admin/Waste,2013,South Atlantic,5,0,17,UT
University of Utah,Admin/Waste,2013,South Atlantic,10,,,UT
University of Utah,Admin/Waste,2013,West North Central,1,0,2,UT
University of Utah,Admin/Waste,2013,West North Central,5,0,2,UT
University of Utah,Admin/Waste,2013,West North Central,10,,,UT
University of Utah,Admin/Waste,2013,West South Central,1,0,5,UT
University of Utah,Admin/Waste,2013,West South Central,5,0,8,UT
University of Utah,Admin/Waste,2013,West South Central,10,,,UT
University of Utah,Admin/Waste,2016,East North Central,1,0,11,UT
University of Utah,Admin/Waste,2016,East North Central,5,0,14,UT
University of Utah,Admin/Waste,2016,East North Central,10,,,UT
University of Utah,Admin/Waste,2016,East South Central,1,0,1,UT
University of Utah,Admin/Waste,2016,East South Central,5,0,2,UT
University of Utah,Admin/Waste,2016,East South Central,10,,,UT
University of Utah,Admin/Waste,2016,Middle Atlantic,1,0,14,UT
University of Utah,Admin/Waste,2016,Middle Atlantic,5,0,12,UT
University of Utah,Admin/Waste,2016,Middle Atlantic,10,,,UT
University of Utah,Admin/Waste,2016,Mountain,1,390,407,UT
University of Utah,Admin/Waste,2016,Mountain,5,254,280,UT
University of Utah,Admin/Waste,2016,Mountain,10,,,UT
University of Utah,Admin/Waste,2016,New England,1,0,7,UT
University of Utah,Admin/Waste,2016,New England,5,0,4,UT
University of Utah,Admin/Waste,2016,New England,10,,,UT
University of Utah,Admin/Waste,2016,Pacific,1,0,47,UT
University of Utah,Admin/Waste,2016,Pacific,5,0,63,UT
University of Utah,Admin/Waste,2016,Pacific,10,,,UT
University of Utah,Admin/Waste,2016,South Atlantic,1,0,9,UT
University of Utah,Admin/Waste,2016,South Atlantic,5,0,27,UT
University of Utah,Admin/Waste,2016,South Atlantic,10,,,UT
University of Utah,Admin/Waste,2016,West North Central,1,0,1,UT
University of Utah,Admin/Waste,2016,West North Central,5,0,5,UT
University of Utah,Admin/Waste,2016,West North Central,10,,,UT
University of Utah,Admin/Waste,2016,West South Central,1,0,12,UT
University of Utah,Admin/Waste,2016,West South Central,5,0,17,UT
University of Utah,Admin/Waste,2016,West South Central,10,,,UT
University of Utah,Admin/Waste,2019,East North Central,1,0,8,UT
University of Utah,Admin/Waste,2019,East North Central,5,,,UT
University of Utah,Admin/Waste,2019,East North Central,10,,,UT
University of Utah,Admin/Waste,2019,East South Central,1,0,1,UT
University of Utah,Admin/Waste,2019,East South Central,5,,,UT
University of Utah,Admin/Waste,2019,East South Central,10,,,UT
University of Utah,Admin/Waste,2019,Middle Atlantic,1,0,4,UT
University of Utah,Admin/Waste,2019,Middle Atlantic,5,,,UT
University of Utah,Admin/Waste,2019,Middle Atlantic,10,,,UT
University of Utah,Admin/Waste,2019,Mountain,1,374,385,UT
University of Utah,Admin/Waste,2019,Mountain,5,,,UT
University of Utah,Admin/Waste,2019,Mountain,10,,,UT
University of Utah,Admin/Waste,2019,New England,1,0,3,UT
University of Utah,Admin/Waste,2019,New England,5,,,UT
University of Utah,Admin/Waste,2019,New England,10,,,UT
University of Utah,Admin/Waste,2019,Pacific,1,0,62,UT
University of Utah,Admin/Waste,2019,Pacific,5,,,UT
University of Utah,Admin/Waste,2019,Pacific,10,,,UT
University of Utah,Admin/Waste,2019,South Atlantic,1,0,8,UT
University of Utah,Admin/Waste,2019,South Atlantic,5,,,UT
University of Utah,Admin/Waste,2019,South Atlantic,10,,,UT
University of Utah,Admin/Waste,2019,West North Central,1,0,2,UT
University of Utah,Admin/Waste,2019,West North Central,5,,,UT
University of Utah,Admin/Waste,2019,West North Central,10,,,UT
University of Utah,Admin/Waste,2019,West South Central,1,0,15,UT
University of Utah,Admin/Waste,2019,West South Central,5,,,UT
University of Utah,Admin/Waste,2019,West South Central,10,,,UT
University of Utah,Agriculture,2010,East North Central,1,0,0,UT
University of Utah,Agriculture,2010,East North Central,5,0,0,UT
University of Utah,Agriculture,2010,East North Central,10,0,0,UT
University of Utah,Agriculture,2010,East South Central,1,0,0,UT
University of Utah,Agriculture,2010,East South Central,5,0,0,UT
University of Utah,Agriculture,2010,East South Central,10,0,0,UT
University of Utah,Agriculture,2010,Middle Atlantic,1,0,0,UT
University of Utah,Agriculture,2010,Middle Atlantic,5,0,0,UT
University of Utah,Agriculture,2010,Middle Atlantic,10,0,0,UT
University of Utah,Agriculture,2010,Mountain,1,1,1,UT
University of Utah,Agriculture,2010,Mountain,5,3,3,UT
University of Utah,Agriculture,2010,Mountain,10,4,4,UT
University of Utah,Agriculture,2010,New England,1,0,0,UT
University of Utah,Agriculture,2010,New England,5,0,0,UT
University of Utah,Agriculture,2010,New England,10,0,0,UT
University of Utah,Agriculture,2010,Pacific,1,0,3,UT
University of Utah,Agriculture,2010,Pacific,5,0,9,UT
University of Utah,Agriculture,2010,Pacific,10,0,3,UT
University of Utah,Agriculture,2010,South Atlantic,1,0,2,UT
University of Utah,Agriculture,2010,South Atlantic,5,0,1,UT
University of Utah,Agriculture,2010,South Atlantic,10,0,0,UT
University of Utah,Agriculture,2010,West North Central,1,0,0,UT
University of Utah,Agriculture,2010,West North Central,5,0,0,UT
University of Utah,Agriculture,2010,West North Central,10,0,0,UT
University of Utah,Agriculture,2010,West South Central,1,0,0,UT
University of Utah,Agriculture,2010,West South Central,5,0,0,UT
University of Utah,Agriculture,2010,West South Central,10,0,0,UT
University of Utah,Agriculture,2013,East North Central,1,0,0,UT
University of Utah,Agriculture,2013,East North Central,5,0,0,UT
University of Utah,Agriculture,2013,East North Central,10,,,UT
University of Utah,Agriculture,2013,East South Central,1,0,0,UT
University of Utah,Agriculture,2013,East South Central,5,0,0,UT
University of Utah,Agriculture,2013,East South Central,10,,,UT
University of Utah,Agriculture,2013,Middle Atlantic,1,0,0,UT
University of Utah,Agriculture,2013,Middle Atlantic,5,0,0,UT
University of Utah,Agriculture,2013,Middle Atlantic,10,,,UT
University of Utah,Agriculture,2013,Mountain,1,1,1,UT
University of Utah,Agriculture,2013,Mountain,5,0,0,UT
University of Utah,Agriculture,2013,Mountain,10,,,UT
University of Utah,Agriculture,2013,New England,1,0,0,UT
University of Utah,Agriculture,2013,New England,5,0,0,UT
University of Utah,Agriculture,2013,New England,10,,,UT
University of Utah,Agriculture,2013,Pacific,1,0,5,UT
University of Utah,Agriculture,2013,Pacific,5,0,8,UT
University of Utah,Agriculture,2013,Pacific,10,,,UT
University of Utah,Agriculture,2013,South Atlantic,1,0,0,UT
University of Utah,Agriculture,2013,South Atlantic,5,0,0,UT
University of Utah,Agriculture,2013,South Atlantic,10,,,UT
University of Utah,Agriculture,2013,West North Central,1,0,0,UT
University of Utah,Agriculture,2013,West North Central,5,0,0,UT
University of Utah,Agriculture,2013,West North Central,10,,,UT
University of Utah,Agriculture,2013,West South Central,1,0,0,UT
University of Utah,Agriculture,2013,West South Central,5,0,0,UT
University of Utah,Agriculture,2013,West South Central,10,,,UT
University of Utah,Agriculture,2016,East North Central,1,0,0,UT
University of Utah,Agriculture,2016,East North Central,5,0,0,UT
University of Utah,Agriculture,2016,East North Central,10,,,UT
University of Utah,Agriculture,2016,East South Central,1,0,0,UT
University of Utah,Agriculture,2016,East South Central,5,0,0,UT
University of Utah,Agriculture,2016,East South Central,10,,,UT
University of Utah,Agriculture,2016,Middle Atlantic,1,0,0,UT
University of Utah,Agriculture,2016,Middle Atlantic,5,0,0,UT
University of Utah,Agriculture,2016,Middle Atlantic,10,,,UT
University of Utah,Agriculture,2016,Mountain,1,3,3,UT
University of Utah,Agriculture,2016,Mountain,5,3,3,UT
University of Utah,Agriculture,2016,Mountain,10,,,UT
University of Utah,Agriculture,2016,New England,1,0,0,UT
University of Utah,Agriculture,2016,New England,5,0,0,UT
University of Utah,Agriculture,2016,New England,10,,,UT
University of Utah,Agriculture,2016,Pacific,1,0,5,UT
University of Utah,Agriculture,2016,Pacific,5,0,9,UT
University of Utah,Agriculture,2016,Pacific,10,,,UT
University of Utah,Agriculture,2016,South Atlantic,1,0,0,UT
University of Utah,Agriculture,2016,South Atlantic,5,0,0,UT
University of Utah,Agriculture,2016,South Atlantic,10,,,UT
University of Utah,Agriculture,2016,West North Central,1,0,0,UT
University of Utah,Agriculture,2016,West North Central,5,0,0,UT
University of Utah,Agriculture,2016,West North Central,10,,,UT
University of Utah,Agriculture,2016,West South Central,1,0,2,UT
University of Utah,Agriculture,2016,West South Central,5,0,0,UT
University of Utah,Agriculture,2016,West South Central,10,,,UT
University of Utah,Agriculture,2019,East North Central,1,0,0,UT
University of Utah,Agriculture,2019,East North Central,5,,,UT
University of Utah,Agriculture,2019,East North Central,10,,,UT
University of Utah,Agriculture,2019,East South Central,1,0,0,UT
University of Utah,Agriculture,2019,East South Central,5,,,UT
University of Utah,Agriculture,2019,East South Central,10,,,UT
University of Utah,Agriculture,2019,Middle Atlantic,1,0,0,UT
University of Utah,Agriculture,2019,Middle Atlantic,5,,,UT
University of Utah,Agriculture,2019,Middle Atlantic,10,,,UT
University of Utah,Agriculture,2019,Mountain,1,5,5,UT
University of Utah,Agriculture,2019,Mountain,5,,,UT
University of Utah,Agriculture,2019,Mountain,10,,,UT
University of Utah,Agriculture,2019,New England,1,0,0,UT
University of Utah,Agriculture,2019,New England,5,,,UT
University of Utah,Agriculture,2019,New England,10,,,UT
University of Utah,Agriculture,2019,Pacific,1,0,6,UT
University of Utah,Agriculture,2019,Pacific,5,,,UT
University of Utah,Agriculture,2019,Pacific,10,,,UT
University of Utah,Agriculture,2019,South Atlantic,1,0,0,UT
University of Utah,Agriculture,2019,South Atlantic,5,,,UT
University of Utah,Agriculture,2019,South Atlantic,10,,,UT
University of Utah,Agriculture,2019,West North Central,1,0,0,UT
University of Utah,Agriculture,2019,West North Central,5,,,UT
University of Utah,Agriculture,2019,West North Central,10,,,UT
University of Utah,Agriculture,2019,West South Central,1,0,3,UT
University of Utah,Agriculture,2019,West South Central,5,,,UT
University of Utah,Agriculture,2019,West South Central,10,,,UT
University of Utah,Arts/Entertainment,2010,East North Central,1,0,0,UT
University of Utah,Arts/Entertainment,2010,East North Central,5,0,3,UT
University of Utah,Arts/Entertainment,2010,East North Central,10,0,0,UT
University of Utah,Arts/Entertainment,2010,East South Central,1,0,0,UT
University of Utah,Arts/Entertainment,2010,East South Central,5,0,0,UT
University of Utah,Arts/Entertainment,2010,East South Central,10,0,0,UT
University of Utah,Arts/Entertainment,2010,Middle Atlantic,1,0,0,UT
University of Utah,Arts/Entertainment,2010,Middle Atlantic,5,0,2,UT
University of Utah,Arts/Entertainment,2010,Middle Atlantic,10,0,1,UT
University of Utah,Arts/Entertainment,2010,Mountain,1,107,109,UT
University of Utah,Arts/Entertainment,2010,Mountain,5,89,94,UT
University of Utah,Arts/Entertainment,2010,Mountain,10,58,65,UT
University of Utah,Arts/Entertainment,2010,New England,1,0,2,UT
University of Utah,Arts/Entertainment,2010,New England,5,0,0,UT
University of Utah,Arts/Entertainment,2010,New England,10,0,0,UT
University of Utah,Arts/Entertainment,2010,Pacific,1,0,6,UT
University of Utah,Arts/Entertainment,2010,Pacific,5,0,16,UT
University of Utah,Arts/Entertainment,2010,Pacific,10,0,9,UT
University of Utah,Arts/Entertainment,2010,South Atlantic,1,0,2,UT
University of Utah,Arts/Entertainment,2010,South Atlantic,5,0,0,UT
University of Utah,Arts/Entertainment,2010,South Atlantic,10,0,0,UT
University of Utah,Arts/Entertainment,2010,West North Central,1,0,0,UT
University of Utah,Arts/Entertainment,2010,West North Central,5,0,1,UT
University of Utah,Arts/Entertainment,2010,West North Central,10,0,1,UT
University of Utah,Arts/Entertainment,2010,West South Central,1,0,1,UT
University of Utah,Arts/Entertainment,2010,West South Central,5,0,3,UT
University of Utah,Arts/Entertainment,2010,West South Central,10,0,3,UT
University of Utah,Arts/Entertainment,2013,East North Central,1,0,0,UT
University of Utah,Arts/Entertainment,2013,East North Central,5,0,0,UT
University of Utah,Arts/Entertainment,2013,East North Central,10,,,UT
University of Utah,Arts/Entertainment,2013,East South Central,1,0,0,UT
University of Utah,Arts/Entertainment,2013,East South Central,5,0,0,UT
University of Utah,Arts/Entertainment,2013,East South Central,10,,,UT
University of Utah,Arts/Entertainment,2013,Middle Atlantic,1,0,0,UT
University of Utah,Arts/Entertainment,2013,Middle Atlantic,5,0,4,UT
University of Utah,Arts/Entertainment,2013,Middle Atlantic,10,,,UT
University of Utah,Arts/Entertainment,2013,Mountain,1,128,132,UT
University of Utah,Arts/Entertainment,2013,Mountain,5,105,112,UT
University of Utah,Arts/Entertainment,2013,Mountain,10,,,UT
University of Utah,Arts/Entertainment,2013,New England,1,0,0,UT
University of Utah,Arts/Entertainment,2013,New England,5,0,0,UT
University of Utah,Arts/Entertainment,2013,New England,10,,,UT
University of Utah,Arts/Entertainment,2013,Pacific,1,0,14,UT
University of Utah,Arts/Entertainment,2013,Pacific,5,0,14,UT
University of Utah,Arts/Entertainment,2013,Pacific,10,,,UT
University of Utah,Arts/Entertainment,2013,South Atlantic,1,0,2,UT
University of Utah,Arts/Entertainment,2013,South Atlantic,5,0,7,UT
University of Utah,Arts/Entertainment,2013,South Atlantic,10,,,UT
University of Utah,Arts/Entertainment,2013,West North Central,1,0,1,UT
University of Utah,Arts/Entertainment,2013,West North Central,5,0,0,UT
University of Utah,Arts/Entertainment,2013,West North Central,10,,,UT
University of Utah,Arts/Entertainment,2013,West South Central,1,0,1,UT
University of Utah,Arts/Entertainment,2013,West South Central,5,0,2,UT
University of Utah,Arts/Entertainment,2013,West South Central,10,,,UT
University of Utah,Arts/Entertainment,2016,East North Central,1,0,1,UT
University of Utah,Arts/Entertainment,2016,East North Central,5,0,2,UT
University of Utah,Arts/Entertainment,2016,East North Central,10,,,UT
University of Utah,Arts/Entertainment,2016,East South Central,1,0,0,UT
University of Utah,Arts/Entertainment,2016,East South Central,5,0,0,UT
University of Utah,Arts/Entertainment,2016,East South Central,10,,,UT
University of Utah,Arts/Entertainment,2016,Middle Atlantic,1,0,4,UT
University of Utah,Arts/Entertainment,2016,Middle Atlantic,5,0,2,UT
University of Utah,Arts/Entertainment,2016,Middle Atlantic,10,,,UT
University of Utah,Arts/Entertainment,2016,Mountain,1,158,161,UT
University of Utah,Arts/Entertainment,2016,Mountain,5,90,102,UT
University of Utah,Arts/Entertainment,2016,Mountain,10,,,UT
University of Utah,Arts/Entertainment,2016,New England,1,0,0,UT
University of Utah,Arts/Entertainment,2016,New England,5,0,0,UT
University of Utah,Arts/Entertainment,2016,New England,10,,,UT
University of Utah,Arts/Entertainment,2016,Pacific,1,0,19,UT
University of Utah,Arts/Entertainment,2016,Pacific,5,0,20,UT
University of Utah,Arts/Entertainment,2016,Pacific,10,,,UT
University of Utah,Arts/Entertainment,2016,South Atlantic,1,0,2,UT
University of Utah,Arts/Entertainment,2016,South Atlantic,5,0,8,UT
University of Utah,Arts/Entertainment,2016,South Atlantic,10,,,UT
University of Utah,Arts/Entertainment,2016,West North Central,1,0,0,UT
University of Utah,Arts/Entertainment,2016,West North Central,5,0,0,UT
University of Utah,Arts/Entertainment,2016,West North Central,10,,,UT
University of Utah,Arts/Entertainment,2016,West South Central,1,0,0,UT
University of Utah,Arts/Entertainment,2016,West South Central,5,0,4,UT
University of Utah,Arts/Entertainment,2016,West South Central,10,,,UT
University of Utah,Arts/Entertainment,2019,East North Central,1,0,5,UT
University of Utah,Arts/Entertainment,2019,East North Central,5,,,UT
University of Utah,Arts/Entertainment,2019,East North Central,10,,,UT
University of Utah,Arts/Entertainment,2019,East South Central,1,0,0,UT
University of Utah,Arts/Entertainment,2019,East South Central,5,,,UT
University of Utah,Arts/Entertainment,2019,East South Central,10,,,UT
University of Utah,Arts/Entertainment,2019,Middle Atlantic,1,0,2,UT
University of Utah,Arts/Entertainment,2019,Middle Atlantic,5,,,UT
University of Utah,Arts/Entertainment,2019,Middle Atlantic,10,,,UT
University of Utah,Arts/Entertainment,2019,Mountain,1,137,147,UT
University of Utah,Arts/Entertainment,2019,Mountain,5,,,UT
University of Utah,Arts/Entertainment,2019,Mountain,10,,,UT
University of Utah,Arts/Entertainment,2019,New England,1,0,1,UT
University of Utah,Arts/Entertainment,2019,New England,5,,,UT
University of Utah,Arts/Entertainment,2019,New England,10,,,UT
University of Utah,Arts/Entertainment,2019,Pacific,1,0,14,UT
University of Utah,Arts/Entertainment,2019,Pacific,5,,,UT
University of Utah,Arts/Entertainment,2019,Pacific,10,,,UT
University of Utah,Arts/Entertainment,2019,South Atlantic,1,0,3,UT
University of Utah,Arts/Entertainment,2019,South Atlantic,5,,,UT
University of Utah,Arts/Entertainment,2019,South Atlantic,10,,,UT
University of Utah,Arts/Entertainment,2019,West North Central,1,0,1,UT
University of Utah,Arts/Entertainment,2019,West North Central,5,,,UT
University of Utah,Arts/Entertainment,2019,West North Central,10,,,UT
University of Utah,Arts/Entertainment,2019,West South Central,1,0,6,UT
University of Utah,Arts/Entertainment,2019,West South Central,5,,,UT
University of Utah,Arts/Entertainment,2019,West South Central,10,,,UT
University of Utah,Construction,2010,East North Central,1,0,2,UT
University of Utah,Construction,2010,East North Central,5,0,4,UT
University of Utah,Construction,2010,East North Central,10,0,0,UT
University of Utah,Construction,2010,East South Central,1,0,0,UT
University of Utah,Construction,2010,East South Central,5,0,0,UT
University of Utah,Construction,2010,East South Central,10,0,0,UT
University of Utah,Construction,2010,Middle Atlantic,1,0,1,UT
University of Utah,Construction,2010,Middle Atlantic,5,0,4,UT
University of Utah,Construction,2010,Middle Atlantic,10,0,2,UT
University of Utah,Construction,2010,Mountain,1,99,101,UT
University of Utah,Construction,2010,Mountain,5,135,147,UT
University of Utah,Construction,2010,Mountain,10,171,186,UT
University of Utah,Construction,2010,New England,1,0,0,UT
University of Utah,Construction,2010,New England,5,0,2,UT
University of Utah,Construction,2010,New England,10,0,0,UT
University of Utah,Construction,2010,Pacific,1,0,4,UT
University of Utah,Construction,2010,Pacific,5,0,14,UT
University of Utah,Construction,2010,Pacific,10,0,16,UT
University of Utah,Construction,2010,South Atlantic,1,0,2,UT
University of Utah,Construction,2010,South Atlantic,5,0,6,UT
University of Utah,Construction,2010,South Atlantic,10,0,5,UT
University of Utah,Construction,2010,West North Central,1,0,0,UT
University of Utah,Construction,2010,West North Central,5,0,1,UT
University of Utah,Construction,2010,West North Central,10,0,2,UT
University of Utah,Construction,2010,West South Central,1,0,4,UT
University of Utah,Construction,2010,West South Central,5,0,7,UT
University of Utah,Construction,2010,West South Central,10,0,8,UT
University of Utah,Construction,2013,East North Central,1,0,2,UT
University of Utah,Construction,2013,East North Central,5,0,2,UT
University of Utah,Construction,2013,East North Central,10,,,UT
University of Utah,Construction,2013,East South Central,1,0,0,UT
University of Utah,Construction,2013,East South Central,5,0,0,UT
University of Utah,Construction,2013,East South Central,10,,,UT
University of Utah,Construction,2013,Middle Atlantic,1,0,0,UT
University of Utah,Construction,2013,Middle Atlantic,5,0,0,UT
University of Utah,Construction,2013,Middle Atlantic,10,,,UT
University of Utah,Construction,2013,Mountain,1,157,163,UT
University of Utah,Construction,2013,Mountain,5,213,236,UT
University of Utah,Construction,2013,Mountain,10,,,UT
University of Utah,Construction,2013,New England,1,0,0,UT
University of Utah,Construction,2013,New England,5,0,0,UT
University of Utah,Construction,2013,New England,10,,,UT
University of Utah,Construction,2013,Pacific,1,0,13,UT
University of Utah,Construction,2013,Pacific,5,0,25,UT
University of Utah,Construction,2013,Pacific,10,,,UT
University of Utah,Construction,2013,South Atlantic,1,0,3,UT
University of Utah,Construction,2013,South Atlantic,5,0,8,UT
University of Utah,Construction,2013,South Atlantic,10,,,UT
University of Utah,Construction,2013,West North Central,1,0,2,UT
University of Utah,Construction,2013,West North Central,5,0,0,UT
University of Utah,Construction,2013,West North Central,10,,,UT
University of Utah,Construction,2013,West South Central,1,0,3,UT
University of Utah,Construction,2013,West South Central,5,0,7,UT
University of Utah,Construction,2013,West South Central,10,,,UT
University of Utah,Construction,2016,East North Central,1,0,2,UT
University of Utah,Construction,2016,East North Central,5,0,2,UT
University of Utah,Construction,2016,East North Central,10,,,UT
University of Utah,Construction,2016,East South Central,1,0,1,UT
University of Utah,Construction,2016,East South Central,5,0,1,UT
University of Utah,Construction,2016,East South Central,10,,,UT
University of Utah,Construction,2016,Middle Atlantic,1,0,2,UT
University of Utah,Construction,2016,Middle Atlantic,5,0,2,UT
University of Utah,Construction,2016,Middle Atlantic,10,,,UT
University of Utah,Construction,2016,Mountain,1,183,195,UT
University of Utah,Construction,2016,Mountain,5,206,224,UT
University of Utah,Construction,2016,Mountain,10,,,UT
University of Utah,Construction,2016,New England,1,0,0,UT
University of Utah,Construction,2016,New England,5,0,2,UT
University of Utah,Construction,2016,New England,10,,,UT
University of Utah,Construction,2016,Pacific,1,0,18,UT
University of Utah,Construction,2016,Pacific,5,0,24,UT
University of Utah,Construction,2016,Pacific,10,,,UT
University of Utah,Construction,2016,South Atlantic,1,0,7,UT
University of Utah,Construction,2016,South Atlantic,5,0,6,UT
University of Utah,Construction,2016,South Atlantic,10,,,UT
University of Utah,Construction,2016,West North Central,1,0,1,UT
University of Utah,Construction,2016,West North Central,5,0,1,UT
University of Utah,Construction,2016,West North Central,10,,,UT
University of Utah,Construction,2016,West South Central,1,0,9,UT
University of Utah,Construction,2016,West South Central,5,0,17,UT
University of Utah,Construction,2016,West South Central,10,,,UT
University of Utah,Construction,2019,East North Central,1,0,2,UT
University of Utah,Construction,2019,East North Central,5,,,UT
University of Utah,Construction,2019,East North Central,10,,,UT
University of Utah,Construction,2019,East South Central,1,0,0,UT
University of Utah,Construction,2019,East South Central,5,,,UT
University of Utah,Construction,2019,East South Central,10,,,UT
University of Utah,Construction,2019,Middle Atlantic,1,0,0,UT
University of Utah,Construction,2019,Middle Atlantic,5,,,UT
University of Utah,Construction,2019,Middle Atlantic,10,,,UT
University of Utah,Construction,2019,Mountain,1,222,237,UT
University of Utah,Construction,2019,Mountain,5,,,UT
University of Utah,Construction,2019,Mountain,10,,,UT
University of Utah,Construction,2019,New England,1,0,0,UT
University of Utah,Construction,2019,New England,5,,,UT
University of Utah,Construction,2019,New England,10,,,UT
University of Utah,Construction,2019,Pacific,1,0,20,UT
University of Utah,Construction,2019,Pacific,5,,,UT
University of Utah,Construction,2019,Pacific,10,,,UT
University of Utah,Construction,2019,South Atlantic,1,0,0,UT
University of Utah,Construction,2019,South Atlantic,5,,,UT
University of Utah,Construction,2019,South Atlantic,10,,,UT
University of Utah,Construction,2019,West North Central,1,0,1,UT
University of Utah,Construction,2019,West North Central,5,,,UT
University of Utah,Construction,2019,West North Central,10,,,UT
University of Utah,Construction,2019,West South Central,1,0,7,UT
University of Utah,Construction,2019,West South Central,5,,,UT
University of Utah,Construction,2019,West South Central,10,,,UT
University of Utah,Education,2010,East North Central,1,0,12,UT
University of Utah,Education,2010,East North Central,5,0,14,UT
University of Utah,Education,2010,East North Central,10,0,34,UT
University of Utah,Education,2010,East South Central,1,0,2,UT
University of Utah,Education,2010,East South Central,5,0,11,UT
University of Utah,Education,2010,East South Central,10,0,7,UT
University of Utah,Education,2010,Middle Atlantic,1,0,13,UT
University of Utah,Education,2010,Middle Atlantic,5,0,15,UT
University of Utah,Education,2010,Middle Atlantic,10,0,25,UT
University of Utah,Education,2010,Mountain,1,895,922,UT
University of Utah,Education,2010,Mountain,5,947,1002,UT
University of Utah,Education,2010,Mountain,10,947,1011,UT
University of Utah,Education,2010,New England,1,0,3,UT
University of Utah,Education,2010,New England,5,0,10,UT
University of Utah,Education,2010,New England,10,0,9,UT
University of Utah,Education,2010,Pacific,1,0,29,UT
University of Utah,Education,2010,Pacific,5,0,68,UT
University of Utah,Education,2010,Pacific,10,0,83,UT
University of Utah,Education,2010,South Atlantic,1,0,13,UT
University of Utah,Education,2010,South Atlantic,5,0,38,UT
University of Utah,Education,2010,South Atlantic,10,0,41,UT
University of Utah,Education,2010,West North Central,1,0,12,UT
University of Utah,Education,2010,West North Central,5,0,8,UT
University of Utah,Education,2010,West North Central,10,0,27,UT
University of Utah,Education,2010,West South Central,1,0,20,UT
University of Utah,Education,2010,West South Central,5,0,38,UT
University of Utah,Education,2010,West South Central,10,0,37,UT
University of Utah,Education,2013,East North Central,1,0,18,UT
University of Utah,Education,2013,East North Central,5,0,40,UT
University of Utah,Education,2013,East North Central,10,,,UT
University of Utah,Education,2013,East South Central,1,0,8,UT
University of Utah,Education,2013,East South Central,5,0,9,UT
University of Utah,Education,2013,East South Central,10,,,UT
University of Utah,Education,2013,Middle Atlantic,1,0,14,UT
University of Utah,Education,2013,Middle Atlantic,5,0,29,UT
University of Utah,Education,2013,Middle Atlantic,10,,,UT
University of Utah,Education,2013,Mountain,1,1257,1298,UT
University of Utah,Education,2013,Mountain,5,1293,1389,UT
University of Utah,Education,2013,Mountain,10,,,UT
University of Utah,Education,2013,New England,1,0,5,UT
University of Utah,Education,2013,New England,5,0,17,UT
University of Utah,Education,2013,New England,10,,,UT
University of Utah,Education,2013,Pacific,1,0,54,UT
University of Utah,Education,2013,Pacific,5,0,104,UT
University of Utah,Education,2013,Pacific,10,,,UT
University of Utah,Education,2013,South Atlantic,1,0,20,UT
University of Utah,Education,2013,South Atlantic,5,0,46,UT
University of Utah,Education,2013,South Atlantic,10,,,UT
University of Utah,Education,2013,West North Central,1,0,13,UT
University of Utah,Education,2013,West North Central,5,0,31,UT
University of Utah,Education,2013,West North Central,10,,,UT
University of Utah,Education,2013,West South Central,1,0,26,UT
University of Utah,Education,2013,West South Central,5,0,39,UT
University of Utah,Education,2013,West South Central,10,,,UT
University of Utah,Education,2016,East North Central,1,0,18,UT
University of Utah,Education,2016,East North Central,5,0,33,UT
University of Utah,Education,2016,East North Central,10,,,UT
University of Utah,Education,2016,East South Central,1,0,6,UT
University of Utah,Education,2016,East South Central,5,0,14,UT
University of Utah,Education,2016,East South Central,10,,,UT
University of Utah,Education,2016,Middle Atlantic,1,0,17,UT
University of Utah,Education,2016,Middle Atlantic,5,0,35,UT
University of Utah,Education,2016,Middle Atlantic,10,,,UT
University of Utah,Education,2016,Mountain,1,1316,1356,UT
University of Utah,Education,2016,Mountain,5,1158,1223,UT
University of Utah,Education,2016,Mountain,10,,,UT
University of Utah,Education,2016,New England,1,0,6,UT
University of Utah,Education,2016,New England,5,0,26,UT
University of Utah,Education,2016,New England,10,,,UT
University of Utah,Education,2016,Pacific,1,0,26,UT
University of Utah,Education,2016,Pacific,5,0,93,UT
University of Utah,Education,2016,Pacific,10,,,UT
University of Utah,Education,2016,South Atlantic,1,0,28,UT
University of Utah,Education,2016,South Atlantic,5,0,51,UT
University of Utah,Education,2016,South Atlantic,10,,,UT
University of Utah,Education,2016,West North Central,1,0,17,UT
University of Utah,Education,2016,West North Central,5,0,27,UT
University of Utah,Education,2016,West North Central,10,,,UT
University of Utah,Education,2016,West South Central,1,0,18,UT
University of Utah,Education,2016,West South Central,5,0,43,UT
University of Utah,Education,2016,West South Central,10,,,UT
University of Utah,Education,2019,East North Central,1,0,10,UT
University of Utah,Education,2019,East North Central,5,,,UT
University of Utah,Education,2019,East North Central,10,,,UT
University of Utah,Education,2019,East South Central,1,0,9,UT
University of Utah,Education,2019,East South Central,5,,,UT
University of Utah,Education,2019,East South Central,10,,,UT
University of Utah,Education,2019,Middle Atlantic,1,0,15,UT
University of Utah,Education,2019,Middle Atlantic,5,,,UT
University of Utah,Education,2019,Middle Atlantic,10,,,UT
University of Utah,Education,2019,Mountain,1,1373,1406,UT
University of Utah,Education,2019,Mountain,5,,,UT
University of Utah,Education,2019,Mountain,10,,,UT
University of Utah,Education,2019,New England,1,0,13,UT
University of Utah,Education,2019,New England,5,,,UT
University of Utah,Education,2019,New England,10,,,UT
University of Utah,Education,2019,Pacific,1,0,39,UT
University of Utah,Education,2019,Pacific,5,,,UT
University of Utah,Education,2019,Pacific,10,,,UT
University of Utah,Education,2019,South Atlantic,1,0,27,UT
University of Utah,Education,2019,South Atlantic,5,,,UT
University of Utah,Education,2019,South Atlantic,10,,,UT
University of Utah,Education,2019,West North Central,1,0,12,UT
University of Utah,Education,2019,West North Central,5,,,UT
University of Utah,Education,2019,West North Central,10,,,UT
University of Utah,Education,2019,West South Central,1,0,18,UT
University of Utah,Education,2019,West South Central,5,,,UT
University of Utah,Education,2019,West South Central,10,,,UT
University of Utah,Finance,2010,East North Central,1,0,10,UT
University of Utah,Finance,2010,East North Central,5,0,12,UT
University of Utah,Finance,2010,East North Central,10,0,10,UT
University of Utah,Finance,2010,East South Central,1,0,0,UT
University of Utah,Finance,2010,East South Central,5,0,5,UT
University of Utah,Finance,2010,East South Central,10,0,10,UT
University of Utah,Finance,2010,Middle Atlantic,1,0,6,UT
University of Utah,Finance,2010,Middle Atlantic,5,0,26,UT
University of Utah,Finance,2010,Middle Atlantic,10,0,17,UT
University of Utah,Finance,2010,Mountain,1,699,713,UT
University of Utah,Finance,2010,Mountain,5,660,693,UT
University of Utah,Finance,2010,Mountain,10,553,595,UT
University of Utah,Finance,2010,New England,1,0,2,UT
University of Utah,Finance,2010,New England,5,0,7,UT
University of Utah,Finance,2010,New England,10,0,5,UT
University of Utah,Finance,2010,Pacific,1,0,18,UT
University of Utah,Finance,2010,Pacific,5,0,36,UT
University of Utah,Finance,2010,Pacific,10,0,54,UT
University of Utah,Finance,2010,South Atlantic,1,0,5,UT
University of Utah,Finance,2010,South Atlantic,5,0,13,UT
University of Utah,Finance,2010,South Atlantic,10,0,12,UT
University of Utah,Finance,2010,West North Central,1,0,4,UT
University of Utah,Finance,2010,West North Central,5,0,3,UT
University of Utah,Finance,2010,West North Central,10,0,9,UT
University of Utah,Finance,2010,West South Central,1,0,5,UT
University of Utah,Finance,2010,West South Central,5,0,16,UT
University of Utah,Finance,2010,West South Central,10,0,26,UT
University of Utah,Finance,2013,East North Central,1,0,6,UT
University of Utah,Finance,2013,East North Central,5,0,11,UT
University of Utah,Finance,2013,East North Central,10,,,UT
University of Utah,Finance,2013,East South Central,1,0,1,UT
University of Utah,Finance,2013,East South Central,5,0,3,UT
University of Utah,Finance,2013,East South Central,10,,,UT
University of Utah,Finance,2013,Middle Atlantic,1,0,12,UT
University of Utah,Finance,2013,Middle Atlantic,5,0,26,UT
University of Utah,Finance,2013,Middle Atlantic,10,,,UT
University of Utah,Finance,2013,Mountain,1,763,791,UT
University of Utah,Finance,2013,Mountain,5,742,783,UT
University of Utah,Finance,2013,Mountain,10,,,UT
University of Utah,Finance,2013,New England,1,0,5,UT
University of Utah,Finance,2013,New England,5,0,6,UT
University of Utah,Finance,2013,New England,10,,,UT
University of Utah,Finance,2013,Pacific,1,0,30,UT
University of Utah,Finance,2013,Pacific,5,0,65,UT
University of Utah,Finance,2013,Pacific,10,,,UT
University of Utah,Finance,2013,South Atlantic,1,0,7,UT
University of Utah,Finance,2013,South Atlantic,5,0,15,UT
University of Utah,Finance,2013,South Atlantic,10,,,UT
University of Utah,Finance,2013,West North Central,1,0,0,UT
University of Utah,Finance,2013,West North Central,5,0,10,UT
University of Utah,Finance,2013,West North Central,10,,,UT
University of Utah,Finance,2013,West South Central,1,0,6,UT
University of Utah,Finance,2013,West South Central,5,0,20,UT
University of Utah,Finance,2013,West South Central,10,,,UT
University of Utah,Finance,2016,East North Central,1,0,8,UT
University of Utah,Finance,2016,East North Central,5,0,11,UT
University of Utah,Finance,2016,East North Central,10,,,UT
University of Utah,Finance,2016,East South Central,1,0,0,UT
University of Utah,Finance,2016,East South Central,5,0,1,UT
University of Utah,Finance,2016,East South Central,10,,,UT
University of Utah,Finance,2016,Middle Atlantic,1,0,13,UT
University of Utah,Finance,2016,Middle Atlantic,5,0,30,UT
University of Utah,Finance,2016,Middle Atlantic,10,,,UT
University of Utah,Finance,2016,Mountain,1,710,731,UT
University of Utah,Finance,2016,Mountain,5,705,728,UT
University of Utah,Finance,2016,Mountain,10,,,UT
University of Utah,Finance,2016,New England,1,0,1,UT
University of Utah,Finance,2016,New England,5,0,1,UT
University of Utah,Finance,2016,New England,10,,,UT
University of Utah,Finance,2016,Pacific,1,0,49,UT
University of Utah,Finance,2016,Pacific,5,0,52,UT
University of Utah,Finance,2016,Pacific,10,,,UT
University of Utah,Finance,2016,South Atlantic,1,0,17,UT
University of Utah,Finance,2016,South Atlantic,5,0,28,UT
University of Utah,Finance,2016,South Atlantic,10,,,UT
University of Utah,Finance,2016,West North Central,1,0,5,UT
University of Utah,Finance,2016,West North Central,5,0,14,UT
University of Utah,Finance,2016,West North Central,10,,,UT
University of Utah,Finance,2016,West South Central,1,0,8,UT
University of Utah,Finance,2016,West South Central,5,0,18,UT
University of Utah,Finance,2016,West South Central,10,,,UT
University of Utah,Finance,2019,East North Central,1,0,10,UT
University of Utah,Finance,2019,East North Central,5,,,UT
University of Utah,Finance,2019,East North Central,10,,,UT
University of Utah,Finance,2019,East South Central,1,0,0,UT
University of Utah,Finance,2019,East South Central,5,,,UT
University of Utah,Finance,2019,East South Central,10,,,UT
University of Utah,Finance,2019,Middle Atlantic,1,0,21,UT
University of Utah,Finance,2019,Middle Atlantic,5,,,UT
University of Utah,Finance,2019,Middle Atlantic,10,,,UT
University of Utah,Finance,2019,Mountain,1,788,809,UT
University of Utah,Finance,2019,Mountain,5,,,UT
University of Utah,Finance,2019,Mountain,10,,,UT
University of Utah,Finance,2019,New England,1,0,1,UT
University of Utah,Finance,2019,New England,5,,,UT
University of Utah,Finance,2019,New England,10,,,UT
University of Utah,Finance,2019,Pacific,1,0,65,UT
University of Utah,Finance,2019,Pacific,5,,,UT
University of Utah,Finance,2019,Pacific,10,,,UT
University of Utah,Finance,2019,South Atlantic,1,0,16,UT
University of Utah,Finance,2019,South Atlantic,5,,,UT
University of Utah,Finance,2019,South Atlantic,10,,,UT
University of Utah,Finance,2019,West North Central,1,0,1,UT
University of Utah,Finance,2019,West North Central,5,,,UT
University of Utah,Finance,2019,West North Central,10,,,UT
University of Utah,Finance,2019,West South Central,1,0,18,UT
University of Utah,Finance,2019,West South Central,5,,,UT
University of Utah,Finance,2019,West South Central,10,,,UT
University of Utah,Food/Hospitality,2010,East North Central,1,0,6,UT
University of Utah,Food/Hospitality,2010,East North Central,5,0,5,UT
University of Utah,Food/Hospitality,2010,East North Central,10,0,11,UT
University of Utah,Food/Hospitality,2010,East South Central,1,0,0,UT
University of Utah,Food/Hospitality,2010,East South Central,5,0,2,UT
University of Utah,Food/Hospitality,2010,East South Central,10,0,2,UT
University of Utah,Food/Hospitality,2010,Middle Atlantic,1,0,9,UT
University of Utah,Food/Hospitality,2010,Middle Atlantic,5,0,11,UT
University of Utah,Food/Hospitality,2010,Middle Atlantic,10,0,9,UT
University of Utah,Food/Hospitality,2010,Mountain,1,301,315,UT
University of Utah,Food/Hospitality,2010,Mountain,5,144,173,UT
University of Utah,Food/Hospitality,2010,Mountain,10,96,126,UT
University of Utah,Food/Hospitality,2010,New England,1,0,0,UT
University of Utah,Food/Hospitality,2010,New England,5,0,2,UT
University of Utah,Food/Hospitality,2010,New England,10,0,0,UT
University of Utah,Food/Hospitality,2010,Pacific,1,0,24,UT
University of Utah,Food/Hospitality,2010,Pacific,5,0,47,UT
University of Utah,Food/Hospitality,2010,Pacific,10,0,20,UT
University of Utah,Food/Hospitality,2010,South Atlantic,1,0,19,UT
University of Utah,Food/Hospitality,2010,South Atlantic,5,0,17,UT
University of Utah,Food/Hospitality,2010,South Atlantic,10,0,11,UT
University of Utah,Food/Hospitality,2010,West North Central,1,0,4,UT
University of Utah,Food/Hospitality,2010,West North Central,5,0,9,UT
University of Utah,Food/Hospitality,2010,West North Central,10,0,6,UT
University of Utah,Food/Hospitality,2010,West South Central,1,0,9,UT
University of Utah,Food/Hospitality,2010,West South Central,5,0,6,UT
University of Utah,Food/Hospitality,2010,West South Central,10,0,6,UT
University of Utah,Food/Hospitality,2013,East North Central,1,0,1,UT
University of Utah,Food/Hospitality,2013,East North Central,5,0,10,UT
University of Utah,Food/Hospitality,2013,East North Central,10,,,UT
University of Utah,Food/Hospitality,2013,East South Central,1,0,0,UT
University of Utah,Food/Hospitality,2013,East South Central,5,0,5,UT
University of Utah,Food/Hospitality,2013,East South Central,10,,,UT
University of Utah,Food/Hospitality,2013,Middle Atlantic,1,0,7,UT
University of Utah,Food/Hospitality,2013,Middle Atlantic,5,0,7,UT
University of Utah,Food/Hospitality,2013,Middle Atlantic,10,,,UT
University of Utah,Food/Hospitality,2013,Mountain,1,321,341,UT
University of Utah,Food/Hospitality,2013,Mountain,5,175,210,UT
University of Utah,Food/Hospitality,2013,Mountain,10,,,UT
University of Utah,Food/Hospitality,2013,New England,1,0,0,UT
University of Utah,Food/Hospitality,2013,New England,5,0,0,UT
University of Utah,Food/Hospitality,2013,New England,10,,,UT
University of Utah,Food/Hospitality,2013,Pacific,1,0,27,UT
University of Utah,Food/Hospitality,2013,Pacific,5,0,41,UT
University of Utah,Food/Hospitality,2013,Pacific,10,,,UT
University of Utah,Food/Hospitality,2013,South Atlantic,1,0,15,UT
University of Utah,Food/Hospitality,2013,South Atlantic,5,0,15,UT
University of Utah,Food/Hospitality,2013,South Atlantic,10,,,UT
University of Utah,Food/Hospitality,2013,West North Central,1,0,7,UT
University of Utah,Food/Hospitality,2013,West North Central,5,0,2,UT
University of Utah,Food/Hospitality,2013,West North Central,10,,,UT
University of Utah,Food/Hospitality,2013,West South Central,1,0,13,UT
University of Utah,Food/Hospitality,2013,West South Central,5,0,15,UT
University of Utah,Food/Hospitality,2013,West South Central,10,,,UT
University of Utah,Food/Hospitality,2016,East North Central,1,0,11,UT
University of Utah,Food/Hospitality,2016,East North Central,5,0,11,UT
University of Utah,Food/Hospitality,2016,East North Central,10,,,UT
University of Utah,Food/Hospitality,2016,East South Central,1,0,6,UT
University of Utah,Food/Hospitality,2016,East South Central,5,0,6,UT
University of Utah,Food/Hospitality,2016,East South Central,10,,,UT
University of Utah,Food/Hospitality,2016,Middle Atlantic,1,0,14,UT
University of Utah,Food/Hospitality,2016,Middle Atlantic,5,0,6,UT
University of Utah,Food/Hospitality,2016,Middle Atlantic,10,,,UT
University of Utah,Food/Hospitality,2016,Mountain,1,362,390,UT
University of Utah,Food/Hospitality,2016,Mountain,5,168,196,UT
University of Utah,Food/Hospitality,2016,Mountain,10,,,UT
University of Utah,Food/Hospitality,2016,New England,1,0,4,UT
University of Utah,Food/Hospitality,2016,New England,5,0,2,UT
University of Utah,Food/Hospitality,2016,New England,10,,,UT
University of Utah,Food/Hospitality,2016,Pacific,1,0,36,UT
University of Utah,Food/Hospitality,2016,Pacific,5,0,37,UT
University of Utah,Food/Hospitality,2016,Pacific,10,,,UT
University of Utah,Food/Hospitality,2016,South Atlantic,1,0,13,UT
University of Utah,Food/Hospitality,2016,South Atlantic,5,0,24,UT
University of Utah,Food/Hospitality,2016,South Atlantic,10,,,UT
University of Utah,Food/Hospitality,2016,West North Central,1,0,4,UT
University of Utah,Food/Hospitality,2016,West North Central,5,0,9,UT
University of Utah,Food/Hospitality,2016,West North Central,10,,,UT
University of Utah,Food/Hospitality,2016,West South Central,1,0,14,UT
University of Utah,Food/Hospitality,2016,West South Central,5,0,9,UT
University of Utah,Food/Hospitality,2016,West South Central,10,,,UT
University of Utah,Food/Hospitality,2019,East North Central,1,0,10,UT
University of Utah,Food/Hospitality,2019,East North Central,5,,,UT
University of Utah,Food/Hospitality,2019,East North Central,10,,,UT
University of Utah,Food/Hospitality,2019,East South Central,1,0,1,UT
University of Utah,Food/Hospitality,2019,East South Central,5,,,UT
University of Utah,Food/Hospitality,2019,East South Central,10,,,UT
University of Utah,Food/Hospitality,2019,Middle Atlantic,1,0,15,UT
University of Utah,Food/Hospitality,2019,Middle Atlantic,5,,,UT
University of Utah,Food/Hospitality,2019,Middle Atlantic,10,,,UT
University of Utah,Food/Hospitality,2019,Mountain,1,340,367,UT
University of Utah,Food/Hospitality,2019,Mountain,5,,,UT
University of Utah,Food/Hospitality,2019,Mountain,10,,,UT
University of Utah,Food/Hospitality,2019,New England,1,0,3,UT
University of Utah,Food/Hospitality,2019,New England,5,,,UT
University of Utah,Food/Hospitality,2019,New England,10,,,UT
University of Utah,Food/Hospitality,2019,Pacific,1,0,35,UT
University of Utah,Food/Hospitality,2019,Pacific,5,,,UT
University of Utah,Food/Hospitality,2019,Pacific,10,,,UT
University of Utah,Food/Hospitality,2019,South Atlantic,1,0,19,UT
University of Utah,Food/Hospitality,2019,South Atlantic,5,,,UT
University of Utah,Food/Hospitality,2019,South Atlantic,10,,,UT
University of Utah,Food/Hospitality,2019,West North Central,1,0,5,UT
University of Utah,Food/Hospitality,2019,West North Central,5,,,UT
University of Utah,Food/Hospitality,2019,West North Central,10,,,UT
University of Utah,Food/Hospitality,2019,West South Central,1,0,7,UT
University of Utah,Food/Hospitality,2019,West South Central,5,,,UT
University of Utah,Food/Hospitality,2019,West South Central,10,,,UT
University of Utah,Health Care,2010,East North Central,1,0,13,UT
University of Utah,Health Care,2010,East North Central,5,0,29,UT
University of Utah,Health Care,2010,East North Central,10,0,37,UT
University of Utah,Health Care,2010,East South Central,1,0,6,UT
University of Utah,Health Care,2010,East South Central,5,0,14,UT
University of Utah,Health Care,2010,East South Central,10,0,12,UT
University of Utah,Health Care,2010,Middle Atlantic,1,0,14,UT
University of Utah,Health Care,2010,Middle Atlantic,5,0,27,UT
University of Utah,Health Care,2010,Middle Atlantic,10,0,40,UT
University of Utah,Health Care,2010,Mountain,1,1175,1213,UT
University of Utah,Health Care,2010,Mountain,5,971,1075,UT
University of Utah,Health Care,2010,Mountain,10,1001,1179,UT
University of Utah,Health Care,2010,New England,1,0,8,UT
University of Utah,Health Care,2010,New England,5,0,5,UT
University of Utah,Health Care,2010,New England,10,0,15,UT
University of Utah,Health Care,2010,Pacific,1,0,49,UT
University of Utah,Health Care,2010,Pacific,5,0,112,UT
University of Utah,Health Care,2010,Pacific,10,0,160,UT
University of Utah,Health Care,2010,South Atlantic,1,0,18,UT
University of Utah,Health Care,2010,South Atlantic,5,0,32,UT
University of Utah,Health Care,2010,South Atlantic,10,0,52,UT
University of Utah,Health Care,2010,West North Central,1,0,20,UT
University of Utah,Health Care,2010,West North Central,5,0,30,UT
University of Utah,Health Care,2010,West North Central,10,0,39,UT
University of Utah,Health Care,2010,West South Central,1,0,8,UT
University of Utah,Health Care,2010,West South Central,5,0,43,UT
University of Utah,Health Care,2010,West South Central,10,0,54,UT
University of Utah,Health Care,2013,East North Central,1,0,24,UT
University of Utah,Health Care,2013,East North Central,5,0,45,UT
University of Utah,Health Care,2013,East North Central,10,,,UT
University of Utah,Health Care,2013,East South Central,1,0,10,UT
University of Utah,Health Care,2013,East South Central,5,0,14,UT
University of Utah,Health Care,2013,East South Central,10,,,UT
University of Utah,Health Care,2013,Middle Atlantic,1,0,17,UT
University of Utah,Health Care,2013,Middle Atlantic,5,0,35,UT
University of Utah,Health Care,2013,Middle Atlantic,10,,,UT
University of Utah,Health Care,2013,Mountain,1,1526,1581,UT
University of Utah,Health Care,2013,Mountain,5,1364,1505,UT
University of Utah,Health Care,2013,Mountain,10,,,UT
University of Utah,Health Care,2013,New England,1,0,18,UT
University of Utah,Health Care,2013,New England,5,0,19,UT
University of Utah,Health Care,2013,New England,10,,,UT
University of Utah,Health Care,2013,Pacific,1,0,77,UT
University of Utah,Health Care,2013,Pacific,5,0,191,UT
University of Utah,Health Care,2013,Pacific,10,,,UT
University of Utah,Health Care,2013,South Atlantic,1,0,29,UT
University of Utah,Health Care,2013,South Atlantic,5,0,77,UT
University of Utah,Health Care,2013,South Atlantic,10,,,UT
University of Utah,Health Care,2013,West North Central,1,0,11,UT
University of Utah,Health Care,2013,West North Central,5,0,33,UT
University of Utah,Health Care,2013,West North Central,10,,,UT
University of Utah,Health Care,2013,West South Central,1,0,18,UT
University of Utah,Health Care,2013,West South Central,5,0,50,UT
University of Utah,Health Care,2013,West South Central,10,,,UT
University of Utah,Health Care,2016,East North Central,1,0,21,UT
University of Utah,Health Care,2016,East North Central,5,0,31,UT
University of Utah,Health Care,2016,East North Central,10,,,UT
University of Utah,Health Care,2016,East South Central,1,0,14,UT
University of Utah,Health Care,2016,East South Central,5,0,16,UT
University of Utah,Health Care,2016,East South Central,10,,,UT
University of Utah,Health Care,2016,Middle Atlantic,1,0,15,UT
University of Utah,Health Care,2016,Middle Atlantic,5,0,45,UT
University of Utah,Health Care,2016,Middle Atlantic,10,,,UT
University of Utah,Health Care,2016,Mountain,1,1623,1681,UT
University of Utah,Health Care,2016,Mountain,5,1325,1466,UT
University of Utah,Health Care,2016,Mountain,10,,,UT
University of Utah,Health Care,2016,New England,1,0,13,UT
University of Utah,Health Care,2016,New England,5,0,24,UT
University of Utah,Health Care,2016,New England,10,,,UT
University of Utah,Health Care,2016,Pacific,1,0,71,UT
University of Utah,Health Care,2016,Pacific,5,0,146,UT
University of Utah,Health Care,2016,Pacific,10,,,UT
University of Utah,Health Care,2016,South Atlantic,1,0,36,UT
University of Utah,Health Care,2016,South Atlantic,5,0,71,UT
University of Utah,Health Care,2016,South Atlantic,10,,,UT
University of Utah,Health Care,2016,West North Central,1,0,13,UT
University of Utah,Health Care,2016,West North Central,5,0,27,UT
University of Utah,Health Care,2016,West North Central,10,,,UT
University of Utah,Health Care,2016,West South Central,1,0,13,UT
University of Utah,Health Care,2016,West South Central,5,0,49,UT
University of Utah,Health Care,2016,West South Central,10,,,UT
University of Utah,Health Care,2019,East North Central,1,0,19,UT
University of Utah,Health Care,2019,East North Central,5,,,UT
University of Utah,Health Care,2019,East North Central,10,,,UT
University of Utah,Health Care,2019,East South Central,1,0,9,UT
University of Utah,Health Care,2019,East South Central,5,,,UT
University of Utah,Health Care,2019,East South Central,10,,,UT
University of Utah,Health Care,2019,Middle Atlantic,1,0,19,UT
University of Utah,Health Care,2019,Middle Atlantic,5,,,UT
University of Utah,Health Care,2019,Middle Atlantic,10,,,UT
University of Utah,Health Care,2019,Mountain,1,1732,1805,UT
University of Utah,Health Care,2019,Mountain,5,,,UT
University of Utah,Health Care,2019,Mountain,10,,,UT
University of Utah,Health Care,2019,New England,1,0,13,UT
University of Utah,Health Care,2019,New England,5,,,UT
University of Utah,Health Care,2019,New England,10,,,UT
University of Utah,Health Care,2019,Pacific,1,0,83,UT
University of Utah,Health Care,2019,Pacific,5,,,UT
University of Utah,Health Care,2019,Pacific,10,,,UT
University of Utah,Health Care,2019,South Atlantic,1,0,26,UT
University of Utah,Health Care,2019,South Atlantic,5,,,UT
University of Utah,Health Care,2019,South Atlantic,10,,,UT
University of Utah,Health Care,2019,West North Central,1,0,14,UT
University of Utah,Health Care,2019,West North Central,5,,,UT
University of Utah,Health Care,2019,West North Central,10,,,UT
University of Utah,Health Care,2019,West South Central,1,0,11,UT
University of Utah,Health Care,2019,West South Central,5,,,UT
University of Utah,Health Care,2019,West South Central,10,,,UT
University of Utah,Information,2010,East North Central,1,0,0,UT
University of Utah,Information,2010,East North Central,5,0,5,UT
University of Utah,Information,2010,East North Central,10,0,0,UT
University of Utah,Information,2010,East South Central,1,0,0,UT
University of Utah,Information,2010,East South Central,5,0,0,UT
University of Utah,Information,2010,East South Central,10,0,2,UT
University of Utah,Information,2010,Middle Atlantic,1,0,7,UT
University of Utah,Information,2010,Middle Atlantic,5,0,7,UT
University of Utah,Information,2010,Middle Atlantic,10,0,5,UT
University of Utah,Information,2010,Mountain,1,217,221,UT
University of Utah,Information,2010,Mountain,5,295,303,UT
University of Utah,Information,2010,Mountain,10,299,312,UT
University of Utah,Information,2010,New England,1,0,0,UT
University of Utah,Information,2010,New England,5,0,0,UT
University of Utah,Information,2010,New England,10,0,3,UT
University of Utah,Information,2010,Pacific,1,0,10,UT
University of Utah,Information,2010,Pacific,5,0,71,UT
University of Utah,Information,2010,Pacific,10,0,80,UT
University of Utah,Information,2010,South Atlantic,1,0,1,UT
University of Utah,Information,2010,South Atlantic,5,0,0,UT
University of Utah,Information,2010,South Atlantic,10,0,9,UT
University of Utah,Information,2010,West North Central,1,0,0,UT
University of Utah,Information,2010,West North Central,5,0,0,UT
University of Utah,Information,2010,West North Central,10,0,3,UT
University of Utah,Information,2010,West South Central,1,0,2,UT
University of Utah,Information,2010,West South Central,5,0,5,UT
University of Utah,Information,2010,West South Central,10,0,12,UT
University of Utah,Information,2013,East North Central,1,0,2,UT
University of Utah,Information,2013,East North Central,5,0,2,UT
University of Utah,Information,2013,East North Central,10,,,UT
University of Utah,Information,2013,East South Central,1,0,0,UT
University of Utah,Information,2013,East South Central,5,0,0,UT
University of Utah,Information,2013,East South Central,10,,,UT
University of Utah,Information,2013,Middle Atlantic,1,0,4,UT
University of Utah,Information,2013,Middle Atlantic,5,0,9,UT
University of Utah,Information,2013,Middle Atlantic,10,,,UT
University of Utah,Information,2013,Mountain,1,316,316,UT
University of Utah,Information,2013,Mountain,5,379,394,UT
University of Utah,Information,2013,Mountain,10,,,UT
University of Utah,Information,2013,New England,1,0,3,UT
University of Utah,Information,2013,New England,5,0,3,UT
University of Utah,Information,2013,New England,10,,,UT
University of Utah,Information,2013,Pacific,1,0,35,UT
University of Utah,Information,2013,Pacific,5,0,93,UT
University of Utah,Information,2013,Pacific,10,,,UT
University of Utah,Information,2013,South Atlantic,1,0,2,UT
University of Utah,Information,2013,South Atlantic,5,0,5,UT
University of Utah,Information,2013,South Atlantic,10,,,UT
University of Utah,Information,2013,West North Central,1,0,0,UT
University of Utah,Information,2013,West North Central,5,0,1,UT
University of Utah,Information,2013,West North Central,10,,,UT
University of Utah,Information,2013,West South Central,1,0,5,UT
University of Utah,Information,2013,West South Central,5,0,5,UT
University of Utah,Information,2013,West South Central,10,,,UT
University of Utah,Information,2016,East North Central,1,0,5,UT
University of Utah,Information,2016,East North Central,5,0,3,UT
University of Utah,Information,2016,East North Central,10,,,UT
University of Utah,Information,2016,East South Central,1,0,0,UT
University of Utah,Information,2016,East South Central,5,0,3,UT
University of Utah,Information,2016,East South Central,10,,,UT
University of Utah,Information,2016,Middle Atlantic,1,0,5,UT
University of Utah,Information,2016,Middle Atlantic,5,0,13,UT
University of Utah,Information,2016,Middle Atlantic,10,,,UT
University of Utah,Information,2016,Mountain,1,333,341,UT
University of Utah,Information,2016,Mountain,5,450,468,UT
University of Utah,Information,2016,Mountain,10,,,UT
University of Utah,Information,2016,New England,1,0,0,UT
University of Utah,Information,2016,New England,5,0,0,UT
University of Utah,Information,2016,New England,10,,,UT
University of Utah,Information,2016,Pacific,1,0,67,UT
University of Utah,Information,2016,Pacific,5,0,123,UT
University of Utah,Information,2016,Pacific,10,,,UT
University of Utah,Information,2016,South Atlantic,1,0,5,UT
University of Utah,Information,2016,South Atlantic,5,0,12,UT
University of Utah,Information,2016,South Atlantic,10,,,UT
University of Utah,Information,2016,West North Central,1,0,1,UT
University of Utah,Information,2016,West North Central,5,0,2,UT
University of Utah,Information,2016,West North Central,10,,,UT
University of Utah,Information,2016,West South Central,1,0,7,UT
University of Utah,Information,2016,West South Central,5,0,12,UT
University of Utah,Information,2016,West South Central,10,,,UT
University of Utah,Information,2019,East North Central,1,0,7,UT
University of Utah,Information,2019,East North Central,5,,,UT
University of Utah,Information,2019,East North Central,10,,,UT
University of Utah,Information,2019,East South Central,1,0,0,UT
University of Utah,Information,2019,East South Central,5,,,UT
University of Utah,Information,2019,East South Central,10,,,UT
University of Utah,Information,2019,Middle Atlantic,1,0,4,UT
University of Utah,Information,2019,Middle Atlantic,5,,,UT
University of Utah,Information,2019,Middle Atlantic,10,,,UT
University of Utah,Information,2019,Mountain,1,391,396,UT
University of Utah,Information,2019,Mountain,5,,,UT
University of Utah,Information,2019,Mountain,10,,,UT
University of Utah,Information,2019,New England,1,0,2,UT
University of Utah,Information,2019,New England,5,,,UT
University of Utah,Information,2019,New England,10,,,UT
University of Utah,Information,2019,Pacific,1,0,84,UT
University of Utah,Information,2019,Pacific,5,,,UT
University of Utah,Information,2019,Pacific,10,,,UT
University of Utah,Information,2019,South Atlantic,1,0,7,UT
University of Utah,Information,2019,South Atlantic,5,,,UT
University of Utah,Information,2019,South Atlantic,10,,,UT
University of Utah,Information,2019,West North Central,1,0,1,UT
University of Utah,Information,2019,West North Central,5,,,UT
University of Utah,Information,2019,West North Central,10,,,UT
University of Utah,Information,2019,West South Central,1,0,2,UT
University of Utah,Information,2019,West South Central,5,,,UT
University of Utah,Information,2019,West South Central,10,,,UT
University of Utah,Management,2010,East North Central,1,0,0,UT
University of Utah,Management,2010,East North Central,5,0,1,UT
University of Utah,Management,2010,East North Central,10,0,1,UT
University of Utah,Management,2010,East South Central,1,0,0,UT
University of Utah,Management,2010,East South Central,5,0,0,UT
University of Utah,Management,2010,East South Central,10,0,1,UT
University of Utah,Management,2010,Middle Atlantic,1,0,0,UT
University of Utah,Management,2010,Middle Atlantic,5,0,0,UT
University of Utah,Management,2010,Middle Atlantic,10,0,1,UT
University of Utah,Management,2010,Mountain,1,148,148,UT
University of Utah,Management,2010,Mountain,5,110,112,UT
University of Utah,Management,2010,Mountain,10,109,113,UT
University of Utah,Management,2010,New England,1,0,0,UT
University of Utah,Management,2010,New England,5,0,0,UT
University of Utah,Management,2010,New England,10,0,1,UT
University of Utah,Management,2010,Pacific,1,0,3,UT
University of Utah,Management,2010,Pacific,5,0,10,UT
University of Utah,Management,2010,Pacific,10,0,8,UT
University of Utah,Management,2010,South Atlantic,1,0,0,UT
University of Utah,Management,2010,South Atlantic,5,0,1,UT
University of Utah,Management,2010,South Atlantic,10,0,2,UT
University of Utah,Management,2010,West North Central,1,0,0,UT
University of Utah,Management,2010,West North Central,5,0,0,UT
University of Utah,Management,2010,West North Central,10,0,0,UT
University of Utah,Management,2010,West South Central,1,0,1,UT
University of Utah,Management,2010,West South Central,5,0,1,UT
University of Utah,Management,2010,West South Central,10,0,5,UT
University of Utah,Management,2013,East North Central,1,0,0,UT
University of Utah,Management,2013,East North Central,5,0,5,UT
University of Utah,Management,2013,East North Central,10,,,UT
University of Utah,Management,2013,East South Central,1,0,0,UT
University of Utah,Management,2013,East South Central,5,0,0,UT
University of Utah,Management,2013,East South Central,10,,,UT
University of Utah,Management,2013,Middle Atlantic,1,0,0,UT
University of Utah,Management,2013,Middle Atlantic,5,0,9,UT
University of Utah,Management,2013,Middle Atlantic,10,,,UT
University of Utah,Management,2013,Mountain,1,151,154,UT
University of Utah,Management,2013,Mountain,5,150,150,UT
University of Utah,Management,2013,Mountain,10,,,UT
University of Utah,Management,2013,New England,1,0,0,UT
University of Utah,Management,2013,New England,5,0,0,UT
University of Utah,Management,2013,New England,10,,,UT
University of Utah,Management,2013,Pacific,1,0,8,UT
University of Utah,Management,2013,Pacific,5,0,11,UT
University of Utah,Management,2013,Pacific,10,,,UT
University of Utah,Management,2013,South Atlantic,1,0,1,UT
University of Utah,Management,2013,South Atlantic,5,0,2,UT
University of Utah,Management,2013,South Atlantic,10,,,UT
University of Utah,Management,2013,West North Central,1,0,0,UT
University of Utah,Management,2013,West North Central,5,0,1,UT
University of Utah,Management,2013,West North Central,10,,,UT
University of Utah,Management,2013,West South Central,1,0,2,UT
University of Utah,Management,2013,West South Central,5,0,8,UT
University of Utah,Management,2013,West South Central,10,,,UT
University of Utah,Management,2016,East North Central,1,0,2,UT
University of Utah,Management,2016,East North Central,5,0,2,UT
University of Utah,Management,2016,East North Central,10,,,UT
University of Utah,Management,2016,East South Central,1,0,0,UT
University of Utah,Management,2016,East South Central,5,0,0,UT
University of Utah,Management,2016,East South Central,10,,,UT
University of Utah,Management,2016,Middle Atlantic,1,0,2,UT
University of Utah,Management,2016,Middle Atlantic,5,0,6,UT
University of Utah,Management,2016,Middle Atlantic,10,,,UT
University of Utah,Management,2016,Mountain,1,168,169,UT
University of Utah,Management,2016,Mountain,5,145,147,UT
University of Utah,Management,2016,Mountain,10,,,UT
University of Utah,Management,2016,New England,1,0,0,UT
University of Utah,Management,2016,New England,5,0,0,UT
University of Utah,Management,2016,New England,10,,,UT
University of Utah,Management,2016,Pacific,1,0,10,UT
University of Utah,Management,2016,Pacific,5,0,25,UT
University of Utah,Management,2016,Pacific,10,,,UT
University of Utah,Management,2016,South Atlantic,1,0,4,UT
University of Utah,Management,2016,South Atlantic,5,0,1,UT
University of Utah,Management,2016,South Atlantic,10,,,UT
University of Utah,Management,2016,West North Central,1,0,2,UT
University of Utah,Management,2016,West North Central,5,0,0,UT
University of Utah,Management,2016,West North Central,10,,,UT
University of Utah,Management,2016,West South Central,1,0,0,UT
University of Utah,Management,2016,West South Central,5,0,9,UT
University of Utah,Management,2016,West South Central,10,,,UT
University of Utah,Management,2019,East North Central,1,0,0,UT
University of Utah,Management,2019,East North Central,5,,,UT
University of Utah,Management,2019,East North Central,10,,,UT
University of Utah,Management,2019,East South Central,1,0,0,UT
University of Utah,Management,2019,East South Central,5,,,UT
University of Utah,Management,2019,East South Central,10,,,UT
University of Utah,Management,2019,Middle Atlantic,1,0,1,UT
University of Utah,Management,2019,Middle Atlantic,5,,,UT
University of Utah,Management,2019,Middle Atlantic,10,,,UT
University of Utah,Management,2019,Mountain,1,173,174,UT
University of Utah,Management,2019,Mountain,5,,,UT
University of Utah,Management,2019,Mountain,10,,,UT
University of Utah,Management,2019,New England,1,0,0,UT
University of Utah,Management,2019,New England,5,,,UT
University of Utah,Management,2019,New England,10,,,UT
University of Utah,Management,2019,Pacific,1,0,9,UT
University of Utah,Management,2019,Pacific,5,,,UT
University of Utah,Management,2019,Pacific,10,,,UT
University of Utah,Management,2019,South Atlantic,1,0,0,UT
University of Utah,Management,2019,South Atlantic,5,,,UT
University of Utah,Management,2019,South Atlantic,10,,,UT
University of Utah,Management,2019,West North Central,1,0,0,UT
University of Utah,Management,2019,West North Central,5,,,UT
University of Utah,Management,2019,West North Central,10,,,UT
University of Utah,Management,2019,West South Central,1,0,5,UT
University of Utah,Management,2019,West South Central,5,,,UT
University of Utah,Management,2019,West South Central,10,,,UT
University of Utah,Manufacturing,2010,East North Central,1,0,11,UT
University of Utah,Manufacturing,2010,East North Central,5,0,19,UT
University of Utah,Manufacturing,2010,East North Central,10,0,26,UT
University of Utah,Manufacturing,2010,East South Central,1,0,2,UT
University of Utah,Manufacturing,2010,East South Central,5,0,5,UT
University of Utah,Manufacturing,2010,East South Central,10,0,2,UT
University of Utah,Manufacturing,2010,Middle Atlantic,1,0,3,UT
University of Utah,Manufacturing,2010,Middle Atlantic,5,0,13,UT
University of Utah,Manufacturing,2010,Middle Atlantic,10,0,8,UT
University of Utah,Manufacturing,2010,Mountain,1,409,424,UT
University of Utah,Manufacturing,2010,Mountain,5,427,450,UT
University of Utah,Manufacturing,2010,Mountain,10,403,433,UT
University of Utah,Manufacturing,2010,New England,1,0,1,UT
University of Utah,Manufacturing,2010,New England,5,0,4,UT
University of Utah,Manufacturing,2010,New England,10,0,5,UT
University of Utah,Manufacturing,2010,Pacific,1,0,26,UT
University of Utah,Manufacturing,2010,Pacific,5,0,36,UT
University of Utah,Manufacturing,2010,Pacific,10,0,56,UT
University of Utah,Manufacturing,2010,South Atlantic,1,0,3,UT
University of Utah,Manufacturing,2010,South Atlantic,5,0,7,UT
University of Utah,Manufacturing,2010,South Atlantic,10,0,10,UT
University of Utah,Manufacturing,2010,West North Central,1,0,4,UT
University of Utah,Manufacturing,2010,West North Central,5,0,11,UT
University of Utah,Manufacturing,2010,West North Central,10,0,9,UT
University of Utah,Manufacturing,2010,West South Central,1,0,12,UT
University of Utah,Manufacturing,2010,West South Central,5,0,16,UT
University of Utah,Manufacturing,2010,West South Central,10,0,11,UT
University of Utah,Manufacturing,2013,East North Central,1,0,11,UT
University of Utah,Manufacturing,2013,East North Central,5,0,29,UT
University of Utah,Manufacturing,2013,East North Central,10,,,UT
University of Utah,Manufacturing,2013,East South Central,1,0,2,UT
University of Utah,Manufacturing,2013,East South Central,5,0,4,UT
University of Utah,Manufacturing,2013,East South Central,10,,,UT
University of Utah,Manufacturing,2013,Middle Atlantic,1,0,5,UT
University of Utah,Manufacturing,2013,Middle Atlantic,5,0,9,UT
University of Utah,Manufacturing,2013,Middle Atlantic,10,,,UT
University of Utah,Manufacturing,2013,Mountain,1,579,614,UT
University of Utah,Manufacturing,2013,Mountain,5,553,591,UT
University of Utah,Manufacturing,2013,Mountain,10,,,UT
University of Utah,Manufacturing,2013,New England,1,0,4,UT
University of Utah,Manufacturing,2013,New England,5,0,8,UT
University of Utah,Manufacturing,2013,New England,10,,,UT
University of Utah,Manufacturing,2013,Pacific,1,0,50,UT
University of Utah,Manufacturing,2013,Pacific,5,0,63,UT
University of Utah,Manufacturing,2013,Pacific,10,,,UT
University of Utah,Manufacturing,2013,South Atlantic,1,0,11,UT
University of Utah,Manufacturing,2013,South Atlantic,5,0,17,UT
University of Utah,Manufacturing,2013,South Atlantic,10,,,UT
University of Utah,Manufacturing,2013,West North Central,1,0,10,UT
University of Utah,Manufacturing,2013,West North Central,5,0,13,UT
University of Utah,Manufacturing,2013,West North Central,10,,,UT
University of Utah,Manufacturing,2013,West South Central,1,0,19,UT
University of Utah,Manufacturing,2013,West South Central,5,0,15,UT
University of Utah,Manufacturing,2013,West South Central,10,,,UT
University of Utah,Manufacturing,2016,East North Central,1,0,14,UT
University of Utah,Manufacturing,2016,East North Central,5,0,22,UT
University of Utah,Manufacturing,2016,East North Central,10,,,UT
University of Utah,Manufacturing,2016,East South Central,1,0,7,UT
University of Utah,Manufacturing,2016,East South Central,5,0,8,UT
University of Utah,Manufacturing,2016,East South Central,10,,,UT
University of Utah,Manufacturing,2016,Middle Atlantic,1,0,4,UT
University of Utah,Manufacturing,2016,Middle Atlantic,5,0,13,UT
University of Utah,Manufacturing,2016,Middle Atlantic,10,,,UT
University of Utah,Manufacturing,2016,Mountain,1,662,686,UT
University of Utah,Manufacturing,2016,Mountain,5,664,702,UT
University of Utah,Manufacturing,2016,Mountain,10,,,UT
University of Utah,Manufacturing,2016,New England,1,0,3,UT
University of Utah,Manufacturing,2016,New England,5,0,5,UT
University of Utah,Manufacturing,2016,New England,10,,,UT
University of Utah,Manufacturing,2016,Pacific,1,0,46,UT
University of Utah,Manufacturing,2016,Pacific,5,0,82,UT
University of Utah,Manufacturing,2016,Pacific,10,,,UT
University of Utah,Manufacturing,2016,South Atlantic,1,0,12,UT
University of Utah,Manufacturing,2016,South Atlantic,5,0,19,UT
University of Utah,Manufacturing,2016,South Atlantic,10,,,UT
University of Utah,Manufacturing,2016,West North Central,1,0,6,UT
University of Utah,Manufacturing,2016,West North Central,5,0,12,UT
University of Utah,Manufacturing,2016,West North Central,10,,,UT
University of Utah,Manufacturing,2016,West South Central,1,0,7,UT
University of Utah,Manufacturing,2016,West South Central,5,0,17,UT
University of Utah,Manufacturing,2016,West South Central,10,,,UT
University of Utah,Manufacturing,2019,East North Central,1,0,23,UT
University of Utah,Manufacturing,2019,East North Central,5,,,UT
University of Utah,Manufacturing,2019,East North Central,10,,,UT
University of Utah,Manufacturing,2019,East South Central,1,0,6,UT
University of Utah,Manufacturing,2019,East South Central,5,,,UT
University of Utah,Manufacturing,2019,East South Central,10,,,UT
University of Utah,Manufacturing,2019,Middle Atlantic,1,0,8,UT
University of Utah,Manufacturing,2019,Middle Atlantic,5,,,UT
University of Utah,Manufacturing,2019,Middle Atlantic,10,,,UT
University of Utah,Manufacturing,2019,Mountain,1,638,670,UT
University of Utah,Manufacturing,2019,Mountain,5,,,UT
University of Utah,Manufacturing,2019,Mountain,10,,,UT
University of Utah,Manufacturing,2019,New England,1,0,2,UT
University of Utah,Manufacturing,2019,New England,5,,,UT
University of Utah,Manufacturing,2019,New England,10,,,UT
University of Utah,Manufacturing,2019,Pacific,1,0,51,UT
University of Utah,Manufacturing,2019,Pacific,5,,,UT
University of Utah,Manufacturing,2019,Pacific,10,,,UT
University of Utah,Manufacturing,2019,South Atlantic,1,0,11,UT
University of Utah,Manufacturing,2019,South Atlantic,5,,,UT
University of Utah,Manufacturing,2019,South Atlantic,10,,,UT
University of Utah,Manufacturing,2019,West North Central,1,0,15,UT
University of Utah,Manufacturing,2019,West North Central,5,,,UT
University of Utah,Manufacturing,2019,West North Central,10,,,UT
University of Utah,Manufacturing,2019,West South Central,1,0,9,UT
University of Utah,Manufacturing,2019,West South Central,5,,,UT
University of Utah,Manufacturing,2019,West South Central,10,,,UT
University of Utah,Mining,2010,East North Central,1,0,0,UT
University of Utah,Mining,2010,East North Central,5,0,0,UT
University of Utah,Mining,2010,East North Central,10,0,0,UT
University of Utah,Mining,2010,East South Central,1,0,0,UT
University of Utah,Mining,2010,East South Central,5,0,0,UT
University of Utah,Mining,2010,East South Central,10,0,0,UT
University of Utah,Mining,2010,Middle Atlantic,1,0,0,UT
University of Utah,Mining,2010,Middle Atlantic,5,0,0,UT
University of Utah,Mining,2010,Middle Atlantic,10,0,0,UT
University of Utah,Mining,2010,Mountain,1,22,26,UT
University of Utah,Mining,2010,Mountain,5,19,19,UT
University of Utah,Mining,2010,Mountain,10,20,20,UT
University of Utah,Mining,2010,New England,1,0,0,UT
University of Utah,Mining,2010,New England,5,0,0,UT
University of Utah,Mining,2010,New England,10,0,0,UT
University of Utah,Mining,2010,Pacific,1,0,4,UT
University of Utah,Mining,2010,Pacific,5,0,0,UT
University of Utah,Mining,2010,Pacific,10,0,0,UT
University of Utah,Mining,2010,South Atlantic,1,0,0,UT
University of Utah,Mining,2010,South Atlantic,5,0,0,UT
University of Utah,Mining,2010,South Atlantic,10,0,0,UT
University of Utah,Mining,2010,West North Central,1,0,0,UT
University of Utah,Mining,2010,West North Central,5,0,0,UT
University of Utah,Mining,2010,West North Central,10,0,0,UT
University of Utah,Mining,2010,West South Central,1,0,3,UT
University of Utah,Mining,2010,West South Central,5,0,2,UT
University of Utah,Mining,2010,West South Central,10,0,2,UT
University of Utah,Mining,2013,East North Central,1,0,0,UT
University of Utah,Mining,2013,East North Central,5,0,0,UT
University of Utah,Mining,2013,East North Central,10,,,UT
University of Utah,Mining,2013,East South Central,1,0,0,UT
University of Utah,Mining,2013,East South Central,5,0,0,UT
University of Utah,Mining,2013,East South Central,10,,,UT
University of Utah,Mining,2013,Middle Atlantic,1,0,0,UT
University of Utah,Mining,2013,Middle Atlantic,5,0,0,UT
University of Utah,Mining,2013,Middle Atlantic,10,,,UT
University of Utah,Mining,2013,Mountain,1,27,27,UT
University of Utah,Mining,2013,Mountain,5,17,18,UT
University of Utah,Mining,2013,Mountain,10,,,UT
University of Utah,Mining,2013,New England,1,0,0,UT
University of Utah,Mining,2013,New England,5,0,0,UT
University of Utah,Mining,2013,New England,10,,,UT
University of Utah,Mining,2013,Pacific,1,0,0,UT
University of Utah,Mining,2013,Pacific,5,0,2,UT
University of Utah,Mining,2013,Pacific,10,,,UT
University of Utah,Mining,2013,South Atlantic,1,0,0,UT
University of Utah,Mining,2013,South Atlantic,5,0,0,UT
University of Utah,Mining,2013,South Atlantic,10,,,UT
University of Utah,Mining,2013,West North Central,1,0,0,UT
University of Utah,Mining,2013,West North Central,5,0,0,UT
University of Utah,Mining,2013,West North Central,10,,,UT
University of Utah,Mining,2013,West South Central,1,0,3,UT
University of Utah,Mining,2013,West South Central,5,0,4,UT
University of Utah,Mining,2013,West South Central,10,,,UT
University of Utah,Mining,2016,East North Central,1,0,0,UT
University of Utah,Mining,2016,East North Central,5,0,0,UT
University of Utah,Mining,2016,East North Central,10,,,UT
University of Utah,Mining,2016,East South Central,1,0,0,UT
University of Utah,Mining,2016,East South Central,5,0,0,UT
University of Utah,Mining,2016,East South Central,10,,,UT
University of Utah,Mining,2016,Middle Atlantic,1,0,0,UT
University of Utah,Mining,2016,Middle Atlantic,5,0,0,UT
University of Utah,Mining,2016,Middle Atlantic,10,,,UT
University of Utah,Mining,2016,Mountain,1,19,35,UT
University of Utah,Mining,2016,Mountain,5,34,40,UT
University of Utah,Mining,2016,Mountain,10,,,UT
University of Utah,Mining,2016,New England,1,0,0,UT
University of Utah,Mining,2016,New England,5,0,0,UT
University of Utah,Mining,2016,New England,10,,,UT
University of Utah,Mining,2016,Pacific,1,0,2,UT
University of Utah,Mining,2016,Pacific,5,0,1,UT
University of Utah,Mining,2016,Pacific,10,,,UT
University of Utah,Mining,2016,South Atlantic,1,0,0,UT
University of Utah,Mining,2016,South Atlantic,5,0,0,UT
University of Utah,Mining,2016,South Atlantic,10,,,UT
University of Utah,Mining,2016,West North Central,1,0,0,UT
University of Utah,Mining,2016,West North Central,5,0,2,UT
University of Utah,Mining,2016,West North Central,10,,,UT
University of Utah,Mining,2016,West South Central,1,0,4,UT
University of Utah,Mining,2016,West South Central,5,0,3,UT
University of Utah,Mining,2016,West South Central,10,,,UT
University of Utah,Mining,2019,East North Central,1,0,0,UT
University of Utah,Mining,2019,East North Central,5,,,UT
University of Utah,Mining,2019,East North Central,10,,,UT
University of Utah,Mining,2019,East South Central,1,0,0,UT
University of Utah,Mining,2019,East South Central,5,,,UT
University of Utah,Mining,2019,East South Central,10,,,UT
University of Utah,Mining,2019,Middle Atlantic,1,0,0,UT
University of Utah,Mining,2019,Middle Atlantic,5,,,UT
University of Utah,Mining,2019,Middle Atlantic,10,,,UT
University of Utah,Mining,2019,Mountain,1,19,19,UT
University of Utah,Mining,2019,Mountain,5,,,UT
University of Utah,Mining,2019,Mountain,10,,,UT
University of Utah,Mining,2019,New England,1,0,0,UT
University of Utah,Mining,2019,New England,5,,,UT
University of Utah,Mining,2019,New England,10,,,UT
University of Utah,Mining,2019,Pacific,1,0,0,UT
University of Utah,Mining,2019,Pacific,5,,,UT
University of Utah,Mining,2019,Pacific,10,,,UT
University of Utah,Mining,2019,South Atlantic,1,0,0,UT
University of Utah,Mining,2019,South Atlantic,5,,,UT
University of Utah,Mining,2019,South Atlantic,10,,,UT
University of Utah,Mining,2019,West North Central,1,0,0,UT
University of Utah,Mining,2019,West North Central,5,,,UT
University of Utah,Mining,2019,West North Central,10,,,UT
University of Utah,Mining,2019,West South Central,1,0,4,UT
University of Utah,Mining,2019,West South Central,5,,,UT
University of Utah,Mining,2019,West South Central,10,,,UT
University of Utah,Other Services,2010,East North Central,1,0,2,UT
University of Utah,Other Services,2010,East North Central,5,0,1,UT
University of Utah,Other Services,2010,East North Central,10,0,3,UT
University of Utah,Other Services,2010,East South Central,1,0,0,UT
University of Utah,Other Services,2010,East South Central,5,0,0,UT
University of Utah,Other Services,2010,East South Central,10,0,0,UT
University of Utah,Other Services,2010,Middle Atlantic,1,0,0,UT
University of Utah,Other Services,2010,Middle Atlantic,5,0,1,UT
University of Utah,Other Services,2010,Middle Atlantic,10,0,2,UT
University of Utah,Other Services,2010,Mountain,1,89,93,UT
University of Utah,Other Services,2010,Mountain,5,89,92,UT
University of Utah,Other Services,2010,Mountain,10,66,72,UT
University of Utah,Other Services,2010,New England,1,0,0,UT
University of Utah,Other Services,2010,New England,5,0,0,UT
University of Utah,Other Services,2010,New England,10,0,0,UT
University of Utah,Other Services,2010,Pacific,1,0,6,UT
University of Utah,Other Services,2010,Pacific,5,0,16,UT
University of Utah,Other Services,2010,Pacific,10,0,20,UT
University of Utah,Other Services,2010,South Atlantic,1,0,3,UT
University of Utah,Other Services,2010,South Atlantic,5,0,2,UT
University of Utah,Other Services,2010,South Atlantic,10,0,3,UT
University of Utah,Other Services,2010,West North Central,1,0,1,UT
University of Utah,Other Services,2010,West North Central,5,0,0,UT
University of Utah,Other Services,2010,West North Central,10,0,0,UT
University of Utah,Other Services,2010,West South Central,1,0,1,UT
University of Utah,Other Services,2010,West South Central,5,0,4,UT
University of Utah,Other Services,2010,West South Central,10,0,6,UT
University of Utah,Other Services,2013,East North Central,1,0,1,UT
University of Utah,Other Services,2013,East North Central,5,0,3,UT
University of Utah,Other Services,2013,East North Central,10,,,UT
University of Utah,Other Services,2013,East South Central,1,0,0,UT
University of Utah,Other Services,2013,East South Central,5,0,0,UT
University of Utah,Other Services,2013,East South Central,10,,,UT
University of Utah,Other Services,2013,Middle Atlantic,1,0,1,UT
University of Utah,Other Services,2013,Middle Atlantic,5,0,5,UT
University of Utah,Other Services,2013,Middle Atlantic,10,,,UT
University of Utah,Other Services,2013,Mountain,1,136,140,UT
University of Utah,Other Services,2013,Mountain,5,124,128,UT
University of Utah,Other Services,2013,Mountain,10,,,UT
University of Utah,Other Services,2013,New England,1,0,0,UT
University of Utah,Other Services,2013,New England,5,0,0,UT
University of Utah,Other Services,2013,New England,10,,,UT
University of Utah,Other Services,2013,Pacific,1,0,10,UT
University of Utah,Other Services,2013,Pacific,5,0,17,UT
University of Utah,Other Services,2013,Pacific,10,,,UT
University of Utah,Other Services,2013,South Atlantic,1,0,4,UT
University of Utah,Other Services,2013,South Atlantic,5,0,0,UT
University of Utah,Other Services,2013,South Atlantic,10,,,UT
University of Utah,Other Services,2013,West North Central,1,0,0,UT
University of Utah,Other Services,2013,West North Central,5,0,0,UT
University of Utah,Other Services,2013,West North Central,10,,,UT
University of Utah,Other Services,2013,West South Central,1,0,1,UT
University of Utah,Other Services,2013,West South Central,5,0,3,UT
University of Utah,Other Services,2013,West South Central,10,,,UT
University of Utah,Other Services,2016,East North Central,1,0,0,UT
University of Utah,Other Services,2016,East North Central,5,0,7,UT
University of Utah,Other Services,2016,East North Central,10,,,UT
University of Utah,Other Services,2016,East South Central,1,0,0,UT
University of Utah,Other Services,2016,East South Central,5,0,1,UT
University of Utah,Other Services,2016,East South Central,10,,,UT
University of Utah,Other Services,2016,Middle Atlantic,1,0,1,UT
University of Utah,Other Services,2016,Middle Atlantic,5,0,1,UT
University of Utah,Other Services,2016,Middle Atlantic,10,,,UT
University of Utah,Other Services,2016,Mountain,1,117,120,UT
University of Utah,Other Services,2016,Mountain,5,103,108,UT
University of Utah,Other Services,2016,Mountain,10,,,UT
University of Utah,Other Services,2016,New England,1,0,0,UT
University of Utah,Other Services,2016,New England,5,0,0,UT
University of Utah,Other Services,2016,New England,10,,,UT
University of Utah,Other Services,2016,Pacific,1,0,18,UT
University of Utah,Other Services,2016,Pacific,5,0,18,UT
University of Utah,Other Services,2016,Pacific,10,,,UT
University of Utah,Other Services,2016,South Atlantic,1,0,0,UT
University of Utah,Other Services,2016,South Atlantic,5,0,4,UT
University of Utah,Other Services,2016,South Atlantic,10,,,UT
University of Utah,Other Services,2016,West North Central,1,0,1,UT
University of Utah,Other Services,2016,West North Central,5,0,3,UT
University of Utah,Other Services,2016,West North Central,10,,,UT
University of Utah,Other Services,2016,West South Central,1,0,5,UT
University of Utah,Other Services,2016,West South Central,5,0,2,UT
University of Utah,Other Services,2016,West South Central,10,,,UT
University of Utah,Other Services,2019,East North Central,1,0,3,UT
University of Utah,Other Services,2019,East North Central,5,,,UT
University of Utah,Other Services,2019,East North Central,10,,,UT
University of Utah,Other Services,2019,East South Central,1,0,0,UT
University of Utah,Other Services,2019,East South Central,5,,,UT
University of Utah,Other Services,2019,East South Central,10,,,UT
University of Utah,Other Services,2019,Middle Atlantic,1,0,5,UT
University of Utah,Other Services,2019,Middle Atlantic,5,,,UT
University of Utah,Other Services,2019,Middle Atlantic,10,,,UT
University of Utah,Other Services,2019,Mountain,1,116,122,UT
University of Utah,Other Services,2019,Mountain,5,,,UT
University of Utah,Other Services,2019,Mountain,10,,,UT
University of Utah,Other Services,2019,New England,1,0,0,UT
University of Utah,Other Services,2019,New England,5,,,UT
University of Utah,Other Services,2019,New England,10,,,UT
University of Utah,Other Services,2019,Pacific,1,0,8,UT
University of Utah,Other Services,2019,Pacific,5,,,UT
University of Utah,Other Services,2019,Pacific,10,,,UT
University of Utah,Other Services,2019,South Atlantic,1,0,4,UT
University of Utah,Other Services,2019,South Atlantic,5,,,UT
University of Utah,Other Services,2019,South Atlantic,10,,,UT
University of Utah,Other Services,2019,West North Central,1,0,0,UT
University of Utah,Other Services,2019,West North Central,5,,,UT
University of Utah,Other Services,2019,West North Central,10,,,UT
University of Utah,Other Services,2019,West South Central,1,0,2,UT
University of Utah,Other Services,2019,West South Central,5,,,UT
University of Utah,Other Services,2019,West South Central,10,,,UT
University of Utah,Professional Services,2010,East North Central,1,0,16,UT
University of Utah,Professional Services,2010,East North Central,5,0,27,UT
University of Utah,Professional Services,2010,East North Central,10,0,33,UT
University of Utah,Professional Services,2010,East South Central,1,0,5,UT
University of Utah,Professional Services,2010,East South Central,5,0,4,UT
University of Utah,Professional Services,2010,East South Central,10,0,4,UT
University of Utah,Professional Services,2010,Middle Atlantic,1,0,16,UT
University of Utah,Professional Services,2010,Middle Atlantic,5,0,21,UT
University of Utah,Professional Services,2010,Middle Atlantic,10,0,37,UT
University of Utah,Professional Services,2010,Mountain,1,852,875,UT
University of Utah,Professional Services,2010,Mountain,5,929,979,UT
University of Utah,Professional Services,2010,Mountain,10,937,1002,UT
University of Utah,Professional Services,2010,New England,1,0,0,UT
University of Utah,Professional Services,2010,New England,5,0,4,UT
University of Utah,Professional Services,2010,New England,10,0,13,UT
University of Utah,Professional Services,2010,Pacific,1,0,66,UT
University of Utah,Professional Services,2010,Pacific,5,0,119,UT
University of Utah,Professional Services,2010,Pacific,10,0,154,UT
University of Utah,Professional Services,2010,South Atlantic,1,0,23,UT
University of Utah,Professional Services,2010,South Atlantic,5,0,51,UT
University of Utah,Professional Services,2010,South Atlantic,10,0,60,UT
University of Utah,Professional Services,2010,West North Central,1,0,1,UT
University of Utah,Professional Services,2010,West North Central,5,0,10,UT
University of Utah,Professional Services,2010,West North Central,10,0,17,UT
University of Utah,Professional Services,2010,West South Central,1,0,14,UT
University of Utah,Professional Services,2010,West South Central,5,0,26,UT
University of Utah,Professional Services,2010,West South Central,10,0,55,UT
University of Utah,Professional Services,2013,East North Central,1,0,14,UT
University of Utah,Professional Services,2013,East North Central,5,0,35,UT
University of Utah,Professional Services,2013,East North Central,10,,,UT
University of Utah,Professional Services,2013,East South Central,1,0,2,UT
University of Utah,Professional Services,2013,East South Central,5,0,5,UT
University of Utah,Professional Services,2013,East South Central,10,,,UT
University of Utah,Professional Services,2013,Middle Atlantic,1,0,9,UT
University of Utah,Professional Services,2013,Middle Atlantic,5,0,47,UT
University of Utah,Professional Services,2013,Middle Atlantic,10,,,UT
University of Utah,Professional Services,2013,Mountain,1,1321,1372,UT
University of Utah,Professional Services,2013,Mountain,5,1327,1437,UT
University of Utah,Professional Services,2013,Mountain,10,,,UT
University of Utah,Professional Services,2013,New England,1,0,7,UT
University of Utah,Professional Services,2013,New England,5,0,20,UT
University of Utah,Professional Services,2013,New England,10,,,UT
University of Utah,Professional Services,2013,Pacific,1,0,82,UT
University of Utah,Professional Services,2013,Pacific,5,0,186,UT
University of Utah,Professional Services,2013,Pacific,10,,,UT
University of Utah,Professional Services,2013,South Atlantic,1,0,20,UT
University of Utah,Professional Services,2013,South Atlantic,5,0,65,UT
University of Utah,Professional Services,2013,South Atlantic,10,,,UT
University of Utah,Professional Services,2013,West North Central,1,0,6,UT
University of Utah,Professional Services,2013,West North Central,5,0,20,UT
University of Utah,Professional Services,2013,West North Central,10,,,UT
University of Utah,Professional Services,2013,West South Central,1,0,35,UT
University of Utah,Professional Services,2013,West South Central,5,0,57,UT
University of Utah,Professional Services,2013,West South Central,10,,,UT
University of Utah,Professional Services,2016,East North Central,1,0,27,UT
University of Utah,Professional Services,2016,East North Central,5,0,49,UT
University of Utah,Professional Services,2016,East North Central,10,,,UT
University of Utah,Professional Services,2016,East South Central,1,0,6,UT
University of Utah,Professional Services,2016,East South Central,5,0,9,UT
University of Utah,Professional Services,2016,East South Central,10,,,UT
University of Utah,Professional Services,2016,Middle Atlantic,1,0,23,UT
University of Utah,Professional Services,2016,Middle Atlantic,5,0,62,UT
University of Utah,Professional Services,2016,Middle Atlantic,10,,,UT
University of Utah,Professional Services,2016,Mountain,1,1419,1474,UT
University of Utah,Professional Services,2016,Mountain,5,1566,1684,UT
University of Utah,Professional Services,2016,Mountain,10,,,UT
University of Utah,Professional Services,2016,New England,1,0,7,UT
University of Utah,Professional Services,2016,New England,5,0,19,UT
University of Utah,Professional Services,2016,New England,10,,,UT
University of Utah,Professional Services,2016,Pacific,1,0,104,UT
University of Utah,Professional Services,2016,Pacific,5,0,229,UT
University of Utah,Professional Services,2016,Pacific,10,,,UT
University of Utah,Professional Services,2016,South Atlantic,1,0,45,UT
University of Utah,Professional Services,2016,South Atlantic,5,0,81,UT
University of Utah,Professional Services,2016,South Atlantic,10,,,UT
University of Utah,Professional Services,2016,West North Central,1,0,9,UT
University of Utah,Professional Services,2016,West North Central,5,0,13,UT
University of Utah,Professional Services,2016,West North Central,10,,,UT
University of Utah,Professional Services,2016,West South Central,1,0,28,UT
University of Utah,Professional Services,2016,West South Central,5,0,51,UT
University of Utah,Professional Services,2016,West South Central,10,,,UT
University of Utah,Professional Services,2019,East North Central,1,0,25,UT
University of Utah,Professional Services,2019,East North Central,5,,,UT
University of Utah,Professional Services,2019,East North Central,10,,,UT
University of Utah,Professional Services,2019,East South Central,1,0,3,UT
University of Utah,Professional Services,2019,East South Central,5,,,UT
University of Utah,Professional Services,2019,East South Central,10,,,UT
University of Utah,Professional Services,2019,Middle Atlantic,1,0,32,UT
University of Utah,Professional Services,2019,Middle Atlantic,5,,,UT
University of Utah,Professional Services,2019,Middle Atlantic,10,,,UT
University of Utah,Professional Services,2019,Mountain,1,1517,1581,UT
University of Utah,Professional Services,2019,Mountain,5,,,UT
University of Utah,Professional Services,2019,Mountain,10,,,UT
University of Utah,Professional Services,2019,New England,1,0,8,UT
University of Utah,Professional Services,2019,New England,5,,,UT
University of Utah,Professional Services,2019,New England,10,,,UT
University of Utah,Professional Services,2019,Pacific,1,0,105,UT
University of Utah,Professional Services,2019,Pacific,5,,,UT
University of Utah,Professional Services,2019,Pacific,10,,,UT
University of Utah,Professional Services,2019,South Atlantic,1,0,42,UT
University of Utah,Professional Services,2019,South Atlantic,5,,,UT
University of Utah,Professional Services,2019,South Atlantic,10,,,UT
University of Utah,Professional Services,2019,West North Central,1,0,11,UT
University of Utah,Professional Services,2019,West North Central,5,,,UT
University of Utah,Professional Services,2019,West North Central,10,,,UT
University of Utah,Professional Services,2019,West South Central,1,0,35,UT
University of Utah,Professional Services,2019,West South Central,5,,,UT
University of Utah,Professional Services,2019,West South Central,10,,,UT
University of Utah,Public Admin,2010,East North Central,1,0,2,UT
University of Utah,Public Admin,2010,East North Central,5,0,7,UT
University of Utah,Public Admin,2010,East North Central,10,0,8,UT
University of Utah,Public Admin,2010,East South Central,1,0,0,UT
University of Utah,Public Admin,2010,East South Central,5,0,1,UT
University of Utah,Public Admin,2010,East South Central,10,0,1,UT
University of Utah,Public Admin,2010,Middle Atlantic,1,0,3,UT
University of Utah,Public Admin,2010,Middle Atlantic,5,0,4,UT
University of Utah,Public Admin,2010,Middle Atlantic,10,0,6,UT
University of Utah,Public Admin,2010,Mountain,1,221,230,UT
University of Utah,Public Admin,2010,Mountain,5,298,326,UT
University of Utah,Public Admin,2010,Mountain,10,321,356,UT
University of Utah,Public Admin,2010,New England,1,0,0,UT
University of Utah,Public Admin,2010,New England,5,0,0,UT
University of Utah,Public Admin,2010,New England,10,0,0,UT
University of Utah,Public Admin,2010,Pacific,1,0,14,UT
University of Utah,Public Admin,2010,Pacific,5,0,28,UT
University of Utah,Public Admin,2010,Pacific,10,0,34,UT
University of Utah,Public Admin,2010,South Atlantic,1,0,0,UT
University of Utah,Public Admin,2010,South Atlantic,5,0,17,UT
University of Utah,Public Admin,2010,South Atlantic,10,0,23,UT
University of Utah,Public Admin,2010,West North Central,1,0,1,UT
University of Utah,Public Admin,2010,West North Central,5,0,6,UT
University of Utah,Public Admin,2010,West North Central,10,0,3,UT
University of Utah,Public Admin,2010,West South Central,1,0,7,UT
University of Utah,Public Admin,2010,West South Central,5,0,16,UT
University of Utah,Public Admin,2010,West South Central,10,0,8,UT
University of Utah,Public Admin,2013,East North Central,1,0,7,UT
University of Utah,Public Admin,2013,East North Central,5,0,4,UT
University of Utah,Public Admin,2013,East North Central,10,,,UT
University of Utah,Public Admin,2013,East South Central,1,0,1,UT
University of Utah,Public Admin,2013,East South Central,5,0,2,UT
University of Utah,Public Admin,2013,East South Central,10,,,UT
University of Utah,Public Admin,2013,Middle Atlantic,1,0,3,UT
University of Utah,Public Admin,2013,Middle Atlantic,5,0,9,UT
University of Utah,Public Admin,2013,Middle Atlantic,10,,,UT
University of Utah,Public Admin,2013,Mountain,1,347,363,UT
University of Utah,Public Admin,2013,Mountain,5,400,421,UT
University of Utah,Public Admin,2013,Mountain,10,,,UT
University of Utah,Public Admin,2013,New England,1,0,1,UT
University of Utah,Public Admin,2013,New England,5,0,1,UT
University of Utah,Public Admin,2013,New England,10,,,UT
University of Utah,Public Admin,2013,Pacific,1,0,14,UT
University of Utah,Public Admin,2013,Pacific,5,0,38,UT
University of Utah,Public Admin,2013,Pacific,10,,,UT
University of Utah,Public Admin,2013,South Atlantic,1,0,10,UT
University of Utah,Public Admin,2013,South Atlantic,5,0,26,UT
University of Utah,Public Admin,2013,South Atlantic,10,,,UT
University of Utah,Public Admin,2013,West North Central,1,0,4,UT
University of Utah,Public Admin,2013,West North Central,5,0,4,UT
University of Utah,Public Admin,2013,West North Central,10,,,UT
University of Utah,Public Admin,2013,West South Central,1,0,7,UT
University of Utah,Public Admin,2013,West South Central,5,0,9,UT
University of Utah,Public Admin,2013,West South Central,10,,,UT
University of Utah,Public Admin,2016,East North Central,1,0,5,UT
University of Utah,Public Admin,2016,East North Central,5,0,17,UT
University of Utah,Public Admin,2016,East North Central,10,,,UT
University of Utah,Public Admin,2016,East South Central,1,0,2,UT
University of Utah,Public Admin,2016,East South Central,5,0,2,UT
University of Utah,Public Admin,2016,East South Central,10,,,UT
University of Utah,Public Admin,2016,Middle Atlantic,1,0,6,UT
University of Utah,Public Admin,2016,Middle Atlantic,5,0,11,UT
University of Utah,Public Admin,2016,Middle Atlantic,10,,,UT
University of Utah,Public Admin,2016,Mountain,1,321,332,UT
University of Utah,Public Admin,2016,Mountain,5,365,403,UT
University of Utah,Public Admin,2016,Mountain,10,,,UT
University of Utah,Public Admin,2016,New England,1,0,0,UT
University of Utah,Public Admin,2016,New England,5,0,1,UT
University of Utah,Public Admin,2016,New England,10,,,UT
University of Utah,Public Admin,2016,Pacific,1,0,27,UT
University of Utah,Public Admin,2016,Pacific,5,0,34,UT
University of Utah,Public Admin,2016,Pacific,10,,,UT
University of Utah,Public Admin,2016,South Atlantic,1,0,13,UT
University of Utah,Public Admin,2016,South Atlantic,5,0,20,UT
University of Utah,Public Admin,2016,South Atlantic,10,,,UT
University of Utah,Public Admin,2016,West North Central,1,0,2,UT
University of Utah,Public Admin,2016,West North Central,5,0,2,UT
University of Utah,Public Admin,2016,West North Central,10,,,UT
University of Utah,Public Admin,2016,West South Central,1,0,12,UT
University of Utah,Public Admin,2016,West South Central,5,0,10,UT
University of Utah,Public Admin,2016,West South Central,10,,,UT
University of Utah,Public Admin,2019,East North Central,1,0,6,UT
University of Utah,Public Admin,2019,East North Central,5,,,UT
University of Utah,Public Admin,2019,East North Central,10,,,UT
University of Utah,Public Admin,2019,East South Central,1,0,0,UT
University of Utah,Public Admin,2019,East South Central,5,,,UT
University of Utah,Public Admin,2019,East South Central,10,,,UT
University of Utah,Public Admin,2019,Middle Atlantic,1,0,7,UT
University of Utah,Public Admin,2019,Middle Atlantic,5,,,UT
University of Utah,Public Admin,2019,Middle Atlantic,10,,,UT
University of Utah,Public Admin,2019,Mountain,1,403,420,UT
University of Utah,Public Admin,2019,Mountain,5,,,UT
University of Utah,Public Admin,2019,Mountain,10,,,UT
University of Utah,Public Admin,2019,New England,1,0,3,UT
University of Utah,Public Admin,2019,New England,5,,,UT
University of Utah,Public Admin,2019,New England,10,,,UT
University of Utah,Public Admin,2019,Pacific,1,0,6,UT
University of Utah,Public Admin,2019,Pacific,5,,,UT
University of Utah,Public Admin,2019,Pacific,10,,,UT
University of Utah,Public Admin,2019,South Atlantic,1,0,10,UT
University of Utah,Public Admin,2019,South Atlantic,5,,,UT
University of Utah,Public Admin,2019,South Atlantic,10,,,UT
University of Utah,Public Admin,2019,West North Central,1,0,3,UT
University of Utah,Public Admin,2019,West North Central,5,,,UT
University of Utah,Public Admin,2019,West North Central,10,,,UT
University of Utah,Public Admin,2019,West South Central,1,0,8,UT
University of Utah,Public Admin,2019,West South Central,5,,,UT
University of Utah,Public Admin,2019,West South Central,10,,,UT
University of Utah,Real Estate,2010,East North Central,1,0,0,UT
University of Utah,Real Estate,2010,East North Central,5,0,1,UT
University of Utah,Real Estate,2010,East North Central,10,0,0,UT
University of Utah,Real Estate,2010,East South Central,1,0,0,UT
University of Utah,Real Estate,2010,East South Central,5,0,0,UT
University of Utah,Real Estate,2010,East South Central,10,0,0,UT
University of Utah,Real Estate,2010,Middle Atlantic,1,0,0,UT
University of Utah,Real Estate,2010,Middle Atlantic,5,0,0,UT
University of Utah,Real Estate,2010,Middle Atlantic,10,0,2,UT
University of Utah,Real Estate,2010,Mountain,1,81,82,UT
University of Utah,Real Estate,2010,Mountain,5,80,81,UT
University of Utah,Real Estate,2010,Mountain,10,81,88,UT
University of Utah,Real Estate,2010,New England,1,0,0,UT
University of Utah,Real Estate,2010,New England,5,0,0,UT
University of Utah,Real Estate,2010,New England,10,0,1,UT
University of Utah,Real Estate,2010,Pacific,1,0,5,UT
University of Utah,Real Estate,2010,Pacific,5,0,13,UT
University of Utah,Real Estate,2010,Pacific,10,0,9,UT
University of Utah,Real Estate,2010,South Atlantic,1,0,2,UT
University of Utah,Real Estate,2010,South Atlantic,5,0,0,UT
University of Utah,Real Estate,2010,South Atlantic,10,0,2,UT
University of Utah,Real Estate,2010,West North Central,1,0,0,UT
University of Utah,Real Estate,2010,West North Central,5,0,0,UT
University of Utah,Real Estate,2010,West North Central,10,0,0,UT
University of Utah,Real Estate,2010,West South Central,1,0,0,UT
University of Utah,Real Estate,2010,West South Central,5,0,3,UT
University of Utah,Real Estate,2010,West South Central,10,0,5,UT
University of Utah,Real Estate,2013,East North Central,1,0,2,UT
University of Utah,Real Estate,2013,East North Central,5,0,1,UT
University of Utah,Real Estate,2013,East North Central,10,,,UT
University of Utah,Real Estate,2013,East South Central,1,0,0,UT
University of Utah,Real Estate,2013,East South Central,5,0,0,UT
University of Utah,Real Estate,2013,East South Central,10,,,UT
University of Utah,Real Estate,2013,Middle Atlantic,1,0,2,UT
University of Utah,Real Estate,2013,Middle Atlantic,5,0,1,UT
University of Utah,Real Estate,2013,Middle Atlantic,10,,,UT
University of Utah,Real Estate,2013,Mountain,1,105,107,UT
University of Utah,Real Estate,2013,Mountain,5,105,112,UT
University of Utah,Real Estate,2013,Mountain,10,,,UT
University of Utah,Real Estate,2013,New England,1,0,0,UT
University of Utah,Real Estate,2013,New England,5,0,0,UT
University of Utah,Real Estate,2013,New England,10,,,UT
University of Utah,Real Estate,2013,Pacific,1,0,4,UT
University of Utah,Real Estate,2013,Pacific,5,0,13,UT
University of Utah,Real Estate,2013,Pacific,10,,,UT
University of Utah,Real Estate,2013,South Atlantic,1,0,0,UT
University of Utah,Real Estate,2013,South Atlantic,5,0,2,UT
University of Utah,Real Estate,2013,South Atlantic,10,,,UT
University of Utah,Real Estate,2013,West North Central,1,0,0,UT
University of Utah,Real Estate,2013,West North Central,5,0,0,UT
University of Utah,Real Estate,2013,West North Central,10,,,UT
University of Utah,Real Estate,2013,West South Central,1,0,2,UT
University of Utah,Real Estate,2013,West South Central,5,0,8,UT
University of Utah,Real Estate,2013,West South Central,10,,,UT
University of Utah,Real Estate,2016,East North Central,1,0,1,UT
University of Utah,Real Estate,2016,East North Central,5,0,1,UT
University of Utah,Real Estate,2016,East North Central,10,,,UT
University of Utah,Real Estate,2016,East South Central,1,0,0,UT
University of Utah,Real Estate,2016,East South Central,5,0,0,UT
University of Utah,Real Estate,2016,East South Central,10,,,UT
University of Utah,Real Estate,2016,Middle Atlantic,1,0,1,UT
University of Utah,Real Estate,2016,Middle Atlantic,5,0,2,UT
University of Utah,Real Estate,2016,Middle Atlantic,10,,,UT
University of Utah,Real Estate,2016,Mountain,1,105,106,UT
University of Utah,Real Estate,2016,Mountain,5,130,132,UT
University of Utah,Real Estate,2016,Mountain,10,,,UT
University of Utah,Real Estate,2016,New England,1,0,0,UT
University of Utah,Real Estate,2016,New England,5,0,0,UT
University of Utah,Real Estate,2016,New England,10,,,UT
University of Utah,Real Estate,2016,Pacific,1,0,7,UT
University of Utah,Real Estate,2016,Pacific,5,0,11,UT
University of Utah,Real Estate,2016,Pacific,10,,,UT
University of Utah,Real Estate,2016,South Atlantic,1,0,0,UT
University of Utah,Real Estate,2016,South Atlantic,5,0,1,UT
University of Utah,Real Estate,2016,South Atlantic,10,,,UT
University of Utah,Real Estate,2016,West North Central,1,0,0,UT
University of Utah,Real Estate,2016,West North Central,5,0,1,UT
University of Utah,Real Estate,2016,West North Central,10,,,UT
University of Utah,Real Estate,2016,West South Central,1,0,1,UT
University of Utah,Real Estate,2016,West South Central,5,0,4,UT
University of Utah,Real Estate,2016,West South Central,10,,,UT
University of Utah,Real Estate,2019,East North Central,1,0,0,UT
University of Utah,Real Estate,2019,East North Central,5,,,UT
University of Utah,Real Estate,2019,East North Central,10,,,UT
University of Utah,Real Estate,2019,East South Central,1,0,0,UT
University of Utah,Real Estate,2019,East South Central,5,,,UT
University of Utah,Real Estate,2019,East South Central,10,,,UT
University of Utah,Real Estate,2019,Middle Atlantic,1,0,0,UT
University of Utah,Real Estate,2019,Middle Atlantic,5,,,UT
University of Utah,Real Estate,2019,Middle Atlantic,10,,,UT
University of Utah,Real Estate,2019,Mountain,1,118,120,UT
University of Utah,Real Estate,2019,Mountain,5,,,UT
University of Utah,Real Estate,2019,Mountain,10,,,UT
University of Utah,Real Estate,2019,New England,1,0,0,UT
University of Utah,Real Estate,2019,New England,5,,,UT
University of Utah,Real Estate,2019,New England,10,,,UT
University of Utah,Real Estate,2019,Pacific,1,0,9,UT
University of Utah,Real Estate,2019,Pacific,5,,,UT
University of Utah,Real Estate,2019,Pacific,10,,,UT
University of Utah,Real Estate,2019,South Atlantic,1,0,1,UT
University of Utah,Real Estate,2019,South Atlantic,5,,,UT
University of Utah,Real Estate,2019,South Atlantic,10,,,UT
University of Utah,Real Estate,2019,West North Central,1,0,0,UT
University of Utah,Real Estate,2019,West North Central,5,,,UT
University of Utah,Real Estate,2019,West North Central,10,,,UT
University of Utah,Real Estate,2019,West South Central,1,0,0,UT
University of Utah,Real Estate,2019,West South Central,5,,,UT
University of Utah,Real Estate,2019,West South Central,10,,,UT
University of Utah,Retail,2010,East North Central,1,0,10,UT
University of Utah,Retail,2010,East North Central,5,0,18,UT
University of Utah,Retail,2010,East North Central,10,0,17,UT
University of Utah,Retail,2010,East South Central,1,0,1,UT
University of Utah,Retail,2010,East South Central,5,0,4,UT
University of Utah,Retail,2010,East South Central,10,0,5,UT
University of Utah,Retail,2010,Middle Atlantic,1,0,14,UT
University of Utah,Retail,2010,Middle Atlantic,5,0,14,UT
University of Utah,Retail,2010,Middle Atlantic,10,0,11,UT
University of Utah,Retail,2010,Mountain,1,581,599,UT
University of Utah,Retail,2010,Mountain,5,410,447,UT
University of Utah,Retail,2010,Mountain,10,319,334,UT
University of Utah,Retail,2010,New England,1,0,0,UT
University of Utah,Retail,2010,New England,5,0,2,UT
University of Utah,Retail,2010,New England,10,0,5,UT
University of Utah,Retail,2010,Pacific,1,0,32,UT
University of Utah,Retail,2010,Pacific,5,0,49,UT
University of Utah,Retail,2010,Pacific,10,0,55,UT
University of Utah,Retail,2010,South Atlantic,1,0,12,UT
University of Utah,Retail,2010,South Atlantic,5,0,15,UT
University of Utah,Retail,2010,South Atlantic,10,0,21,UT
University of Utah,Retail,2010,West North Central,1,0,2,UT
University of Utah,Retail,2010,West North Central,5,0,15,UT
University of Utah,Retail,2010,West North Central,10,0,8,UT
University of Utah,Retail,2010,West South Central,1,0,1,UT
University of Utah,Retail,2010,West South Central,5,0,13,UT
University of Utah,Retail,2010,West South Central,10,0,17,UT
University of Utah,Retail,2013,East North Central,1,0,13,UT
University of Utah,Retail,2013,East North Central,5,0,21,UT
University of Utah,Retail,2013,East North Central,10,,,UT
University of Utah,Retail,2013,East South Central,1,0,2,UT
University of Utah,Retail,2013,East South Central,5,0,6,UT
University of Utah,Retail,2013,East South Central,10,,,UT
University of Utah,Retail,2013,Middle Atlantic,1,0,15,UT
University of Utah,Retail,2013,Middle Atlantic,5,0,18,UT
University of Utah,Retail,2013,Middle Atlantic,10,,,UT
University of Utah,Retail,2013,Mountain,1,659,681,UT
University of Utah,Retail,2013,Mountain,5,458,495,UT
University of Utah,Retail,2013,Mountain,10,,,UT
University of Utah,Retail,2013,New England,1,0,3,UT
University of Utah,Retail,2013,New England,5,0,4,UT
University of Utah,Retail,2013,New England,10,,,UT
University of Utah,Retail,2013,Pacific,1,0,42,UT
University of Utah,Retail,2013,Pacific,5,0,63,UT
University of Utah,Retail,2013,Pacific,10,,,UT
University of Utah,Retail,2013,South Atlantic,1,0,18,UT
University of Utah,Retail,2013,South Atlantic,5,0,16,UT
University of Utah,Retail,2013,South Atlantic,10,,,UT
University of Utah,Retail,2013,West North Central,1,0,14,UT
University of Utah,Retail,2013,West North Central,5,0,10,UT
University of Utah,Retail,2013,West North Central,10,,,UT
University of Utah,Retail,2013,West South Central,1,0,6,UT
University of Utah,Retail,2013,West South Central,5,0,22,UT
University of Utah,Retail,2013,West South Central,10,,,UT
University of Utah,Retail,2016,East North Central,1,0,20,UT
University of Utah,Retail,2016,East North Central,5,0,13,UT
University of Utah,Retail,2016,East North Central,10,,,UT
University of Utah,Retail,2016,East South Central,1,0,2,UT
University of Utah,Retail,2016,East South Central,5,0,8,UT
University of Utah,Retail,2016,East South Central,10,,,UT
University of Utah,Retail,2016,Middle Atlantic,1,0,13,UT
University of Utah,Retail,2016,Middle Atlantic,5,0,24,UT
University of Utah,Retail,2016,Middle Atlantic,10,,,UT
University of Utah,Retail,2016,Mountain,1,593,617,UT
University of Utah,Retail,2016,Mountain,5,375,409,UT
University of Utah,Retail,2016,Mountain,10,,,UT
University of Utah,Retail,2016,New England,1,0,0,UT
University of Utah,Retail,2016,New England,5,0,6,UT
University of Utah,Retail,2016,New England,10,,,UT
University of Utah,Retail,2016,Pacific,1,0,51,UT
University of Utah,Retail,2016,Pacific,5,0,40,UT
University of Utah,Retail,2016,Pacific,10,,,UT
University of Utah,Retail,2016,South Atlantic,1,0,13,UT
University of Utah,Retail,2016,South Atlantic,5,0,27,UT
University of Utah,Retail,2016,South Atlantic,10,,,UT
University of Utah,Retail,2016,West North Central,1,0,6,UT
University of Utah,Retail,2016,West North Central,5,0,12,UT
University of Utah,Retail,2016,West North Central,10,,,UT
University of Utah,Retail,2016,West South Central,1,0,9,UT
University of Utah,Retail,2016,West South Central,5,0,15,UT
University of Utah,Retail,2016,West South Central,10,,,UT
University of Utah,Retail,2019,East North Central,1,0,20,UT
University of Utah,Retail,2019,East North Central,5,,,UT
University of Utah,Retail,2019,East North Central,10,,,UT
University of Utah,Retail,2019,East South Central,1,0,6,UT
University of Utah,Retail,2019,East South Central,5,,,UT
University of Utah,Retail,2019,East South Central,10,,,UT
University of Utah,Retail,2019,Middle Atlantic,1,0,8,UT
University of Utah,Retail,2019,Middle Atlantic,5,,,UT
University of Utah,Retail,2019,Middle Atlantic,10,,,UT
University of Utah,Retail,2019,Mountain,1,585,614,UT
University of Utah,Retail,2019,Mountain,5,,,UT
University of Utah,Retail,2019,Mountain,10,,,UT
University of Utah,Retail,2019,New England,1,0,4,UT
University of Utah,Retail,2019,New England,5,,,UT
University of Utah,Retail,2019,New England,10,,,UT
University of Utah,Retail,2019,Pacific,1,0,49,UT
University of Utah,Retail,2019,Pacific,5,,,UT
University of Utah,Retail,2019,Pacific,10,,,UT
University of Utah,Retail,2019,South Atlantic,1,0,7,UT
University of Utah,Retail,2019,South Atlantic,5,,,UT
University of Utah,Retail,2019,South Atlantic,10,,,UT
University of Utah,Retail,2019,West North Central,1,0,4,UT
University of Utah,Retail,2019,West North Central,5,,,UT
University of Utah,Retail,2019,West North Central,10,,,UT
University of Utah,Retail,2019,West South Central,1,0,8,UT
University of Utah,Retail,2019,West South Central,5,,,UT
University of Utah,Retail,2019,West South Central,10,,,UT
University of Utah,Transportation,2010,East North Central,1,0,5,UT
University of Utah,Transportation,2010,East North Central,5,0,4,UT
University of Utah,Transportation,2010,East North Central,10,0,5,UT
University of Utah,Transportation,2010,East South Central,1,0,3,UT
University of Utah,Transportation,2010,East South Central,5,0,3,UT
University of Utah,Transportation,2010,East South Central,10,0,1,UT
University of Utah,Transportation,2010,Middle Atlantic,1,0,2,UT
University of Utah,Transportation,2010,Middle Atlantic,5,0,0,UT
University of Utah,Transportation,2010,Middle Atlantic,10,0,5,UT
University of Utah,Transportation,2010,Mountain,1,132,135,UT
University of Utah,Transportation,2010,Mountain,5,148,154,UT
University of Utah,Transportation,2010,Mountain,10,147,155,UT
University of Utah,Transportation,2010,New England,1,0,0,UT
University of Utah,Transportation,2010,New England,5,0,0,UT
University of Utah,Transportation,2010,New England,10,0,0,UT
University of Utah,Transportation,2010,Pacific,1,0,2,UT
University of Utah,Transportation,2010,Pacific,5,0,12,UT
University of Utah,Transportation,2010,Pacific,10,0,16,UT
University of Utah,Transportation,2010,South Atlantic,1,0,0,UT
University of Utah,Transportation,2010,South Atlantic,5,0,2,UT
University of Utah,Transportation,2010,South Atlantic,10,0,7,UT
University of Utah,Transportation,2010,West North Central,1,0,1,UT
University of Utah,Transportation,2010,West North Central,5,0,0,UT
University of Utah,Transportation,2010,West North Central,10,0,0,UT
University of Utah,Transportation,2010,West South Central,1,0,6,UT
University of Utah,Transportation,2010,West South Central,5,0,8,UT
University of Utah,Transportation,2010,West South Central,10,0,7,UT
University of Utah,Transportation,2013,East North Central,1,0,5,UT
University of Utah,Transportation,2013,East North Central,5,0,5,UT
University of Utah,Transportation,2013,East North Central,10,,,UT
University of Utah,Transportation,2013,East South Central,1,0,0,UT
University of Utah,Transportation,2013,East South Central,5,0,1,UT
University of Utah,Transportation,2013,East South Central,10,,,UT
University of Utah,Transportation,2013,Middle Atlantic,1,0,0,UT
University of Utah,Transportation,2013,Middle Atlantic,5,0,3,UT
University of Utah,Transportation,2013,Middle Atlantic,10,,,UT
University of Utah,Transportation,2013,Mountain,1,171,177,UT
University of Utah,Transportation,2013,Mountain,5,180,187,UT
University of Utah,Transportation,2013,Mountain,10,,,UT
University of Utah,Transportation,2013,New England,1,0,0,UT
University of Utah,Transportation,2013,New England,5,0,2,UT
University of Utah,Transportation,2013,New England,10,,,UT
University of Utah,Transportation,2013,Pacific,1,0,14,UT
University of Utah,Transportation,2013,Pacific,5,0,20,UT
University of Utah,Transportation,2013,Pacific,10,,,UT
University of Utah,Transportation,2013,South Atlantic,1,0,5,UT
University of Utah,Transportation,2013,South Atlantic,5,0,5,UT
University of Utah,Transportation,2013,South Atlantic,10,,,UT
University of Utah,Transportation,2013,West North Central,1,0,1,UT
University of Utah,Transportation,2013,West North Central,5,0,0,UT
University of Utah,Transportation,2013,West North Central,10,,,UT
University of Utah,Transportation,2013,West South Central,1,0,3,UT
University of Utah,Transportation,2013,West South Central,5,0,9,UT
University of Utah,Transportation,2013,West South Central,10,,,UT
University of Utah,Transportation,2016,East North Central,1,0,5,UT
University of Utah,Transportation,2016,East North Central,5,0,7,UT
University of Utah,Transportation,2016,East North Central,10,,,UT
University of Utah,Transportation,2016,East South Central,1,0,0,UT
University of Utah,Transportation,2016,East South Central,5,0,1,UT
University of Utah,Transportation,2016,East South Central,10,,,UT
University of Utah,Transportation,2016,Middle Atlantic,1,0,5,UT
University of Utah,Transportation,2016,Middle Atlantic,5,0,2,UT
University of Utah,Transportation,2016,Middle Atlantic,10,,,UT
University of Utah,Transportation,2016,Mountain,1,190,197,UT
University of Utah,Transportation,2016,Mountain,5,179,194,UT
University of Utah,Transportation,2016,Mountain,10,,,UT
University of Utah,Transportation,2016,New England,1,0,2,UT
University of Utah,Transportation,2016,New England,5,0,1,UT
University of Utah,Transportation,2016,New England,10,,,UT
University of Utah,Transportation,2016,Pacific,1,0,8,UT
University of Utah,Transportation,2016,Pacific,5,0,18,UT
University of Utah,Transportation,2016,Pacific,10,,,UT
University of Utah,Transportation,2016,South Atlantic,1,0,1,UT
University of Utah,Transportation,2016,South Atlantic,5,0,6,UT
University of Utah,Transportation,2016,South Atlantic,10,,,UT
University of Utah,Transportation,2016,West North Central,1,0,0,UT
University of Utah,Transportation,2016,West North Central,5,0,2,UT
University of Utah,Transportation,2016,West North Central,10,,,UT
University of Utah,Transportation,2016,West South Central,1,0,6,UT
University of Utah,Transportation,2016,West South Central,5,0,6,UT
University of Utah,Transportation,2016,West South Central,10,,,UT
University of Utah,Transportation,2019,East North Central,1,0,6,UT
University of Utah,Transportation,2019,East North Central,5,,,UT
University of Utah,Transportation,2019,East North Central,10,,,UT
University of Utah,Transportation,2019,East South Central,1,0,0,UT
University of Utah,Transportation,2019,East South Central,5,,,UT
University of Utah,Transportation,2019,East South Central,10,,,UT
University of Utah,Transportation,2019,Middle Atlantic,1,0,6,UT
University of Utah,Transportation,2019,Middle Atlantic,5,,,UT
University of Utah,Transportation,2019,Middle Atlantic,10,,,UT
University of Utah,Transportation,2019,Mountain,1,192,201,UT
University of Utah,Transportation,2019,Mountain,5,,,UT
University of Utah,Transportation,2019,Mountain,10,,,UT
University of Utah,Transportation,2019,New England,1,0,1,UT
University of Utah,Transportation,2019,New England,5,,,UT
University of Utah,Transportation,2019,New England,10,,,UT
University of Utah,Transportation,2019,Pacific,1,0,9,UT
University of Utah,Transportation,2019,Pacific,5,,,UT
University of Utah,Transportation,2019,Pacific,10,,,UT
University of Utah,Transportation,2019,South Atlantic,1,0,6,UT
University of Utah,Transportation,2019,South Atlantic,5,,,UT
University of Utah,Transportation,2019,South Atlantic,10,,,UT
University of Utah,Transportation,2019,West North Central,1,0,3,UT
University of Utah,Transportation,2019,West North Central,5,,,UT
University of Utah,Transportation,2019,West North Central,10,,,UT
University of Utah,Transportation,2019,West South Central,1,0,1,UT
University of Utah,Transportation,2019,West South Central,5,,,UT
University of Utah,Transportation,2019,West South Central,10,,,UT
University of Utah,Utilities,2010,East North Central,1,0,0,UT
University of Utah,Utilities,2010,East North Central,5,0,0,UT
University of Utah,Utilities,2010,East North Central,10,0,0,UT
University of Utah,Utilities,2010,East South Central,1,0,0,UT
University of Utah,Utilities,2010,East South Central,5,0,0,UT
University of Utah,Utilities,2010,East South Central,10,0,0,UT
University of Utah,Utilities,2010,Middle Atlantic,1,0,0,UT
University of Utah,Utilities,2010,Middle Atlantic,5,0,0,UT
University of Utah,Utilities,2010,Middle Atlantic,10,0,0,UT
University of Utah,Utilities,2010,Mountain,1,6,6,UT
University of Utah,Utilities,2010,Mountain,5,24,24,UT
University of Utah,Utilities,2010,Mountain,10,30,30,UT
University of Utah,Utilities,2010,New England,1,0,0,UT
University of Utah,Utilities,2010,New England,5,0,0,UT
University of Utah,Utilities,2010,New England,10,0,0,UT
University of Utah,Utilities,2010,Pacific,1,0,0,UT
University of Utah,Utilities,2010,Pacific,5,0,1,UT
University of Utah,Utilities,2010,Pacific,10,0,5,UT
University of Utah,Utilities,2010,South Atlantic,1,0,0,UT
University of Utah,Utilities,2010,South Atlantic,5,0,0,UT
University of Utah,Utilities,2010,South Atlantic,10,0,0,UT
University of Utah,Utilities,2010,West North Central,1,0,0,UT
University of Utah,Utilities,2010,West North Central,5,0,0,UT
University of Utah,Utilities,2010,West North Central,10,0,0,UT
University of Utah,Utilities,2010,West South Central,1,0,0,UT
University of Utah,Utilities,2010,West South Central,5,0,0,UT
University of Utah,Utilities,2010,West South Central,10,0,0,UT
University of Utah,Utilities,2013,East North Central,1,0,0,UT
University of Utah,Utilities,2013,East North Central,5,0,0,UT
University of Utah,Utilities,2013,East North Central,10,,,UT
University of Utah,Utilities,2013,East South Central,1,0,0,UT
University of Utah,Utilities,2013,East South Central,5,0,0,UT
University of Utah,Utilities,2013,East South Central,10,,,UT
University of Utah,Utilities,2013,Middle Atlantic,1,0,0,UT
University of Utah,Utilities,2013,Middle Atlantic,5,0,0,UT
University of Utah,Utilities,2013,Middle Atlantic,10,,,UT
University of Utah,Utilities,2013,Mountain,1,11,11,UT
University of Utah,Utilities,2013,Mountain,5,22,22,UT
University of Utah,Utilities,2013,Mountain,10,,,UT
University of Utah,Utilities,2013,New England,1,0,0,UT
University of Utah,Utilities,2013,New England,5,0,0,UT
University of Utah,Utilities,2013,New England,10,,,UT
University of Utah,Utilities,2013,Pacific,1,0,3,UT
University of Utah,Utilities,2013,Pacific,5,0,0,UT
University of Utah,Utilities,2013,Pacific,10,,,UT
University of Utah,Utilities,2013,South Atlantic,1,0,0,UT
University of Utah,Utilities,2013,South Atlantic,5,0,0,UT
University of Utah,Utilities,2013,South Atlantic,10,,,UT
University of Utah,Utilities,2013,West North Central,1,0,0,UT
University of Utah,Utilities,2013,West North Central,5,0,0,UT
University of Utah,Utilities,2013,West North Central,10,,,UT
University of Utah,Utilities,2013,West South Central,1,0,0,UT
University of Utah,Utilities,2013,West South Central,5,0,0,UT
University of Utah,Utilities,2013,West South Central,10,,,UT
University of Utah,Utilities,2016,East North Central,1,0,0,UT
University of Utah,Utilities,2016,East North Central,5,0,0,UT
University of Utah,Utilities,2016,East North Central,10,,,UT
University of Utah,Utilities,2016,East South Central,1,0,0,UT
University of Utah,Utilities,2016,East South Central,5,0,0,UT
University of Utah,Utilities,2016,East South Central,10,,,UT
University of Utah,Utilities,2016,Middle Atlantic,1,0,0,UT
University of Utah,Utilities,2016,Middle Atlantic,5,0,0,UT
University of Utah,Utilities,2016,Middle Atlantic,10,,,UT
University of Utah,Utilities,2016,Mountain,1,16,16,UT
University of Utah,Utilities,2016,Mountain,5,25,25,UT
University of Utah,Utilities,2016,Mountain,10,,,UT
University of Utah,Utilities,2016,New England,1,0,0,UT
University of Utah,Utilities,2016,New England,5,0,0,UT
University of Utah,Utilities,2016,New England,10,,,UT
University of Utah,Utilities,2016,Pacific,1,0,3,UT
University of Utah,Utilities,2016,Pacific,5,0,1,UT
University of Utah,Utilities,2016,Pacific,10,,,UT
University of Utah,Utilities,2016,South Atlantic,1,0,0,UT
University of Utah,Utilities,2016,South Atlantic,5,0,0,UT
University of Utah,Utilities,2016,South Atlantic,10,,,UT
University of Utah,Utilities,2016,West North Central,1,0,0,UT
University of Utah,Utilities,2016,West North Central,5,0,0,UT
University of Utah,Utilities,2016,West North Central,10,,,UT
University of Utah,Utilities,2016,West South Central,1,0,0,UT
University of Utah,Utilities,2016,West South Central,5,0,1,UT
University of Utah,Utilities,2016,West South Central,10,,,UT
University of Utah,Utilities,2019,East North Central,1,0,0,UT
University of Utah,Utilities,2019,East North Central,5,,,UT
University of Utah,Utilities,2019,East North Central,10,,,UT
University of Utah,Utilities,2019,East South Central,1,0,0,UT
University of Utah,Utilities,2019,East South Central,5,,,UT
University of Utah,Utilities,2019,East South Central,10,,,UT
University of Utah,Utilities,2019,Middle Atlantic,1,0,0,UT
University of Utah,Utilities,2019,Middle Atlantic,5,,,UT
University of Utah,Utilities,2019,Middle Atlantic,10,,,UT
University of Utah,Utilities,2019,Mountain,1,14,14,UT
University of Utah,Utilities,2019,Mountain,5,,,UT
University of Utah,Utilities,2019,Mountain,10,,,UT
University of Utah,Utilities,2019,New England,1,0,0,UT
University of Utah,Utilities,2019,New England,5,,,UT
University of Utah,Utilities,2019,New England,10,,,UT
University of Utah,Utilities,2019,Pacific,1,0,0,UT
University of Utah,Utilities,2019,Pacific,5,,,UT
University of Utah,Utilities,2019,Pacific,10,,,UT
University of Utah,Utilities,2019,South Atlantic,1,0,0,UT
University of Utah,Utilities,2019,South Atlantic,5,,,UT
University of Utah,Utilities,2019,South Atlantic,10,,,UT
University of Utah,Utilities,2019,West North Central,1,0,0,UT
University of Utah,Utilities,2019,West North Central,5,,,UT
University of Utah,Utilities,2019,West North Central,10,,,UT
University of Utah,Utilities,2019,West South Central,1,0,0,UT
University of Utah,Utilities,2019,West South Central,5,,,UT
University of Utah,Utilities,2019,West South Central,10,,,UT
University of Utah,Wholesale,2010,East North Central,1,0,4,UT
University of Utah,Wholesale,2010,East North Central,5,0,2,UT
University of Utah,Wholesale,2010,East North Central,10,0,6,UT
University of Utah,Wholesale,2010,East South Central,1,0,0,UT
University of Utah,Wholesale,2010,East South Central,5,0,0,UT
University of Utah,Wholesale,2010,East South Central,10,0,1,UT
University of Utah,Wholesale,2010,Middle Atlantic,1,0,0,UT
University of Utah,Wholesale,2010,Middle Atlantic,5,0,3,UT
University of Utah,Wholesale,2010,Middle Atlantic,10,0,4,UT
University of Utah,Wholesale,2010,Mountain,1,187,190,UT
University of Utah,Wholesale,2010,Mountain,5,202,219,UT
University of Utah,Wholesale,2010,Mountain,10,194,212,UT
University of Utah,Wholesale,2010,New England,1,0,1,UT
University of Utah,Wholesale,2010,New England,5,0,0,UT
University of Utah,Wholesale,2010,New England,10,0,1,UT
University of Utah,Wholesale,2010,Pacific,1,0,17,UT
University of Utah,Wholesale,2010,Pacific,5,0,18,UT
University of Utah,Wholesale,2010,Pacific,10,0,14,UT
University of Utah,Wholesale,2010,South Atlantic,1,0,2,UT
University of Utah,Wholesale,2010,South Atlantic,5,0,3,UT
University of Utah,Wholesale,2010,South Atlantic,10,0,8,UT
University of Utah,Wholesale,2010,West North Central,1,0,1,UT
University of Utah,Wholesale,2010,West North Central,5,0,1,UT
University of Utah,Wholesale,2010,West North Central,10,0,0,UT
University of Utah,Wholesale,2010,West South Central,1,0,6,UT
University of Utah,Wholesale,2010,West South Central,5,0,16,UT
University of Utah,Wholesale,2010,West South Central,10,0,26,UT
University of Utah,Wholesale,2013,East North Central,1,0,3,UT
University of Utah,Wholesale,2013,East North Central,5,0,8,UT
University of Utah,Wholesale,2013,East North Central,10,,,UT
University of Utah,Wholesale,2013,East South Central,1,0,0,UT
University of Utah,Wholesale,2013,East South Central,5,0,1,UT
University of Utah,Wholesale,2013,East South Central,10,,,UT
University of Utah,Wholesale,2013,Middle Atlantic,1,0,2,UT
University of Utah,Wholesale,2013,Middle Atlantic,5,0,14,UT
University of Utah,Wholesale,2013,Middle Atlantic,10,,,UT
University of Utah,Wholesale,2013,Mountain,1,250,260,UT
University of Utah,Wholesale,2013,Mountain,5,211,223,UT
University of Utah,Wholesale,2013,Mountain,10,,,UT
University of Utah,Wholesale,2013,New England,1,0,0,UT
University of Utah,Wholesale,2013,New England,5,0,2,UT
University of Utah,Wholesale,2013,New England,10,,,UT
University of Utah,Wholesale,2013,Pacific,1,0,14,UT
University of Utah,Wholesale,2013,Pacific,5,0,32,UT
University of Utah,Wholesale,2013,Pacific,10,,,UT
University of Utah,Wholesale,2013,South Atlantic,1,0,5,UT
University of Utah,Wholesale,2013,South Atlantic,5,0,6,UT
University of Utah,Wholesale,2013,South Atlantic,10,,,UT
University of Utah,Wholesale,2013,West North Central,1,0,1,UT
University of Utah,Wholesale,2013,West North Central,5,0,2,UT
University of Utah,Wholesale,2013,West North Central,10,,,UT
University of Utah,Wholesale,2013,West South Central,1,0,5,UT
University of Utah,Wholesale,2013,West South Central,5,0,18,UT
University of Utah,Wholesale,2013,West South Central,10,,,UT
University of Utah,Wholesale,2016,East North Central,1,0,3,UT
University of Utah,Wholesale,2016,East North Central,5,0,12,UT
University of Utah,Wholesale,2016,East North Central,10,,,UT
University of Utah,Wholesale,2016,East South Central,1,0,3,UT
University of Utah,Wholesale,2016,East South Central,5,0,0,UT
University of Utah,Wholesale,2016,East South Central,10,,,UT
University of Utah,Wholesale,2016,Middle Atlantic,1,0,5,UT
University of Utah,Wholesale,2016,Middle Atlantic,5,0,5,UT
University of Utah,Wholesale,2016,Middle Atlantic,10,,,UT
University of Utah,Wholesale,2016,Mountain,1,213,222,UT
University of Utah,Wholesale,2016,Mountain,5,229,251,UT
University of Utah,Wholesale,2016,Mountain,10,,,UT
University of Utah,Wholesale,2016,New England,1,0,2,UT
University of Utah,Wholesale,2016,New England,5,0,1,UT
University of Utah,Wholesale,2016,New England,10,,,UT
University of Utah,Wholesale,2016,Pacific,1,0,18,UT
University of Utah,Wholesale,2016,Pacific,5,0,35,UT
University of Utah,Wholesale,2016,Pacific,10,,,UT
University of Utah,Wholesale,2016,South Atlantic,1,0,6,UT
University of Utah,Wholesale,2016,South Atlantic,5,0,7,UT
University of Utah,Wholesale,2016,South Atlantic,10,,,UT
University of Utah,Wholesale,2016,West North Central,1,0,0,UT
University of Utah,Wholesale,2016,West North Central,5,0,0,UT
University of Utah,Wholesale,2016,West North Central,10,,,UT
University of Utah,Wholesale,2016,West South Central,1,0,10,UT
University of Utah,Wholesale,2016,West South Central,5,0,7,UT
University of Utah,Wholesale,2016,West South Central,10,,,UT
University of Utah,Wholesale,2019,East North Central,1,0,6,UT
University of Utah,Wholesale,2019,East North Central,5,,,UT
University of Utah,Wholesale,2019,East North Central,10,,,UT
University of Utah,Wholesale,2019,East South Central,1,0,1,UT
University of Utah,Wholesale,2019,East South Central,5,,,UT
University of Utah,Wholesale,2019,East South Central,10,,,UT
University of Utah,Wholesale,2019,Middle Atlantic,1,0,1,UT
University of Utah,Wholesale,2019,Middle Atlantic,5,,,UT
University of Utah,Wholesale,2019,Middle Atlantic,10,,,UT
University of Utah,Wholesale,2019,Mountain,1,231,241,UT
University of Utah,Wholesale,2019,Mountain,5,,,UT
University of Utah,Wholesale,2019,Mountain,10,,,UT
University of Utah,Wholesale,2019,New England,1,0,1,UT
University of Utah,Wholesale,2019,New England,5,,,UT
University of Utah,Wholesale,2019,New England,10,,,UT
University of Utah,Wholesale,2019,Pacific,1,0,16,UT
University of Utah,Wholesale,2019,Pacific,5,,,UT
University of Utah,Wholesale,2019,Pacific,10,,,UT
University of Utah,Wholesale,2019,South Atlantic,1,0,1,UT
University of Utah,Wholesale,2019,South Atlantic,5,,,UT
University of Utah,Wholesale,2019,South Atlantic,10,,,UT
University of Utah,Wholesale,2019,West North Central,1,0,1,UT
University of Utah,Wholesale,2019,West North Central,5,,,UT
University of Utah,Wholesale,2019,West North Central,10,,,UT
University of Utah,Wholesale,2019,West South Central,1,0,4,UT
University of Utah,Wholesale,2019,West South Central,5,,,UT
University of Utah,Wholesale,2019,West South Central,10,,,UT
Utah State,Admin/Waste,2010,East North Central,1,0,2,UT
Utah State,Admin/Waste,2010,East North Central,5,0,8,UT
Utah State,Admin/Waste,2010,East North Central,10,0,10,UT
Utah State,Admin/Waste,2010,East South Central,1,0,2,UT
Utah State,Admin/Waste,2010,East South Central,5,0,2,UT
Utah State,Admin/Waste,2010,East South Central,10,0,0,UT
Utah State,Admin/Waste,2010,Middle Atlantic,1,0,4,UT
Utah State,Admin/Waste,2010,Middle Atlantic,5,0,6,UT
Utah State,Admin/Waste,2010,Middle Atlantic,10,0,5,UT
Utah State,Admin/Waste,2010,Mountain,1,152,172,UT
Utah State,Admin/Waste,2010,Mountain,5,101,116,UT
Utah State,Admin/Waste,2010,Mountain,10,96,110,UT
Utah State,Admin/Waste,2010,New England,1,0,1,UT
Utah State,Admin/Waste,2010,New England,5,0,1,UT
Utah State,Admin/Waste,2010,New England,10,0,4,UT
Utah State,Admin/Waste,2010,Pacific,1,0,15,UT
Utah State,Admin/Waste,2010,Pacific,5,0,16,UT
Utah State,Admin/Waste,2010,Pacific,10,0,44,UT
Utah State,Admin/Waste,2010,South Atlantic,1,0,11,UT
Utah State,Admin/Waste,2010,South Atlantic,5,0,6,UT
Utah State,Admin/Waste,2010,South Atlantic,10,0,10,UT
Utah State,Admin/Waste,2010,West North Central,1,0,1,UT
Utah State,Admin/Waste,2010,West North Central,5,0,3,UT
Utah State,Admin/Waste,2010,West North Central,10,0,2,UT
Utah State,Admin/Waste,2010,West South Central,1,0,7,UT
Utah State,Admin/Waste,2010,West South Central,5,0,10,UT
Utah State,Admin/Waste,2010,West South Central,10,0,11,UT
Utah State,Admin/Waste,2013,East North Central,1,0,9,UT
Utah State,Admin/Waste,2013,East North Central,5,0,8,UT
Utah State,Admin/Waste,2013,East North Central,10,,,UT
Utah State,Admin/Waste,2013,East South Central,1,0,2,UT
Utah State,Admin/Waste,2013,East South Central,5,0,2,UT
Utah State,Admin/Waste,2013,East South Central,10,,,UT
Utah State,Admin/Waste,2013,Middle Atlantic,1,0,6,UT
Utah State,Admin/Waste,2013,Middle Atlantic,5,0,5,UT
Utah State,Admin/Waste,2013,Middle Atlantic,10,,,UT
Utah State,Admin/Waste,2013,Mountain,1,183,209,UT
Utah State,Admin/Waste,2013,Mountain,5,116,144,UT
Utah State,Admin/Waste,2013,Mountain,10,,,UT
Utah State,Admin/Waste,2013,New England,1,0,0,UT
Utah State,Admin/Waste,2013,New England,5,0,2,UT
Utah State,Admin/Waste,2013,New England,10,,,UT
Utah State,Admin/Waste,2013,Pacific,1,0,33,UT
Utah State,Admin/Waste,2013,Pacific,5,0,45,UT
Utah State,Admin/Waste,2013,Pacific,10,,,UT
Utah State,Admin/Waste,2013,South Atlantic,1,0,5,UT
Utah State,Admin/Waste,2013,South Atlantic,5,0,10,UT
Utah State,Admin/Waste,2013,South Atlantic,10,,,UT
Utah State,Admin/Waste,2013,West North Central,1,0,5,UT
Utah State,Admin/Waste,2013,West North Central,5,0,6,UT
Utah State,Admin/Waste,2013,West North Central,10,,,UT
Utah State,Admin/Waste,2013,West South Central,1,0,10,UT
Utah State,Admin/Waste,2013,West South Central,5,0,18,UT
Utah State,Admin/Waste,2013,West South Central,10,,,UT
Utah State,Admin/Waste,2016,East North Central,1,0,7,UT
Utah State,Admin/Waste,2016,East North Central,5,0,10,UT
Utah State,Admin/Waste,2016,East North Central,10,,,UT
Utah State,Admin/Waste,2016,East South Central,1,0,0,UT
Utah State,Admin/Waste,2016,East South Central,5,0,1,UT
Utah State,Admin/Waste,2016,East South Central,10,,,UT
Utah State,Admin/Waste,2016,Middle Atlantic,1,0,11,UT
Utah State,Admin/Waste,2016,Middle Atlantic,5,0,9,UT
Utah State,Admin/Waste,2016,Middle Atlantic,10,,,UT
Utah State,Admin/Waste,2016,Mountain,1,236,256,UT
Utah State,Admin/Waste,2016,Mountain,5,171,209,UT
Utah State,Admin/Waste,2016,Mountain,10,,,UT
Utah State,Admin/Waste,2016,New England,1,0,0,UT
Utah State,Admin/Waste,2016,New England,5,0,0,UT
Utah State,Admin/Waste,2016,New England,10,,,UT
Utah State,Admin/Waste,2016,Pacific,1,0,22,UT
Utah State,Admin/Waste,2016,Pacific,5,0,28,UT
Utah State,Admin/Waste,2016,Pacific,10,,,UT
Utah State,Admin/Waste,2016,South Atlantic,1,0,16,UT
Utah State,Admin/Waste,2016,South Atlantic,5,0,25,UT
Utah State,Admin/Waste,2016,South Atlantic,10,,,UT
Utah State,Admin/Waste,2016,West North Central,1,0,4,UT
Utah State,Admin/Waste,2016,West North Central,5,0,3,UT
Utah State,Admin/Waste,2016,West North Central,10,,,UT
Utah State,Admin/Waste,2016,West South Central,1,0,4,UT
Utah State,Admin/Waste,2016,West South Central,5,0,10,UT
Utah State,Admin/Waste,2016,West South Central,10,,,UT
Utah State,Admin/Waste,2019,East North Central,1,0,8,UT
Utah State,Admin/Waste,2019,East North Central,5,,,UT
Utah State,Admin/Waste,2019,East North Central,10,,,UT
Utah State,Admin/Waste,2019,East South Central,1,0,1,UT
Utah State,Admin/Waste,2019,East South Central,5,,,UT
Utah State,Admin/Waste,2019,East South Central,10,,,UT
Utah State,Admin/Waste,2019,Middle Atlantic,1,0,0,UT
Utah State,Admin/Waste,2019,Middle Atlantic,5,,,UT
Utah State,Admin/Waste,2019,Middle Atlantic,10,,,UT
Utah State,Admin/Waste,2019,Mountain,1,232,256,UT
Utah State,Admin/Waste,2019,Mountain,5,,,UT
Utah State,Admin/Waste,2019,Mountain,10,,,UT
Utah State,Admin/Waste,2019,New England,1,0,1,UT
Utah State,Admin/Waste,2019,New England,5,,,UT
Utah State,Admin/Waste,2019,New England,10,,,UT
Utah State,Admin/Waste,2019,Pacific,1,0,20,UT
Utah State,Admin/Waste,2019,Pacific,5,,,UT
Utah State,Admin/Waste,2019,Pacific,10,,,UT
Utah State,Admin/Waste,2019,South Atlantic,1,0,11,UT
Utah State,Admin/Waste,2019,South Atlantic,5,,,UT
Utah State,Admin/Waste,2019,South Atlantic,10,,,UT
Utah State,Admin/Waste,2019,West North Central,1,0,0,UT
Utah State,Admin/Waste,2019,West North Central,5,,,UT
Utah State,Admin/Waste,2019,West North Central,10,,,UT
Utah State,Admin/Waste,2019,West South Central,1,0,8,UT
Utah State,Admin/Waste,2019,West South Central,5,,,UT
Utah State,Admin/Waste,2019,West South Central,10,,,UT
Utah State,Agriculture,2010,East North Central,1,0,0,UT
Utah State,Agriculture,2010,East North Central,5,0,0,UT
Utah State,Agriculture,2010,East North Central,10,0,2,UT
Utah State,Agriculture,2010,East South Central,1,0,0,UT
Utah State,Agriculture,2010,East South Central,5,0,0,UT
Utah State,Agriculture,2010,East South Central,10,0,0,UT
Utah State,Agriculture,2010,Middle Atlantic,1,0,0,UT
Utah State,Agriculture,2010,Middle Atlantic,5,0,2,UT
Utah State,Agriculture,2010,Middle Atlantic,10,0,0,UT
Utah State,Agriculture,2010,Mountain,1,16,23,UT
Utah State,Agriculture,2010,Mountain,5,5,6,UT
Utah State,Agriculture,2010,Mountain,10,15,23,UT
Utah State,Agriculture,2010,New England,1,0,0,UT
Utah State,Agriculture,2010,New England,5,0,0,UT
Utah State,Agriculture,2010,New England,10,0,0,UT
Utah State,Agriculture,2010,Pacific,1,0,4,UT
Utah State,Agriculture,2010,Pacific,5,0,4,UT
Utah State,Agriculture,2010,Pacific,10,0,5,UT
Utah State,Agriculture,2010,South Atlantic,1,0,0,UT
Utah State,Agriculture,2010,South Atlantic,5,0,0,UT
Utah State,Agriculture,2010,South Atlantic,10,0,0,UT
Utah State,Agriculture,2010,West North Central,1,0,0,UT
Utah State,Agriculture,2010,West North Central,5,0,0,UT
Utah State,Agriculture,2010,West North Central,10,0,1,UT
Utah State,Agriculture,2010,West South Central,1,0,0,UT
Utah State,Agriculture,2010,West South Central,5,0,1,UT
Utah State,Agriculture,2010,West South Central,10,0,0,UT
Utah State,Agriculture,2013,East North Central,1,0,0,UT
Utah State,Agriculture,2013,East North Central,5,0,0,UT
Utah State,Agriculture,2013,East North Central,10,,,UT
Utah State,Agriculture,2013,East South Central,1,0,0,UT
Utah State,Agriculture,2013,East South Central,5,0,0,UT
Utah State,Agriculture,2013,East South Central,10,,,UT
Utah State,Agriculture,2013,Middle Atlantic,1,0,0,UT
Utah State,Agriculture,2013,Middle Atlantic,5,0,0,UT
Utah State,Agriculture,2013,Middle Atlantic,10,,,UT
Utah State,Agriculture,2013,Mountain,1,19,28,UT
Utah State,Agriculture,2013,Mountain,5,16,26,UT
Utah State,Agriculture,2013,Mountain,10,,,UT
Utah State,Agriculture,2013,New England,1,0,0,UT
Utah State,Agriculture,2013,New England,5,0,0,UT
Utah State,Agriculture,2013,New England,10,,,UT
Utah State,Agriculture,2013,Pacific,1,0,13,UT
Utah State,Agriculture,2013,Pacific,5,0,7,UT
Utah State,Agriculture,2013,Pacific,10,,,UT
Utah State,Agriculture,2013,South Atlantic,1,0,1,UT
Utah State,Agriculture,2013,South Atlantic,5,0,1,UT
Utah State,Agriculture,2013,South Atlantic,10,,,UT
Utah State,Agriculture,2013,West North Central,1,0,0,UT
Utah State,Agriculture,2013,West North Central,5,0,0,UT
Utah State,Agriculture,2013,West North Central,10,,,UT
Utah State,Agriculture,2013,West South Central,1,0,1,UT
Utah State,Agriculture,2013,West South Central,5,0,4,UT
Utah State,Agriculture,2013,West South Central,10,,,UT
Utah State,Agriculture,2016,East North Central,1,0,0,UT
Utah State,Agriculture,2016,East North Central,5,0,0,UT
Utah State,Agriculture,2016,East North Central,10,,,UT
Utah State,Agriculture,2016,East South Central,1,0,0,UT
Utah State,Agriculture,2016,East South Central,5,0,0,UT
Utah State,Agriculture,2016,East South Central,10,,,UT
Utah State,Agriculture,2016,Middle Atlantic,1,0,0,UT
Utah State,Agriculture,2016,Middle Atlantic,5,0,0,UT
Utah State,Agriculture,2016,Middle Atlantic,10,,,UT
Utah State,Agriculture,2016,Mountain,1,15,20,UT
Utah State,Agriculture,2016,Mountain,5,16,25,UT
Utah State,Agriculture,2016,Mountain,10,,,UT
Utah State,Agriculture,2016,New England,1,0,0,UT
Utah State,Agriculture,2016,New England,5,0,0,UT
Utah State,Agriculture,2016,New England,10,,,UT
Utah State,Agriculture,2016,Pacific,1,0,11,UT
Utah State,Agriculture,2016,Pacific,5,0,3,UT
Utah State,Agriculture,2016,Pacific,10,,,UT
Utah State,Agriculture,2016,South Atlantic,1,0,0,UT
Utah State,Agriculture,2016,South Atlantic,5,0,1,UT
Utah State,Agriculture,2016,South Atlantic,10,,,UT
Utah State,Agriculture,2016,West North Central,1,0,0,UT
Utah State,Agriculture,2016,West North Central,5,0,0,UT
Utah State,Agriculture,2016,West North Central,10,,,UT
Utah State,Agriculture,2016,West South Central,1,0,0,UT
Utah State,Agriculture,2016,West South Central,5,0,2,UT
Utah State,Agriculture,2016,West South Central,10,,,UT
Utah State,Agriculture,2019,East North Central,1,0,0,UT
Utah State,Agriculture,2019,East North Central,5,,,UT
Utah State,Agriculture,2019,East North Central,10,,,UT
Utah State,Agriculture,2019,East South Central,1,0,0,UT
Utah State,Agriculture,2019,East South Central,5,,,UT
Utah State,Agriculture,2019,East South Central,10,,,UT
Utah State,Agriculture,2019,Middle Atlantic,1,0,0,UT
Utah State,Agriculture,2019,Middle Atlantic,5,,,UT
Utah State,Agriculture,2019,Middle Atlantic,10,,,UT
Utah State,Agriculture,2019,Mountain,1,22,32,UT
Utah State,Agriculture,2019,Mountain,5,,,UT
Utah State,Agriculture,2019,Mountain,10,,,UT
Utah State,Agriculture,2019,New England,1,0,0,UT
Utah State,Agriculture,2019,New England,5,,,UT
Utah State,Agriculture,2019,New England,10,,,UT
Utah State,Agriculture,2019,Pacific,1,0,16,UT
Utah State,Agriculture,2019,Pacific,5,,,UT
Utah State,Agriculture,2019,Pacific,10,,,UT
Utah State,Agriculture,2019,South Atlantic,1,0,0,UT
Utah State,Agriculture,2019,South Atlantic,5,,,UT
Utah State,Agriculture,2019,South Atlantic,10,,,UT
Utah State,Agriculture,2019,West North Central,1,0,0,UT
Utah State,Agriculture,2019,West North Central,5,,,UT
Utah State,Agriculture,2019,West North Central,10,,,UT
Utah State,Agriculture,2019,West South Central,1,0,1,UT
Utah State,Agriculture,2019,West South Central,5,,,UT
Utah State,Agriculture,2019,West South Central,10,,,UT
Utah State,Arts/Entertainment,2010,East North Central,1,0,0,UT
Utah State,Arts/Entertainment,2010,East North Central,5,0,1,UT
Utah State,Arts/Entertainment,2010,East North Central,10,0,0,UT
Utah State,Arts/Entertainment,2010,East South Central,1,0,0,UT
Utah State,Arts/Entertainment,2010,East South Central,5,0,0,UT
Utah State,Arts/Entertainment,2010,East South Central,10,0,0,UT
Utah State,Arts/Entertainment,2010,Middle Atlantic,1,0,0,UT
Utah State,Arts/Entertainment,2010,Middle Atlantic,5,0,0,UT
Utah State,Arts/Entertainment,2010,Middle Atlantic,10,0,0,UT
Utah State,Arts/Entertainment,2010,Mountain,1,39,39,UT
Utah State,Arts/Entertainment,2010,Mountain,5,31,37,UT
Utah State,Arts/Entertainment,2010,Mountain,10,28,30,UT
Utah State,Arts/Entertainment,2010,New England,1,0,0,UT
Utah State,Arts/Entertainment,2010,New England,5,0,0,UT
Utah State,Arts/Entertainment,2010,New England,10,0,0,UT
Utah State,Arts/Entertainment,2010,Pacific,1,0,6,UT
Utah State,Arts/Entertainment,2010,Pacific,5,0,9,UT
Utah State,Arts/Entertainment,2010,Pacific,10,0,1,UT
Utah State,Arts/Entertainment,2010,South Atlantic,1,0,7,UT
Utah State,Arts/Entertainment,2010,South Atlantic,5,0,1,UT
Utah State,Arts/Entertainment,2010,South Atlantic,10,0,1,UT
Utah State,Arts/Entertainment,2010,West North Central,1,0,0,UT
Utah State,Arts/Entertainment,2010,West North Central,5,0,0,UT
Utah State,Arts/Entertainment,2010,West North Central,10,0,0,UT
Utah State,Arts/Entertainment,2010,West South Central,1,0,2,UT
Utah State,Arts/Entertainment,2010,West South Central,5,0,1,UT
Utah State,Arts/Entertainment,2010,West South Central,10,0,2,UT
Utah State,Arts/Entertainment,2013,East North Central,1,0,0,UT
Utah State,Arts/Entertainment,2013,East North Central,5,0,4,UT
Utah State,Arts/Entertainment,2013,East North Central,10,,,UT
Utah State,Arts/Entertainment,2013,East South Central,1,0,0,UT
Utah State,Arts/Entertainment,2013,East South Central,5,0,0,UT
Utah State,Arts/Entertainment,2013,East South Central,10,,,UT
Utah State,Arts/Entertainment,2013,Middle Atlantic,1,0,0,UT
Utah State,Arts/Entertainment,2013,Middle Atlantic,5,0,9,UT
Utah State,Arts/Entertainment,2013,Middle Atlantic,10,,,UT
Utah State,Arts/Entertainment,2013,Mountain,1,62,71,UT
Utah State,Arts/Entertainment,2013,Mountain,5,37,43,UT
Utah State,Arts/Entertainment,2013,Mountain,10,,,UT
Utah State,Arts/Entertainment,2013,New England,1,0,0,UT
Utah State,Arts/Entertainment,2013,New England,5,0,0,UT
Utah State,Arts/Entertainment,2013,New England,10,,,UT
Utah State,Arts/Entertainment,2013,Pacific,1,0,4,UT
Utah State,Arts/Entertainment,2013,Pacific,5,0,8,UT
Utah State,Arts/Entertainment,2013,Pacific,10,,,UT
Utah State,Arts/Entertainment,2013,South Atlantic,1,0,5,UT
Utah State,Arts/Entertainment,2013,South Atlantic,5,0,2,UT
Utah State,Arts/Entertainment,2013,South Atlantic,10,,,UT
Utah State,Arts/Entertainment,2013,West North Central,1,0,0,UT
Utah State,Arts/Entertainment,2013,West North Central,5,0,2,UT
Utah State,Arts/Entertainment,2013,West North Central,10,,,UT
Utah State,Arts/Entertainment,2013,West South Central,1,0,2,UT
Utah State,Arts/Entertainment,2013,West South Central,5,0,1,UT
Utah State,Arts/Entertainment,2013,West South Central,10,,,UT
Utah State,Arts/Entertainment,2016,East North Central,1,0,1,UT
Utah State,Arts/Entertainment,2016,East North Central,5,0,0,UT
Utah State,Arts/Entertainment,2016,East North Central,10,,,UT
Utah State,Arts/Entertainment,2016,East South Central,1,0,0,UT
Utah State,Arts/Entertainment,2016,East South Central,5,0,0,UT
Utah State,Arts/Entertainment,2016,East South Central,10,,,UT
Utah State,Arts/Entertainment,2016,Middle Atlantic,1,0,2,UT
Utah State,Arts/Entertainment,2016,Middle Atlantic,5,0,2,UT
Utah State,Arts/Entertainment,2016,Middle Atlantic,10,,,UT
Utah State,Arts/Entertainment,2016,Mountain,1,51,56,UT
Utah State,Arts/Entertainment,2016,Mountain,5,49,52,UT
Utah State,Arts/Entertainment,2016,Mountain,10,,,UT
Utah State,Arts/Entertainment,2016,New England,1,0,0,UT
Utah State,Arts/Entertainment,2016,New England,5,0,0,UT
Utah State,Arts/Entertainment,2016,New England,10,,,UT
Utah State,Arts/Entertainment,2016,Pacific,1,0,8,UT
Utah State,Arts/Entertainment,2016,Pacific,5,0,7,UT
Utah State,Arts/Entertainment,2016,Pacific,10,,,UT
Utah State,Arts/Entertainment,2016,South Atlantic,1,0,6,UT
Utah State,Arts/Entertainment,2016,South Atlantic,5,0,2,UT
Utah State,Arts/Entertainment,2016,South Atlantic,10,,,UT
Utah State,Arts/Entertainment,2016,West North Central,1,0,1,UT
Utah State,Arts/Entertainment,2016,West North Central,5,0,0,UT
Utah State,Arts/Entertainment,2016,West North Central,10,,,UT
Utah State,Arts/Entertainment,2016,West South Central,1,0,4,UT
Utah State,Arts/Entertainment,2016,West South Central,5,0,6,UT
Utah State,Arts/Entertainment,2016,West South Central,10,,,UT
Utah State,Arts/Entertainment,2019,East North Central,1,0,0,UT
Utah State,Arts/Entertainment,2019,East North Central,5,,,UT
Utah State,Arts/Entertainment,2019,East North Central,10,,,UT
Utah State,Arts/Entertainment,2019,East South Central,1,0,0,UT
Utah State,Arts/Entertainment,2019,East South Central,5,,,UT
Utah State,Arts/Entertainment,2019,East South Central,10,,,UT
Utah State,Arts/Entertainment,2019,Middle Atlantic,1,0,1,UT
Utah State,Arts/Entertainment,2019,Middle Atlantic,5,,,UT
Utah State,Arts/Entertainment,2019,Middle Atlantic,10,,,UT
Utah State,Arts/Entertainment,2019,Mountain,1,63,67,UT
Utah State,Arts/Entertainment,2019,Mountain,5,,,UT
Utah State,Arts/Entertainment,2019,Mountain,10,,,UT
Utah State,Arts/Entertainment,2019,New England,1,0,0,UT
Utah State,Arts/Entertainment,2019,New England,5,,,UT
Utah State,Arts/Entertainment,2019,New England,10,,,UT
Utah State,Arts/Entertainment,2019,Pacific,1,0,7,UT
Utah State,Arts/Entertainment,2019,Pacific,5,,,UT
Utah State,Arts/Entertainment,2019,Pacific,10,,,UT
Utah State,Arts/Entertainment,2019,South Atlantic,1,0,3,UT
Utah State,Arts/Entertainment,2019,South Atlantic,5,,,UT
Utah State,Arts/Entertainment,2019,South Atlantic,10,,,UT
Utah State,Arts/Entertainment,2019,West North Central,1,0,0,UT
Utah State,Arts/Entertainment,2019,West North Central,5,,,UT
Utah State,Arts/Entertainment,2019,West North Central,10,,,UT
Utah State,Arts/Entertainment,2019,West South Central,1,0,1,UT
Utah State,Arts/Entertainment,2019,West South Central,5,,,UT
Utah State,Arts/Entertainment,2019,West South Central,10,,,UT
Utah State,Construction,2010,East North Central,1,0,3,UT
Utah State,Construction,2010,East North Central,5,0,4,UT
Utah State,Construction,2010,East North Central,10,0,1,UT
Utah State,Construction,2010,East South Central,1,0,0,UT
Utah State,Construction,2010,East South Central,5,0,1,UT
Utah State,Construction,2010,East South Central,10,0,0,UT
Utah State,Construction,2010,Middle Atlantic,1,0,4,UT
Utah State,Construction,2010,Middle Atlantic,5,0,4,UT
Utah State,Construction,2010,Middle Atlantic,10,0,2,UT
Utah State,Construction,2010,Mountain,1,71,78,UT
Utah State,Construction,2010,Mountain,5,90,96,UT
Utah State,Construction,2010,Mountain,10,93,109,UT
Utah State,Construction,2010,New England,1,0,0,UT
Utah State,Construction,2010,New England,5,0,0,UT
Utah State,Construction,2010,New England,10,0,0,UT
Utah State,Construction,2010,Pacific,1,0,12,UT
Utah State,Construction,2010,Pacific,5,0,13,UT
Utah State,Construction,2010,Pacific,10,0,9,UT
Utah State,Construction,2010,South Atlantic,1,0,4,UT
Utah State,Construction,2010,South Atlantic,5,0,6,UT
Utah State,Construction,2010,South Atlantic,10,0,3,UT
Utah State,Construction,2010,West North Central,1,0,0,UT
Utah State,Construction,2010,West North Central,5,0,3,UT
Utah State,Construction,2010,West North Central,10,0,0,UT
Utah State,Construction,2010,West South Central,1,0,7,UT
Utah State,Construction,2010,West South Central,5,0,6,UT
Utah State,Construction,2010,West South Central,10,0,2,UT
Utah State,Construction,2013,East North Central,1,0,1,UT
Utah State,Construction,2013,East North Central,5,0,7,UT
Utah State,Construction,2013,East North Central,10,,,UT
Utah State,Construction,2013,East South Central,1,0,0,UT
Utah State,Construction,2013,East South Central,5,0,2,UT
Utah State,Construction,2013,East South Central,10,,,UT
Utah State,Construction,2013,Middle Atlantic,1,0,4,UT
Utah State,Construction,2013,Middle Atlantic,5,0,9,UT
Utah State,Construction,2013,Middle Atlantic,10,,,UT
Utah State,Construction,2013,Mountain,1,96,104,UT
Utah State,Construction,2013,Mountain,5,101,122,UT
Utah State,Construction,2013,Mountain,10,,,UT
Utah State,Construction,2013,New England,1,0,1,UT
Utah State,Construction,2013,New England,5,0,0,UT
Utah State,Construction,2013,New England,10,,,UT
Utah State,Construction,2013,Pacific,1,0,13,UT
Utah State,Construction,2013,Pacific,5,0,9,UT
Utah State,Construction,2013,Pacific,10,,,UT
Utah State,Construction,2013,South Atlantic,1,0,5,UT
Utah State,Construction,2013,South Atlantic,5,0,4,UT
Utah State,Construction,2013,South Atlantic,10,,,UT
Utah State,Construction,2013,West North Central,1,0,3,UT
Utah State,Construction,2013,West North Central,5,0,2,UT
Utah State,Construction,2013,West North Central,10,,,UT
Utah State,Construction,2013,West South Central,1,0,7,UT
Utah State,Construction,2013,West South Central,5,0,7,UT
Utah State,Construction,2013,West South Central,10,,,UT
Utah State,Construction,2016,East North Central,1,0,5,UT
Utah State,Construction,2016,East North Central,5,0,4,UT
Utah State,Construction,2016,East North Central,10,,,UT
Utah State,Construction,2016,East South Central,1,0,2,UT
Utah State,Construction,2016,East South Central,5,0,2,UT
Utah State,Construction,2016,East South Central,10,,,UT
Utah State,Construction,2016,Middle Atlantic,1,0,3,UT
Utah State,Construction,2016,Middle Atlantic,5,0,2,UT
Utah State,Construction,2016,Middle Atlantic,10,,,UT
Utah State,Construction,2016,Mountain,1,147,162,UT
Utah State,Construction,2016,Mountain,5,141,154,UT
Utah State,Construction,2016,Mountain,10,,,UT
Utah State,Construction,2016,New England,1,0,0,UT
Utah State,Construction,2016,New England,5,0,0,UT
Utah State,Construction,2016,New England,10,,,UT
Utah State,Construction,2016,Pacific,1,0,12,UT
Utah State,Construction,2016,Pacific,5,0,14,UT
Utah State,Construction,2016,Pacific,10,,,UT
Utah State,Construction,2016,South Atlantic,1,0,7,UT
Utah State,Construction,2016,South Atlantic,5,0,6,UT
Utah State,Construction,2016,South Atlantic,10,,,UT
Utah State,Construction,2016,West North Central,1,0,1,UT
Utah State,Construction,2016,West North Central,5,0,0,UT
Utah State,Construction,2016,West North Central,10,,,UT
Utah State,Construction,2016,West South Central,1,0,9,UT
Utah State,Construction,2016,West South Central,5,0,9,UT
Utah State,Construction,2016,West South Central,10,,,UT
Utah State,Construction,2019,East North Central,1,0,2,UT
Utah State,Construction,2019,East North Central,5,,,UT
Utah State,Construction,2019,East North Central,10,,,UT
Utah State,Construction,2019,East South Central,1,0,0,UT
Utah State,Construction,2019,East South Central,5,,,UT
Utah State,Construction,2019,East South Central,10,,,UT
Utah State,Construction,2019,Middle Atlantic,1,0,2,UT
Utah State,Construction,2019,Middle Atlantic,5,,,UT
Utah State,Construction,2019,Middle Atlantic,10,,,UT
Utah State,Construction,2019,Mountain,1,171,187,UT
Utah State,Construction,2019,Mountain,5,,,UT
Utah State,Construction,2019,Mountain,10,,,UT
Utah State,Construction,2019,New England,1,0,1,UT
Utah State,Construction,2019,New England,5,,,UT
Utah State,Construction,2019,New England,10,,,UT
Utah State,Construction,2019,Pacific,1,0,20,UT
Utah State,Construction,2019,Pacific,5,,,UT
Utah State,Construction,2019,Pacific,10,,,UT
Utah State,Construction,2019,South Atlantic,1,0,9,UT
Utah State,Construction,2019,South Atlantic,5,,,UT
Utah State,Construction,2019,South Atlantic,10,,,UT
Utah State,Construction,2019,West North Central,1,0,0,UT
Utah State,Construction,2019,West North Central,5,,,UT
Utah State,Construction,2019,West North Central,10,,,UT
Utah State,Construction,2019,West South Central,1,0,4,UT
Utah State,Construction,2019,West South Central,5,,,UT
Utah State,Construction,2019,West South Central,10,,,UT
Utah State,Education,2010,East North Central,1,0,13,UT
Utah State,Education,2010,East North Central,5,0,42,UT
Utah State,Education,2010,East North Central,10,0,39,UT
Utah State,Education,2010,East South Central,1,0,1,UT
Utah State,Education,2010,East South Central,5,0,11,UT
Utah State,Education,2010,East South Central,10,0,8,UT
Utah State,Education,2010,Middle Atlantic,1,0,8,UT
Utah State,Education,2010,Middle Atlantic,5,0,16,UT
Utah State,Education,2010,Middle Atlantic,10,0,14,UT
Utah State,Education,2010,Mountain,1,713,791,UT
Utah State,Education,2010,Mountain,5,820,926,UT
Utah State,Education,2010,Mountain,10,707,819,UT
Utah State,Education,2010,New England,1,0,3,UT
Utah State,Education,2010,New England,5,0,7,UT
Utah State,Education,2010,New England,10,0,6,UT
Utah State,Education,2010,Pacific,1,0,74,UT
Utah State,Education,2010,Pacific,5,0,135,UT
Utah State,Education,2010,Pacific,10,0,131,UT
Utah State,Education,2010,South Atlantic,1,0,19,UT
Utah State,Education,2010,South Atlantic,5,0,37,UT
Utah State,Education,2010,South Atlantic,10,0,30,UT
Utah State,Education,2010,West North Central,1,0,10,UT
Utah State,Education,2010,West North Central,5,0,30,UT
Utah State,Education,2010,West North Central,10,0,8,UT
Utah State,Education,2010,West South Central,1,0,80,UT
Utah State,Education,2010,West South Central,5,0,104,UT
Utah State,Education,2010,West South Central,10,0,88,UT
Utah State,Education,2013,East North Central,1,0,24,UT
Utah State,Education,2013,East North Central,5,0,56,UT
Utah State,Education,2013,East North Central,10,,,UT
Utah State,Education,2013,East South Central,1,0,8,UT
Utah State,Education,2013,East South Central,5,0,14,UT
Utah State,Education,2013,East South Central,10,,,UT
Utah State,Education,2013,Middle Atlantic,1,0,21,UT
Utah State,Education,2013,Middle Atlantic,5,0,40,UT
Utah State,Education,2013,Middle Atlantic,10,,,UT
Utah State,Education,2013,Mountain,1,1095,1228,UT
Utah State,Education,2013,Mountain,5,1047,1201,UT
Utah State,Education,2013,Mountain,10,,,UT
Utah State,Education,2013,New England,1,0,10,UT
Utah State,Education,2013,New England,5,0,10,UT
Utah State,Education,2013,New England,10,,,UT
Utah State,Education,2013,Pacific,1,0,145,UT
Utah State,Education,2013,Pacific,5,0,226,UT
Utah State,Education,2013,Pacific,10,,,UT
Utah State,Education,2013,South Atlantic,1,0,33,UT
Utah State,Education,2013,South Atlantic,5,0,61,UT
Utah State,Education,2013,South Atlantic,10,,,UT
Utah State,Education,2013,West North Central,1,0,26,UT
Utah State,Education,2013,West North Central,5,0,40,UT
Utah State,Education,2013,West North Central,10,,,UT
Utah State,Education,2013,West South Central,1,0,76,UT
Utah State,Education,2013,West South Central,5,0,103,UT
Utah State,Education,2013,West South Central,10,,,UT
Utah State,Education,2016,East North Central,1,0,22,UT
Utah State,Education,2016,East North Central,5,0,45,UT
Utah State,Education,2016,East North Central,10,,,UT
Utah State,Education,2016,East South Central,1,0,15,UT
Utah State,Education,2016,East South Central,5,0,20,UT
Utah State,Education,2016,East South Central,10,,,UT
Utah State,Education,2016,Middle Atlantic,1,0,16,UT
Utah State,Education,2016,Middle Atlantic,5,0,39,UT
Utah State,Education,2016,Middle Atlantic,10,,,UT
Utah State,Education,2016,Mountain,1,1179,1271,UT
Utah State,Education,2016,Mountain,5,1121,1241,UT
Utah State,Education,2016,Mountain,10,,,UT
Utah State,Education,2016,New England,1,0,11,UT
Utah State,Education,2016,New England,5,0,8,UT
Utah State,Education,2016,New England,10,,,UT
Utah State,Education,2016,Pacific,1,0,148,UT
Utah State,Education,2016,Pacific,5,0,204,UT
Utah State,Education,2016,Pacific,10,,,UT
Utah State,Education,2016,South Atlantic,1,0,37,UT
Utah State,Education,2016,South Atlantic,5,0,58,UT
Utah State,Education,2016,South Atlantic,10,,,UT
Utah State,Education,2016,West North Central,1,0,40,UT
Utah State,Education,2016,West North Central,5,0,27,UT
Utah State,Education,2016,West North Central,10,,,UT
Utah State,Education,2016,West South Central,1,0,35,UT
Utah State,Education,2016,West South Central,5,0,48,UT
Utah State,Education,2016,West South Central,10,,,UT
Utah State,Education,2019,East North Central,1,0,35,UT
Utah State,Education,2019,East North Central,5,,,UT
Utah State,Education,2019,East North Central,10,,,UT
Utah State,Education,2019,East South Central,1,0,14,UT
Utah State,Education,2019,East South Central,5,,,UT
Utah State,Education,2019,East South Central,10,,,UT
Utah State,Education,2019,Middle Atlantic,1,0,26,UT
Utah State,Education,2019,Middle Atlantic,5,,,UT
Utah State,Education,2019,Middle Atlantic,10,,,UT
Utah State,Education,2019,Mountain,1,1341,1449,UT
Utah State,Education,2019,Mountain,5,,,UT
Utah State,Education,2019,Mountain,10,,,UT
Utah State,Education,2019,New England,1,0,9,UT
Utah State,Education,2019,New England,5,,,UT
Utah State,Education,2019,New England,10,,,UT
Utah State,Education,2019,Pacific,1,0,114,UT
Utah State,Education,2019,Pacific,5,,,UT
Utah State,Education,2019,Pacific,10,,,UT
Utah State,Education,2019,South Atlantic,1,0,41,UT
Utah State,Education,2019,South Atlantic,5,,,UT
Utah State,Education,2019,South Atlantic,10,,,UT
Utah State,Education,2019,West North Central,1,0,24,UT
Utah State,Education,2019,West North Central,5,,,UT
Utah State,Education,2019,West North Central,10,,,UT
Utah State,Education,2019,West South Central,1,0,37,UT
Utah State,Education,2019,West South Central,5,,,UT
Utah State,Education,2019,West South Central,10,,,UT
Utah State,Finance,2010,East North Central,1,0,3,UT
Utah State,Finance,2010,East North Central,5,0,10,UT
Utah State,Finance,2010,East North Central,10,0,5,UT
Utah State,Finance,2010,East South Central,1,0,6,UT
Utah State,Finance,2010,East South Central,5,0,0,UT
Utah State,Finance,2010,East South Central,10,0,2,UT
Utah State,Finance,2010,Middle Atlantic,1,0,1,UT
Utah State,Finance,2010,Middle Atlantic,5,0,5,UT
Utah State,Finance,2010,Middle Atlantic,10,0,5,UT
Utah State,Finance,2010,Mountain,1,271,280,UT
Utah State,Finance,2010,Mountain,5,234,259,UT
Utah State,Finance,2010,Mountain,10,231,251,UT
Utah State,Finance,2010,New England,1,0,1,UT
Utah State,Finance,2010,New England,5,0,3,UT
Utah State,Finance,2010,New England,10,0,4,UT
Utah State,Finance,2010,Pacific,1,0,12,UT
Utah State,Finance,2010,Pacific,5,0,23,UT
Utah State,Finance,2010,Pacific,10,0,11,UT
Utah State,Finance,2010,South Atlantic,1,0,15,UT
Utah State,Finance,2010,South Atlantic,5,0,12,UT
Utah State,Finance,2010,South Atlantic,10,0,15,UT
Utah State,Finance,2010,West North Central,1,0,1,UT
Utah State,Finance,2010,West North Central,5,0,0,UT
Utah State,Finance,2010,West North Central,10,0,4,UT
Utah State,Finance,2010,West South Central,1,0,3,UT
Utah State,Finance,2010,West South Central,5,0,15,UT
Utah State,Finance,2010,West South Central,10,0,14,UT
Utah State,Finance,2013,East North Central,1,0,7,UT
Utah State,Finance,2013,East North Central,5,0,12,UT
Utah State,Finance,2013,East North Central,10,,,UT
Utah State,Finance,2013,East South Central,1,0,0,UT
Utah State,Finance,2013,East South Central,5,0,7,UT
Utah State,Finance,2013,East South Central,10,,,UT
Utah State,Finance,2013,Middle Atlantic,1,0,7,UT
Utah State,Finance,2013,Middle Atlantic,5,0,8,UT
Utah State,Finance,2013,Middle Atlantic,10,,,UT
Utah State,Finance,2013,Mountain,1,317,360,UT
Utah State,Finance,2013,Mountain,5,274,320,UT
Utah State,Finance,2013,Mountain,10,,,UT
Utah State,Finance,2013,New England,1,0,2,UT
Utah State,Finance,2013,New England,5,0,1,UT
Utah State,Finance,2013,New England,10,,,UT
Utah State,Finance,2013,Pacific,1,0,24,UT
Utah State,Finance,2013,Pacific,5,0,19,UT
Utah State,Finance,2013,Pacific,10,,,UT
Utah State,Finance,2013,South Atlantic,1,0,7,UT
Utah State,Finance,2013,South Atlantic,5,0,9,UT
Utah State,Finance,2013,South Atlantic,10,,,UT
Utah State,Finance,2013,West North Central,1,0,2,UT
Utah State,Finance,2013,West North Central,5,0,5,UT
Utah State,Finance,2013,West North Central,10,,,UT
Utah State,Finance,2013,West South Central,1,0,13,UT
Utah State,Finance,2013,West South Central,5,0,13,UT
Utah State,Finance,2013,West South Central,10,,,UT
Utah State,Finance,2016,East North Central,1,0,5,UT
Utah State,Finance,2016,East North Central,5,0,9,UT
Utah State,Finance,2016,East North Central,10,,,UT
Utah State,Finance,2016,East South Central,1,0,0,UT
Utah State,Finance,2016,East South Central,5,0,2,UT
Utah State,Finance,2016,East South Central,10,,,UT
Utah State,Finance,2016,Middle Atlantic,1,0,17,UT
Utah State,Finance,2016,Middle Atlantic,5,0,21,UT
Utah State,Finance,2016,Middle Atlantic,10,,,UT
Utah State,Finance,2016,Mountain,1,353,394,UT
Utah State,Finance,2016,Mountain,5,343,400,UT
Utah State,Finance,2016,Mountain,10,,,UT
Utah State,Finance,2016,New England,1,0,3,UT
Utah State,Finance,2016,New England,5,0,2,UT
Utah State,Finance,2016,New England,10,,,UT
Utah State,Finance,2016,Pacific,1,0,11,UT
Utah State,Finance,2016,Pacific,5,0,14,UT
Utah State,Finance,2016,Pacific,10,,,UT
Utah State,Finance,2016,South Atlantic,1,0,9,UT
Utah State,Finance,2016,South Atlantic,5,0,14,UT
Utah State,Finance,2016,South Atlantic,10,,,UT
Utah State,Finance,2016,West North Central,1,0,0,UT
Utah State,Finance,2016,West North Central,5,0,5,UT
Utah State,Finance,2016,West North Central,10,,,UT
Utah State,Finance,2016,West South Central,1,0,12,UT
Utah State,Finance,2016,West South Central,5,0,16,UT
Utah State,Finance,2016,West South Central,10,,,UT
Utah State,Finance,2019,East North Central,1,0,9,UT
Utah State,Finance,2019,East North Central,5,,,UT
Utah State,Finance,2019,East North Central,10,,,UT
Utah State,Finance,2019,East South Central,1,0,0,UT
Utah State,Finance,2019,East South Central,5,,,UT
Utah State,Finance,2019,East South Central,10,,,UT
Utah State,Finance,2019,Middle Atlantic,1,0,9,UT
Utah State,Finance,2019,Middle Atlantic,5,,,UT
Utah State,Finance,2019,Middle Atlantic,10,,,UT
Utah State,Finance,2019,Mountain,1,370,394,UT
Utah State,Finance,2019,Mountain,5,,,UT
Utah State,Finance,2019,Mountain,10,,,UT
Utah State,Finance,2019,New England,1,0,0,UT
Utah State,Finance,2019,New England,5,,,UT
Utah State,Finance,2019,New England,10,,,UT
Utah State,Finance,2019,Pacific,1,0,34,UT
Utah State,Finance,2019,Pacific,5,,,UT
Utah State,Finance,2019,Pacific,10,,,UT
Utah State,Finance,2019,South Atlantic,1,0,7,UT
Utah State,Finance,2019,South Atlantic,5,,,UT
Utah State,Finance,2019,South Atlantic,10,,,UT
Utah State,Finance,2019,West North Central,1,0,2,UT
Utah State,Finance,2019,West North Central,5,,,UT
Utah State,Finance,2019,West North Central,10,,,UT
Utah State,Finance,2019,West South Central,1,0,15,UT
Utah State,Finance,2019,West South Central,5,,,UT
Utah State,Finance,2019,West South Central,10,,,UT
Utah State,Food/Hospitality,2010,East North Central,1,0,1,UT
Utah State,Food/Hospitality,2010,East North Central,5,0,2,UT
Utah State,Food/Hospitality,2010,East North Central,10,0,6,UT
Utah State,Food/Hospitality,2010,East South Central,1,0,0,UT
Utah State,Food/Hospitality,2010,East South Central,5,0,1,UT
Utah State,Food/Hospitality,2010,East South Central,10,0,1,UT
Utah State,Food/Hospitality,2010,Middle Atlantic,1,0,0,UT
Utah State,Food/Hospitality,2010,Middle Atlantic,5,0,0,UT
Utah State,Food/Hospitality,2010,Middle Atlantic,10,0,6,UT
Utah State,Food/Hospitality,2010,Mountain,1,66,74,UT
Utah State,Food/Hospitality,2010,Mountain,5,30,52,UT
Utah State,Food/Hospitality,2010,Mountain,10,30,37,UT
Utah State,Food/Hospitality,2010,New England,1,0,0,UT
Utah State,Food/Hospitality,2010,New England,5,0,0,UT
Utah State,Food/Hospitality,2010,New England,10,0,2,UT
Utah State,Food/Hospitality,2010,Pacific,1,0,16,UT
Utah State,Food/Hospitality,2010,Pacific,5,0,16,UT
Utah State,Food/Hospitality,2010,Pacific,10,0,13,UT
Utah State,Food/Hospitality,2010,South Atlantic,1,0,8,UT
Utah State,Food/Hospitality,2010,South Atlantic,5,0,5,UT
Utah State,Food/Hospitality,2010,South Atlantic,10,0,6,UT
Utah State,Food/Hospitality,2010,West North Central,1,0,2,UT
Utah State,Food/Hospitality,2010,West North Central,5,0,1,UT
Utah State,Food/Hospitality,2010,West North Central,10,0,5,UT
Utah State,Food/Hospitality,2010,West South Central,1,0,6,UT
Utah State,Food/Hospitality,2010,West South Central,5,0,8,UT
Utah State,Food/Hospitality,2010,West South Central,10,0,10,UT
Utah State,Food/Hospitality,2013,East North Central,1,0,10,UT
Utah State,Food/Hospitality,2013,East North Central,5,0,4,UT
Utah State,Food/Hospitality,2013,East North Central,10,,,UT
Utah State,Food/Hospitality,2013,East South Central,1,0,2,UT
Utah State,Food/Hospitality,2013,East South Central,5,0,0,UT
Utah State,Food/Hospitality,2013,East South Central,10,,,UT
Utah State,Food/Hospitality,2013,Middle Atlantic,1,0,3,UT
Utah State,Food/Hospitality,2013,Middle Atlantic,5,0,7,UT
Utah State,Food/Hospitality,2013,Middle Atlantic,10,,,UT
Utah State,Food/Hospitality,2013,Mountain,1,98,118,UT
Utah State,Food/Hospitality,2013,Mountain,5,40,59,UT
Utah State,Food/Hospitality,2013,Mountain,10,,,UT
Utah State,Food/Hospitality,2013,New England,1,0,0,UT
Utah State,Food/Hospitality,2013,New England,5,0,0,UT
Utah State,Food/Hospitality,2013,New England,10,,,UT
Utah State,Food/Hospitality,2013,Pacific,1,0,23,UT
Utah State,Food/Hospitality,2013,Pacific,5,0,22,UT
Utah State,Food/Hospitality,2013,Pacific,10,,,UT
Utah State,Food/Hospitality,2013,South Atlantic,1,0,11,UT
Utah State,Food/Hospitality,2013,South Atlantic,5,0,7,UT
Utah State,Food/Hospitality,2013,South Atlantic,10,,,UT
Utah State,Food/Hospitality,2013,West North Central,1,0,2,UT
Utah State,Food/Hospitality,2013,West North Central,5,0,2,UT
Utah State,Food/Hospitality,2013,West North Central,10,,,UT
Utah State,Food/Hospitality,2013,West South Central,1,0,7,UT
Utah State,Food/Hospitality,2013,West South Central,5,0,5,UT
Utah State,Food/Hospitality,2013,West South Central,10,,,UT
Utah State,Food/Hospitality,2016,East North Central,1,0,6,UT
Utah State,Food/Hospitality,2016,East North Central,5,0,5,UT
Utah State,Food/Hospitality,2016,East North Central,10,,,UT
Utah State,Food/Hospitality,2016,East South Central,1,0,1,UT
Utah State,Food/Hospitality,2016,East South Central,5,0,4,UT
Utah State,Food/Hospitality,2016,East South Central,10,,,UT
Utah State,Food/Hospitality,2016,Middle Atlantic,1,0,2,UT
Utah State,Food/Hospitality,2016,Middle Atlantic,5,0,8,UT
Utah State,Food/Hospitality,2016,Middle Atlantic,10,,,UT
Utah State,Food/Hospitality,2016,Mountain,1,101,119,UT
Utah State,Food/Hospitality,2016,Mountain,5,51,65,UT
Utah State,Food/Hospitality,2016,Mountain,10,,,UT
Utah State,Food/Hospitality,2016,New England,1,0,0,UT
Utah State,Food/Hospitality,2016,New England,5,0,1,UT
Utah State,Food/Hospitality,2016,New England,10,,,UT
Utah State,Food/Hospitality,2016,Pacific,1,0,17,UT
Utah State,Food/Hospitality,2016,Pacific,5,0,26,UT
Utah State,Food/Hospitality,2016,Pacific,10,,,UT
Utah State,Food/Hospitality,2016,South Atlantic,1,0,4,UT
Utah State,Food/Hospitality,2016,South Atlantic,5,0,6,UT
Utah State,Food/Hospitality,2016,South Atlantic,10,,,UT
Utah State,Food/Hospitality,2016,West North Central,1,0,3,UT
Utah State,Food/Hospitality,2016,West North Central,5,0,1,UT
Utah State,Food/Hospitality,2016,West North Central,10,,,UT
Utah State,Food/Hospitality,2016,West South Central,1,0,12,UT
Utah State,Food/Hospitality,2016,West South Central,5,0,14,UT
Utah State,Food/Hospitality,2016,West South Central,10,,,UT
Utah State,Food/Hospitality,2019,East North Central,1,0,5,UT
Utah State,Food/Hospitality,2019,East North Central,5,,,UT
Utah State,Food/Hospitality,2019,East North Central,10,,,UT
Utah State,Food/Hospitality,2019,East South Central,1,0,2,UT
Utah State,Food/Hospitality,2019,East South Central,5,,,UT
Utah State,Food/Hospitality,2019,East South Central,10,,,UT
Utah State,Food/Hospitality,2019,Middle Atlantic,1,0,5,UT
Utah State,Food/Hospitality,2019,Middle Atlantic,5,,,UT
Utah State,Food/Hospitality,2019,Middle Atlantic,10,,,UT
Utah State,Food/Hospitality,2019,Mountain,1,122,148,UT
Utah State,Food/Hospitality,2019,Mountain,5,,,UT
Utah State,Food/Hospitality,2019,Mountain,10,,,UT
Utah State,Food/Hospitality,2019,New England,1,0,0,UT
Utah State,Food/Hospitality,2019,New England,5,,,UT
Utah State,Food/Hospitality,2019,New England,10,,,UT
Utah State,Food/Hospitality,2019,Pacific,1,0,28,UT
Utah State,Food/Hospitality,2019,Pacific,5,,,UT
Utah State,Food/Hospitality,2019,Pacific,10,,,UT
Utah State,Food/Hospitality,2019,South Atlantic,1,0,8,UT
Utah State,Food/Hospitality,2019,South Atlantic,5,,,UT
Utah State,Food/Hospitality,2019,South Atlantic,10,,,UT
Utah State,Food/Hospitality,2019,West North Central,1,0,1,UT
Utah State,Food/Hospitality,2019,West North Central,5,,,UT
Utah State,Food/Hospitality,2019,West North Central,10,,,UT
Utah State,Food/Hospitality,2019,West South Central,1,0,12,UT
Utah State,Food/Hospitality,2019,West South Central,5,,,UT
Utah State,Food/Hospitality,2019,West South Central,10,,,UT
Utah State,Health Care,2010,East North Central,1,0,9,UT
Utah State,Health Care,2010,East North Central,5,0,25,UT
Utah State,Health Care,2010,East North Central,10,0,19,UT
Utah State,Health Care,2010,East South Central,1,0,2,UT
Utah State,Health Care,2010,East South Central,5,0,8,UT
Utah State,Health Care,2010,East South Central,10,0,20,UT
Utah State,Health Care,2010,Middle Atlantic,1,0,16,UT
Utah State,Health Care,2010,Middle Atlantic,5,0,15,UT
Utah State,Health Care,2010,Middle Atlantic,10,0,16,UT
Utah State,Health Care,2010,Mountain,1,295,323,UT
Utah State,Health Care,2010,Mountain,5,309,377,UT
Utah State,Health Care,2010,Mountain,10,273,369,UT
Utah State,Health Care,2010,New England,1,0,1,UT
Utah State,Health Care,2010,New England,5,0,8,UT
Utah State,Health Care,2010,New England,10,0,10,UT
Utah State,Health Care,2010,Pacific,1,0,43,UT
Utah State,Health Care,2010,Pacific,5,0,80,UT
Utah State,Health Care,2010,Pacific,10,0,86,UT
Utah State,Health Care,2010,South Atlantic,1,0,13,UT
Utah State,Health Care,2010,South Atlantic,5,0,21,UT
Utah State,Health Care,2010,South Atlantic,10,0,45,UT
Utah State,Health Care,2010,West North Central,1,0,4,UT
Utah State,Health Care,2010,West North Central,5,0,14,UT
Utah State,Health Care,2010,West North Central,10,0,16,UT
Utah State,Health Care,2010,West South Central,1,0,39,UT
Utah State,Health Care,2010,West South Central,5,0,40,UT
Utah State,Health Care,2010,West South Central,10,0,39,UT
Utah State,Health Care,2013,East North Central,1,0,32,UT
Utah State,Health Care,2013,East North Central,5,0,43,UT
Utah State,Health Care,2013,East North Central,10,,,UT
Utah State,Health Care,2013,East South Central,1,0,14,UT
Utah State,Health Care,2013,East South Central,5,0,16,UT
Utah State,Health Care,2013,East South Central,10,,,UT
Utah State,Health Care,2013,Middle Atlantic,1,0,13,UT
Utah State,Health Care,2013,Middle Atlantic,5,0,29,UT
Utah State,Health Care,2013,Middle Atlantic,10,,,UT
Utah State,Health Care,2013,Mountain,1,475,535,UT
Utah State,Health Care,2013,Mountain,5,471,609,UT
Utah State,Health Care,2013,Mountain,10,,,UT
Utah State,Health Care,2013,New England,1,0,9,UT
Utah State,Health Care,2013,New England,5,0,9,UT
Utah State,Health Care,2013,New England,10,,,UT
Utah State,Health Care,2013,Pacific,1,0,76,UT
Utah State,Health Care,2013,Pacific,5,0,140,UT
Utah State,Health Care,2013,Pacific,10,,,UT
Utah State,Health Care,2013,South Atlantic,1,0,31,UT
Utah State,Health Care,2013,South Atlantic,5,0,63,UT
Utah State,Health Care,2013,South Atlantic,10,,,UT
Utah State,Health Care,2013,West North Central,1,0,19,UT
Utah State,Health Care,2013,West North Central,5,0,25,UT
Utah State,Health Care,2013,West North Central,10,,,UT
Utah State,Health Care,2013,West South Central,1,0,20,UT
Utah State,Health Care,2013,West South Central,5,0,57,UT
Utah State,Health Care,2013,West South Central,10,,,UT
Utah State,Health Care,2016,East North Central,1,0,28,UT
Utah State,Health Care,2016,East North Central,5,0,41,UT
Utah State,Health Care,2016,East North Central,10,,,UT
Utah State,Health Care,2016,East South Central,1,0,3,UT
Utah State,Health Care,2016,East South Central,5,0,20,UT
Utah State,Health Care,2016,East South Central,10,,,UT
Utah State,Health Care,2016,Middle Atlantic,1,0,17,UT
Utah State,Health Care,2016,Middle Atlantic,5,0,26,UT
Utah State,Health Care,2016,Middle Atlantic,10,,,UT
Utah State,Health Care,2016,Mountain,1,686,754,UT
Utah State,Health Care,2016,Mountain,5,564,703,UT
Utah State,Health Care,2016,Mountain,10,,,UT
Utah State,Health Care,2016,New England,1,0,5,UT
Utah State,Health Care,2016,New England,5,0,8,UT
Utah State,Health Care,2016,New England,10,,,UT
Utah State,Health Care,2016,Pacific,1,0,81,UT
Utah State,Health Care,2016,Pacific,5,0,150,UT
Utah State,Health Care,2016,Pacific,10,,,UT
Utah State,Health Care,2016,South Atlantic,1,0,35,UT
Utah State,Health Care,2016,South Atlantic,5,0,50,UT
Utah State,Health Care,2016,South Atlantic,10,,,UT
Utah State,Health Care,2016,West North Central,1,0,12,UT
Utah State,Health Care,2016,West North Central,5,0,27,UT
Utah State,Health Care,2016,West North Central,10,,,UT
Utah State,Health Care,2016,West South Central,1,0,22,UT
Utah State,Health Care,2016,West South Central,5,0,48,UT
Utah State,Health Care,2016,West South Central,10,,,UT
Utah State,Health Care,2019,East North Central,1,0,21,UT
Utah State,Health Care,2019,East North Central,5,,,UT
Utah State,Health Care,2019,East North Central,10,,,UT
Utah State,Health Care,2019,East South Central,1,0,6,UT
Utah State,Health Care,2019,East South Central,5,,,UT
Utah State,Health Care,2019,East South Central,10,,,UT
Utah State,Health Care,2019,Middle Atlantic,1,0,11,UT
Utah State,Health Care,2019,Middle Atlantic,5,,,UT
Utah State,Health Care,2019,Middle Atlantic,10,,,UT
Utah State,Health Care,2019,Mountain,1,769,860,UT
Utah State,Health Care,2019,Mountain,5,,,UT
Utah State,Health Care,2019,Mountain,10,,,UT
Utah State,Health Care,2019,New England,1,0,5,UT
Utah State,Health Care,2019,New England,5,,,UT
Utah State,Health Care,2019,New England,10,,,UT
Utah State,Health Care,2019,Pacific,1,0,102,UT
Utah State,Health Care,2019,Pacific,5,,,UT
Utah State,Health Care,2019,Pacific,10,,,UT
Utah State,Health Care,2019,South Atlantic,1,0,32,UT
Utah State,Health Care,2019,South Atlantic,5,,,UT
Utah State,Health Care,2019,South Atlantic,10,,,UT
Utah State,Health Care,2019,West North Central,1,0,23,UT
Utah State,Health Care,2019,West North Central,5,,,UT
Utah State,Health Care,2019,West North Central,10,,,UT
Utah State,Health Care,2019,West South Central,1,0,32,UT
Utah State,Health Care,2019,West South Central,5,,,UT
Utah State,Health Care,2019,West South Central,10,,,UT
Utah State,Information,2010,East North Central,1,0,0,UT
Utah State,Information,2010,East North Central,5,0,0,UT
Utah State,Information,2010,East North Central,10,0,0,UT
Utah State,Information,2010,East South Central,1,0,0,UT
Utah State,Information,2010,East South Central,5,0,0,UT
Utah State,Information,2010,East South Central,10,0,0,UT
Utah State,Information,2010,Middle Atlantic,1,0,0,UT
Utah State,Information,2010,Middle Atlantic,5,0,1,UT
Utah State,Information,2010,Middle Atlantic,10,0,6,UT
Utah State,Information,2010,Mountain,1,92,96,UT
Utah State,Information,2010,Mountain,5,122,122,UT
Utah State,Information,2010,Mountain,10,127,130,UT
Utah State,Information,2010,New England,1,0,0,UT
Utah State,Information,2010,New England,5,0,0,UT
Utah State,Information,2010,New England,10,0,1,UT
Utah State,Information,2010,Pacific,1,0,9,UT
Utah State,Information,2010,Pacific,5,0,19,UT
Utah State,Information,2010,Pacific,10,0,22,UT
Utah State,Information,2010,South Atlantic,1,0,2,UT
Utah State,Information,2010,South Atlantic,5,0,4,UT
Utah State,Information,2010,South Atlantic,10,0,4,UT
Utah State,Information,2010,West North Central,1,0,0,UT
Utah State,Information,2010,West North Central,5,0,1,UT
Utah State,Information,2010,West North Central,10,0,0,UT
Utah State,Information,2010,West South Central,1,0,4,UT
Utah State,Information,2010,West South Central,5,0,2,UT
Utah State,Information,2010,West South Central,10,0,10,UT
Utah State,Information,2013,East North Central,1,0,0,UT
Utah State,Information,2013,East North Central,5,0,1,UT
Utah State,Information,2013,East North Central,10,,,UT
Utah State,Information,2013,East South Central,1,0,0,UT
Utah State,Information,2013,East South Central,5,0,0,UT
Utah State,Information,2013,East South Central,10,,,UT
Utah State,Information,2013,Middle Atlantic,1,0,2,UT
Utah State,Information,2013,Middle Atlantic,5,0,6,UT
Utah State,Information,2013,Middle Atlantic,10,,,UT
Utah State,Information,2013,Mountain,1,146,152,UT
Utah State,Information,2013,Mountain,5,169,173,UT
Utah State,Information,2013,Mountain,10,,,UT
Utah State,Information,2013,New England,1,0,0,UT
Utah State,Information,2013,New England,5,0,0,UT
Utah State,Information,2013,New England,10,,,UT
Utah State,Information,2013,Pacific,1,0,18,UT
Utah State,Information,2013,Pacific,5,0,41,UT
Utah State,Information,2013,Pacific,10,,,UT
Utah State,Information,2013,South Atlantic,1,0,3,UT
Utah State,Information,2013,South Atlantic,5,0,3,UT
Utah State,Information,2013,South Atlantic,10,,,UT
Utah State,Information,2013,West North Central,1,0,2,UT
Utah State,Information,2013,West North Central,5,0,0,UT
Utah State,Information,2013,West North Central,10,,,UT
Utah State,Information,2013,West South Central,1,0,3,UT
Utah State,Information,2013,West South Central,5,0,7,UT
Utah State,Information,2013,West South Central,10,,,UT
Utah State,Information,2016,East North Central,1,0,3,UT
Utah State,Information,2016,East North Central,5,0,4,UT
Utah State,Information,2016,East North Central,10,,,UT
Utah State,Information,2016,East South Central,1,0,0,UT
Utah State,Information,2016,East South Central,5,0,0,UT
Utah State,Information,2016,East South Central,10,,,UT
Utah State,Information,2016,Middle Atlantic,1,0,2,UT
Utah State,Information,2016,Middle Atlantic,5,0,8,UT
Utah State,Information,2016,Middle Atlantic,10,,,UT
Utah State,Information,2016,Mountain,1,151,159,UT
Utah State,Information,2016,Mountain,5,223,237,UT
Utah State,Information,2016,Mountain,10,,,UT
Utah State,Information,2016,New England,1,0,0,UT
Utah State,Information,2016,New England,5,0,0,UT
Utah State,Information,2016,New England,10,,,UT
Utah State,Information,2016,Pacific,1,0,26,UT
Utah State,Information,2016,Pacific,5,0,22,UT
Utah State,Information,2016,Pacific,10,,,UT
Utah State,Information,2016,South Atlantic,1,0,6,UT
Utah State,Information,2016,South Atlantic,5,0,2,UT
Utah State,Information,2016,South Atlantic,10,,,UT
Utah State,Information,2016,West North Central,1,0,2,UT
Utah State,Information,2016,West North Central,5,0,0,UT
Utah State,Information,2016,West North Central,10,,,UT
Utah State,Information,2016,West South Central,1,0,5,UT
Utah State,Information,2016,West South Central,5,0,6,UT
Utah State,Information,2016,West South Central,10,,,UT
Utah State,Information,2019,East North Central,1,0,2,UT
Utah State,Information,2019,East North Central,5,,,UT
Utah State,Information,2019,East North Central,10,,,UT
Utah State,Information,2019,East South Central,1,0,0,UT
Utah State,Information,2019,East South Central,5,,,UT
Utah State,Information,2019,East South Central,10,,,UT
Utah State,Information,2019,Middle Atlantic,1,0,4,UT
Utah State,Information,2019,Middle Atlantic,5,,,UT
Utah State,Information,2019,Middle Atlantic,10,,,UT
Utah State,Information,2019,Mountain,1,179,185,UT
Utah State,Information,2019,Mountain,5,,,UT
Utah State,Information,2019,Mountain,10,,,UT
Utah State,Information,2019,New England,1,0,0,UT
Utah State,Information,2019,New England,5,,,UT
Utah State,Information,2019,New England,10,,,UT
Utah State,Information,2019,Pacific,1,0,17,UT
Utah State,Information,2019,Pacific,5,,,UT
Utah State,Information,2019,Pacific,10,,,UT
Utah State,Information,2019,South Atlantic,1,0,6,UT
Utah State,Information,2019,South Atlantic,5,,,UT
Utah State,Information,2019,South Atlantic,10,,,UT
Utah State,Information,2019,West North Central,1,0,0,UT
Utah State,Information,2019,West North Central,5,,,UT
Utah State,Information,2019,West North Central,10,,,UT
Utah State,Information,2019,West South Central,1,0,2,UT
Utah State,Information,2019,West South Central,5,,,UT
Utah State,Information,2019,West South Central,10,,,UT
Utah State,Management,2010,East North Central,1,0,1,UT
Utah State,Management,2010,East North Central,5,0,1,UT
Utah State,Management,2010,East North Central,10,0,1,UT
Utah State,Management,2010,East South Central,1,0,0,UT
Utah State,Management,2010,East South Central,5,0,0,UT
Utah State,Management,2010,East South Central,10,0,0,UT
Utah State,Management,2010,Middle Atlantic,1,0,0,UT
Utah State,Management,2010,Middle Atlantic,5,0,0,UT
Utah State,Management,2010,Middle Atlantic,10,0,0,UT
Utah State,Management,2010,Mountain,1,62,63,UT
Utah State,Management,2010,Mountain,5,40,41,UT
Utah State,Management,2010,Mountain,10,49,51,UT
Utah State,Management,2010,New England,1,0,0,UT
Utah State,Management,2010,New England,5,0,0,UT
Utah State,Management,2010,New England,10,0,0,UT
Utah State,Management,2010,Pacific,1,0,1,UT
Utah State,Management,2010,Pacific,5,0,7,UT
Utah State,Management,2010,Pacific,10,0,7,UT
Utah State,Management,2010,South Atlantic,1,0,4,UT
Utah State,Management,2010,South Atlantic,5,0,2,UT
Utah State,Management,2010,South Atlantic,10,0,4,UT
Utah State,Management,2010,West North Central,1,0,0,UT
Utah State,Management,2010,West North Central,5,0,0,UT
Utah State,Management,2010,West North Central,10,0,0,UT
Utah State,Management,2010,West South Central,1,0,0,UT
Utah State,Management,2010,West South Central,5,0,1,UT
Utah State,Management,2010,West South Central,10,0,3,UT
Utah State,Management,2013,East North Central,1,0,1,UT
Utah State,Management,2013,East North Central,5,0,0,UT
Utah State,Management,2013,East North Central,10,,,UT
Utah State,Management,2013,East South Central,1,0,0,UT
Utah State,Management,2013,East South Central,5,0,0,UT
Utah State,Management,2013,East South Central,10,,,UT
Utah State,Management,2013,Middle Atlantic,1,0,3,UT
Utah State,Management,2013,Middle Atlantic,5,0,1,UT
Utah State,Management,2013,Middle Atlantic,10,,,UT
Utah State,Management,2013,Mountain,1,54,61,UT
Utah State,Management,2013,Mountain,5,53,57,UT
Utah State,Management,2013,Mountain,10,,,UT
Utah State,Management,2013,New England,1,0,0,UT
Utah State,Management,2013,New England,5,0,1,UT
Utah State,Management,2013,New England,10,,,UT
Utah State,Management,2013,Pacific,1,0,10,UT
Utah State,Management,2013,Pacific,5,0,6,UT
Utah State,Management,2013,Pacific,10,,,UT
Utah State,Management,2013,South Atlantic,1,0,0,UT
Utah State,Management,2013,South Atlantic,5,0,1,UT
Utah State,Management,2013,South Atlantic,10,,,UT
Utah State,Management,2013,West North Central,1,0,1,UT
Utah State,Management,2013,West North Central,5,0,0,UT
Utah State,Management,2013,West North Central,10,,,UT
Utah State,Management,2013,West South Central,1,0,0,UT
Utah State,Management,2013,West South Central,5,0,3,UT
Utah State,Management,2013,West South Central,10,,,UT
Utah State,Management,2016,East North Central,1,0,3,UT
Utah State,Management,2016,East North Central,5,0,4,UT
Utah State,Management,2016,East North Central,10,,,UT
Utah State,Management,2016,East South Central,1,0,0,UT
Utah State,Management,2016,East South Central,5,0,0,UT
Utah State,Management,2016,East South Central,10,,,UT
Utah State,Management,2016,Middle Atlantic,1,0,0,UT
Utah State,Management,2016,Middle Atlantic,5,0,5,UT
Utah State,Management,2016,Middle Atlantic,10,,,UT
Utah State,Management,2016,Mountain,1,77,80,UT
Utah State,Management,2016,Mountain,5,80,87,UT
Utah State,Management,2016,Mountain,10,,,UT
Utah State,Management,2016,New England,1,0,0,UT
Utah State,Management,2016,New England,5,0,0,UT
Utah State,Management,2016,New England,10,,,UT
Utah State,Management,2016,Pacific,1,0,7,UT
Utah State,Management,2016,Pacific,5,0,7,UT
Utah State,Management,2016,Pacific,10,,,UT
Utah State,Management,2016,South Atlantic,1,0,0,UT
Utah State,Management,2016,South Atlantic,5,0,3,UT
Utah State,Management,2016,South Atlantic,10,,,UT
Utah State,Management,2016,West North Central,1,0,2,UT
Utah State,Management,2016,West North Central,5,0,1,UT
Utah State,Management,2016,West North Central,10,,,UT
Utah State,Management,2016,West South Central,1,0,0,UT
Utah State,Management,2016,West South Central,5,0,2,UT
Utah State,Management,2016,West South Central,10,,,UT
Utah State,Management,2019,East North Central,1,0,3,UT
Utah State,Management,2019,East North Central,5,,,UT
Utah State,Management,2019,East North Central,10,,,UT
Utah State,Management,2019,East South Central,1,0,1,UT
Utah State,Management,2019,East South Central,5,,,UT
Utah State,Management,2019,East South Central,10,,,UT
Utah State,Management,2019,Middle Atlantic,1,0,1,UT
Utah State,Management,2019,Middle Atlantic,5,,,UT
Utah State,Management,2019,Middle Atlantic,10,,,UT
Utah State,Management,2019,Mountain,1,89,92,UT
Utah State,Management,2019,Mountain,5,,,UT
Utah State,Management,2019,Mountain,10,,,UT
Utah State,Management,2019,New England,1,0,0,UT
Utah State,Management,2019,New England,5,,,UT
Utah State,Management,2019,New England,10,,,UT
Utah State,Management,2019,Pacific,1,0,10,UT
Utah State,Management,2019,Pacific,5,,,UT
Utah State,Management,2019,Pacific,10,,,UT
Utah State,Management,2019,South Atlantic,1,0,1,UT
Utah State,Management,2019,South Atlantic,5,,,UT
Utah State,Management,2019,South Atlantic,10,,,UT
Utah State,Management,2019,West North Central,1,0,1,UT
Utah State,Management,2019,West North Central,5,,,UT
Utah State,Management,2019,West North Central,10,,,UT
Utah State,Management,2019,West South Central,1,0,2,UT
Utah State,Management,2019,West South Central,5,,,UT
Utah State,Management,2019,West South Central,10,,,UT
Utah State,Manufacturing,2010,East North Central,1,0,20,UT
Utah State,Manufacturing,2010,East North Central,5,0,18,UT
Utah State,Manufacturing,2010,East North Central,10,0,16,UT
Utah State,Manufacturing,2010,East South Central,1,0,3,UT
Utah State,Manufacturing,2010,East South Central,5,0,4,UT
Utah State,Manufacturing,2010,East South Central,10,0,3,UT
Utah State,Manufacturing,2010,Middle Atlantic,1,0,6,UT
Utah State,Manufacturing,2010,Middle Atlantic,5,0,9,UT
Utah State,Manufacturing,2010,Middle Atlantic,10,0,8,UT
Utah State,Manufacturing,2010,Mountain,1,368,393,UT
Utah State,Manufacturing,2010,Mountain,5,350,397,UT
Utah State,Manufacturing,2010,Mountain,10,326,362,UT
Utah State,Manufacturing,2010,New England,1,0,0,UT
Utah State,Manufacturing,2010,New England,5,0,4,UT
Utah State,Manufacturing,2010,New England,10,0,4,UT
Utah State,Manufacturing,2010,Pacific,1,0,26,UT
Utah State,Manufacturing,2010,Pacific,5,0,30,UT
Utah State,Manufacturing,2010,Pacific,10,0,44,UT
Utah State,Manufacturing,2010,South Atlantic,1,0,8,UT
Utah State,Manufacturing,2010,South Atlantic,5,0,24,UT
Utah State,Manufacturing,2010,South Atlantic,10,0,16,UT
Utah State,Manufacturing,2010,West North Central,1,0,10,UT
Utah State,Manufacturing,2010,West North Central,5,0,10,UT
Utah State,Manufacturing,2010,West North Central,10,0,10,UT
Utah State,Manufacturing,2010,West South Central,1,0,9,UT
Utah State,Manufacturing,2010,West South Central,5,0,14,UT
Utah State,Manufacturing,2010,West South Central,10,0,24,UT
Utah State,Manufacturing,2013,East North Central,1,0,26,UT
Utah State,Manufacturing,2013,East North Central,5,0,13,UT
Utah State,Manufacturing,2013,East North Central,10,,,UT
Utah State,Manufacturing,2013,East South Central,1,0,6,UT
Utah State,Manufacturing,2013,East South Central,5,0,6,UT
Utah State,Manufacturing,2013,East South Central,10,,,UT
Utah State,Manufacturing,2013,Middle Atlantic,1,0,12,UT
Utah State,Manufacturing,2013,Middle Atlantic,5,0,14,UT
Utah State,Manufacturing,2013,Middle Atlantic,10,,,UT
Utah State,Manufacturing,2013,Mountain,1,430,483,UT
Utah State,Manufacturing,2013,Mountain,5,412,468,UT
Utah State,Manufacturing,2013,Mountain,10,,,UT
Utah State,Manufacturing,2013,New England,1,0,0,UT
Utah State,Manufacturing,2013,New England,5,0,5,UT
Utah State,Manufacturing,2013,New England,10,,,UT
Utah State,Manufacturing,2013,Pacific,1,0,25,UT
Utah State,Manufacturing,2013,Pacific,5,0,43,UT
Utah State,Manufacturing,2013,Pacific,10,,,UT
Utah State,Manufacturing,2013,South Atlantic,1,0,12,UT
Utah State,Manufacturing,2013,South Atlantic,5,0,22,UT
Utah State,Manufacturing,2013,South Atlantic,10,,,UT
Utah State,Manufacturing,2013,West North Central,1,0,13,UT
Utah State,Manufacturing,2013,West North Central,5,0,19,UT
Utah State,Manufacturing,2013,West North Central,10,,,UT
Utah State,Manufacturing,2013,West South Central,1,0,10,UT
Utah State,Manufacturing,2013,West South Central,5,0,18,UT
Utah State,Manufacturing,2013,West South Central,10,,,UT
Utah State,Manufacturing,2016,East North Central,1,0,22,UT
Utah State,Manufacturing,2016,East North Central,5,0,16,UT
Utah State,Manufacturing,2016,East North Central,10,,,UT
Utah State,Manufacturing,2016,East South Central,1,0,11,UT
Utah State,Manufacturing,2016,East South Central,5,0,7,UT
Utah State,Manufacturing,2016,East South Central,10,,,UT
Utah State,Manufacturing,2016,Middle Atlantic,1,0,10,UT
Utah State,Manufacturing,2016,Middle Atlantic,5,0,10,UT
Utah State,Manufacturing,2016,Middle Atlantic,10,,,UT
Utah State,Manufacturing,2016,Mountain,1,513,573,UT
Utah State,Manufacturing,2016,Mountain,5,543,591,UT
Utah State,Manufacturing,2016,Mountain,10,,,UT
Utah State,Manufacturing,2016,New England,1,0,2,UT
Utah State,Manufacturing,2016,New England,5,0,4,UT
Utah State,Manufacturing,2016,New England,10,,,UT
Utah State,Manufacturing,2016,Pacific,1,0,42,UT
Utah State,Manufacturing,2016,Pacific,5,0,62,UT
Utah State,Manufacturing,2016,Pacific,10,,,UT
Utah State,Manufacturing,2016,South Atlantic,1,0,18,UT
Utah State,Manufacturing,2016,South Atlantic,5,0,22,UT
Utah State,Manufacturing,2016,South Atlantic,10,,,UT
Utah State,Manufacturing,2016,West North Central,1,0,12,UT
Utah State,Manufacturing,2016,West North Central,5,0,18,UT
Utah State,Manufacturing,2016,West North Central,10,,,UT
Utah State,Manufacturing,2016,West South Central,1,0,14,UT
Utah State,Manufacturing,2016,West South Central,5,0,26,UT
Utah State,Manufacturing,2016,West South Central,10,,,UT
Utah State,Manufacturing,2019,East North Central,1,0,15,UT
Utah State,Manufacturing,2019,East North Central,5,,,UT
Utah State,Manufacturing,2019,East North Central,10,,,UT
Utah State,Manufacturing,2019,East South Central,1,0,3,UT
Utah State,Manufacturing,2019,East South Central,5,,,UT
Utah State,Manufacturing,2019,East South Central,10,,,UT
Utah State,Manufacturing,2019,Middle Atlantic,1,0,9,UT
Utah State,Manufacturing,2019,Middle Atlantic,5,,,UT
Utah State,Manufacturing,2019,Middle Atlantic,10,,,UT
Utah State,Manufacturing,2019,Mountain,1,753,803,UT
Utah State,Manufacturing,2019,Mountain,5,,,UT
Utah State,Manufacturing,2019,Mountain,10,,,UT
Utah State,Manufacturing,2019,New England,1,0,2,UT
Utah State,Manufacturing,2019,New England,5,,,UT
Utah State,Manufacturing,2019,New England,10,,,UT
Utah State,Manufacturing,2019,Pacific,1,0,21,UT
Utah State,Manufacturing,2019,Pacific,5,,,UT
Utah State,Manufacturing,2019,Pacific,10,,,UT
Utah State,Manufacturing,2019,South Atlantic,1,0,9,UT
Utah State,Manufacturing,2019,South Atlantic,5,,,UT
Utah State,Manufacturing,2019,South Atlantic,10,,,UT
Utah State,Manufacturing,2019,West North Central,1,0,14,UT
Utah State,Manufacturing,2019,West North Central,5,,,UT
Utah State,Manufacturing,2019,West North Central,10,,,UT
Utah State,Manufacturing,2019,West South Central,1,0,9,UT
Utah State,Manufacturing,2019,West South Central,5,,,UT
Utah State,Manufacturing,2019,West South Central,10,,,UT
Utah State,Mining,2010,East North Central,1,0,0,UT
Utah State,Mining,2010,East North Central,5,0,0,UT
Utah State,Mining,2010,East North Central,10,0,0,UT
Utah State,Mining,2010,East South Central,1,0,0,UT
Utah State,Mining,2010,East South Central,5,0,0,UT
Utah State,Mining,2010,East South Central,10,0,0,UT
Utah State,Mining,2010,Middle Atlantic,1,0,0,UT
Utah State,Mining,2010,Middle Atlantic,5,0,0,UT
Utah State,Mining,2010,Middle Atlantic,10,0,0,UT
Utah State,Mining,2010,Mountain,1,20,27,UT
Utah State,Mining,2010,Mountain,5,17,17,UT
Utah State,Mining,2010,Mountain,10,11,11,UT
Utah State,Mining,2010,New England,1,0,0,UT
Utah State,Mining,2010,New England,5,0,0,UT
Utah State,Mining,2010,New England,10,0,0,UT
Utah State,Mining,2010,Pacific,1,0,0,UT
Utah State,Mining,2010,Pacific,5,0,0,UT
Utah State,Mining,2010,Pacific,10,0,0,UT
Utah State,Mining,2010,South Atlantic,1,0,0,UT
Utah State,Mining,2010,South Atlantic,5,0,0,UT
Utah State,Mining,2010,South Atlantic,10,0,0,UT
Utah State,Mining,2010,West North Central,1,0,0,UT
Utah State,Mining,2010,West North Central,5,0,0,UT
Utah State,Mining,2010,West North Central,10,0,0,UT
Utah State,Mining,2010,West South Central,1,0,3,UT
Utah State,Mining,2010,West South Central,5,0,3,UT
Utah State,Mining,2010,West South Central,10,0,6,UT
Utah State,Mining,2013,East North Central,1,0,0,UT
Utah State,Mining,2013,East North Central,5,0,0,UT
Utah State,Mining,2013,East North Central,10,,,UT
Utah State,Mining,2013,East South Central,1,0,0,UT
Utah State,Mining,2013,East South Central,5,0,0,UT
Utah State,Mining,2013,East South Central,10,,,UT
Utah State,Mining,2013,Middle Atlantic,1,0,0,UT
Utah State,Mining,2013,Middle Atlantic,5,0,0,UT
Utah State,Mining,2013,Middle Atlantic,10,,,UT
Utah State,Mining,2013,Mountain,1,21,21,UT
Utah State,Mining,2013,Mountain,5,8,10,UT
Utah State,Mining,2013,Mountain,10,,,UT
Utah State,Mining,2013,New England,1,0,0,UT
Utah State,Mining,2013,New England,5,0,0,UT
Utah State,Mining,2013,New England,10,,,UT
Utah State,Mining,2013,Pacific,1,0,1,UT
Utah State,Mining,2013,Pacific,5,0,1,UT
Utah State,Mining,2013,Pacific,10,,,UT
Utah State,Mining,2013,South Atlantic,1,0,0,UT
Utah State,Mining,2013,South Atlantic,5,0,0,UT
Utah State,Mining,2013,South Atlantic,10,,,UT
Utah State,Mining,2013,West North Central,1,0,0,UT
Utah State,Mining,2013,West North Central,5,0,0,UT
Utah State,Mining,2013,West North Central,10,,,UT
Utah State,Mining,2013,West South Central,1,0,5,UT
Utah State,Mining,2013,West South Central,5,0,3,UT
Utah State,Mining,2013,West South Central,10,,,UT
Utah State,Mining,2016,East North Central,1,0,0,UT
Utah State,Mining,2016,East North Central,5,0,0,UT
Utah State,Mining,2016,East North Central,10,,,UT
Utah State,Mining,2016,East South Central,1,0,0,UT
Utah State,Mining,2016,East South Central,5,0,0,UT
Utah State,Mining,2016,East South Central,10,,,UT
Utah State,Mining,2016,Middle Atlantic,1,0,0,UT
Utah State,Mining,2016,Middle Atlantic,5,0,0,UT
Utah State,Mining,2016,Middle Atlantic,10,,,UT
Utah State,Mining,2016,Mountain,1,10,11,UT
Utah State,Mining,2016,Mountain,5,11,13,UT
Utah State,Mining,2016,Mountain,10,,,UT
Utah State,Mining,2016,New England,1,0,0,UT
Utah State,Mining,2016,New England,5,0,0,UT
Utah State,Mining,2016,New England,10,,,UT
Utah State,Mining,2016,Pacific,1,0,1,UT
Utah State,Mining,2016,Pacific,5,0,1,UT
Utah State,Mining,2016,Pacific,10,,,UT
Utah State,Mining,2016,South Atlantic,1,0,0,UT
Utah State,Mining,2016,South Atlantic,5,0,0,UT
Utah State,Mining,2016,South Atlantic,10,,,UT
Utah State,Mining,2016,West North Central,1,0,0,UT
Utah State,Mining,2016,West North Central,5,0,0,UT
Utah State,Mining,2016,West North Central,10,,,UT
Utah State,Mining,2016,West South Central,1,0,7,UT
Utah State,Mining,2016,West South Central,5,0,4,UT
Utah State,Mining,2016,West South Central,10,,,UT
Utah State,Mining,2019,East North Central,1,0,0,UT
Utah State,Mining,2019,East North Central,5,,,UT
Utah State,Mining,2019,East North Central,10,,,UT
Utah State,Mining,2019,East South Central,1,0,0,UT
Utah State,Mining,2019,East South Central,5,,,UT
Utah State,Mining,2019,East South Central,10,,,UT
Utah State,Mining,2019,Middle Atlantic,1,0,0,UT
Utah State,Mining,2019,Middle Atlantic,5,,,UT
Utah State,Mining,2019,Middle Atlantic,10,,,UT
Utah State,Mining,2019,Mountain,1,11,11,UT
Utah State,Mining,2019,Mountain,5,,,UT
Utah State,Mining,2019,Mountain,10,,,UT
Utah State,Mining,2019,New England,1,0,0,UT
Utah State,Mining,2019,New England,5,,,UT
Utah State,Mining,2019,New England,10,,,UT
Utah State,Mining,2019,Pacific,1,0,0,UT
Utah State,Mining,2019,Pacific,5,,,UT
Utah State,Mining,2019,Pacific,10,,,UT
Utah State,Mining,2019,South Atlantic,1,0,0,UT
Utah State,Mining,2019,South Atlantic,5,,,UT
Utah State,Mining,2019,South Atlantic,10,,,UT
Utah State,Mining,2019,West North Central,1,0,0,UT
Utah State,Mining,2019,West North Central,5,,,UT
Utah State,Mining,2019,West North Central,10,,,UT
Utah State,Mining,2019,West South Central,1,0,2,UT
Utah State,Mining,2019,West South Central,5,,,UT
Utah State,Mining,2019,West South Central,10,,,UT
Utah State,Other Services,2010,East North Central,1,0,0,UT
Utah State,Other Services,2010,East North Central,5,0,1,UT
Utah State,Other Services,2010,East North Central,10,0,2,UT
Utah State,Other Services,2010,East South Central,1,0,0,UT
Utah State,Other Services,2010,East South Central,5,0,0,UT
Utah State,Other Services,2010,East South Central,10,0,0,UT
Utah State,Other Services,2010,Middle Atlantic,1,0,2,UT
Utah State,Other Services,2010,Middle Atlantic,5,0,1,UT
Utah State,Other Services,2010,Middle Atlantic,10,0,0,UT
Utah State,Other Services,2010,Mountain,1,37,39,UT
Utah State,Other Services,2010,Mountain,5,29,31,UT
Utah State,Other Services,2010,Mountain,10,27,32,UT
Utah State,Other Services,2010,New England,1,0,0,UT
Utah State,Other Services,2010,New England,5,0,1,UT
Utah State,Other Services,2010,New England,10,0,0,UT
Utah State,Other Services,2010,Pacific,1,0,5,UT
Utah State,Other Services,2010,Pacific,5,0,5,UT
Utah State,Other Services,2010,Pacific,10,0,6,UT
Utah State,Other Services,2010,South Atlantic,1,0,0,UT
Utah State,Other Services,2010,South Atlantic,5,0,1,UT
Utah State,Other Services,2010,South Atlantic,10,0,0,UT
Utah State,Other Services,2010,West North Central,1,0,0,UT
Utah State,Other Services,2010,West North Central,5,0,0,UT
Utah State,Other Services,2010,West North Central,10,0,0,UT
Utah State,Other Services,2010,West South Central,1,0,0,UT
Utah State,Other Services,2010,West South Central,5,0,2,UT
Utah State,Other Services,2010,West South Central,10,0,3,UT
Utah State,Other Services,2013,East North Central,1,0,0,UT
Utah State,Other Services,2013,East North Central,5,0,4,UT
Utah State,Other Services,2013,East North Central,10,,,UT
Utah State,Other Services,2013,East South Central,1,0,0,UT
Utah State,Other Services,2013,East South Central,5,0,0,UT
Utah State,Other Services,2013,East South Central,10,,,UT
Utah State,Other Services,2013,Middle Atlantic,1,0,1,UT
Utah State,Other Services,2013,Middle Atlantic,5,0,0,UT
Utah State,Other Services,2013,Middle Atlantic,10,,,UT
Utah State,Other Services,2013,Mountain,1,45,47,UT
Utah State,Other Services,2013,Mountain,5,37,40,UT
Utah State,Other Services,2013,Mountain,10,,,UT
Utah State,Other Services,2013,New England,1,0,0,UT
Utah State,Other Services,2013,New England,5,0,0,UT
Utah State,Other Services,2013,New England,10,,,UT
Utah State,Other Services,2013,Pacific,1,0,6,UT
Utah State,Other Services,2013,Pacific,5,0,6,UT
Utah State,Other Services,2013,Pacific,10,,,UT
Utah State,Other Services,2013,South Atlantic,1,0,2,UT
Utah State,Other Services,2013,South Atlantic,5,0,0,UT
Utah State,Other Services,2013,South Atlantic,10,,,UT
Utah State,Other Services,2013,West North Central,1,0,1,UT
Utah State,Other Services,2013,West North Central,5,0,0,UT
Utah State,Other Services,2013,West North Central,10,,,UT
Utah State,Other Services,2013,West South Central,1,0,2,UT
Utah State,Other Services,2013,West South Central,5,0,0,UT
Utah State,Other Services,2013,West South Central,10,,,UT
Utah State,Other Services,2016,East North Central,1,0,5,UT
Utah State,Other Services,2016,East North Central,5,0,0,UT
Utah State,Other Services,2016,East North Central,10,,,UT
Utah State,Other Services,2016,East South Central,1,0,0,UT
Utah State,Other Services,2016,East South Central,5,0,0,UT
Utah State,Other Services,2016,East South Central,10,,,UT
Utah State,Other Services,2016,Middle Atlantic,1,0,0,UT
Utah State,Other Services,2016,Middle Atlantic,5,0,5,UT
Utah State,Other Services,2016,Middle Atlantic,10,,,UT
Utah State,Other Services,2016,Mountain,1,47,50,UT
Utah State,Other Services,2016,Mountain,5,52,55,UT
Utah State,Other Services,2016,Mountain,10,,,UT
Utah State,Other Services,2016,New England,1,0,0,UT
Utah State,Other Services,2016,New England,5,0,0,UT
Utah State,Other Services,2016,New England,10,,,UT
Utah State,Other Services,2016,Pacific,1,0,13,UT
Utah State,Other Services,2016,Pacific,5,0,10,UT
Utah State,Other Services,2016,Pacific,10,,,UT
Utah State,Other Services,2016,South Atlantic,1,0,1,UT
Utah State,Other Services,2016,South Atlantic,5,0,4,UT
Utah State,Other Services,2016,South Atlantic,10,,,UT
Utah State,Other Services,2016,West North Central,1,0,1,UT
Utah State,Other Services,2016,West North Central,5,0,0,UT
Utah State,Other Services,2016,West North Central,10,,,UT
Utah State,Other Services,2016,West South Central,1,0,2,UT
Utah State,Other Services,2016,West South Central,5,0,1,UT
Utah State,Other Services,2016,West South Central,10,,,UT
Utah State,Other Services,2019,East North Central,1,0,0,UT
Utah State,Other Services,2019,East North Central,5,,,UT
Utah State,Other Services,2019,East North Central,10,,,UT
Utah State,Other Services,2019,East South Central,1,0,0,UT
Utah State,Other Services,2019,East South Central,5,,,UT
Utah State,Other Services,2019,East South Central,10,,,UT
Utah State,Other Services,2019,Middle Atlantic,1,0,2,UT
Utah State,Other Services,2019,Middle Atlantic,5,,,UT
Utah State,Other Services,2019,Middle Atlantic,10,,,UT
Utah State,Other Services,2019,Mountain,1,53,57,UT
Utah State,Other Services,2019,Mountain,5,,,UT
Utah State,Other Services,2019,Mountain,10,,,UT
Utah State,Other Services,2019,New England,1,0,1,UT
Utah State,Other Services,2019,New England,5,,,UT
Utah State,Other Services,2019,New England,10,,,UT
Utah State,Other Services,2019,Pacific,1,0,11,UT
Utah State,Other Services,2019,Pacific,5,,,UT
Utah State,Other Services,2019,Pacific,10,,,UT
Utah State,Other Services,2019,South Atlantic,1,0,0,UT
Utah State,Other Services,2019,South Atlantic,5,,,UT
Utah State,Other Services,2019,South Atlantic,10,,,UT
Utah State,Other Services,2019,West North Central,1,0,0,UT
Utah State,Other Services,2019,West North Central,5,,,UT
Utah State,Other Services,2019,West North Central,10,,,UT
Utah State,Other Services,2019,West South Central,1,0,5,UT
Utah State,Other Services,2019,West South Central,5,,,UT
Utah State,Other Services,2019,West South Central,10,,,UT
Utah State,Professional Services,2010,East North Central,1,0,7,UT
Utah State,Professional Services,2010,East North Central,5,0,13,UT
Utah State,Professional Services,2010,East North Central,10,0,12,UT
Utah State,Professional Services,2010,East South Central,1,0,3,UT
Utah State,Professional Services,2010,East South Central,5,0,1,UT
Utah State,Professional Services,2010,East South Central,10,0,8,UT
Utah State,Professional Services,2010,Middle Atlantic,1,0,8,UT
Utah State,Professional Services,2010,Middle Atlantic,5,0,5,UT
Utah State,Professional Services,2010,Middle Atlantic,10,0,13,UT
Utah State,Professional Services,2010,Mountain,1,421,467,UT
Utah State,Professional Services,2010,Mountain,5,488,558,UT
Utah State,Professional Services,2010,Mountain,10,503,586,UT
Utah State,Professional Services,2010,New England,1,0,1,UT
Utah State,Professional Services,2010,New England,5,0,7,UT
Utah State,Professional Services,2010,New England,10,0,11,UT
Utah State,Professional Services,2010,Pacific,1,0,36,UT
Utah State,Professional Services,2010,Pacific,5,0,61,UT
Utah State,Professional Services,2010,Pacific,10,0,61,UT
Utah State,Professional Services,2010,South Atlantic,1,0,14,UT
Utah State,Professional Services,2010,South Atlantic,5,0,21,UT
Utah State,Professional Services,2010,South Atlantic,10,0,24,UT
Utah State,Professional Services,2010,West North Central,1,0,5,UT
Utah State,Professional Services,2010,West North Central,5,0,8,UT
Utah State,Professional Services,2010,West North Central,10,0,12,UT
Utah State,Professional Services,2010,West South Central,1,0,9,UT
Utah State,Professional Services,2010,West South Central,5,0,25,UT
Utah State,Professional Services,2010,West South Central,10,0,22,UT
Utah State,Professional Services,2013,East North Central,1,0,17,UT
Utah State,Professional Services,2013,East North Central,5,0,18,UT
Utah State,Professional Services,2013,East North Central,10,,,UT
Utah State,Professional Services,2013,East South Central,1,0,4,UT
Utah State,Professional Services,2013,East South Central,5,0,6,UT
Utah State,Professional Services,2013,East South Central,10,,,UT
Utah State,Professional Services,2013,Middle Atlantic,1,0,12,UT
Utah State,Professional Services,2013,Middle Atlantic,5,0,12,UT
Utah State,Professional Services,2013,Middle Atlantic,10,,,UT
Utah State,Professional Services,2013,Mountain,1,704,768,UT
Utah State,Professional Services,2013,Mountain,5,702,790,UT
Utah State,Professional Services,2013,Mountain,10,,,UT
Utah State,Professional Services,2013,New England,1,0,13,UT
Utah State,Professional Services,2013,New England,5,0,12,UT
Utah State,Professional Services,2013,New England,10,,,UT
Utah State,Professional Services,2013,Pacific,1,0,46,UT
Utah State,Professional Services,2013,Pacific,5,0,64,UT
Utah State,Professional Services,2013,Pacific,10,,,UT
Utah State,Professional Services,2013,South Atlantic,1,0,26,UT
Utah State,Professional Services,2013,South Atlantic,5,0,40,UT
Utah State,Professional Services,2013,South Atlantic,10,,,UT
Utah State,Professional Services,2013,West North Central,1,0,10,UT
Utah State,Professional Services,2013,West North Central,5,0,11,UT
Utah State,Professional Services,2013,West North Central,10,,,UT
Utah State,Professional Services,2013,West South Central,1,0,31,UT
Utah State,Professional Services,2013,West South Central,5,0,37,UT
Utah State,Professional Services,2013,West South Central,10,,,UT
Utah State,Professional Services,2016,East North Central,1,0,14,UT
Utah State,Professional Services,2016,East North Central,5,0,23,UT
Utah State,Professional Services,2016,East North Central,10,,,UT
Utah State,Professional Services,2016,East South Central,1,0,6,UT
Utah State,Professional Services,2016,East South Central,5,0,9,UT
Utah State,Professional Services,2016,East South Central,10,,,UT
Utah State,Professional Services,2016,Middle Atlantic,1,0,23,UT
Utah State,Professional Services,2016,Middle Atlantic,5,0,26,UT
Utah State,Professional Services,2016,Middle Atlantic,10,,,UT
Utah State,Professional Services,2016,Mountain,1,1050,1142,UT
Utah State,Professional Services,2016,Mountain,5,970,1093,UT
Utah State,Professional Services,2016,Mountain,10,,,UT
Utah State,Professional Services,2016,New England,1,0,8,UT
Utah State,Professional Services,2016,New England,5,0,7,UT
Utah State,Professional Services,2016,New England,10,,,UT
Utah State,Professional Services,2016,Pacific,1,0,62,UT
Utah State,Professional Services,2016,Pacific,5,0,85,UT
Utah State,Professional Services,2016,Pacific,10,,,UT
Utah State,Professional Services,2016,South Atlantic,1,0,29,UT
Utah State,Professional Services,2016,South Atlantic,5,0,58,UT
Utah State,Professional Services,2016,South Atlantic,10,,,UT
Utah State,Professional Services,2016,West North Central,1,0,8,UT
Utah State,Professional Services,2016,West North Central,5,0,8,UT
Utah State,Professional Services,2016,West North Central,10,,,UT
Utah State,Professional Services,2016,West South Central,1,0,24,UT
Utah State,Professional Services,2016,West South Central,5,0,41,UT
Utah State,Professional Services,2016,West South Central,10,,,UT
Utah State,Professional Services,2019,East North Central,1,0,18,UT
Utah State,Professional Services,2019,East North Central,5,,,UT
Utah State,Professional Services,2019,East North Central,10,,,UT
Utah State,Professional Services,2019,East South Central,1,0,2,UT
Utah State,Professional Services,2019,East South Central,5,,,UT
Utah State,Professional Services,2019,East South Central,10,,,UT
Utah State,Professional Services,2019,Middle Atlantic,1,0,16,UT
Utah State,Professional Services,2019,Middle Atlantic,5,,,UT
Utah State,Professional Services,2019,Middle Atlantic,10,,,UT
Utah State,Professional Services,2019,Mountain,1,1063,1129,UT
Utah State,Professional Services,2019,Mountain,5,,,UT
Utah State,Professional Services,2019,Mountain,10,,,UT
Utah State,Professional Services,2019,New England,1,0,7,UT
Utah State,Professional Services,2019,New England,5,,,UT
Utah State,Professional Services,2019,New England,10,,,UT
Utah State,Professional Services,2019,Pacific,1,0,52,UT
Utah State,Professional Services,2019,Pacific,5,,,UT
Utah State,Professional Services,2019,Pacific,10,,,UT
Utah State,Professional Services,2019,South Atlantic,1,0,37,UT
Utah State,Professional Services,2019,South Atlantic,5,,,UT
Utah State,Professional Services,2019,South Atlantic,10,,,UT
Utah State,Professional Services,2019,West North Central,1,0,16,UT
Utah State,Professional Services,2019,West North Central,5,,,UT
Utah State,Professional Services,2019,West North Central,10,,,UT
Utah State,Professional Services,2019,West South Central,1,0,34,UT
Utah State,Professional Services,2019,West South Central,5,,,UT
Utah State,Professional Services,2019,West South Central,10,,,UT
Utah State,Public Admin,2010,East North Central,1,0,2,UT
Utah State,Public Admin,2010,East North Central,5,0,6,UT
Utah State,Public Admin,2010,East North Central,10,0,8,UT
Utah State,Public Admin,2010,East South Central,1,0,1,UT
Utah State,Public Admin,2010,East South Central,5,0,2,UT
Utah State,Public Admin,2010,East South Central,10,0,2,UT
Utah State,Public Admin,2010,Middle Atlantic,1,0,2,UT
Utah State,Public Admin,2010,Middle Atlantic,5,0,4,UT
Utah State,Public Admin,2010,Middle Atlantic,10,0,6,UT
Utah State,Public Admin,2010,Mountain,1,147,165,UT
Utah State,Public Admin,2010,Mountain,5,170,211,UT
Utah State,Public Admin,2010,Mountain,10,175,198,UT
Utah State,Public Admin,2010,New England,1,0,0,UT
Utah State,Public Admin,2010,New England,5,0,0,UT
Utah State,Public Admin,2010,New England,10,0,3,UT
Utah State,Public Admin,2010,Pacific,1,0,10,UT
Utah State,Public Admin,2010,Pacific,5,0,20,UT
Utah State,Public Admin,2010,Pacific,10,0,19,UT
Utah State,Public Admin,2010,South Atlantic,1,0,6,UT
Utah State,Public Admin,2010,South Atlantic,5,0,11,UT
Utah State,Public Admin,2010,South Atlantic,10,0,11,UT
Utah State,Public Admin,2010,West North Central,1,0,6,UT
Utah State,Public Admin,2010,West North Central,5,0,2,UT
Utah State,Public Admin,2010,West North Central,10,0,8,UT
Utah State,Public Admin,2010,West South Central,1,0,5,UT
Utah State,Public Admin,2010,West South Central,5,0,3,UT
Utah State,Public Admin,2010,West South Central,10,0,11,UT
Utah State,Public Admin,2013,East North Central,1,0,6,UT
Utah State,Public Admin,2013,East North Central,5,0,5,UT
Utah State,Public Admin,2013,East North Central,10,,,UT
Utah State,Public Admin,2013,East South Central,1,0,3,UT
Utah State,Public Admin,2013,East South Central,5,0,3,UT
Utah State,Public Admin,2013,East South Central,10,,,UT
Utah State,Public Admin,2013,Middle Atlantic,1,0,10,UT
Utah State,Public Admin,2013,Middle Atlantic,5,0,9,UT
Utah State,Public Admin,2013,Middle Atlantic,10,,,UT
Utah State,Public Admin,2013,Mountain,1,259,294,UT
Utah State,Public Admin,2013,Mountain,5,280,341,UT
Utah State,Public Admin,2013,Mountain,10,,,UT
Utah State,Public Admin,2013,New England,1,0,1,UT
Utah State,Public Admin,2013,New England,5,0,3,UT
Utah State,Public Admin,2013,New England,10,,,UT
Utah State,Public Admin,2013,Pacific,1,0,17,UT
Utah State,Public Admin,2013,Pacific,5,0,23,UT
Utah State,Public Admin,2013,Pacific,10,,,UT
Utah State,Public Admin,2013,South Atlantic,1,0,22,UT
Utah State,Public Admin,2013,South Atlantic,5,0,12,UT
Utah State,Public Admin,2013,South Atlantic,10,,,UT
Utah State,Public Admin,2013,West North Central,1,0,5,UT
Utah State,Public Admin,2013,West North Central,5,0,8,UT
Utah State,Public Admin,2013,West North Central,10,,,UT
Utah State,Public Admin,2013,West South Central,1,0,10,UT
Utah State,Public Admin,2013,West South Central,5,0,14,UT
Utah State,Public Admin,2013,West South Central,10,,,UT
Utah State,Public Admin,2016,East North Central,1,0,11,UT
Utah State,Public Admin,2016,East North Central,5,0,14,UT
Utah State,Public Admin,2016,East North Central,10,,,UT
Utah State,Public Admin,2016,East South Central,1,0,3,UT
Utah State,Public Admin,2016,East South Central,5,0,4,UT
Utah State,Public Admin,2016,East South Central,10,,,UT
Utah State,Public Admin,2016,Middle Atlantic,1,0,3,UT
Utah State,Public Admin,2016,Middle Atlantic,5,0,8,UT
Utah State,Public Admin,2016,Middle Atlantic,10,,,UT
Utah State,Public Admin,2016,Mountain,1,290,332,UT
Utah State,Public Admin,2016,Mountain,5,313,369,UT
Utah State,Public Admin,2016,Mountain,10,,,UT
Utah State,Public Admin,2016,New England,1,0,2,UT
Utah State,Public Admin,2016,New England,5,0,1,UT
Utah State,Public Admin,2016,New England,10,,,UT
Utah State,Public Admin,2016,Pacific,1,0,29,UT
Utah State,Public Admin,2016,Pacific,5,0,47,UT
Utah State,Public Admin,2016,Pacific,10,,,UT
Utah State,Public Admin,2016,South Atlantic,1,0,15,UT
Utah State,Public Admin,2016,South Atlantic,5,0,26,UT
Utah State,Public Admin,2016,South Atlantic,10,,,UT
Utah State,Public Admin,2016,West North Central,1,0,2,UT
Utah State,Public Admin,2016,West North Central,5,0,7,UT
Utah State,Public Admin,2016,West North Central,10,,,UT
Utah State,Public Admin,2016,West South Central,1,0,5,UT
Utah State,Public Admin,2016,West South Central,5,0,7,UT
Utah State,Public Admin,2016,West South Central,10,,,UT
Utah State,Public Admin,2019,East North Central,1,0,3,UT
Utah State,Public Admin,2019,East North Central,5,,,UT
Utah State,Public Admin,2019,East North Central,10,,,UT
Utah State,Public Admin,2019,East South Central,1,0,3,UT
Utah State,Public Admin,2019,East South Central,5,,,UT
Utah State,Public Admin,2019,East South Central,10,,,UT
Utah State,Public Admin,2019,Middle Atlantic,1,0,7,UT
Utah State,Public Admin,2019,Middle Atlantic,5,,,UT
Utah State,Public Admin,2019,Middle Atlantic,10,,,UT
Utah State,Public Admin,2019,Mountain,1,329,370,UT
Utah State,Public Admin,2019,Mountain,5,,,UT
Utah State,Public Admin,2019,Mountain,10,,,UT
Utah State,Public Admin,2019,New England,1,0,1,UT
Utah State,Public Admin,2019,New England,5,,,UT
Utah State,Public Admin,2019,New England,10,,,UT
Utah State,Public Admin,2019,Pacific,1,0,20,UT
Utah State,Public Admin,2019,Pacific,5,,,UT
Utah State,Public Admin,2019,Pacific,10,,,UT
Utah State,Public Admin,2019,South Atlantic,1,0,18,UT
Utah State,Public Admin,2019,South Atlantic,5,,,UT
Utah State,Public Admin,2019,South Atlantic,10,,,UT
Utah State,Public Admin,2019,West North Central,1,0,5,UT
Utah State,Public Admin,2019,West North Central,5,,,UT
Utah State,Public Admin,2019,West North Central,10,,,UT
Utah State,Public Admin,2019,West South Central,1,0,5,UT
Utah State,Public Admin,2019,West South Central,5,,,UT
Utah State,Public Admin,2019,West South Central,10,,,UT
Utah State,Real Estate,2010,East North Central,1,0,2,UT
Utah State,Real Estate,2010,East North Central,5,0,1,UT
Utah State,Real Estate,2010,East North Central,10,0,0,UT
Utah State,Real Estate,2010,East South Central,1,0,0,UT
Utah State,Real Estate,2010,East South Central,5,0,0,UT
Utah State,Real Estate,2010,East South Central,10,0,0,UT
Utah State,Real Estate,2010,Middle Atlantic,1,0,0,UT
Utah State,Real Estate,2010,Middle Atlantic,5,0,1,UT
Utah State,Real Estate,2010,Middle Atlantic,10,0,2,UT
Utah State,Real Estate,2010,Mountain,1,31,35,UT
Utah State,Real Estate,2010,Mountain,5,31,35,UT
Utah State,Real Estate,2010,Mountain,10,34,38,UT
Utah State,Real Estate,2010,New England,1,0,0,UT
Utah State,Real Estate,2010,New England,5,0,0,UT
Utah State,Real Estate,2010,New England,10,0,0,UT
Utah State,Real Estate,2010,Pacific,1,0,8,UT
Utah State,Real Estate,2010,Pacific,5,0,5,UT
Utah State,Real Estate,2010,Pacific,10,0,2,UT
Utah State,Real Estate,2010,South Atlantic,1,0,0,UT
Utah State,Real Estate,2010,South Atlantic,5,0,5,UT
Utah State,Real Estate,2010,South Atlantic,10,0,2,UT
Utah State,Real Estate,2010,West North Central,1,0,0,UT
Utah State,Real Estate,2010,West North Central,5,0,0,UT
Utah State,Real Estate,2010,West North Central,10,0,0,UT
Utah State,Real Estate,2010,West South Central,1,0,5,UT
Utah State,Real Estate,2010,West South Central,5,0,1,UT
Utah State,Real Estate,2010,West South Central,10,0,1,UT
Utah State,Real Estate,2013,East North Central,1,0,1,UT
Utah State,Real Estate,2013,East North Central,5,0,0,UT
Utah State,Real Estate,2013,East North Central,10,,,UT
Utah State,Real Estate,2013,East South Central,1,0,0,UT
Utah State,Real Estate,2013,East South Central,5,0,0,UT
Utah State,Real Estate,2013,East South Central,10,,,UT
Utah State,Real Estate,2013,Middle Atlantic,1,0,3,UT
Utah State,Real Estate,2013,Middle Atlantic,5,0,2,UT
Utah State,Real Estate,2013,Middle Atlantic,10,,,UT
Utah State,Real Estate,2013,Mountain,1,42,44,UT
Utah State,Real Estate,2013,Mountain,5,38,42,UT
Utah State,Real Estate,2013,Mountain,10,,,UT
Utah State,Real Estate,2013,New England,1,0,0,UT
Utah State,Real Estate,2013,New England,5,0,0,UT
Utah State,Real Estate,2013,New England,10,,,UT
Utah State,Real Estate,2013,Pacific,1,0,6,UT
Utah State,Real Estate,2013,Pacific,5,0,4,UT
Utah State,Real Estate,2013,Pacific,10,,,UT
Utah State,Real Estate,2013,South Atlantic,1,0,4,UT
Utah State,Real Estate,2013,South Atlantic,5,0,1,UT
Utah State,Real Estate,2013,South Atlantic,10,,,UT
Utah State,Real Estate,2013,West North Central,1,0,0,UT
Utah State,Real Estate,2013,West North Central,5,0,0,UT
Utah State,Real Estate,2013,West North Central,10,,,UT
Utah State,Real Estate,2013,West South Central,1,0,3,UT
Utah State,Real Estate,2013,West South Central,5,0,7,UT
Utah State,Real Estate,2013,West South Central,10,,,UT
Utah State,Real Estate,2016,East North Central,1,0,2,UT
Utah State,Real Estate,2016,East North Central,5,0,1,UT
Utah State,Real Estate,2016,East North Central,10,,,UT
Utah State,Real Estate,2016,East South Central,1,0,0,UT
Utah State,Real Estate,2016,East South Central,5,0,0,UT
Utah State,Real Estate,2016,East South Central,10,,,UT
Utah State,Real Estate,2016,Middle Atlantic,1,0,1,UT
Utah State,Real Estate,2016,Middle Atlantic,5,0,0,UT
Utah State,Real Estate,2016,Middle Atlantic,10,,,UT
Utah State,Real Estate,2016,Mountain,1,65,66,UT
Utah State,Real Estate,2016,Mountain,5,66,66,UT
Utah State,Real Estate,2016,Mountain,10,,,UT
Utah State,Real Estate,2016,New England,1,0,0,UT
Utah State,Real Estate,2016,New England,5,0,0,UT
Utah State,Real Estate,2016,New England,10,,,UT
Utah State,Real Estate,2016,Pacific,1,0,4,UT
Utah State,Real Estate,2016,Pacific,5,0,8,UT
Utah State,Real Estate,2016,Pacific,10,,,UT
Utah State,Real Estate,2016,South Atlantic,1,0,0,UT
Utah State,Real Estate,2016,South Atlantic,5,0,1,UT
Utah State,Real Estate,2016,South Atlantic,10,,,UT
Utah State,Real Estate,2016,West North Central,1,0,0,UT
Utah State,Real Estate,2016,West North Central,5,0,0,UT
Utah State,Real Estate,2016,West North Central,10,,,UT
Utah State,Real Estate,2016,West South Central,1,0,7,UT
Utah State,Real Estate,2016,West South Central,5,0,3,UT
Utah State,Real Estate,2016,West South Central,10,,,UT
Utah State,Real Estate,2019,East North Central,1,0,1,UT
Utah State,Real Estate,2019,East North Central,5,,,UT
Utah State,Real Estate,2019,East North Central,10,,,UT
Utah State,Real Estate,2019,East South Central,1,0,0,UT
Utah State,Real Estate,2019,East South Central,5,,,UT
Utah State,Real Estate,2019,East South Central,10,,,UT
Utah State,Real Estate,2019,Middle Atlantic,1,0,0,UT
Utah State,Real Estate,2019,Middle Atlantic,5,,,UT
Utah State,Real Estate,2019,Middle Atlantic,10,,,UT
Utah State,Real Estate,2019,Mountain,1,53,56,UT
Utah State,Real Estate,2019,Mountain,5,,,UT
Utah State,Real Estate,2019,Mountain,10,,,UT
Utah State,Real Estate,2019,New England,1,0,0,UT
Utah State,Real Estate,2019,New England,5,,,UT
Utah State,Real Estate,2019,New England,10,,,UT
Utah State,Real Estate,2019,Pacific,1,0,6,UT
Utah State,Real Estate,2019,Pacific,5,,,UT
Utah State,Real Estate,2019,Pacific,10,,,UT
Utah State,Real Estate,2019,South Atlantic,1,0,1,UT
Utah State,Real Estate,2019,South Atlantic,5,,,UT
Utah State,Real Estate,2019,South Atlantic,10,,,UT
Utah State,Real Estate,2019,West North Central,1,0,1,UT
Utah State,Real Estate,2019,West North Central,5,,,UT
Utah State,Real Estate,2019,West North Central,10,,,UT
Utah State,Real Estate,2019,West South Central,1,0,5,UT
Utah State,Real Estate,2019,West South Central,5,,,UT
Utah State,Real Estate,2019,West South Central,10,,,UT
Utah State,Retail,2010,East North Central,1,0,4,UT
Utah State,Retail,2010,East North Central,5,0,8,UT
Utah State,Retail,2010,East North Central,10,0,12,UT
Utah State,Retail,2010,East South Central,1,0,2,UT
Utah State,Retail,2010,East South Central,5,0,0,UT
Utah State,Retail,2010,East South Central,10,0,4,UT
Utah State,Retail,2010,Middle Atlantic,1,0,5,UT
Utah State,Retail,2010,Middle Atlantic,5,0,9,UT
Utah State,Retail,2010,Middle Atlantic,10,0,8,UT
Utah State,Retail,2010,Mountain,1,249,275,UT
Utah State,Retail,2010,Mountain,5,185,209,UT
Utah State,Retail,2010,Mountain,10,183,220,UT
Utah State,Retail,2010,New England,1,0,1,UT
Utah State,Retail,2010,New England,5,0,1,UT
Utah State,Retail,2010,New England,10,0,7,UT
Utah State,Retail,2010,Pacific,1,0,20,UT
Utah State,Retail,2010,Pacific,5,0,29,UT
Utah State,Retail,2010,Pacific,10,0,19,UT
Utah State,Retail,2010,South Atlantic,1,0,4,UT
Utah State,Retail,2010,South Atlantic,5,0,15,UT
Utah State,Retail,2010,South Atlantic,10,0,13,UT
Utah State,Retail,2010,West North Central,1,0,3,UT
Utah State,Retail,2010,West North Central,5,0,8,UT
Utah State,Retail,2010,West North Central,10,0,14,UT
Utah State,Retail,2010,West South Central,1,0,8,UT
Utah State,Retail,2010,West South Central,5,0,6,UT
Utah State,Retail,2010,West South Central,10,0,11,UT
Utah State,Retail,2013,East North Central,1,0,12,UT
Utah State,Retail,2013,East North Central,5,0,12,UT
Utah State,Retail,2013,East North Central,10,,,UT
Utah State,Retail,2013,East South Central,1,0,3,UT
Utah State,Retail,2013,East South Central,5,0,5,UT
Utah State,Retail,2013,East South Central,10,,,UT
Utah State,Retail,2013,Middle Atlantic,1,0,14,UT
Utah State,Retail,2013,Middle Atlantic,5,0,14,UT
Utah State,Retail,2013,Middle Atlantic,10,,,UT
Utah State,Retail,2013,Mountain,1,352,390,UT
Utah State,Retail,2013,Mountain,5,249,298,UT
Utah State,Retail,2013,Mountain,10,,,UT
Utah State,Retail,2013,New England,1,0,2,UT
Utah State,Retail,2013,New England,5,0,4,UT
Utah State,Retail,2013,New England,10,,,UT
Utah State,Retail,2013,Pacific,1,0,27,UT
Utah State,Retail,2013,Pacific,5,0,30,UT
Utah State,Retail,2013,Pacific,10,,,UT
Utah State,Retail,2013,South Atlantic,1,0,11,UT
Utah State,Retail,2013,South Atlantic,5,0,14,UT
Utah State,Retail,2013,South Atlantic,10,,,UT
Utah State,Retail,2013,West North Central,1,0,7,UT
Utah State,Retail,2013,West North Central,5,0,13,UT
Utah State,Retail,2013,West North Central,10,,,UT
Utah State,Retail,2013,West South Central,1,0,17,UT
Utah State,Retail,2013,West South Central,5,0,14,UT
Utah State,Retail,2013,West South Central,10,,,UT
Utah State,Retail,2016,East North Central,1,0,10,UT
Utah State,Retail,2016,East North Central,5,0,25,UT
Utah State,Retail,2016,East North Central,10,,,UT
Utah State,Retail,2016,East South Central,1,0,6,UT
Utah State,Retail,2016,East South Central,5,0,2,UT
Utah State,Retail,2016,East South Central,10,,,UT
Utah State,Retail,2016,Middle Atlantic,1,0,16,UT
Utah State,Retail,2016,Middle Atlantic,5,0,15,UT
Utah State,Retail,2016,Middle Atlantic,10,,,UT
Utah State,Retail,2016,Mountain,1,364,402,UT
Utah State,Retail,2016,Mountain,5,286,315,UT
Utah State,Retail,2016,Mountain,10,,,UT
Utah State,Retail,2016,New England,1,0,3,UT
Utah State,Retail,2016,New England,5,0,3,UT
Utah State,Retail,2016,New England,10,,,UT
Utah State,Retail,2016,Pacific,1,0,39,UT
Utah State,Retail,2016,Pacific,5,0,35,UT
Utah State,Retail,2016,Pacific,10,,,UT
Utah State,Retail,2016,South Atlantic,1,0,6,UT
Utah State,Retail,2016,South Atlantic,5,0,16,UT
Utah State,Retail,2016,South Atlantic,10,,,UT
Utah State,Retail,2016,West North Central,1,0,3,UT
Utah State,Retail,2016,West North Central,5,0,12,UT
Utah State,Retail,2016,West North Central,10,,,UT
Utah State,Retail,2016,West South Central,1,0,11,UT
Utah State,Retail,2016,West South Central,5,0,14,UT
Utah State,Retail,2016,West South Central,10,,,UT
Utah State,Retail,2019,East North Central,1,0,5,UT
Utah State,Retail,2019,East North Central,5,,,UT
Utah State,Retail,2019,East North Central,10,,,UT
Utah State,Retail,2019,East South Central,1,0,5,UT
Utah State,Retail,2019,East South Central,5,,,UT
Utah State,Retail,2019,East South Central,10,,,UT
Utah State,Retail,2019,Middle Atlantic,1,0,12,UT
Utah State,Retail,2019,Middle Atlantic,5,,,UT
Utah State,Retail,2019,Middle Atlantic,10,,,UT
Utah State,Retail,2019,Mountain,1,458,487,UT
Utah State,Retail,2019,Mountain,5,,,UT
Utah State,Retail,2019,Mountain,10,,,UT
Utah State,Retail,2019,New England,1,0,3,UT
Utah State,Retail,2019,New England,5,,,UT
Utah State,Retail,2019,New England,10,,,UT
Utah State,Retail,2019,Pacific,1,0,24,UT
Utah State,Retail,2019,Pacific,5,,,UT
Utah State,Retail,2019,Pacific,10,,,UT
Utah State,Retail,2019,South Atlantic,1,0,10,UT
Utah State,Retail,2019,South Atlantic,5,,,UT
Utah State,Retail,2019,South Atlantic,10,,,UT
Utah State,Retail,2019,West North Central,1,0,13,UT
Utah State,Retail,2019,West North Central,5,,,UT
Utah State,Retail,2019,West North Central,10,,,UT
Utah State,Retail,2019,West South Central,1,0,14,UT
Utah State,Retail,2019,West South Central,5,,,UT
Utah State,Retail,2019,West South Central,10,,,UT
Utah State,Transportation,2010,East North Central,1,0,0,UT
Utah State,Transportation,2010,East North Central,5,0,7,UT
Utah State,Transportation,2010,East North Central,10,0,4,UT
Utah State,Transportation,2010,East South Central,1,0,0,UT
Utah State,Transportation,2010,East South Central,5,0,1,UT
Utah State,Transportation,2010,East South Central,10,0,0,UT
Utah State,Transportation,2010,Middle Atlantic,1,0,0,UT
Utah State,Transportation,2010,Middle Atlantic,5,0,0,UT
Utah State,Transportation,2010,Middle Atlantic,10,0,0,UT
Utah State,Transportation,2010,Mountain,1,65,76,UT
Utah State,Transportation,2010,Mountain,5,62,64,UT
Utah State,Transportation,2010,Mountain,10,65,72,UT
Utah State,Transportation,2010,New England,1,0,0,UT
Utah State,Transportation,2010,New England,5,0,1,UT
Utah State,Transportation,2010,New England,10,0,0,UT
Utah State,Transportation,2010,Pacific,1,0,5,UT
Utah State,Transportation,2010,Pacific,5,0,16,UT
Utah State,Transportation,2010,Pacific,10,0,13,UT
Utah State,Transportation,2010,South Atlantic,1,0,2,UT
Utah State,Transportation,2010,South Atlantic,5,0,3,UT
Utah State,Transportation,2010,South Atlantic,10,0,7,UT
Utah State,Transportation,2010,West North Central,1,0,0,UT
Utah State,Transportation,2010,West North Central,5,0,0,UT
Utah State,Transportation,2010,West North Central,10,0,4,UT
Utah State,Transportation,2010,West South Central,1,0,9,UT
Utah State,Transportation,2010,West South Central,5,0,4,UT
Utah State,Transportation,2010,West South Central,10,0,14,UT
Utah State,Transportation,2013,East North Central,1,0,5,UT
Utah State,Transportation,2013,East North Central,5,0,3,UT
Utah State,Transportation,2013,East North Central,10,,,UT
Utah State,Transportation,2013,East South Central,1,0,0,UT
Utah State,Transportation,2013,East South Central,5,0,0,UT
Utah State,Transportation,2013,East South Central,10,,,UT
Utah State,Transportation,2013,Middle Atlantic,1,0,3,UT
Utah State,Transportation,2013,Middle Atlantic,5,0,8,UT
Utah State,Transportation,2013,Middle Atlantic,10,,,UT
Utah State,Transportation,2013,Mountain,1,91,97,UT
Utah State,Transportation,2013,Mountain,5,93,104,UT
Utah State,Transportation,2013,Mountain,10,,,UT
Utah State,Transportation,2013,New England,1,0,0,UT
Utah State,Transportation,2013,New England,5,0,1,UT
Utah State,Transportation,2013,New England,10,,,UT
Utah State,Transportation,2013,Pacific,1,0,6,UT
Utah State,Transportation,2013,Pacific,5,0,18,UT
Utah State,Transportation,2013,Pacific,10,,,UT
Utah State,Transportation,2013,South Atlantic,1,0,9,UT
Utah State,Transportation,2013,South Atlantic,5,0,7,UT
Utah State,Transportation,2013,South Atlantic,10,,,UT
Utah State,Transportation,2013,West North Central,1,0,5,UT
Utah State,Transportation,2013,West North Central,5,0,2,UT
Utah State,Transportation,2013,West North Central,10,,,UT
Utah State,Transportation,2013,West South Central,1,0,8,UT
Utah State,Transportation,2013,West South Central,5,0,10,UT
Utah State,Transportation,2013,West South Central,10,,,UT
Utah State,Transportation,2016,East North Central,1,0,6,UT
Utah State,Transportation,2016,East North Central,5,0,6,UT
Utah State,Transportation,2016,East North Central,10,,,UT
Utah State,Transportation,2016,East South Central,1,0,1,UT
Utah State,Transportation,2016,East South Central,5,0,0,UT
Utah State,Transportation,2016,East South Central,10,,,UT
Utah State,Transportation,2016,Middle Atlantic,1,0,4,UT
Utah State,Transportation,2016,Middle Atlantic,5,0,3,UT
Utah State,Transportation,2016,Middle Atlantic,10,,,UT
Utah State,Transportation,2016,Mountain,1,115,126,UT
Utah State,Transportation,2016,Mountain,5,122,137,UT
Utah State,Transportation,2016,Mountain,10,,,UT
Utah State,Transportation,2016,New England,1,0,0,UT
Utah State,Transportation,2016,New England,5,0,0,UT
Utah State,Transportation,2016,New England,10,,,UT
Utah State,Transportation,2016,Pacific,1,0,15,UT
Utah State,Transportation,2016,Pacific,5,0,22,UT
Utah State,Transportation,2016,Pacific,10,,,UT
Utah State,Transportation,2016,South Atlantic,1,0,5,UT
Utah State,Transportation,2016,South Atlantic,5,0,8,UT
Utah State,Transportation,2016,South Atlantic,10,,,UT
Utah State,Transportation,2016,West North Central,1,0,1,UT
Utah State,Transportation,2016,West North Central,5,0,0,UT
Utah State,Transportation,2016,West North Central,10,,,UT
Utah State,Transportation,2016,West South Central,1,0,6,UT
Utah State,Transportation,2016,West South Central,5,0,13,UT
Utah State,Transportation,2016,West South Central,10,,,UT
Utah State,Transportation,2019,East North Central,1,0,3,UT
Utah State,Transportation,2019,East North Central,5,,,UT
Utah State,Transportation,2019,East North Central,10,,,UT
Utah State,Transportation,2019,East South Central,1,0,0,UT
Utah State,Transportation,2019,East South Central,5,,,UT
Utah State,Transportation,2019,East South Central,10,,,UT
Utah State,Transportation,2019,Middle Atlantic,1,0,3,UT
Utah State,Transportation,2019,Middle Atlantic,5,,,UT
Utah State,Transportation,2019,Middle Atlantic,10,,,UT
Utah State,Transportation,2019,Mountain,1,138,146,UT
Utah State,Transportation,2019,Mountain,5,,,UT
Utah State,Transportation,2019,Mountain,10,,,UT
Utah State,Transportation,2019,New England,1,0,0,UT
Utah State,Transportation,2019,New England,5,,,UT
Utah State,Transportation,2019,New England,10,,,UT
Utah State,Transportation,2019,Pacific,1,0,8,UT
Utah State,Transportation,2019,Pacific,5,,,UT
Utah State,Transportation,2019,Pacific,10,,,UT
Utah State,Transportation,2019,South Atlantic,1,0,3,UT
Utah State,Transportation,2019,South Atlantic,5,,,UT
Utah State,Transportation,2019,South Atlantic,10,,,UT
Utah State,Transportation,2019,West North Central,1,0,2,UT
Utah State,Transportation,2019,West North Central,5,,,UT
Utah State,Transportation,2019,West North Central,10,,,UT
Utah State,Transportation,2019,West South Central,1,0,7,UT
Utah State,Transportation,2019,West South Central,5,,,UT
Utah State,Transportation,2019,West South Central,10,,,UT
Utah State,Utilities,2010,East North Central,1,0,0,UT
Utah State,Utilities,2010,East North Central,5,0,0,UT
Utah State,Utilities,2010,East North Central,10,0,0,UT
Utah State,Utilities,2010,East South Central,1,0,0,UT
Utah State,Utilities,2010,East South Central,5,0,0,UT
Utah State,Utilities,2010,East South Central,10,0,0,UT
Utah State,Utilities,2010,Middle Atlantic,1,0,0,UT
Utah State,Utilities,2010,Middle Atlantic,5,0,0,UT
Utah State,Utilities,2010,Middle Atlantic,10,0,0,UT
Utah State,Utilities,2010,Mountain,1,4,4,UT
Utah State,Utilities,2010,Mountain,5,4,4,UT
Utah State,Utilities,2010,Mountain,10,16,16,UT
Utah State,Utilities,2010,New England,1,0,0,UT
Utah State,Utilities,2010,New England,5,0,0,UT
Utah State,Utilities,2010,New England,10,0,0,UT
Utah State,Utilities,2010,Pacific,1,0,4,UT
Utah State,Utilities,2010,Pacific,5,0,3,UT
Utah State,Utilities,2010,Pacific,10,0,2,UT
Utah State,Utilities,2010,South Atlantic,1,0,0,UT
Utah State,Utilities,2010,South Atlantic,5,0,0,UT
Utah State,Utilities,2010,South Atlantic,10,0,0,UT
Utah State,Utilities,2010,West North Central,1,0,0,UT
Utah State,Utilities,2010,West North Central,5,0,0,UT
Utah State,Utilities,2010,West North Central,10,0,0,UT
Utah State,Utilities,2010,West South Central,1,0,0,UT
Utah State,Utilities,2010,West South Central,5,0,0,UT
Utah State,Utilities,2010,West South Central,10,0,1,UT
Utah State,Utilities,2013,East North Central,1,0,0,UT
Utah State,Utilities,2013,East North Central,5,0,0,UT
Utah State,Utilities,2013,East North Central,10,,,UT
Utah State,Utilities,2013,East South Central,1,0,0,UT
Utah State,Utilities,2013,East South Central,5,0,0,UT
Utah State,Utilities,2013,East South Central,10,,,UT
Utah State,Utilities,2013,Middle Atlantic,1,0,0,UT
Utah State,Utilities,2013,Middle Atlantic,5,0,0,UT
Utah State,Utilities,2013,Middle Atlantic,10,,,UT
Utah State,Utilities,2013,Mountain,1,4,4,UT
Utah State,Utilities,2013,Mountain,5,11,11,UT
Utah State,Utilities,2013,Mountain,10,,,UT
Utah State,Utilities,2013,New England,1,0,0,UT
Utah State,Utilities,2013,New England,5,0,0,UT
Utah State,Utilities,2013,New England,10,,,UT
Utah State,Utilities,2013,Pacific,1,0,1,UT
Utah State,Utilities,2013,Pacific,5,0,0,UT
Utah State,Utilities,2013,Pacific,10,,,UT
Utah State,Utilities,2013,South Atlantic,1,0,0,UT
Utah State,Utilities,2013,South Atlantic,5,0,0,UT
Utah State,Utilities,2013,South Atlantic,10,,,UT
Utah State,Utilities,2013,West North Central,1,0,0,UT
Utah State,Utilities,2013,West North Central,5,0,0,UT
Utah State,Utilities,2013,West North Central,10,,,UT
Utah State,Utilities,2013,West South Central,1,0,0,UT
Utah State,Utilities,2013,West South Central,5,0,1,UT
Utah State,Utilities,2013,West South Central,10,,,UT
Utah State,Utilities,2016,East North Central,1,0,0,UT
Utah State,Utilities,2016,East North Central,5,0,0,UT
Utah State,Utilities,2016,East North Central,10,,,UT
Utah State,Utilities,2016,East South Central,1,0,0,UT
Utah State,Utilities,2016,East South Central,5,0,0,UT
Utah State,Utilities,2016,East South Central,10,,,UT
Utah State,Utilities,2016,Middle Atlantic,1,0,0,UT
Utah State,Utilities,2016,Middle Atlantic,5,0,0,UT
Utah State,Utilities,2016,Middle Atlantic,10,,,UT
Utah State,Utilities,2016,Mountain,1,3,3,UT
Utah State,Utilities,2016,Mountain,5,12,12,UT
Utah State,Utilities,2016,Mountain,10,,,UT
Utah State,Utilities,2016,New England,1,0,0,UT
Utah State,Utilities,2016,New England,5,0,0,UT
Utah State,Utilities,2016,New England,10,,,UT
Utah State,Utilities,2016,Pacific,1,0,0,UT
Utah State,Utilities,2016,Pacific,5,0,3,UT
Utah State,Utilities,2016,Pacific,10,,,UT
Utah State,Utilities,2016,South Atlantic,1,0,0,UT
Utah State,Utilities,2016,South Atlantic,5,0,0,UT
Utah State,Utilities,2016,South Atlantic,10,,,UT
Utah State,Utilities,2016,West North Central,1,0,0,UT
Utah State,Utilities,2016,West North Central,5,0,0,UT
Utah State,Utilities,2016,West North Central,10,,,UT
Utah State,Utilities,2016,West South Central,1,0,0,UT
Utah State,Utilities,2016,West South Central,5,0,0,UT
Utah State,Utilities,2016,West South Central,10,,,UT
Utah State,Utilities,2019,East North Central,1,0,0,UT
Utah State,Utilities,2019,East North Central,5,,,UT
Utah State,Utilities,2019,East North Central,10,,,UT
Utah State,Utilities,2019,East South Central,1,0,0,UT
Utah State,Utilities,2019,East South Central,5,,,UT
Utah State,Utilities,2019,East South Central,10,,,UT
Utah State,Utilities,2019,Middle Atlantic,1,0,0,UT
Utah State,Utilities,2019,Middle Atlantic,5,,,UT
Utah State,Utilities,2019,Middle Atlantic,10,,,UT
Utah State,Utilities,2019,Mountain,1,6,6,UT
Utah State,Utilities,2019,Mountain,5,,,UT
Utah State,Utilities,2019,Mountain,10,,,UT
Utah State,Utilities,2019,New England,1,0,0,UT
Utah State,Utilities,2019,New England,5,,,UT
Utah State,Utilities,2019,New England,10,,,UT
Utah State,Utilities,2019,Pacific,1,0,0,UT
Utah State,Utilities,2019,Pacific,5,,,UT
Utah State,Utilities,2019,Pacific,10,,,UT
Utah State,Utilities,2019,South Atlantic,1,0,0,UT
Utah State,Utilities,2019,South Atlantic,5,,,UT
Utah State,Utilities,2019,South Atlantic,10,,,UT
Utah State,Utilities,2019,West North Central,1,0,0,UT
Utah State,Utilities,2019,West North Central,5,,,UT
Utah State,Utilities,2019,West North Central,10,,,UT
Utah State,Utilities,2019,West South Central,1,0,0,UT
Utah State,Utilities,2019,West South Central,5,,,UT
Utah State,Utilities,2019,West South Central,10,,,UT
Utah State,Wholesale,2010,East North Central,1,0,0,UT
Utah State,Wholesale,2010,East North Central,5,0,4,UT
Utah State,Wholesale,2010,East North Central,10,0,3,UT
Utah State,Wholesale,2010,East South Central,1,0,0,UT
Utah State,Wholesale,2010,East South Central,5,0,0,UT
Utah State,Wholesale,2010,East South Central,10,0,0,UT
Utah State,Wholesale,2010,Middle Atlantic,1,0,2,UT
Utah State,Wholesale,2010,Middle Atlantic,5,0,1,UT
Utah State,Wholesale,2010,Middle Atlantic,10,0,2,UT
Utah State,Wholesale,2010,Mountain,1,87,91,UT
Utah State,Wholesale,2010,Mountain,5,88,103,UT
Utah State,Wholesale,2010,Mountain,10,78,89,UT
Utah State,Wholesale,2010,New England,1,0,0,UT
Utah State,Wholesale,2010,New England,5,0,0,UT
Utah State,Wholesale,2010,New England,10,0,2,UT
Utah State,Wholesale,2010,Pacific,1,0,8,UT
Utah State,Wholesale,2010,Pacific,5,0,13,UT
Utah State,Wholesale,2010,Pacific,10,0,13,UT
Utah State,Wholesale,2010,South Atlantic,1,0,3,UT
Utah State,Wholesale,2010,South Atlantic,5,0,6,UT
Utah State,Wholesale,2010,South Atlantic,10,0,5,UT
Utah State,Wholesale,2010,West North Central,1,0,0,UT
Utah State,Wholesale,2010,West North Central,5,0,0,UT
Utah State,Wholesale,2010,West North Central,10,0,2,UT
Utah State,Wholesale,2010,West South Central,1,0,6,UT
Utah State,Wholesale,2010,West South Central,5,0,8,UT
Utah State,Wholesale,2010,West South Central,10,0,4,UT
Utah State,Wholesale,2013,East North Central,1,0,5,UT
Utah State,Wholesale,2013,East North Central,5,0,4,UT
Utah State,Wholesale,2013,East North Central,10,,,UT
Utah State,Wholesale,2013,East South Central,1,0,1,UT
Utah State,Wholesale,2013,East South Central,5,0,0,UT
Utah State,Wholesale,2013,East South Central,10,,,UT
Utah State,Wholesale,2013,Middle Atlantic,1,0,2,UT
Utah State,Wholesale,2013,Middle Atlantic,5,0,8,UT
Utah State,Wholesale,2013,Middle Atlantic,10,,,UT
Utah State,Wholesale,2013,Mountain,1,108,124,UT
Utah State,Wholesale,2013,Mountain,5,112,140,UT
Utah State,Wholesale,2013,Mountain,10,,,UT
Utah State,Wholesale,2013,New England,1,0,0,UT
Utah State,Wholesale,2013,New England,5,0,0,UT
Utah State,Wholesale,2013,New England,10,,,UT
Utah State,Wholesale,2013,Pacific,1,0,13,UT
Utah State,Wholesale,2013,Pacific,5,0,15,UT
Utah State,Wholesale,2013,Pacific,10,,,UT
Utah State,Wholesale,2013,South Atlantic,1,0,9,UT
Utah State,Wholesale,2013,South Atlantic,5,0,7,UT
Utah State,Wholesale,2013,South Atlantic,10,,,UT
Utah State,Wholesale,2013,West North Central,1,0,3,UT
Utah State,Wholesale,2013,West North Central,5,0,1,UT
Utah State,Wholesale,2013,West North Central,10,,,UT
Utah State,Wholesale,2013,West South Central,1,0,2,UT
Utah State,Wholesale,2013,West South Central,5,0,10,UT
Utah State,Wholesale,2013,West South Central,10,,,UT
Utah State,Wholesale,2016,East North Central,1,0,7,UT
Utah State,Wholesale,2016,East North Central,5,0,4,UT
Utah State,Wholesale,2016,East North Central,10,,,UT
Utah State,Wholesale,2016,East South Central,1,0,0,UT
Utah State,Wholesale,2016,East South Central,5,0,0,UT
Utah State,Wholesale,2016,East South Central,10,,,UT
Utah State,Wholesale,2016,Middle Atlantic,1,0,12,UT
Utah State,Wholesale,2016,Middle Atlantic,5,0,5,UT
Utah State,Wholesale,2016,Middle Atlantic,10,,,UT
Utah State,Wholesale,2016,Mountain,1,120,134,UT
Utah State,Wholesale,2016,Mountain,5,118,143,UT
Utah State,Wholesale,2016,Mountain,10,,,UT
Utah State,Wholesale,2016,New England,1,0,0,UT
Utah State,Wholesale,2016,New England,5,0,0,UT
Utah State,Wholesale,2016,New England,10,,,UT
Utah State,Wholesale,2016,Pacific,1,0,20,UT
Utah State,Wholesale,2016,Pacific,5,0,20,UT
Utah State,Wholesale,2016,Pacific,10,,,UT
Utah State,Wholesale,2016,South Atlantic,1,0,1,UT
Utah State,Wholesale,2016,South Atlantic,5,0,11,UT
Utah State,Wholesale,2016,South Atlantic,10,,,UT
Utah State,Wholesale,2016,West North Central,1,0,1,UT
Utah State,Wholesale,2016,West North Central,5,0,2,UT
Utah State,Wholesale,2016,West North Central,10,,,UT
Utah State,Wholesale,2016,West South Central,1,0,1,UT
Utah State,Wholesale,2016,West South Central,5,0,14,UT
Utah State,Wholesale,2016,West South Central,10,,,UT
Utah State,Wholesale,2019,East North Central,1,0,10,UT
Utah State,Wholesale,2019,East North Central,5,,,UT
Utah State,Wholesale,2019,East North Central,10,,,UT
Utah State,Wholesale,2019,East South Central,1,0,0,UT
Utah State,Wholesale,2019,East South Central,5,,,UT
Utah State,Wholesale,2019,East South Central,10,,,UT
Utah State,Wholesale,2019,Middle Atlantic,1,0,3,UT
Utah State,Wholesale,2019,Middle Atlantic,5,,,UT
Utah State,Wholesale,2019,Middle Atlantic,10,,,UT
Utah State,Wholesale,2019,Mountain,1,160,180,UT
Utah State,Wholesale,2019,Mountain,5,,,UT
Utah State,Wholesale,2019,Mountain,10,,,UT
Utah State,Wholesale,2019,New England,1,0,0,UT
Utah State,Wholesale,2019,New England,5,,,UT
Utah State,Wholesale,2019,New England,10,,,UT
Utah State,Wholesale,2019,Pacific,1,0,9,UT
Utah State,Wholesale,2019,Pacific,5,,,UT
Utah State,Wholesale,2019,Pacific,10,,,UT
Utah State,Wholesale,2019,South Atlantic,1,0,3,UT
Utah State,Wholesale,2019,South Atlantic,5,,,UT
Utah State,Wholesale,2019,South Atlantic,10,,,UT
Utah State,Wholesale,2019,West North Central,1,0,2,UT
Utah State,Wholesale,2019,West North Central,5,,,UT
Utah State,Wholesale,2019,West North Central,10,,,UT
Utah State,Wholesale,2019,West South Central,1,0,11,UT
Utah State,Wholesale,2019,West South Central,5,,,UT
Utah State,Wholesale,2019,West South Central,10,,,UT
Utah Tech,Admin/Waste,2010,East North Central,1,0,1,UT
Utah Tech,Admin/Waste,2010,East North Central,5,0,1,UT
Utah Tech,Admin/Waste,2010,East North Central,10,0,0,UT
Utah Tech,Admin/Waste,2010,East South Central,1,0,0,UT
Utah Tech,Admin/Waste,2010,East South Central,5,0,1,UT
Utah Tech,Admin/Waste,2010,East South Central,10,0,0,UT
Utah Tech,Admin/Waste,2010,Middle Atlantic,1,0,0,UT
Utah Tech,Admin/Waste,2010,Middle Atlantic,5,0,7,UT
Utah Tech,Admin/Waste,2010,Middle Atlantic,10,0,2,UT
Utah Tech,Admin/Waste,2010,Mountain,1,19,26,UT
Utah Tech,Admin/Waste,2010,Mountain,5,14,15,UT
Utah Tech,Admin/Waste,2010,Mountain,10,12,13,UT
Utah Tech,Admin/Waste,2010,New England,1,0,0,UT
Utah Tech,Admin/Waste,2010,New England,5,0,0,UT
Utah Tech,Admin/Waste,2010,New England,10,0,0,UT
Utah Tech,Admin/Waste,2010,Pacific,1,0,2,UT
Utah Tech,Admin/Waste,2010,Pacific,5,0,6,UT
Utah Tech,Admin/Waste,2010,Pacific,10,0,3,UT
Utah Tech,Admin/Waste,2010,South Atlantic,1,0,1,UT
Utah Tech,Admin/Waste,2010,South Atlantic,5,0,0,UT
Utah Tech,Admin/Waste,2010,South Atlantic,10,0,0,UT
Utah Tech,Admin/Waste,2010,West North Central,1,0,1,UT
Utah Tech,Admin/Waste,2010,West North Central,5,0,1,UT
Utah Tech,Admin/Waste,2010,West North Central,10,0,0,UT
Utah Tech,Admin/Waste,2010,West South Central,1,0,1,UT
Utah Tech,Admin/Waste,2010,West South Central,5,0,4,UT
Utah Tech,Admin/Waste,2010,West South Central,10,0,2,UT
Utah Tech,Admin/Waste,2013,East North Central,1,0,2,UT
Utah Tech,Admin/Waste,2013,East North Central,5,0,0,UT
Utah Tech,Admin/Waste,2013,East North Central,10,,,UT
Utah Tech,Admin/Waste,2013,East South Central,1,0,0,UT
Utah Tech,Admin/Waste,2013,East South Central,5,0,0,UT
Utah Tech,Admin/Waste,2013,East South Central,10,,,UT
Utah Tech,Admin/Waste,2013,Middle Atlantic,1,0,0,UT
Utah Tech,Admin/Waste,2013,Middle Atlantic,5,0,0,UT
Utah Tech,Admin/Waste,2013,Middle Atlantic,10,,,UT
Utah Tech,Admin/Waste,2013,Mountain,1,36,38,UT
Utah Tech,Admin/Waste,2013,Mountain,5,20,24,UT
Utah Tech,Admin/Waste,2013,Mountain,10,,,UT
Utah Tech,Admin/Waste,2013,New England,1,0,0,UT
Utah Tech,Admin/Waste,2013,New England,5,0,0,UT
Utah Tech,Admin/Waste,2013,New England,10,,,UT
Utah Tech,Admin/Waste,2013,Pacific,1,0,14,UT
Utah Tech,Admin/Waste,2013,Pacific,5,0,5,UT
Utah Tech,Admin/Waste,2013,Pacific,10,,,UT
Utah Tech,Admin/Waste,2013,South Atlantic,1,0,2,UT
Utah Tech,Admin/Waste,2013,South Atlantic,5,0,2,UT
Utah Tech,Admin/Waste,2013,South Atlantic,10,,,UT
Utah Tech,Admin/Waste,2013,West North Central,1,0,0,UT
Utah Tech,Admin/Waste,2013,West North Central,5,0,0,UT
Utah Tech,Admin/Waste,2013,West North Central,10,,,UT
Utah Tech,Admin/Waste,2013,West South Central,1,0,0,UT
Utah Tech,Admin/Waste,2013,West South Central,5,0,1,UT
Utah Tech,Admin/Waste,2013,West South Central,10,,,UT
Utah Tech,Admin/Waste,2016,East North Central,1,0,3,UT
Utah Tech,Admin/Waste,2016,East North Central,5,0,0,UT
Utah Tech,Admin/Waste,2016,East North Central,10,,,UT
Utah Tech,Admin/Waste,2016,East South Central,1,0,0,UT
Utah Tech,Admin/Waste,2016,East South Central,5,0,0,UT
Utah Tech,Admin/Waste,2016,East South Central,10,,,UT
Utah Tech,Admin/Waste,2016,Middle Atlantic,1,0,3,UT
Utah Tech,Admin/Waste,2016,Middle Atlantic,5,0,1,UT
Utah Tech,Admin/Waste,2016,Middle Atlantic,10,,,UT
Utah Tech,Admin/Waste,2016,Mountain,1,49,52,UT
Utah Tech,Admin/Waste,2016,Mountain,5,36,43,UT
Utah Tech,Admin/Waste,2016,Mountain,10,,,UT
Utah Tech,Admin/Waste,2016,New England,1,0,0,UT
Utah Tech,Admin/Waste,2016,New England,5,0,0,UT
Utah Tech,Admin/Waste,2016,New England,10,,,UT
Utah Tech,Admin/Waste,2016,Pacific,1,0,5,UT
Utah Tech,Admin/Waste,2016,Pacific,5,0,7,UT
Utah Tech,Admin/Waste,2016,Pacific,10,,,UT
Utah Tech,Admin/Waste,2016,South Atlantic,1,0,5,UT
Utah Tech,Admin/Waste,2016,South Atlantic,5,0,1,UT
Utah Tech,Admin/Waste,2016,South Atlantic,10,,,UT
Utah Tech,Admin/Waste,2016,West North Central,1,0,4,UT
Utah Tech,Admin/Waste,2016,West North Central,5,0,0,UT
Utah Tech,Admin/Waste,2016,West North Central,10,,,UT
Utah Tech,Admin/Waste,2016,West South Central,1,0,3,UT
Utah Tech,Admin/Waste,2016,West South Central,5,0,5,UT
Utah Tech,Admin/Waste,2016,West South Central,10,,,UT
Utah Tech,Admin/Waste,2019,East North Central,1,0,0,UT
Utah Tech,Admin/Waste,2019,East North Central,5,,,UT
Utah Tech,Admin/Waste,2019,East North Central,10,,,UT
Utah Tech,Admin/Waste,2019,East South Central,1,0,0,UT
Utah Tech,Admin/Waste,2019,East South Central,5,,,UT
Utah Tech,Admin/Waste,2019,East South Central,10,,,UT
Utah Tech,Admin/Waste,2019,Middle Atlantic,1,0,0,UT
Utah Tech,Admin/Waste,2019,Middle Atlantic,5,,,UT
Utah Tech,Admin/Waste,2019,Middle Atlantic,10,,,UT
Utah Tech,Admin/Waste,2019,Mountain,1,56,62,UT
Utah Tech,Admin/Waste,2019,Mountain,5,,,UT
Utah Tech,Admin/Waste,2019,Mountain,10,,,UT
Utah Tech,Admin/Waste,2019,New England,1,0,0,UT
Utah Tech,Admin/Waste,2019,New England,5,,,UT
Utah Tech,Admin/Waste,2019,New England,10,,,UT
Utah Tech,Admin/Waste,2019,Pacific,1,0,14,UT
Utah Tech,Admin/Waste,2019,Pacific,5,,,UT
Utah Tech,Admin/Waste,2019,Pacific,10,,,UT
Utah Tech,Admin/Waste,2019,South Atlantic,1,0,4,UT
Utah Tech,Admin/Waste,2019,South Atlantic,5,,,UT
Utah Tech,Admin/Waste,2019,South Atlantic,10,,,UT
Utah Tech,Admin/Waste,2019,West North Central,1,0,0,UT
Utah Tech,Admin/Waste,2019,West North Central,5,,,UT
Utah Tech,Admin/Waste,2019,West North Central,10,,,UT
Utah Tech,Admin/Waste,2019,West South Central,1,0,4,UT
Utah Tech,Admin/Waste,2019,West South Central,5,,,UT
Utah Tech,Admin/Waste,2019,West South Central,10,,,UT
Utah Tech,Agriculture,2010,East North Central,1,0,0,UT
Utah Tech,Agriculture,2010,East North Central,5,0,0,UT
Utah Tech,Agriculture,2010,East North Central,10,0,0,UT
Utah Tech,Agriculture,2010,East South Central,1,0,0,UT
Utah Tech,Agriculture,2010,East South Central,5,0,0,UT
Utah Tech,Agriculture,2010,East South Central,10,0,0,UT
Utah Tech,Agriculture,2010,Middle Atlantic,1,0,0,UT
Utah Tech,Agriculture,2010,Middle Atlantic,5,0,0,UT
Utah Tech,Agriculture,2010,Middle Atlantic,10,0,0,UT
Utah Tech,Agriculture,2010,Mountain,1,0,0,UT
Utah Tech,Agriculture,2010,Mountain,5,1,1,UT
Utah Tech,Agriculture,2010,Mountain,10,1,1,UT
Utah Tech,Agriculture,2010,New England,1,0,0,UT
Utah Tech,Agriculture,2010,New England,5,0,0,UT
Utah Tech,Agriculture,2010,New England,10,0,0,UT
Utah Tech,Agriculture,2010,Pacific,1,0,0,UT
Utah Tech,Agriculture,2010,Pacific,5,0,2,UT
Utah Tech,Agriculture,2010,Pacific,10,0,0,UT
Utah Tech,Agriculture,2010,South Atlantic,1,0,0,UT
Utah Tech,Agriculture,2010,South Atlantic,5,0,0,UT
Utah Tech,Agriculture,2010,South Atlantic,10,0,0,UT
Utah Tech,Agriculture,2010,West North Central,1,0,0,UT
Utah Tech,Agriculture,2010,West North Central,5,0,0,UT
Utah Tech,Agriculture,2010,West North Central,10,0,0,UT
Utah Tech,Agriculture,2010,West South Central,1,0,0,UT
Utah Tech,Agriculture,2010,West South Central,5,0,0,UT
Utah Tech,Agriculture,2010,West South Central,10,0,0,UT
Utah Tech,Agriculture,2013,East North Central,1,0,0,UT
Utah Tech,Agriculture,2013,East North Central,5,0,0,UT
Utah Tech,Agriculture,2013,East North Central,10,,,UT
Utah Tech,Agriculture,2013,East South Central,1,0,0,UT
Utah Tech,Agriculture,2013,East South Central,5,0,0,UT
Utah Tech,Agriculture,2013,East South Central,10,,,UT
Utah Tech,Agriculture,2013,Middle Atlantic,1,0,0,UT
Utah Tech,Agriculture,2013,Middle Atlantic,5,0,0,UT
Utah Tech,Agriculture,2013,Middle Atlantic,10,,,UT
Utah Tech,Agriculture,2013,Mountain,1,1,1,UT
Utah Tech,Agriculture,2013,Mountain,5,1,1,UT
Utah Tech,Agriculture,2013,Mountain,10,,,UT
Utah Tech,Agriculture,2013,New England,1,0,0,UT
Utah Tech,Agriculture,2013,New England,5,0,0,UT
Utah Tech,Agriculture,2013,New England,10,,,UT
Utah Tech,Agriculture,2013,Pacific,1,0,4,UT
Utah Tech,Agriculture,2013,Pacific,5,0,0,UT
Utah Tech,Agriculture,2013,Pacific,10,,,UT
Utah Tech,Agriculture,2013,South Atlantic,1,0,0,UT
Utah Tech,Agriculture,2013,South Atlantic,5,0,0,UT
Utah Tech,Agriculture,2013,South Atlantic,10,,,UT
Utah Tech,Agriculture,2013,West North Central,1,0,0,UT
Utah Tech,Agriculture,2013,West North Central,5,0,0,UT
Utah Tech,Agriculture,2013,West North Central,10,,,UT
Utah Tech,Agriculture,2013,West South Central,1,0,0,UT
Utah Tech,Agriculture,2013,West South Central,5,0,0,UT
Utah Tech,Agriculture,2013,West South Central,10,,,UT
Utah Tech,Agriculture,2016,East North Central,1,0,0,UT
Utah Tech,Agriculture,2016,East North Central,5,0,0,UT
Utah Tech,Agriculture,2016,East North Central,10,,,UT
Utah Tech,Agriculture,2016,East South Central,1,0,0,UT
Utah Tech,Agriculture,2016,East South Central,5,0,0,UT
Utah Tech,Agriculture,2016,East South Central,10,,,UT
Utah Tech,Agriculture,2016,Middle Atlantic,1,0,0,UT
Utah Tech,Agriculture,2016,Middle Atlantic,5,0,0,UT
Utah Tech,Agriculture,2016,Middle Atlantic,10,,,UT
Utah Tech,Agriculture,2016,Mountain,1,0,0,UT
Utah Tech,Agriculture,2016,Mountain,5,0,0,UT
Utah Tech,Agriculture,2016,Mountain,10,,,UT
Utah Tech,Agriculture,2016,New England,1,0,0,UT
Utah Tech,Agriculture,2016,New England,5,0,0,UT
Utah Tech,Agriculture,2016,New England,10,,,UT
Utah Tech,Agriculture,2016,Pacific,1,0,1,UT
Utah Tech,Agriculture,2016,Pacific,5,0,2,UT
Utah Tech,Agriculture,2016,Pacific,10,,,UT
Utah Tech,Agriculture,2016,South Atlantic,1,0,0,UT
Utah Tech,Agriculture,2016,South Atlantic,5,0,0,UT
Utah Tech,Agriculture,2016,South Atlantic,10,,,UT
Utah Tech,Agriculture,2016,West North Central,1,0,0,UT
Utah Tech,Agriculture,2016,West North Central,5,0,0,UT
Utah Tech,Agriculture,2016,West North Central,10,,,UT
Utah Tech,Agriculture,2016,West South Central,1,0,1,UT
Utah Tech,Agriculture,2016,West South Central,5,0,1,UT
Utah Tech,Agriculture,2016,West South Central,10,,,UT
Utah Tech,Agriculture,2019,East North Central,1,0,0,UT
Utah Tech,Agriculture,2019,East North Central,5,,,UT
Utah Tech,Agriculture,2019,East North Central,10,,,UT
Utah Tech,Agriculture,2019,East South Central,1,0,0,UT
Utah Tech,Agriculture,2019,East South Central,5,,,UT
Utah Tech,Agriculture,2019,East South Central,10,,,UT
Utah Tech,Agriculture,2019,Middle Atlantic,1,0,0,UT
Utah Tech,Agriculture,2019,Middle Atlantic,5,,,UT
Utah Tech,Agriculture,2019,Middle Atlantic,10,,,UT
Utah Tech,Agriculture,2019,Mountain,1,1,1,UT
Utah Tech,Agriculture,2019,Mountain,5,,,UT
Utah Tech,Agriculture,2019,Mountain,10,,,UT
Utah Tech,Agriculture,2019,New England,1,0,0,UT
Utah Tech,Agriculture,2019,New England,5,,,UT
Utah Tech,Agriculture,2019,New England,10,,,UT
Utah Tech,Agriculture,2019,Pacific,1,0,3,UT
Utah Tech,Agriculture,2019,Pacific,5,,,UT
Utah Tech,Agriculture,2019,Pacific,10,,,UT
Utah Tech,Agriculture,2019,South Atlantic,1,0,0,UT
Utah Tech,Agriculture,2019,South Atlantic,5,,,UT
Utah Tech,Agriculture,2019,South Atlantic,10,,,UT
Utah Tech,Agriculture,2019,West North Central,1,0,0,UT
Utah Tech,Agriculture,2019,West North Central,5,,,UT
Utah Tech,Agriculture,2019,West North Central,10,,,UT
Utah Tech,Agriculture,2019,West South Central,1,0,0,UT
Utah Tech,Agriculture,2019,West South Central,5,,,UT
Utah Tech,Agriculture,2019,West South Central,10,,,UT
Utah Tech,Arts/Entertainment,2010,East North Central,1,0,0,UT
Utah Tech,Arts/Entertainment,2010,East North Central,5,0,0,UT
Utah Tech,Arts/Entertainment,2010,East North Central,10,0,0,UT
Utah Tech,Arts/Entertainment,2010,East South Central,1,0,0,UT
Utah Tech,Arts/Entertainment,2010,East South Central,5,0,0,UT
Utah Tech,Arts/Entertainment,2010,East South Central,10,0,0,UT
Utah Tech,Arts/Entertainment,2010,Middle Atlantic,1,0,0,UT
Utah Tech,Arts/Entertainment,2010,Middle Atlantic,5,0,0,UT
Utah Tech,Arts/Entertainment,2010,Middle Atlantic,10,0,0,UT
Utah Tech,Arts/Entertainment,2010,Mountain,1,2,2,UT
Utah Tech,Arts/Entertainment,2010,Mountain,5,4,4,UT
Utah Tech,Arts/Entertainment,2010,Mountain,10,4,4,UT
Utah Tech,Arts/Entertainment,2010,New England,1,0,0,UT
Utah Tech,Arts/Entertainment,2010,New England,5,0,0,UT
Utah Tech,Arts/Entertainment,2010,New England,10,0,0,UT
Utah Tech,Arts/Entertainment,2010,Pacific,1,0,0,UT
Utah Tech,Arts/Entertainment,2010,Pacific,5,0,1,UT
Utah Tech,Arts/Entertainment,2010,Pacific,10,0,1,UT
Utah Tech,Arts/Entertainment,2010,South Atlantic,1,0,0,UT
Utah Tech,Arts/Entertainment,2010,South Atlantic,5,0,0,UT
Utah Tech,Arts/Entertainment,2010,South Atlantic,10,0,0,UT
Utah Tech,Arts/Entertainment,2010,West North Central,1,0,0,UT
Utah Tech,Arts/Entertainment,2010,West North Central,5,0,0,UT
Utah Tech,Arts/Entertainment,2010,West North Central,10,0,0,UT
Utah Tech,Arts/Entertainment,2010,West South Central,1,0,0,UT
Utah Tech,Arts/Entertainment,2010,West South Central,5,0,0,UT
Utah Tech,Arts/Entertainment,2010,West South Central,10,0,0,UT
Utah Tech,Arts/Entertainment,2013,East North Central,1,0,0,UT
Utah Tech,Arts/Entertainment,2013,East North Central,5,0,0,UT
Utah Tech,Arts/Entertainment,2013,East North Central,10,,,UT
Utah Tech,Arts/Entertainment,2013,East South Central,1,0,0,UT
Utah Tech,Arts/Entertainment,2013,East South Central,5,0,0,UT
Utah Tech,Arts/Entertainment,2013,East South Central,10,,,UT
Utah Tech,Arts/Entertainment,2013,Middle Atlantic,1,0,0,UT
Utah Tech,Arts/Entertainment,2013,Middle Atlantic,5,0,0,UT
Utah Tech,Arts/Entertainment,2013,Middle Atlantic,10,,,UT
Utah Tech,Arts/Entertainment,2013,Mountain,1,10,10,UT
Utah Tech,Arts/Entertainment,2013,Mountain,5,16,17,UT
Utah Tech,Arts/Entertainment,2013,Mountain,10,,,UT
Utah Tech,Arts/Entertainment,2013,New England,1,0,0,UT
Utah Tech,Arts/Entertainment,2013,New England,5,0,0,UT
Utah Tech,Arts/Entertainment,2013,New England,10,,,UT
Utah Tech,Arts/Entertainment,2013,Pacific,1,0,1,UT
Utah Tech,Arts/Entertainment,2013,Pacific,5,0,0,UT
Utah Tech,Arts/Entertainment,2013,Pacific,10,,,UT
Utah Tech,Arts/Entertainment,2013,South Atlantic,1,0,0,UT
Utah Tech,Arts/Entertainment,2013,South Atlantic,5,0,3,UT
Utah Tech,Arts/Entertainment,2013,South Atlantic,10,,,UT
Utah Tech,Arts/Entertainment,2013,West North Central,1,0,0,UT
Utah Tech,Arts/Entertainment,2013,West North Central,5,0,0,UT
Utah Tech,Arts/Entertainment,2013,West North Central,10,,,UT
Utah Tech,Arts/Entertainment,2013,West South Central,1,0,0,UT
Utah Tech,Arts/Entertainment,2013,West South Central,5,0,0,UT
Utah Tech,Arts/Entertainment,2013,West South Central,10,,,UT
Utah Tech,Arts/Entertainment,2016,East North Central,1,0,0,UT
Utah Tech,Arts/Entertainment,2016,East North Central,5,0,0,UT
Utah Tech,Arts/Entertainment,2016,East North Central,10,,,UT
Utah Tech,Arts/Entertainment,2016,East South Central,1,0,0,UT
Utah Tech,Arts/Entertainment,2016,East South Central,5,0,0,UT
Utah Tech,Arts/Entertainment,2016,East South Central,10,,,UT
Utah Tech,Arts/Entertainment,2016,Middle Atlantic,1,0,3,UT
Utah Tech,Arts/Entertainment,2016,Middle Atlantic,5,0,0,UT
Utah Tech,Arts/Entertainment,2016,Middle Atlantic,10,,,UT
Utah Tech,Arts/Entertainment,2016,Mountain,1,19,19,UT
Utah Tech,Arts/Entertainment,2016,Mountain,5,14,16,UT
Utah Tech,Arts/Entertainment,2016,Mountain,10,,,UT
Utah Tech,Arts/Entertainment,2016,New England,1,0,0,UT
Utah Tech,Arts/Entertainment,2016,New England,5,0,0,UT
Utah Tech,Arts/Entertainment,2016,New England,10,,,UT
Utah Tech,Arts/Entertainment,2016,Pacific,1,0,2,UT
Utah Tech,Arts/Entertainment,2016,Pacific,5,0,3,UT
Utah Tech,Arts/Entertainment,2016,Pacific,10,,,UT
Utah Tech,Arts/Entertainment,2016,South Atlantic,1,0,0,UT
Utah Tech,Arts/Entertainment,2016,South Atlantic,5,0,0,UT
Utah Tech,Arts/Entertainment,2016,South Atlantic,10,,,UT
Utah Tech,Arts/Entertainment,2016,West North Central,1,0,0,UT
Utah Tech,Arts/Entertainment,2016,West North Central,5,0,0,UT
Utah Tech,Arts/Entertainment,2016,West North Central,10,,,UT
Utah Tech,Arts/Entertainment,2016,West South Central,1,0,0,UT
Utah Tech,Arts/Entertainment,2016,West South Central,5,0,1,UT
Utah Tech,Arts/Entertainment,2016,West South Central,10,,,UT
Utah Tech,Arts/Entertainment,2019,East North Central,1,0,0,UT
Utah Tech,Arts/Entertainment,2019,East North Central,5,,,UT
Utah Tech,Arts/Entertainment,2019,East North Central,10,,,UT
Utah Tech,Arts/Entertainment,2019,East South Central,1,0,0,UT
Utah Tech,Arts/Entertainment,2019,East South Central,5,,,UT
Utah Tech,Arts/Entertainment,2019,East South Central,10,,,UT
Utah Tech,Arts/Entertainment,2019,Middle Atlantic,1,0,0,UT
Utah Tech,Arts/Entertainment,2019,Middle Atlantic,5,,,UT
Utah Tech,Arts/Entertainment,2019,Middle Atlantic,10,,,UT
Utah Tech,Arts/Entertainment,2019,Mountain,1,18,20,UT
Utah Tech,Arts/Entertainment,2019,Mountain,5,,,UT
Utah Tech,Arts/Entertainment,2019,Mountain,10,,,UT
Utah Tech,Arts/Entertainment,2019,New England,1,0,0,UT
Utah Tech,Arts/Entertainment,2019,New England,5,,,UT
Utah Tech,Arts/Entertainment,2019,New England,10,,,UT
Utah Tech,Arts/Entertainment,2019,Pacific,1,0,5,UT
Utah Tech,Arts/Entertainment,2019,Pacific,5,,,UT
Utah Tech,Arts/Entertainment,2019,Pacific,10,,,UT
Utah Tech,Arts/Entertainment,2019,South Atlantic,1,0,0,UT
Utah Tech,Arts/Entertainment,2019,South Atlantic,5,,,UT
Utah Tech,Arts/Entertainment,2019,South Atlantic,10,,,UT
Utah Tech,Arts/Entertainment,2019,West North Central,1,0,0,UT
Utah Tech,Arts/Entertainment,2019,West North Central,5,,,UT
Utah Tech,Arts/Entertainment,2019,West North Central,10,,,UT
Utah Tech,Arts/Entertainment,2019,West South Central,1,0,0,UT
Utah Tech,Arts/Entertainment,2019,West South Central,5,,,UT
Utah Tech,Arts/Entertainment,2019,West South Central,10,,,UT
Utah Tech,Construction,2010,East North Central,1,0,2,UT
Utah Tech,Construction,2010,East North Central,5,0,0,UT
Utah Tech,Construction,2010,East North Central,10,0,2,UT
Utah Tech,Construction,2010,East South Central,1,0,0,UT
Utah Tech,Construction,2010,East South Central,5,0,0,UT
Utah Tech,Construction,2010,East South Central,10,0,0,UT
Utah Tech,Construction,2010,Middle Atlantic,1,0,0,UT
Utah Tech,Construction,2010,Middle Atlantic,5,0,0,UT
Utah Tech,Construction,2010,Middle Atlantic,10,0,0,UT
Utah Tech,Construction,2010,Mountain,1,12,12,UT
Utah Tech,Construction,2010,Mountain,5,18,20,UT
Utah Tech,Construction,2010,Mountain,10,23,26,UT
Utah Tech,Construction,2010,New England,1,0,0,UT
Utah Tech,Construction,2010,New England,5,0,0,UT
Utah Tech,Construction,2010,New England,10,0,0,UT
Utah Tech,Construction,2010,Pacific,1,0,2,UT
Utah Tech,Construction,2010,Pacific,5,0,3,UT
Utah Tech,Construction,2010,Pacific,10,0,1,UT
Utah Tech,Construction,2010,South Atlantic,1,0,0,UT
Utah Tech,Construction,2010,South Atlantic,5,0,0,UT
Utah Tech,Construction,2010,South Atlantic,10,0,0,UT
Utah Tech,Construction,2010,West North Central,1,0,0,UT
Utah Tech,Construction,2010,West North Central,5,0,0,UT
Utah Tech,Construction,2010,West North Central,10,0,0,UT
Utah Tech,Construction,2010,West South Central,1,0,0,UT
Utah Tech,Construction,2010,West South Central,5,0,2,UT
Utah Tech,Construction,2010,West South Central,10,0,2,UT
Utah Tech,Construction,2013,East North Central,1,0,0,UT
Utah Tech,Construction,2013,East North Central,5,0,1,UT
Utah Tech,Construction,2013,East North Central,10,,,UT
Utah Tech,Construction,2013,East South Central,1,0,0,UT
Utah Tech,Construction,2013,East South Central,5,0,0,UT
Utah Tech,Construction,2013,East South Central,10,,,UT
Utah Tech,Construction,2013,Middle Atlantic,1,0,2,UT
Utah Tech,Construction,2013,Middle Atlantic,5,0,0,UT
Utah Tech,Construction,2013,Middle Atlantic,10,,,UT
Utah Tech,Construction,2013,Mountain,1,21,24,UT
Utah Tech,Construction,2013,Mountain,5,36,42,UT
Utah Tech,Construction,2013,Mountain,10,,,UT
Utah Tech,Construction,2013,New England,1,0,0,UT
Utah Tech,Construction,2013,New England,5,0,0,UT
Utah Tech,Construction,2013,New England,10,,,UT
Utah Tech,Construction,2013,Pacific,1,0,3,UT
Utah Tech,Construction,2013,Pacific,5,0,4,UT
Utah Tech,Construction,2013,Pacific,10,,,UT
Utah Tech,Construction,2013,South Atlantic,1,0,4,UT
Utah Tech,Construction,2013,South Atlantic,5,0,1,UT
Utah Tech,Construction,2013,South Atlantic,10,,,UT
Utah Tech,Construction,2013,West North Central,1,0,0,UT
Utah Tech,Construction,2013,West North Central,5,0,1,UT
Utah Tech,Construction,2013,West North Central,10,,,UT
Utah Tech,Construction,2013,West South Central,1,0,6,UT
Utah Tech,Construction,2013,West South Central,5,0,5,UT
Utah Tech,Construction,2013,West South Central,10,,,UT
Utah Tech,Construction,2016,East North Central,1,0,1,UT
Utah Tech,Construction,2016,East North Central,5,0,1,UT
Utah Tech,Construction,2016,East North Central,10,,,UT
Utah Tech,Construction,2016,East South Central,1,0,1,UT
Utah Tech,Construction,2016,East South Central,5,0,0,UT
Utah Tech,Construction,2016,East South Central,10,,,UT
Utah Tech,Construction,2016,Middle Atlantic,1,0,3,UT
Utah Tech,Construction,2016,Middle Atlantic,5,0,1,UT
Utah Tech,Construction,2016,Middle Atlantic,10,,,UT
Utah Tech,Construction,2016,Mountain,1,36,45,UT
Utah Tech,Construction,2016,Mountain,5,37,39,UT
Utah Tech,Construction,2016,Mountain,10,,,UT
Utah Tech,Construction,2016,New England,1,0,0,UT
Utah Tech,Construction,2016,New England,5,0,0,UT
Utah Tech,Construction,2016,New England,10,,,UT
Utah Tech,Construction,2016,Pacific,1,0,7,UT
Utah Tech,Construction,2016,Pacific,5,0,9,UT
Utah Tech,Construction,2016,Pacific,10,,,UT
Utah Tech,Construction,2016,South Atlantic,1,0,2,UT
Utah Tech,Construction,2016,South Atlantic,5,0,2,UT
Utah Tech,Construction,2016,South Atlantic,10,,,UT
Utah Tech,Construction,2016,West North Central,1,0,1,UT
Utah Tech,Construction,2016,West North Central,5,0,0,UT
Utah Tech,Construction,2016,West North Central,10,,,UT
Utah Tech,Construction,2016,West South Central,1,0,0,UT
Utah Tech,Construction,2016,West South Central,5,0,5,UT
Utah Tech,Construction,2016,West South Central,10,,,UT
Utah Tech,Construction,2019,East North Central,1,0,5,UT
Utah Tech,Construction,2019,East North Central,5,,,UT
Utah Tech,Construction,2019,East North Central,10,,,UT
Utah Tech,Construction,2019,East South Central,1,0,0,UT
Utah Tech,Construction,2019,East South Central,5,,,UT
Utah Tech,Construction,2019,East South Central,10,,,UT
Utah Tech,Construction,2019,Middle Atlantic,1,0,2,UT
Utah Tech,Construction,2019,Middle Atlantic,5,,,UT
Utah Tech,Construction,2019,Middle Atlantic,10,,,UT
Utah Tech,Construction,2019,Mountain,1,48,56,UT
Utah Tech,Construction,2019,Mountain,5,,,UT
Utah Tech,Construction,2019,Mountain,10,,,UT
Utah Tech,Construction,2019,New England,1,0,0,UT
Utah Tech,Construction,2019,New England,5,,,UT
Utah Tech,Construction,2019,New England,10,,,UT
Utah Tech,Construction,2019,Pacific,1,0,6,UT
Utah Tech,Construction,2019,Pacific,5,,,UT
Utah Tech,Construction,2019,Pacific,10,,,UT
Utah Tech,Construction,2019,South Atlantic,1,0,3,UT
Utah Tech,Construction,2019,South Atlantic,5,,,UT
Utah Tech,Construction,2019,South Atlantic,10,,,UT
Utah Tech,Construction,2019,West North Central,1,0,0,UT
Utah Tech,Construction,2019,West North Central,5,,,UT
Utah Tech,Construction,2019,West North Central,10,,,UT
Utah Tech,Construction,2019,West South Central,1,0,0,UT
Utah Tech,Construction,2019,West South Central,5,,,UT
Utah Tech,Construction,2019,West South Central,10,,,UT
Utah Tech,Education,2010,East North Central,1,0,2,UT
Utah Tech,Education,2010,East North Central,5,0,5,UT
Utah Tech,Education,2010,East North Central,10,0,1,UT
Utah Tech,Education,2010,East South Central,1,0,0,UT
Utah Tech,Education,2010,East South Central,5,0,0,UT
Utah Tech,Education,2010,East South Central,10,0,0,UT
Utah Tech,Education,2010,Middle Atlantic,1,0,1,UT
Utah Tech,Education,2010,Middle Atlantic,5,0,2,UT
Utah Tech,Education,2010,Middle Atlantic,10,0,2,UT
Utah Tech,Education,2010,Mountain,1,114,123,UT
Utah Tech,Education,2010,Mountain,5,124,126,UT
Utah Tech,Education,2010,Mountain,10,136,139,UT
Utah Tech,Education,2010,New England,1,0,0,UT
Utah Tech,Education,2010,New England,5,0,1,UT
Utah Tech,Education,2010,New England,10,0,0,UT
Utah Tech,Education,2010,Pacific,1,0,2,UT
Utah Tech,Education,2010,Pacific,5,0,6,UT
Utah Tech,Education,2010,Pacific,10,0,8,UT
Utah Tech,Education,2010,South Atlantic,1,0,7,UT
Utah Tech,Education,2010,South Atlantic,5,0,4,UT
Utah Tech,Education,2010,South Atlantic,10,0,1,UT
Utah Tech,Education,2010,West North Central,1,0,0,UT
Utah Tech,Education,2010,West North Central,5,0,0,UT
Utah Tech,Education,2010,West North Central,10,0,3,UT
Utah Tech,Education,2010,West South Central,1,0,2,UT
Utah Tech,Education,2010,West South Central,5,0,4,UT
Utah Tech,Education,2010,West South Central,10,0,3,UT
Utah Tech,Education,2013,East North Central,1,0,4,UT
Utah Tech,Education,2013,East North Central,5,0,3,UT
Utah Tech,Education,2013,East North Central,10,,,UT
Utah Tech,Education,2013,East South Central,1,0,1,UT
Utah Tech,Education,2013,East South Central,5,0,1,UT
Utah Tech,Education,2013,East South Central,10,,,UT
Utah Tech,Education,2013,Middle Atlantic,1,0,5,UT
Utah Tech,Education,2013,Middle Atlantic,5,0,2,UT
Utah Tech,Education,2013,Middle Atlantic,10,,,UT
Utah Tech,Education,2013,Mountain,1,187,203,UT
Utah Tech,Education,2013,Mountain,5,202,233,UT
Utah Tech,Education,2013,Mountain,10,,,UT
Utah Tech,Education,2013,New England,1,0,0,UT
Utah Tech,Education,2013,New England,5,0,0,UT
Utah Tech,Education,2013,New England,10,,,UT
Utah Tech,Education,2013,Pacific,1,0,10,UT
Utah Tech,Education,2013,Pacific,5,0,18,UT
Utah Tech,Education,2013,Pacific,10,,,UT
Utah Tech,Education,2013,South Atlantic,1,0,6,UT
Utah Tech,Education,2013,South Atlantic,5,0,2,UT
Utah Tech,Education,2013,South Atlantic,10,,,UT
Utah Tech,Education,2013,West North Central,1,0,2,UT
Utah Tech,Education,2013,West North Central,5,0,4,UT
Utah Tech,Education,2013,West North Central,10,,,UT
Utah Tech,Education,2013,West South Central,1,0,6,UT
Utah Tech,Education,2013,West South Central,5,0,11,UT
Utah Tech,Education,2013,West South Central,10,,,UT
Utah Tech,Education,2016,East North Central,1,0,9,UT
Utah Tech,Education,2016,East North Central,5,0,5,UT
Utah Tech,Education,2016,East North Central,10,,,UT
Utah Tech,Education,2016,East South Central,1,0,0,UT
Utah Tech,Education,2016,East South Central,5,0,3,UT
Utah Tech,Education,2016,East South Central,10,,,UT
Utah Tech,Education,2016,Middle Atlantic,1,0,2,UT
Utah Tech,Education,2016,Middle Atlantic,5,0,2,UT
Utah Tech,Education,2016,Middle Atlantic,10,,,UT
Utah Tech,Education,2016,Mountain,1,207,231,UT
Utah Tech,Education,2016,Mountain,5,206,233,UT
Utah Tech,Education,2016,Mountain,10,,,UT
Utah Tech,Education,2016,New England,1,0,0,UT
Utah Tech,Education,2016,New England,5,0,1,UT
Utah Tech,Education,2016,New England,10,,,UT
Utah Tech,Education,2016,Pacific,1,0,16,UT
Utah Tech,Education,2016,Pacific,5,0,15,UT
Utah Tech,Education,2016,Pacific,10,,,UT
Utah Tech,Education,2016,South Atlantic,1,0,8,UT
Utah Tech,Education,2016,South Atlantic,5,0,16,UT
Utah Tech,Education,2016,South Atlantic,10,,,UT
Utah Tech,Education,2016,West North Central,1,0,5,UT
Utah Tech,Education,2016,West North Central,5,0,1,UT
Utah Tech,Education,2016,West North Central,10,,,UT
Utah Tech,Education,2016,West South Central,1,0,8,UT
Utah Tech,Education,2016,West South Central,5,0,8,UT
Utah Tech,Education,2016,West South Central,10,,,UT
Utah Tech,Education,2019,East North Central,1,0,2,UT
Utah Tech,Education,2019,East North Central,5,,,UT
Utah Tech,Education,2019,East North Central,10,,,UT
Utah Tech,Education,2019,East South Central,1,0,5,UT
Utah Tech,Education,2019,East South Central,5,,,UT
Utah Tech,Education,2019,East South Central,10,,,UT
Utah Tech,Education,2019,Middle Atlantic,1,0,6,UT
Utah Tech,Education,2019,Middle Atlantic,5,,,UT
Utah Tech,Education,2019,Middle Atlantic,10,,,UT
Utah Tech,Education,2019,Mountain,1,236,269,UT
Utah Tech,Education,2019,Mountain,5,,,UT
Utah Tech,Education,2019,Mountain,10,,,UT
Utah Tech,Education,2019,New England,1,0,2,UT
Utah Tech,Education,2019,New England,5,,,UT
Utah Tech,Education,2019,New England,10,,,UT
Utah Tech,Education,2019,Pacific,1,0,11,UT
Utah Tech,Education,2019,Pacific,5,,,UT
Utah Tech,Education,2019,Pacific,10,,,UT
Utah Tech,Education,2019,South Atlantic,1,0,5,UT
Utah Tech,Education,2019,South Atlantic,5,,,UT
Utah Tech,Education,2019,South Atlantic,10,,,UT
Utah Tech,Education,2019,West North Central,1,0,3,UT
Utah Tech,Education,2019,West North Central,5,,,UT
Utah Tech,Education,2019,West North Central,10,,,UT
Utah Tech,Education,2019,West South Central,1,0,8,UT
Utah Tech,Education,2019,West South Central,5,,,UT
Utah Tech,Education,2019,West South Central,10,,,UT
Utah Tech,Finance,2010,East North Central,1,0,1,UT
Utah Tech,Finance,2010,East North Central,5,0,1,UT
Utah Tech,Finance,2010,East North Central,10,0,1,UT
Utah Tech,Finance,2010,East South Central,1,0,0,UT
Utah Tech,Finance,2010,East South Central,5,0,0,UT
Utah Tech,Finance,2010,East South Central,10,0,0,UT
Utah Tech,Finance,2010,Middle Atlantic,1,0,3,UT
Utah Tech,Finance,2010,Middle Atlantic,5,0,2,UT
Utah Tech,Finance,2010,Middle Atlantic,10,0,1,UT
Utah Tech,Finance,2010,Mountain,1,30,33,UT
Utah Tech,Finance,2010,Mountain,5,30,32,UT
Utah Tech,Finance,2010,Mountain,10,42,42,UT
Utah Tech,Finance,2010,New England,1,0,0,UT
Utah Tech,Finance,2010,New England,5,0,0,UT
Utah Tech,Finance,2010,New England,10,0,0,UT
Utah Tech,Finance,2010,Pacific,1,0,6,UT
Utah Tech,Finance,2010,Pacific,5,0,4,UT
Utah Tech,Finance,2010,Pacific,10,0,1,UT
Utah Tech,Finance,2010,South Atlantic,1,0,3,UT
Utah Tech,Finance,2010,South Atlantic,5,0,1,UT
Utah Tech,Finance,2010,South Atlantic,10,0,0,UT
Utah Tech,Finance,2010,West North Central,1,0,0,UT
Utah Tech,Finance,2010,West North Central,5,0,0,UT
Utah Tech,Finance,2010,West North Central,10,0,0,UT
Utah Tech,Finance,2010,West South Central,1,0,1,UT
Utah Tech,Finance,2010,West South Central,5,0,0,UT
Utah Tech,Finance,2010,West South Central,10,0,1,UT
Utah Tech,Finance,2013,East North Central,1,0,1,UT
Utah Tech,Finance,2013,East North Central,5,0,1,UT
Utah Tech,Finance,2013,East North Central,10,,,UT
Utah Tech,Finance,2013,East South Central,1,0,0,UT
Utah Tech,Finance,2013,East South Central,5,0,0,UT
Utah Tech,Finance,2013,East South Central,10,,,UT
Utah Tech,Finance,2013,Middle Atlantic,1,0,0,UT
Utah Tech,Finance,2013,Middle Atlantic,5,0,2,UT
Utah Tech,Finance,2013,Middle Atlantic,10,,,UT
Utah Tech,Finance,2013,Mountain,1,45,48,UT
Utah Tech,Finance,2013,Mountain,5,53,59,UT
Utah Tech,Finance,2013,Mountain,10,,,UT
Utah Tech,Finance,2013,New England,1,0,1,UT
Utah Tech,Finance,2013,New England,5,0,1,UT
Utah Tech,Finance,2013,New England,10,,,UT
Utah Tech,Finance,2013,Pacific,1,0,2,UT
Utah Tech,Finance,2013,Pacific,5,0,2,UT
Utah Tech,Finance,2013,Pacific,10,,,UT
Utah Tech,Finance,2013,South Atlantic,1,0,4,UT
Utah Tech,Finance,2013,South Atlantic,5,0,2,UT
Utah Tech,Finance,2013,South Atlantic,10,,,UT
Utah Tech,Finance,2013,West North Central,1,0,0,UT
Utah Tech,Finance,2013,West North Central,5,0,0,UT
Utah Tech,Finance,2013,West North Central,10,,,UT
Utah Tech,Finance,2013,West South Central,1,0,1,UT
Utah Tech,Finance,2013,West South Central,5,0,1,UT
Utah Tech,Finance,2013,West South Central,10,,,UT
Utah Tech,Finance,2016,East North Central,1,0,1,UT
Utah Tech,Finance,2016,East North Central,5,0,2,UT
Utah Tech,Finance,2016,East North Central,10,,,UT
Utah Tech,Finance,2016,East South Central,1,0,0,UT
Utah Tech,Finance,2016,East South Central,5,0,0,UT
Utah Tech,Finance,2016,East South Central,10,,,UT
Utah Tech,Finance,2016,Middle Atlantic,1,0,2,UT
Utah Tech,Finance,2016,Middle Atlantic,5,0,0,UT
Utah Tech,Finance,2016,Middle Atlantic,10,,,UT
Utah Tech,Finance,2016,Mountain,1,66,70,UT
Utah Tech,Finance,2016,Mountain,5,51,59,UT
Utah Tech,Finance,2016,Mountain,10,,,UT
Utah Tech,Finance,2016,New England,1,0,0,UT
Utah Tech,Finance,2016,New England,5,0,1,UT
Utah Tech,Finance,2016,New England,10,,,UT
Utah Tech,Finance,2016,Pacific,1,0,3,UT
Utah Tech,Finance,2016,Pacific,5,0,1,UT
Utah Tech,Finance,2016,Pacific,10,,,UT
Utah Tech,Finance,2016,South Atlantic,1,0,5,UT
Utah Tech,Finance,2016,South Atlantic,5,0,0,UT
Utah Tech,Finance,2016,South Atlantic,10,,,UT
Utah Tech,Finance,2016,West North Central,1,0,3,UT
Utah Tech,Finance,2016,West North Central,5,0,0,UT
Utah Tech,Finance,2016,West North Central,10,,,UT
Utah Tech,Finance,2016,West South Central,1,0,0,UT
Utah Tech,Finance,2016,West South Central,5,0,2,UT
Utah Tech,Finance,2016,West South Central,10,,,UT
Utah Tech,Finance,2019,East North Central,1,0,2,UT
Utah Tech,Finance,2019,East North Central,5,,,UT
Utah Tech,Finance,2019,East North Central,10,,,UT
Utah Tech,Finance,2019,East South Central,1,0,0,UT
Utah Tech,Finance,2019,East South Central,5,,,UT
Utah Tech,Finance,2019,East South Central,10,,,UT
Utah Tech,Finance,2019,Middle Atlantic,1,0,5,UT
Utah Tech,Finance,2019,Middle Atlantic,5,,,UT
Utah Tech,Finance,2019,Middle Atlantic,10,,,UT
Utah Tech,Finance,2019,Mountain,1,52,56,UT
Utah Tech,Finance,2019,Mountain,5,,,UT
Utah Tech,Finance,2019,Mountain,10,,,UT
Utah Tech,Finance,2019,New England,1,0,0,UT
Utah Tech,Finance,2019,New England,5,,,UT
Utah Tech,Finance,2019,New England,10,,,UT
Utah Tech,Finance,2019,Pacific,1,0,9,UT
Utah Tech,Finance,2019,Pacific,5,,,UT
Utah Tech,Finance,2019,Pacific,10,,,UT
Utah Tech,Finance,2019,South Atlantic,1,0,5,UT
Utah Tech,Finance,2019,South Atlantic,5,,,UT
Utah Tech,Finance,2019,South Atlantic,10,,,UT
Utah Tech,Finance,2019,West North Central,1,0,1,UT
Utah Tech,Finance,2019,West North Central,5,,,UT
Utah Tech,Finance,2019,West North Central,10,,,UT
Utah Tech,Finance,2019,West South Central,1,0,4,UT
Utah Tech,Finance,2019,West South Central,5,,,UT
Utah Tech,Finance,2019,West South Central,10,,,UT
Utah Tech,Food/Hospitality,2010,East North Central,1,0,2,UT
Utah Tech,Food/Hospitality,2010,East North Central,5,0,3,UT
Utah Tech,Food/Hospitality,2010,East North Central,10,0,2,UT
Utah Tech,Food/Hospitality,2010,East South Central,1,0,4,UT
Utah Tech,Food/Hospitality,2010,East South Central,5,0,1,UT
Utah Tech,Food/Hospitality,2010,East South Central,10,0,0,UT
Utah Tech,Food/Hospitality,2010,Middle Atlantic,1,0,2,UT
Utah Tech,Food/Hospitality,2010,Middle Atlantic,5,0,0,UT
Utah Tech,Food/Hospitality,2010,Middle Atlantic,10,0,1,UT
Utah Tech,Food/Hospitality,2010,Mountain,1,28,34,UT
Utah Tech,Food/Hospitality,2010,Mountain,5,14,20,UT
Utah Tech,Food/Hospitality,2010,Mountain,10,7,10,UT
Utah Tech,Food/Hospitality,2010,New England,1,0,0,UT
Utah Tech,Food/Hospitality,2010,New England,5,0,0,UT
Utah Tech,Food/Hospitality,2010,New England,10,0,0,UT
Utah Tech,Food/Hospitality,2010,Pacific,1,0,1,UT
Utah Tech,Food/Hospitality,2010,Pacific,5,0,6,UT
Utah Tech,Food/Hospitality,2010,Pacific,10,0,2,UT
Utah Tech,Food/Hospitality,2010,South Atlantic,1,0,2,UT
Utah Tech,Food/Hospitality,2010,South Atlantic,5,0,4,UT
Utah Tech,Food/Hospitality,2010,South Atlantic,10,0,2,UT
Utah Tech,Food/Hospitality,2010,West North Central,1,0,2,UT
Utah Tech,Food/Hospitality,2010,West North Central,5,0,0,UT
Utah Tech,Food/Hospitality,2010,West North Central,10,0,0,UT
Utah Tech,Food/Hospitality,2010,West South Central,1,0,0,UT
Utah Tech,Food/Hospitality,2010,West South Central,5,0,3,UT
Utah Tech,Food/Hospitality,2010,West South Central,10,0,0,UT
Utah Tech,Food/Hospitality,2013,East North Central,1,0,6,UT
Utah Tech,Food/Hospitality,2013,East North Central,5,0,2,UT
Utah Tech,Food/Hospitality,2013,East North Central,10,,,UT
Utah Tech,Food/Hospitality,2013,East South Central,1,0,1,UT
Utah Tech,Food/Hospitality,2013,East South Central,5,0,0,UT
Utah Tech,Food/Hospitality,2013,East South Central,10,,,UT
Utah Tech,Food/Hospitality,2013,Middle Atlantic,1,0,1,UT
Utah Tech,Food/Hospitality,2013,Middle Atlantic,5,0,3,UT
Utah Tech,Food/Hospitality,2013,Middle Atlantic,10,,,UT
Utah Tech,Food/Hospitality,2013,Mountain,1,28,33,UT
Utah Tech,Food/Hospitality,2013,Mountain,5,21,27,UT
Utah Tech,Food/Hospitality,2013,Mountain,10,,,UT
Utah Tech,Food/Hospitality,2013,New England,1,0,0,UT
Utah Tech,Food/Hospitality,2013,New England,5,0,0,UT
Utah Tech,Food/Hospitality,2013,New England,10,,,UT
Utah Tech,Food/Hospitality,2013,Pacific,1,0,0,UT
Utah Tech,Food/Hospitality,2013,Pacific,5,0,1,UT
Utah Tech,Food/Hospitality,2013,Pacific,10,,,UT
Utah Tech,Food/Hospitality,2013,South Atlantic,1,0,5,UT
Utah Tech,Food/Hospitality,2013,South Atlantic,5,0,3,UT
Utah Tech,Food/Hospitality,2013,South Atlantic,10,,,UT
Utah Tech,Food/Hospitality,2013,West North Central,1,0,1,UT
Utah Tech,Food/Hospitality,2013,West North Central,5,0,1,UT
Utah Tech,Food/Hospitality,2013,West North Central,10,,,UT
Utah Tech,Food/Hospitality,2013,West South Central,1,0,3,UT
Utah Tech,Food/Hospitality,2013,West South Central,5,0,2,UT
Utah Tech,Food/Hospitality,2013,West South Central,10,,,UT
Utah Tech,Food/Hospitality,2016,East North Central,1,0,5,UT
Utah Tech,Food/Hospitality,2016,East North Central,5,0,1,UT
Utah Tech,Food/Hospitality,2016,East North Central,10,,,UT
Utah Tech,Food/Hospitality,2016,East South Central,1,0,3,UT
Utah Tech,Food/Hospitality,2016,East South Central,5,0,0,UT
Utah Tech,Food/Hospitality,2016,East South Central,10,,,UT
Utah Tech,Food/Hospitality,2016,Middle Atlantic,1,0,1,UT
Utah Tech,Food/Hospitality,2016,Middle Atlantic,5,0,2,UT
Utah Tech,Food/Hospitality,2016,Middle Atlantic,10,,,UT
Utah Tech,Food/Hospitality,2016,Mountain,1,32,50,UT
Utah Tech,Food/Hospitality,2016,Mountain,5,10,20,UT
Utah Tech,Food/Hospitality,2016,Mountain,10,,,UT
Utah Tech,Food/Hospitality,2016,New England,1,0,1,UT
Utah Tech,Food/Hospitality,2016,New England,5,0,0,UT
Utah Tech,Food/Hospitality,2016,New England,10,,,UT
Utah Tech,Food/Hospitality,2016,Pacific,1,0,11,UT
Utah Tech,Food/Hospitality,2016,Pacific,5,0,5,UT
Utah Tech,Food/Hospitality,2016,Pacific,10,,,UT
Utah Tech,Food/Hospitality,2016,South Atlantic,1,0,7,UT
Utah Tech,Food/Hospitality,2016,South Atlantic,5,0,1,UT
Utah Tech,Food/Hospitality,2016,South Atlantic,10,,,UT
Utah Tech,Food/Hospitality,2016,West North Central,1,0,0,UT
Utah Tech,Food/Hospitality,2016,West North Central,5,0,1,UT
Utah Tech,Food/Hospitality,2016,West North Central,10,,,UT
Utah Tech,Food/Hospitality,2016,West South Central,1,0,4,UT
Utah Tech,Food/Hospitality,2016,West South Central,5,0,0,UT
Utah Tech,Food/Hospitality,2016,West South Central,10,,,UT
Utah Tech,Food/Hospitality,2019,East North Central,1,0,0,UT
Utah Tech,Food/Hospitality,2019,East North Central,5,,,UT
Utah Tech,Food/Hospitality,2019,East North Central,10,,,UT
Utah Tech,Food/Hospitality,2019,East South Central,1,0,2,UT
Utah Tech,Food/Hospitality,2019,East South Central,5,,,UT
Utah Tech,Food/Hospitality,2019,East South Central,10,,,UT
Utah Tech,Food/Hospitality,2019,Middle Atlantic,1,0,2,UT
Utah Tech,Food/Hospitality,2019,Middle Atlantic,5,,,UT
Utah Tech,Food/Hospitality,2019,Middle Atlantic,10,,,UT
Utah Tech,Food/Hospitality,2019,Mountain,1,46,60,UT
Utah Tech,Food/Hospitality,2019,Mountain,5,,,UT
Utah Tech,Food/Hospitality,2019,Mountain,10,,,UT
Utah Tech,Food/Hospitality,2019,New England,1,0,0,UT
Utah Tech,Food/Hospitality,2019,New England,5,,,UT
Utah Tech,Food/Hospitality,2019,New England,10,,,UT
Utah Tech,Food/Hospitality,2019,Pacific,1,0,16,UT
Utah Tech,Food/Hospitality,2019,Pacific,5,,,UT
Utah Tech,Food/Hospitality,2019,Pacific,10,,,UT
Utah Tech,Food/Hospitality,2019,South Atlantic,1,0,8,UT
Utah Tech,Food/Hospitality,2019,South Atlantic,5,,,UT
Utah Tech,Food/Hospitality,2019,South Atlantic,10,,,UT
Utah Tech,Food/Hospitality,2019,West North Central,1,0,0,UT
Utah Tech,Food/Hospitality,2019,West North Central,5,,,UT
Utah Tech,Food/Hospitality,2019,West North Central,10,,,UT
Utah Tech,Food/Hospitality,2019,West South Central,1,0,3,UT
Utah Tech,Food/Hospitality,2019,West South Central,5,,,UT
Utah Tech,Food/Hospitality,2019,West South Central,10,,,UT
Utah Tech,Health Care,2010,East North Central,1,0,1,UT
Utah Tech,Health Care,2010,East North Central,5,0,5,UT
Utah Tech,Health Care,2010,East North Central,10,0,10,UT
Utah Tech,Health Care,2010,East South Central,1,0,3,UT
Utah Tech,Health Care,2010,East South Central,5,0,1,UT
Utah Tech,Health Care,2010,East South Central,10,0,1,UT
Utah Tech,Health Care,2010,Middle Atlantic,1,0,4,UT
Utah Tech,Health Care,2010,Middle Atlantic,5,0,6,UT
Utah Tech,Health Care,2010,Middle Atlantic,10,0,6,UT
Utah Tech,Health Care,2010,Mountain,1,115,116,UT
Utah Tech,Health Care,2010,Mountain,5,113,119,UT
Utah Tech,Health Care,2010,Mountain,10,103,115,UT
Utah Tech,Health Care,2010,New England,1,0,0,UT
Utah Tech,Health Care,2010,New England,5,0,4,UT
Utah Tech,Health Care,2010,New England,10,0,1,UT
Utah Tech,Health Care,2010,Pacific,1,0,1,UT
Utah Tech,Health Care,2010,Pacific,5,0,8,UT
Utah Tech,Health Care,2010,Pacific,10,0,10,UT
Utah Tech,Health Care,2010,South Atlantic,1,0,5,UT
Utah Tech,Health Care,2010,South Atlantic,5,0,2,UT
Utah Tech,Health Care,2010,South Atlantic,10,0,7,UT
Utah Tech,Health Care,2010,West North Central,1,0,4,UT
Utah Tech,Health Care,2010,West North Central,5,0,2,UT
Utah Tech,Health Care,2010,West North Central,10,0,0,UT
Utah Tech,Health Care,2010,West South Central,1,0,1,UT
Utah Tech,Health Care,2010,West South Central,5,0,8,UT
Utah Tech,Health Care,2010,West South Central,10,0,10,UT
Utah Tech,Health Care,2013,East North Central,1,0,4,UT
Utah Tech,Health Care,2013,East North Central,5,0,10,UT
Utah Tech,Health Care,2013,East North Central,10,,,UT
Utah Tech,Health Care,2013,East South Central,1,0,2,UT
Utah Tech,Health Care,2013,East South Central,5,0,2,UT
Utah Tech,Health Care,2013,East South Central,10,,,UT
Utah Tech,Health Care,2013,Middle Atlantic,1,0,4,UT
Utah Tech,Health Care,2013,Middle Atlantic,5,0,5,UT
Utah Tech,Health Care,2013,Middle Atlantic,10,,,UT
Utah Tech,Health Care,2013,Mountain,1,213,236,UT
Utah Tech,Health Care,2013,Mountain,5,189,212,UT
Utah Tech,Health Care,2013,Mountain,10,,,UT
Utah Tech,Health Care,2013,New England,1,0,1,UT
Utah Tech,Health Care,2013,New England,5,0,6,UT
Utah Tech,Health Care,2013,New England,10,,,UT
Utah Tech,Health Care,2013,Pacific,1,0,14,UT
Utah Tech,Health Care,2013,Pacific,5,0,25,UT
Utah Tech,Health Care,2013,Pacific,10,,,UT
Utah Tech,Health Care,2013,South Atlantic,1,0,11,UT
Utah Tech,Health Care,2013,South Atlantic,5,0,10,UT
Utah Tech,Health Care,2013,South Atlantic,10,,,UT
Utah Tech,Health Care,2013,West North Central,1,0,1,UT
Utah Tech,Health Care,2013,West North Central,5,0,8,UT
Utah Tech,Health Care,2013,West North Central,10,,,UT
Utah Tech,Health Care,2013,West South Central,1,0,7,UT
Utah Tech,Health Care,2013,West South Central,5,0,8,UT
Utah Tech,Health Care,2013,West South Central,10,,,UT
Utah Tech,Health Care,2016,East North Central,1,0,7,UT
Utah Tech,Health Care,2016,East North Central,5,0,8,UT
Utah Tech,Health Care,2016,East North Central,10,,,UT
Utah Tech,Health Care,2016,East South Central,1,0,6,UT
Utah Tech,Health Care,2016,East South Central,5,0,5,UT
Utah Tech,Health Care,2016,East South Central,10,,,UT
Utah Tech,Health Care,2016,Middle Atlantic,1,0,6,UT
Utah Tech,Health Care,2016,Middle Atlantic,5,0,7,UT
Utah Tech,Health Care,2016,Middle Atlantic,10,,,UT
Utah Tech,Health Care,2016,Mountain,1,371,411,UT
Utah Tech,Health Care,2016,Mountain,5,296,350,UT
Utah Tech,Health Care,2016,Mountain,10,,,UT
Utah Tech,Health Care,2016,New England,1,0,3,UT
Utah Tech,Health Care,2016,New England,5,0,3,UT
Utah Tech,Health Care,2016,New England,10,,,UT
Utah Tech,Health Care,2016,Pacific,1,0,22,UT
Utah Tech,Health Care,2016,Pacific,5,0,31,UT
Utah Tech,Health Care,2016,Pacific,10,,,UT
Utah Tech,Health Care,2016,South Atlantic,1,0,7,UT
Utah Tech,Health Care,2016,South Atlantic,5,0,13,UT
Utah Tech,Health Care,2016,South Atlantic,10,,,UT
Utah Tech,Health Care,2016,West North Central,1,0,8,UT
Utah Tech,Health Care,2016,West North Central,5,0,7,UT
Utah Tech,Health Care,2016,West North Central,10,,,UT
Utah Tech,Health Care,2016,West South Central,1,0,4,UT
Utah Tech,Health Care,2016,West South Central,5,0,8,UT
Utah Tech,Health Care,2016,West South Central,10,,,UT
Utah Tech,Health Care,2019,East North Central,1,0,13,UT
Utah Tech,Health Care,2019,East North Central,5,,,UT
Utah Tech,Health Care,2019,East North Central,10,,,UT
Utah Tech,Health Care,2019,East South Central,1,0,10,UT
Utah Tech,Health Care,2019,East South Central,5,,,UT
Utah Tech,Health Care,2019,East South Central,10,,,UT
Utah Tech,Health Care,2019,Middle Atlantic,1,0,7,UT
Utah Tech,Health Care,2019,Middle Atlantic,5,,,UT
Utah Tech,Health Care,2019,Middle Atlantic,10,,,UT
Utah Tech,Health Care,2019,Mountain,1,791,850,UT
Utah Tech,Health Care,2019,Mountain,5,,,UT
Utah Tech,Health Care,2019,Mountain,10,,,UT
Utah Tech,Health Care,2019,New England,1,0,3,UT
Utah Tech,Health Care,2019,New England,5,,,UT
Utah Tech,Health Care,2019,New England,10,,,UT
Utah Tech,Health Care,2019,Pacific,1,0,33,UT
Utah Tech,Health Care,2019,Pacific,5,,,UT
Utah Tech,Health Care,2019,Pacific,10,,,UT
Utah Tech,Health Care,2019,South Atlantic,1,0,20,UT
Utah Tech,Health Care,2019,South Atlantic,5,,,UT
Utah Tech,Health Care,2019,South Atlantic,10,,,UT
Utah Tech,Health Care,2019,West North Central,1,0,6,UT
Utah Tech,Health Care,2019,West North Central,5,,,UT
Utah Tech,Health Care,2019,West North Central,10,,,UT
Utah Tech,Health Care,2019,West South Central,1,0,25,UT
Utah Tech,Health Care,2019,West South Central,5,,,UT
Utah Tech,Health Care,2019,West South Central,10,,,UT
Utah Tech,Information,2010,East North Central,1,0,0,UT
Utah Tech,Information,2010,East North Central,5,0,0,UT
Utah Tech,Information,2010,East North Central,10,0,0,UT
Utah Tech,Information,2010,East South Central,1,0,0,UT
Utah Tech,Information,2010,East South Central,5,0,0,UT
Utah Tech,Information,2010,East South Central,10,0,0,UT
Utah Tech,Information,2010,Middle Atlantic,1,0,2,UT
Utah Tech,Information,2010,Middle Atlantic,5,0,1,UT
Utah Tech,Information,2010,Middle Atlantic,10,0,0,UT
Utah Tech,Information,2010,Mountain,1,19,19,UT
Utah Tech,Information,2010,Mountain,5,27,27,UT
Utah Tech,Information,2010,Mountain,10,23,23,UT
Utah Tech,Information,2010,New England,1,0,0,UT
Utah Tech,Information,2010,New England,5,0,0,UT
Utah Tech,Information,2010,New England,10,0,0,UT
Utah Tech,Information,2010,Pacific,1,0,1,UT
Utah Tech,Information,2010,Pacific,5,0,3,UT
Utah Tech,Information,2010,Pacific,10,0,7,UT
Utah Tech,Information,2010,South Atlantic,1,0,2,UT
Utah Tech,Information,2010,South Atlantic,5,0,1,UT
Utah Tech,Information,2010,South Atlantic,10,0,1,UT
Utah Tech,Information,2010,West North Central,1,0,0,UT
Utah Tech,Information,2010,West North Central,5,0,0,UT
Utah Tech,Information,2010,West North Central,10,0,0,UT
Utah Tech,Information,2010,West South Central,1,0,1,UT
Utah Tech,Information,2010,West South Central,5,0,0,UT
Utah Tech,Information,2010,West South Central,10,0,0,UT
Utah Tech,Information,2013,East North Central,1,0,0,UT
Utah Tech,Information,2013,East North Central,5,0,2,UT
Utah Tech,Information,2013,East North Central,10,,,UT
Utah Tech,Information,2013,East South Central,1,0,0,UT
Utah Tech,Information,2013,East South Central,5,0,0,UT
Utah Tech,Information,2013,East South Central,10,,,UT
Utah Tech,Information,2013,Middle Atlantic,1,0,0,UT
Utah Tech,Information,2013,Middle Atlantic,5,0,0,UT
Utah Tech,Information,2013,Middle Atlantic,10,,,UT
Utah Tech,Information,2013,Mountain,1,40,44,UT
Utah Tech,Information,2013,Mountain,5,35,38,UT
Utah Tech,Information,2013,Mountain,10,,,UT
Utah Tech,Information,2013,New England,1,0,0,UT
Utah Tech,Information,2013,New England,5,0,0,UT
Utah Tech,Information,2013,New England,10,,,UT
Utah Tech,Information,2013,Pacific,1,0,2,UT
Utah Tech,Information,2013,Pacific,5,0,3,UT
Utah Tech,Information,2013,Pacific,10,,,UT
Utah Tech,Information,2013,South Atlantic,1,0,0,UT
Utah Tech,Information,2013,South Atlantic,5,0,2,UT
Utah Tech,Information,2013,South Atlantic,10,,,UT
Utah Tech,Information,2013,West North Central,1,0,0,UT
Utah Tech,Information,2013,West North Central,5,0,0,UT
Utah Tech,Information,2013,West North Central,10,,,UT
Utah Tech,Information,2013,West South Central,1,0,0,UT
Utah Tech,Information,2013,West South Central,5,0,1,UT
Utah Tech,Information,2013,West South Central,10,,,UT
Utah Tech,Information,2016,East North Central,1,0,0,UT
Utah Tech,Information,2016,East North Central,5,0,0,UT
Utah Tech,Information,2016,East North Central,10,,,UT
Utah Tech,Information,2016,East South Central,1,0,0,UT
Utah Tech,Information,2016,East South Central,5,0,0,UT
Utah Tech,Information,2016,East South Central,10,,,UT
Utah Tech,Information,2016,Middle Atlantic,1,0,2,UT
Utah Tech,Information,2016,Middle Atlantic,5,0,2,UT
Utah Tech,Information,2016,Middle Atlantic,10,,,UT
Utah Tech,Information,2016,Mountain,1,43,46,UT
Utah Tech,Information,2016,Mountain,5,45,46,UT
Utah Tech,Information,2016,Mountain,10,,,UT
Utah Tech,Information,2016,New England,1,0,0,UT
Utah Tech,Information,2016,New England,5,0,0,UT
Utah Tech,Information,2016,New England,10,,,UT
Utah Tech,Information,2016,Pacific,1,0,7,UT
Utah Tech,Information,2016,Pacific,5,0,0,UT
Utah Tech,Information,2016,Pacific,10,,,UT
Utah Tech,Information,2016,South Atlantic,1,0,2,UT
Utah Tech,Information,2016,South Atlantic,5,0,0,UT
Utah Tech,Information,2016,South Atlantic,10,,,UT
Utah Tech,Information,2016,West North Central,1,0,1,UT
Utah Tech,Information,2016,West North Central,5,0,0,UT
Utah Tech,Information,2016,West North Central,10,,,UT
Utah Tech,Information,2016,West South Central,1,0,8,UT
Utah Tech,Information,2016,West South Central,5,0,1,UT
Utah Tech,Information,2016,West South Central,10,,,UT
Utah Tech,Information,2019,East North Central,1,0,0,UT
Utah Tech,Information,2019,East North Central,5,,,UT
Utah Tech,Information,2019,East North Central,10,,,UT
Utah Tech,Information,2019,East South Central,1,0,0,UT
Utah Tech,Information,2019,East South Central,5,,,UT
Utah Tech,Information,2019,East South Central,10,,,UT
Utah Tech,Information,2019,Middle Atlantic,1,0,0,UT
Utah Tech,Information,2019,Middle Atlantic,5,,,UT
Utah Tech,Information,2019,Middle Atlantic,10,,,UT
Utah Tech,Information,2019,Mountain,1,43,44,UT
Utah Tech,Information,2019,Mountain,5,,,UT
Utah Tech,Information,2019,Mountain,10,,,UT
Utah Tech,Information,2019,New England,1,0,0,UT
Utah Tech,Information,2019,New England,5,,,UT
Utah Tech,Information,2019,New England,10,,,UT
Utah Tech,Information,2019,Pacific,1,0,4,UT
Utah Tech,Information,2019,Pacific,5,,,UT
Utah Tech,Information,2019,Pacific,10,,,UT
Utah Tech,Information,2019,South Atlantic,1,0,1,UT
Utah Tech,Information,2019,South Atlantic,5,,,UT
Utah Tech,Information,2019,South Atlantic,10,,,UT
Utah Tech,Information,2019,West North Central,1,0,0,UT
Utah Tech,Information,2019,West North Central,5,,,UT
Utah Tech,Information,2019,West North Central,10,,,UT
Utah Tech,Information,2019,West South Central,1,0,1,UT
Utah Tech,Information,2019,West South Central,5,,,UT
Utah Tech,Information,2019,West South Central,10,,,UT
Utah Tech,Management,2010,East North Central,1,0,0,UT
Utah Tech,Management,2010,East North Central,5,0,0,UT
Utah Tech,Management,2010,East North Central,10,0,0,UT
Utah Tech,Management,2010,East South Central,1,0,0,UT
Utah Tech,Management,2010,East South Central,5,0,0,UT
Utah Tech,Management,2010,East South Central,10,0,0,UT
Utah Tech,Management,2010,Middle Atlantic,1,0,0,UT
Utah Tech,Management,2010,Middle Atlantic,5,0,0,UT
Utah Tech,Management,2010,Middle Atlantic,10,0,0,UT
Utah Tech,Management,2010,Mountain,1,1,1,UT
Utah Tech,Management,2010,Mountain,5,2,2,UT
Utah Tech,Management,2010,Mountain,10,6,6,UT
Utah Tech,Management,2010,New England,1,0,0,UT
Utah Tech,Management,2010,New England,5,0,0,UT
Utah Tech,Management,2010,New England,10,0,0,UT
Utah Tech,Management,2010,Pacific,1,0,1,UT
Utah Tech,Management,2010,Pacific,5,0,0,UT
Utah Tech,Management,2010,Pacific,10,0,0,UT
Utah Tech,Management,2010,South Atlantic,1,0,0,UT
Utah Tech,Management,2010,South Atlantic,5,0,0,UT
Utah Tech,Management,2010,South Atlantic,10,0,0,UT
Utah Tech,Management,2010,West North Central,1,0,0,UT
Utah Tech,Management,2010,West North Central,5,0,0,UT
Utah Tech,Management,2010,West North Central,10,0,0,UT
Utah Tech,Management,2010,West South Central,1,0,0,UT
Utah Tech,Management,2010,West South Central,5,0,3,UT
Utah Tech,Management,2010,West South Central,10,0,1,UT
Utah Tech,Management,2013,East North Central,1,0,0,UT
Utah Tech,Management,2013,East North Central,5,0,0,UT
Utah Tech,Management,2013,East North Central,10,,,UT
Utah Tech,Management,2013,East South Central,1,0,0,UT
Utah Tech,Management,2013,East South Central,5,0,0,UT
Utah Tech,Management,2013,East South Central,10,,,UT
Utah Tech,Management,2013,Middle Atlantic,1,0,0,UT
Utah Tech,Management,2013,Middle Atlantic,5,0,0,UT
Utah Tech,Management,2013,Middle Atlantic,10,,,UT
Utah Tech,Management,2013,Mountain,1,8,8,UT
Utah Tech,Management,2013,Mountain,5,5,5,UT
Utah Tech,Management,2013,Mountain,10,,,UT
Utah Tech,Management,2013,New England,1,0,0,UT
Utah Tech,Management,2013,New England,5,0,0,UT
Utah Tech,Management,2013,New England,10,,,UT
Utah Tech,Management,2013,Pacific,1,0,0,UT
Utah Tech,Management,2013,Pacific,5,0,0,UT
Utah Tech,Management,2013,Pacific,10,,,UT
Utah Tech,Management,2013,South Atlantic,1,0,0,UT
Utah Tech,Management,2013,South Atlantic,5,0,2,UT
Utah Tech,Management,2013,South Atlantic,10,,,UT
Utah Tech,Management,2013,West North Central,1,0,0,UT
Utah Tech,Management,2013,West North Central,5,0,0,UT
Utah Tech,Management,2013,West North Central,10,,,UT
Utah Tech,Management,2013,West South Central,1,0,0,UT
Utah Tech,Management,2013,West South Central,5,0,0,UT
Utah Tech,Management,2013,West South Central,10,,,UT
Utah Tech,Management,2016,East North Central,1,0,0,UT
Utah Tech,Management,2016,East North Central,5,0,0,UT
Utah Tech,Management,2016,East North Central,10,,,UT
Utah Tech,Management,2016,East South Central,1,0,0,UT
Utah Tech,Management,2016,East South Central,5,0,0,UT
Utah Tech,Management,2016,East South Central,10,,,UT
Utah Tech,Management,2016,Middle Atlantic,1,0,3,UT
Utah Tech,Management,2016,Middle Atlantic,5,0,0,UT
Utah Tech,Management,2016,Middle Atlantic,10,,,UT
Utah Tech,Management,2016,Mountain,1,13,15,UT
Utah Tech,Management,2016,Mountain,5,9,9,UT
Utah Tech,Management,2016,Mountain,10,,,UT
Utah Tech,Management,2016,New England,1,0,0,UT
Utah Tech,Management,2016,New England,5,0,0,UT
Utah Tech,Management,2016,New England,10,,,UT
Utah Tech,Management,2016,Pacific,1,0,1,UT
Utah Tech,Management,2016,Pacific,5,0,0,UT
Utah Tech,Management,2016,Pacific,10,,,UT
Utah Tech,Management,2016,South Atlantic,1,0,0,UT
Utah Tech,Management,2016,South Atlantic,5,0,0,UT
Utah Tech,Management,2016,South Atlantic,10,,,UT
Utah Tech,Management,2016,West North Central,1,0,0,UT
Utah Tech,Management,2016,West North Central,5,0,0,UT
Utah Tech,Management,2016,West North Central,10,,,UT
Utah Tech,Management,2016,West South Central,1,0,0,UT
Utah Tech,Management,2016,West South Central,5,0,0,UT
Utah Tech,Management,2016,West South Central,10,,,UT
Utah Tech,Management,2019,East North Central,1,0,2,UT
Utah Tech,Management,2019,East North Central,5,,,UT
Utah Tech,Management,2019,East North Central,10,,,UT
Utah Tech,Management,2019,East South Central,1,0,0,UT
Utah Tech,Management,2019,East South Central,5,,,UT
Utah Tech,Management,2019,East South Central,10,,,UT
Utah Tech,Management,2019,Middle Atlantic,1,0,3,UT
Utah Tech,Management,2019,Middle Atlantic,5,,,UT
Utah Tech,Management,2019,Middle Atlantic,10,,,UT
Utah Tech,Management,2019,Mountain,1,14,14,UT
Utah Tech,Management,2019,Mountain,5,,,UT
Utah Tech,Management,2019,Mountain,10,,,UT
Utah Tech,Management,2019,New England,1,0,0,UT
Utah Tech,Management,2019,New England,5,,,UT
Utah Tech,Management,2019,New England,10,,,UT
Utah Tech,Management,2019,Pacific,1,0,2,UT
Utah Tech,Management,2019,Pacific,5,,,UT
Utah Tech,Management,2019,Pacific,10,,,UT
Utah Tech,Management,2019,South Atlantic,1,0,1,UT
Utah Tech,Management,2019,South Atlantic,5,,,UT
Utah Tech,Management,2019,South Atlantic,10,,,UT
Utah Tech,Management,2019,West North Central,1,0,0,UT
Utah Tech,Management,2019,West North Central,5,,,UT
Utah Tech,Management,2019,West North Central,10,,,UT
Utah Tech,Management,2019,West South Central,1,0,0,UT
Utah Tech,Management,2019,West South Central,5,,,UT
Utah Tech,Management,2019,West South Central,10,,,UT
Utah Tech,Manufacturing,2010,East North Central,1,0,7,UT
Utah Tech,Manufacturing,2010,East North Central,5,0,1,UT
Utah Tech,Manufacturing,2010,East North Central,10,0,4,UT
Utah Tech,Manufacturing,2010,East South Central,1,0,2,UT
Utah Tech,Manufacturing,2010,East South Central,5,0,0,UT
Utah Tech,Manufacturing,2010,East South Central,10,0,1,UT
Utah Tech,Manufacturing,2010,Middle Atlantic,1,0,0,UT
Utah Tech,Manufacturing,2010,Middle Atlantic,5,0,1,UT
Utah Tech,Manufacturing,2010,Middle Atlantic,10,0,8,UT
Utah Tech,Manufacturing,2010,Mountain,1,20,25,UT
Utah Tech,Manufacturing,2010,Mountain,5,22,25,UT
Utah Tech,Manufacturing,2010,Mountain,10,18,21,UT
Utah Tech,Manufacturing,2010,New England,1,0,0,UT
Utah Tech,Manufacturing,2010,New England,5,0,0,UT
Utah Tech,Manufacturing,2010,New England,10,0,0,UT
Utah Tech,Manufacturing,2010,Pacific,1,0,2,UT
Utah Tech,Manufacturing,2010,Pacific,5,0,3,UT
Utah Tech,Manufacturing,2010,Pacific,10,0,1,UT
Utah Tech,Manufacturing,2010,South Atlantic,1,0,1,UT
Utah Tech,Manufacturing,2010,South Atlantic,5,0,0,UT
Utah Tech,Manufacturing,2010,South Atlantic,10,0,0,UT
Utah Tech,Manufacturing,2010,West North Central,1,0,1,UT
Utah Tech,Manufacturing,2010,West North Central,5,0,0,UT
Utah Tech,Manufacturing,2010,West North Central,10,0,5,UT
Utah Tech,Manufacturing,2010,West South Central,1,0,1,UT
Utah Tech,Manufacturing,2010,West South Central,5,0,6,UT
Utah Tech,Manufacturing,2010,West South Central,10,0,2,UT
Utah Tech,Manufacturing,2013,East North Central,1,0,3,UT
Utah Tech,Manufacturing,2013,East North Central,5,0,4,UT
Utah Tech,Manufacturing,2013,East North Central,10,,,UT
Utah Tech,Manufacturing,2013,East South Central,1,0,0,UT
Utah Tech,Manufacturing,2013,East South Central,5,0,0,UT
Utah Tech,Manufacturing,2013,East South Central,10,,,UT
Utah Tech,Manufacturing,2013,Middle Atlantic,1,0,2,UT
Utah Tech,Manufacturing,2013,Middle Atlantic,5,0,1,UT
Utah Tech,Manufacturing,2013,Middle Atlantic,10,,,UT
Utah Tech,Manufacturing,2013,Mountain,1,33,45,UT
Utah Tech,Manufacturing,2013,Mountain,5,25,31,UT
Utah Tech,Manufacturing,2013,Mountain,10,,,UT
Utah Tech,Manufacturing,2013,New England,1,0,1,UT
Utah Tech,Manufacturing,2013,New England,5,0,0,UT
Utah Tech,Manufacturing,2013,New England,10,,,UT
Utah Tech,Manufacturing,2013,Pacific,1,0,5,UT
Utah Tech,Manufacturing,2013,Pacific,5,0,7,UT
Utah Tech,Manufacturing,2013,Pacific,10,,,UT
Utah Tech,Manufacturing,2013,South Atlantic,1,0,0,UT
Utah Tech,Manufacturing,2013,South Atlantic,5,0,2,UT
Utah Tech,Manufacturing,2013,South Atlantic,10,,,UT
Utah Tech,Manufacturing,2013,West North Central,1,0,1,UT
Utah Tech,Manufacturing,2013,West North Central,5,0,1,UT
Utah Tech,Manufacturing,2013,West North Central,10,,,UT
Utah Tech,Manufacturing,2013,West South Central,1,0,5,UT
Utah Tech,Manufacturing,2013,West South Central,5,0,4,UT
Utah Tech,Manufacturing,2013,West South Central,10,,,UT
Utah Tech,Manufacturing,2016,East North Central,1,0,9,UT
Utah Tech,Manufacturing,2016,East North Central,5,0,4,UT
Utah Tech,Manufacturing,2016,East North Central,10,,,UT
Utah Tech,Manufacturing,2016,East South Central,1,0,1,UT
Utah Tech,Manufacturing,2016,East South Central,5,0,0,UT
Utah Tech,Manufacturing,2016,East South Central,10,,,UT
Utah Tech,Manufacturing,2016,Middle Atlantic,1,0,6,UT
Utah Tech,Manufacturing,2016,Middle Atlantic,5,0,2,UT
Utah Tech,Manufacturing,2016,Middle Atlantic,10,,,UT
Utah Tech,Manufacturing,2016,Mountain,1,32,39,UT
Utah Tech,Manufacturing,2016,Mountain,5,32,34,UT
Utah Tech,Manufacturing,2016,Mountain,10,,,UT
Utah Tech,Manufacturing,2016,New England,1,0,1,UT
Utah Tech,Manufacturing,2016,New England,5,0,0,UT
Utah Tech,Manufacturing,2016,New England,10,,,UT
Utah Tech,Manufacturing,2016,Pacific,1,0,7,UT
Utah Tech,Manufacturing,2016,Pacific,5,0,2,UT
Utah Tech,Manufacturing,2016,Pacific,10,,,UT
Utah Tech,Manufacturing,2016,South Atlantic,1,0,5,UT
Utah Tech,Manufacturing,2016,South Atlantic,5,0,2,UT
Utah Tech,Manufacturing,2016,South Atlantic,10,,,UT
Utah Tech,Manufacturing,2016,West North Central,1,0,5,UT
Utah Tech,Manufacturing,2016,West North Central,5,0,1,UT
Utah Tech,Manufacturing,2016,West North Central,10,,,UT
Utah Tech,Manufacturing,2016,West South Central,1,0,4,UT
Utah Tech,Manufacturing,2016,West South Central,5,0,1,UT
Utah Tech,Manufacturing,2016,West South Central,10,,,UT
Utah Tech,Manufacturing,2019,East North Central,1,0,2,UT
Utah Tech,Manufacturing,2019,East North Central,5,,,UT
Utah Tech,Manufacturing,2019,East North Central,10,,,UT
Utah Tech,Manufacturing,2019,East South Central,1,0,2,UT
Utah Tech,Manufacturing,2019,East South Central,5,,,UT
Utah Tech,Manufacturing,2019,East South Central,10,,,UT
Utah Tech,Manufacturing,2019,Middle Atlantic,1,0,3,UT
Utah Tech,Manufacturing,2019,Middle Atlantic,5,,,UT
Utah Tech,Manufacturing,2019,Middle Atlantic,10,,,UT
Utah Tech,Manufacturing,2019,Mountain,1,48,54,UT
Utah Tech,Manufacturing,2019,Mountain,5,,,UT
Utah Tech,Manufacturing,2019,Mountain,10,,,UT
Utah Tech,Manufacturing,2019,New England,1,0,2,UT
Utah Tech,Manufacturing,2019,New England,5,,,UT
Utah Tech,Manufacturing,2019,New England,10,,,UT
Utah Tech,Manufacturing,2019,Pacific,1,0,8,UT
Utah Tech,Manufacturing,2019,Pacific,5,,,UT
Utah Tech,Manufacturing,2019,Pacific,10,,,UT
Utah Tech,Manufacturing,2019,South Atlantic,1,0,3,UT
Utah Tech,Manufacturing,2019,South Atlantic,5,,,UT
Utah Tech,Manufacturing,2019,South Atlantic,10,,,UT
Utah Tech,Manufacturing,2019,West North Central,1,0,6,UT
Utah Tech,Manufacturing,2019,West North Central,5,,,UT
Utah Tech,Manufacturing,2019,West North Central,10,,,UT
Utah Tech,Manufacturing,2019,West South Central,1,0,4,UT
Utah Tech,Manufacturing,2019,West South Central,5,,,UT
Utah Tech,Manufacturing,2019,West South Central,10,,,UT
Utah Tech,Mining,2010,East North Central,1,0,0,UT
Utah Tech,Mining,2010,East North Central,5,0,0,UT
Utah Tech,Mining,2010,East North Central,10,0,0,UT
Utah Tech,Mining,2010,East South Central,1,0,0,UT
Utah Tech,Mining,2010,East South Central,5,0,0,UT
Utah Tech,Mining,2010,East South Central,10,0,0,UT
Utah Tech,Mining,2010,Middle Atlantic,1,0,0,UT
Utah Tech,Mining,2010,Middle Atlantic,5,0,0,UT
Utah Tech,Mining,2010,Middle Atlantic,10,0,0,UT
Utah Tech,Mining,2010,Mountain,1,0,0,UT
Utah Tech,Mining,2010,Mountain,5,1,1,UT
Utah Tech,Mining,2010,Mountain,10,0,0,UT
Utah Tech,Mining,2010,New England,1,0,0,UT
Utah Tech,Mining,2010,New England,5,0,0,UT
Utah Tech,Mining,2010,New England,10,0,0,UT
Utah Tech,Mining,2010,Pacific,1,0,0,UT
Utah Tech,Mining,2010,Pacific,5,0,0,UT
Utah Tech,Mining,2010,Pacific,10,0,0,UT
Utah Tech,Mining,2010,South Atlantic,1,0,0,UT
Utah Tech,Mining,2010,South Atlantic,5,0,0,UT
Utah Tech,Mining,2010,South Atlantic,10,0,0,UT
Utah Tech,Mining,2010,West North Central,1,0,0,UT
Utah Tech,Mining,2010,West North Central,5,0,0,UT
Utah Tech,Mining,2010,West North Central,10,0,0,UT
Utah Tech,Mining,2010,West South Central,1,0,0,UT
Utah Tech,Mining,2010,West South Central,5,0,1,UT
Utah Tech,Mining,2010,West South Central,10,0,2,UT
Utah Tech,Mining,2013,East North Central,1,0,0,UT
Utah Tech,Mining,2013,East North Central,5,0,0,UT
Utah Tech,Mining,2013,East North Central,10,,,UT
Utah Tech,Mining,2013,East South Central,1,0,0,UT
Utah Tech,Mining,2013,East South Central,5,0,0,UT
Utah Tech,Mining,2013,East South Central,10,,,UT
Utah Tech,Mining,2013,Middle Atlantic,1,0,0,UT
Utah Tech,Mining,2013,Middle Atlantic,5,0,0,UT
Utah Tech,Mining,2013,Middle Atlantic,10,,,UT
Utah Tech,Mining,2013,Mountain,1,1,1,UT
Utah Tech,Mining,2013,Mountain,5,0,0,UT
Utah Tech,Mining,2013,Mountain,10,,,UT
Utah Tech,Mining,2013,New England,1,0,0,UT
Utah Tech,Mining,2013,New England,5,0,0,UT
Utah Tech,Mining,2013,New England,10,,,UT
Utah Tech,Mining,2013,Pacific,1,0,0,UT
Utah Tech,Mining,2013,Pacific,5,0,0,UT
Utah Tech,Mining,2013,Pacific,10,,,UT
Utah Tech,Mining,2013,South Atlantic,1,0,0,UT
Utah Tech,Mining,2013,South Atlantic,5,0,0,UT
Utah Tech,Mining,2013,South Atlantic,10,,,UT
Utah Tech,Mining,2013,West North Central,1,0,0,UT
Utah Tech,Mining,2013,West North Central,5,0,0,UT
Utah Tech,Mining,2013,West North Central,10,,,UT
Utah Tech,Mining,2013,West South Central,1,0,0,UT
Utah Tech,Mining,2013,West South Central,5,0,0,UT
Utah Tech,Mining,2013,West South Central,10,,,UT
Utah Tech,Mining,2016,East North Central,1,0,0,UT
Utah Tech,Mining,2016,East North Central,5,0,0,UT
Utah Tech,Mining,2016,East North Central,10,,,UT
Utah Tech,Mining,2016,East South Central,1,0,0,UT
Utah Tech,Mining,2016,East South Central,5,0,0,UT
Utah Tech,Mining,2016,East South Central,10,,,UT
Utah Tech,Mining,2016,Middle Atlantic,1,0,0,UT
Utah Tech,Mining,2016,Middle Atlantic,5,0,0,UT
Utah Tech,Mining,2016,Middle Atlantic,10,,,UT
Utah Tech,Mining,2016,Mountain,1,1,3,UT
Utah Tech,Mining,2016,Mountain,5,0,0,UT
Utah Tech,Mining,2016,Mountain,10,,,UT
Utah Tech,Mining,2016,New England,1,0,0,UT
Utah Tech,Mining,2016,New England,5,0,0,UT
Utah Tech,Mining,2016,New England,10,,,UT
Utah Tech,Mining,2016,Pacific,1,0,0,UT
Utah Tech,Mining,2016,Pacific,5,0,1,UT
Utah Tech,Mining,2016,Pacific,10,,,UT
Utah Tech,Mining,2016,South Atlantic,1,0,0,UT
Utah Tech,Mining,2016,South Atlantic,5,0,0,UT
Utah Tech,Mining,2016,South Atlantic,10,,,UT
Utah Tech,Mining,2016,West North Central,1,0,0,UT
Utah Tech,Mining,2016,West North Central,5,0,0,UT
Utah Tech,Mining,2016,West North Central,10,,,UT
Utah Tech,Mining,2016,West South Central,1,0,0,UT
Utah Tech,Mining,2016,West South Central,5,0,0,UT
Utah Tech,Mining,2016,West South Central,10,,,UT
Utah Tech,Mining,2019,East North Central,1,0,0,UT
Utah Tech,Mining,2019,East North Central,5,,,UT
Utah Tech,Mining,2019,East North Central,10,,,UT
Utah Tech,Mining,2019,East South Central,1,0,0,UT
Utah Tech,Mining,2019,East South Central,5,,,UT
Utah Tech,Mining,2019,East South Central,10,,,UT
Utah Tech,Mining,2019,Middle Atlantic,1,0,0,UT
Utah Tech,Mining,2019,Middle Atlantic,5,,,UT
Utah Tech,Mining,2019,Middle Atlantic,10,,,UT
Utah Tech,Mining,2019,Mountain,1,0,0,UT
Utah Tech,Mining,2019,Mountain,5,,,UT
Utah Tech,Mining,2019,Mountain,10,,,UT
Utah Tech,Mining,2019,New England,1,0,0,UT
Utah Tech,Mining,2019,New England,5,,,UT
Utah Tech,Mining,2019,New England,10,,,UT
Utah Tech,Mining,2019,Pacific,1,0,0,UT
Utah Tech,Mining,2019,Pacific,5,,,UT
Utah Tech,Mining,2019,Pacific,10,,,UT
Utah Tech,Mining,2019,South Atlantic,1,0,0,UT
Utah Tech,Mining,2019,South Atlantic,5,,,UT
Utah Tech,Mining,2019,South Atlantic,10,,,UT
Utah Tech,Mining,2019,West North Central,1,0,0,UT
Utah Tech,Mining,2019,West North Central,5,,,UT
Utah Tech,Mining,2019,West North Central,10,,,UT
Utah Tech,Mining,2019,West South Central,1,0,0,UT
Utah Tech,Mining,2019,West South Central,5,,,UT
Utah Tech,Mining,2019,West South Central,10,,,UT
Utah Tech,Other Services,2010,East North Central,1,0,0,UT
Utah Tech,Other Services,2010,East North Central,5,0,0,UT
Utah Tech,Other Services,2010,East North Central,10,0,0,UT
Utah Tech,Other Services,2010,East South Central,1,0,0,UT
Utah Tech,Other Services,2010,East South Central,5,0,0,UT
Utah Tech,Other Services,2010,East South Central,10,0,0,UT
Utah Tech,Other Services,2010,Middle Atlantic,1,0,0,UT
Utah Tech,Other Services,2010,Middle Atlantic,5,0,0,UT
Utah Tech,Other Services,2010,Middle Atlantic,10,0,0,UT
Utah Tech,Other Services,2010,Mountain,1,2,5,UT
Utah Tech,Other Services,2010,Mountain,5,6,7,UT
Utah Tech,Other Services,2010,Mountain,10,5,5,UT
Utah Tech,Other Services,2010,New England,1,0,0,UT
Utah Tech,Other Services,2010,New England,5,0,0,UT
Utah Tech,Other Services,2010,New England,10,0,0,UT
Utah Tech,Other Services,2010,Pacific,1,0,2,UT
Utah Tech,Other Services,2010,Pacific,5,0,2,UT
Utah Tech,Other Services,2010,Pacific,10,0,0,UT
Utah Tech,Other Services,2010,South Atlantic,1,0,2,UT
Utah Tech,Other Services,2010,South Atlantic,5,0,0,UT
Utah Tech,Other Services,2010,South Atlantic,10,0,0,UT
Utah Tech,Other Services,2010,West North Central,1,0,0,UT
Utah Tech,Other Services,2010,West North Central,5,0,0,UT
Utah Tech,Other Services,2010,West North Central,10,0,0,UT
Utah Tech,Other Services,2010,West South Central,1,0,0,UT
Utah Tech,Other Services,2010,West South Central,5,0,0,UT
Utah Tech,Other Services,2010,West South Central,10,0,1,UT
Utah Tech,Other Services,2013,East North Central,1,0,0,UT
Utah Tech,Other Services,2013,East North Central,5,0,0,UT
Utah Tech,Other Services,2013,East North Central,10,,,UT
Utah Tech,Other Services,2013,East South Central,1,0,0,UT
Utah Tech,Other Services,2013,East South Central,5,0,0,UT
Utah Tech,Other Services,2013,East South Central,10,,,UT
Utah Tech,Other Services,2013,Middle Atlantic,1,0,0,UT
Utah Tech,Other Services,2013,Middle Atlantic,5,0,0,UT
Utah Tech,Other Services,2013,Middle Atlantic,10,,,UT
Utah Tech,Other Services,2013,Mountain,1,5,5,UT
Utah Tech,Other Services,2013,Mountain,5,12,14,UT
Utah Tech,Other Services,2013,Mountain,10,,,UT
Utah Tech,Other Services,2013,New England,1,0,0,UT
Utah Tech,Other Services,2013,New England,5,0,0,UT
Utah Tech,Other Services,2013,New England,10,,,UT
Utah Tech,Other Services,2013,Pacific,1,0,2,UT
Utah Tech,Other Services,2013,Pacific,5,0,1,UT
Utah Tech,Other Services,2013,Pacific,10,,,UT
Utah Tech,Other Services,2013,South Atlantic,1,0,0,UT
Utah Tech,Other Services,2013,South Atlantic,5,0,1,UT
Utah Tech,Other Services,2013,South Atlantic,10,,,UT
Utah Tech,Other Services,2013,West North Central,1,0,0,UT
Utah Tech,Other Services,2013,West North Central,5,0,0,UT
Utah Tech,Other Services,2013,West North Central,10,,,UT
Utah Tech,Other Services,2013,West South Central,1,0,0,UT
Utah Tech,Other Services,2013,West South Central,5,0,2,UT
Utah Tech,Other Services,2013,West South Central,10,,,UT
Utah Tech,Other Services,2016,East North Central,1,0,0,UT
Utah Tech,Other Services,2016,East North Central,5,0,0,UT
Utah Tech,Other Services,2016,East North Central,10,,,UT
Utah Tech,Other Services,2016,East South Central,1,0,0,UT
Utah Tech,Other Services,2016,East South Central,5,0,0,UT
Utah Tech,Other Services,2016,East South Central,10,,,UT
Utah Tech,Other Services,2016,Middle Atlantic,1,0,0,UT
Utah Tech,Other Services,2016,Middle Atlantic,5,0,1,UT
Utah Tech,Other Services,2016,Middle Atlantic,10,,,UT
Utah Tech,Other Services,2016,Mountain,1,13,13,UT
Utah Tech,Other Services,2016,Mountain,5,11,11,UT
Utah Tech,Other Services,2016,Mountain,10,,,UT
Utah Tech,Other Services,2016,New England,1,0,0,UT
Utah Tech,Other Services,2016,New England,5,0,0,UT
Utah Tech,Other Services,2016,New England,10,,,UT
Utah Tech,Other Services,2016,Pacific,1,0,1,UT
Utah Tech,Other Services,2016,Pacific,5,0,2,UT
Utah Tech,Other Services,2016,Pacific,10,,,UT
Utah Tech,Other Services,2016,South Atlantic,1,0,1,UT
Utah Tech,Other Services,2016,South Atlantic,5,0,0,UT
Utah Tech,Other Services,2016,South Atlantic,10,,,UT
Utah Tech,Other Services,2016,West North Central,1,0,0,UT
Utah Tech,Other Services,2016,West North Central,5,0,0,UT
Utah Tech,Other Services,2016,West North Central,10,,,UT
Utah Tech,Other Services,2016,West South Central,1,0,1,UT
Utah Tech,Other Services,2016,West South Central,5,0,2,UT
Utah Tech,Other Services,2016,West South Central,10,,,UT
Utah Tech,Other Services,2019,East North Central,1,0,0,UT
Utah Tech,Other Services,2019,East North Central,5,,,UT
Utah Tech,Other Services,2019,East North Central,10,,,UT
Utah Tech,Other Services,2019,East South Central,1,0,1,UT
Utah Tech,Other Services,2019,East South Central,5,,,UT
Utah Tech,Other Services,2019,East South Central,10,,,UT
Utah Tech,Other Services,2019,Middle Atlantic,1,0,3,UT
Utah Tech,Other Services,2019,Middle Atlantic,5,,,UT
Utah Tech,Other Services,2019,Middle Atlantic,10,,,UT
Utah Tech,Other Services,2019,Mountain,1,20,21,UT
Utah Tech,Other Services,2019,Mountain,5,,,UT
Utah Tech,Other Services,2019,Mountain,10,,,UT
Utah Tech,Other Services,2019,New England,1,0,0,UT
Utah Tech,Other Services,2019,New England,5,,,UT
Utah Tech,Other Services,2019,New England,10,,,UT
Utah Tech,Other Services,2019,Pacific,1,0,3,UT
Utah Tech,Other Services,2019,Pacific,5,,,UT
Utah Tech,Other Services,2019,Pacific,10,,,UT
Utah Tech,Other Services,2019,South Atlantic,1,0,1,UT
Utah Tech,Other Services,2019,South Atlantic,5,,,UT
Utah Tech,Other Services,2019,South Atlantic,10,,,UT
Utah Tech,Other Services,2019,West North Central,1,0,2,UT
Utah Tech,Other Services,2019,West North Central,5,,,UT
Utah Tech,Other Services,2019,West North Central,10,,,UT
Utah Tech,Other Services,2019,West South Central,1,0,1,UT
Utah Tech,Other Services,2019,West South Central,5,,,UT
Utah Tech,Other Services,2019,West South Central,10,,,UT
Utah Tech,Professional Services,2010,East North Central,1,0,1,UT
Utah Tech,Professional Services,2010,East North Central,5,0,3,UT
Utah Tech,Professional Services,2010,East North Central,10,0,0,UT
Utah Tech,Professional Services,2010,East South Central,1,0,0,UT
Utah Tech,Professional Services,2010,East South Central,5,0,0,UT
Utah Tech,Professional Services,2010,East South Central,10,0,0,UT
Utah Tech,Professional Services,2010,Middle Atlantic,1,0,1,UT
Utah Tech,Professional Services,2010,Middle Atlantic,5,0,2,UT
Utah Tech,Professional Services,2010,Middle Atlantic,10,0,1,UT
Utah Tech,Professional Services,2010,Mountain,1,46,51,UT
Utah Tech,Professional Services,2010,Mountain,5,55,64,UT
Utah Tech,Professional Services,2010,Mountain,10,52,63,UT
Utah Tech,Professional Services,2010,New England,1,0,1,UT
Utah Tech,Professional Services,2010,New England,5,0,1,UT
Utah Tech,Professional Services,2010,New England,10,0,0,UT
Utah Tech,Professional Services,2010,Pacific,1,0,3,UT
Utah Tech,Professional Services,2010,Pacific,5,0,7,UT
Utah Tech,Professional Services,2010,Pacific,10,0,5,UT
Utah Tech,Professional Services,2010,South Atlantic,1,0,1,UT
Utah Tech,Professional Services,2010,South Atlantic,5,0,2,UT
Utah Tech,Professional Services,2010,South Atlantic,10,0,0,UT
Utah Tech,Professional Services,2010,West North Central,1,0,1,UT
Utah Tech,Professional Services,2010,West North Central,5,0,0,UT
Utah Tech,Professional Services,2010,West North Central,10,0,1,UT
Utah Tech,Professional Services,2010,West South Central,1,0,0,UT
Utah Tech,Professional Services,2010,West South Central,5,0,2,UT
Utah Tech,Professional Services,2010,West South Central,10,0,2,UT
Utah Tech,Professional Services,2013,East North Central,1,0,3,UT
Utah Tech,Professional Services,2013,East North Central,5,0,3,UT
Utah Tech,Professional Services,2013,East North Central,10,,,UT
Utah Tech,Professional Services,2013,East South Central,1,0,0,UT
Utah Tech,Professional Services,2013,East South Central,5,0,0,UT
Utah Tech,Professional Services,2013,East South Central,10,,,UT
Utah Tech,Professional Services,2013,Middle Atlantic,1,0,3,UT
Utah Tech,Professional Services,2013,Middle Atlantic,5,0,2,UT
Utah Tech,Professional Services,2013,Middle Atlantic,10,,,UT
Utah Tech,Professional Services,2013,Mountain,1,112,122,UT
Utah Tech,Professional Services,2013,Mountain,5,104,117,UT
Utah Tech,Professional Services,2013,Mountain,10,,,UT
Utah Tech,Professional Services,2013,New England,1,0,0,UT
Utah Tech,Professional Services,2013,New England,5,0,0,UT
Utah Tech,Professional Services,2013,New England,10,,,UT
Utah Tech,Professional Services,2013,Pacific,1,0,4,UT
Utah Tech,Professional Services,2013,Pacific,5,0,8,UT
Utah Tech,Professional Services,2013,Pacific,10,,,UT
Utah Tech,Professional Services,2013,South Atlantic,1,0,5,UT
Utah Tech,Professional Services,2013,South Atlantic,5,0,3,UT
Utah Tech,Professional Services,2013,South Atlantic,10,,,UT
Utah Tech,Professional Services,2013,West North Central,1,0,0,UT
Utah Tech,Professional Services,2013,West North Central,5,0,0,UT
Utah Tech,Professional Services,2013,West North Central,10,,,UT
Utah Tech,Professional Services,2013,West South Central,1,0,0,UT
Utah Tech,Professional Services,2013,West South Central,5,0,4,UT
Utah Tech,Professional Services,2013,West South Central,10,,,UT
Utah Tech,Professional Services,2016,East North Central,1,0,9,UT
Utah Tech,Professional Services,2016,East North Central,5,0,3,UT
Utah Tech,Professional Services,2016,East North Central,10,,,UT
Utah Tech,Professional Services,2016,East South Central,1,0,3,UT
Utah Tech,Professional Services,2016,East South Central,5,0,0,UT
Utah Tech,Professional Services,2016,East South Central,10,,,UT
Utah Tech,Professional Services,2016,Middle Atlantic,1,0,4,UT
Utah Tech,Professional Services,2016,Middle Atlantic,5,0,2,UT
Utah Tech,Professional Services,2016,Middle Atlantic,10,,,UT
Utah Tech,Professional Services,2016,Mountain,1,109,127,UT
Utah Tech,Professional Services,2016,Mountain,5,133,148,UT
Utah Tech,Professional Services,2016,Mountain,10,,,UT
Utah Tech,Professional Services,2016,New England,1,0,0,UT
Utah Tech,Professional Services,2016,New England,5,0,3,UT
Utah Tech,Professional Services,2016,New England,10,,,UT
Utah Tech,Professional Services,2016,Pacific,1,0,12,UT
Utah Tech,Professional Services,2016,Pacific,5,0,15,UT
Utah Tech,Professional Services,2016,Pacific,10,,,UT
Utah Tech,Professional Services,2016,South Atlantic,1,0,7,UT
Utah Tech,Professional Services,2016,South Atlantic,5,0,3,UT
Utah Tech,Professional Services,2016,South Atlantic,10,,,UT
Utah Tech,Professional Services,2016,West North Central,1,0,6,UT
Utah Tech,Professional Services,2016,West North Central,5,0,1,UT
Utah Tech,Professional Services,2016,West North Central,10,,,UT
Utah Tech,Professional Services,2016,West South Central,1,0,7,UT
Utah Tech,Professional Services,2016,West South Central,5,0,8,UT
Utah Tech,Professional Services,2016,West South Central,10,,,UT
Utah Tech,Professional Services,2019,East North Central,1,0,3,UT
Utah Tech,Professional Services,2019,East North Central,5,,,UT
Utah Tech,Professional Services,2019,East North Central,10,,,UT
Utah Tech,Professional Services,2019,East South Central,1,0,0,UT
Utah Tech,Professional Services,2019,East South Central,5,,,UT
Utah Tech,Professional Services,2019,East South Central,10,,,UT
Utah Tech,Professional Services,2019,Middle Atlantic,1,0,2,UT
Utah Tech,Professional Services,2019,Middle Atlantic,5,,,UT
Utah Tech,Professional Services,2019,Middle Atlantic,10,,,UT
Utah Tech,Professional Services,2019,Mountain,1,140,150,UT
Utah Tech,Professional Services,2019,Mountain,5,,,UT
Utah Tech,Professional Services,2019,Mountain,10,,,UT
Utah Tech,Professional Services,2019,New England,1,0,1,UT
Utah Tech,Professional Services,2019,New England,5,,,UT
Utah Tech,Professional Services,2019,New England,10,,,UT
Utah Tech,Professional Services,2019,Pacific,1,0,5,UT
Utah Tech,Professional Services,2019,Pacific,5,,,UT
Utah Tech,Professional Services,2019,Pacific,10,,,UT
Utah Tech,Professional Services,2019,South Atlantic,1,0,11,UT
Utah Tech,Professional Services,2019,South Atlantic,5,,,UT
Utah Tech,Professional Services,2019,South Atlantic,10,,,UT
Utah Tech,Professional Services,2019,West North Central,1,0,1,UT
Utah Tech,Professional Services,2019,West North Central,5,,,UT
Utah Tech,Professional Services,2019,West North Central,10,,,UT
Utah Tech,Professional Services,2019,West South Central,1,0,7,UT
Utah Tech,Professional Services,2019,West South Central,5,,,UT
Utah Tech,Professional Services,2019,West South Central,10,,,UT
Utah Tech,Public Admin,2010,East North Central,1,0,1,UT
Utah Tech,Public Admin,2010,East North Central,5,0,2,UT
Utah Tech,Public Admin,2010,East North Central,10,0,1,UT
Utah Tech,Public Admin,2010,East South Central,1,0,0,UT
Utah Tech,Public Admin,2010,East South Central,5,0,0,UT
Utah Tech,Public Admin,2010,East South Central,10,0,0,UT
Utah Tech,Public Admin,2010,Middle Atlantic,1,0,2,UT
Utah Tech,Public Admin,2010,Middle Atlantic,5,0,1,UT
Utah Tech,Public Admin,2010,Middle Atlantic,10,0,2,UT
Utah Tech,Public Admin,2010,Mountain,1,7,8,UT
Utah Tech,Public Admin,2010,Mountain,5,23,30,UT
Utah Tech,Public Admin,2010,Mountain,10,19,25,UT
Utah Tech,Public Admin,2010,New England,1,0,0,UT
Utah Tech,Public Admin,2010,New England,5,0,0,UT
Utah Tech,Public Admin,2010,New England,10,0,0,UT
Utah Tech,Public Admin,2010,Pacific,1,0,0,UT
Utah Tech,Public Admin,2010,Pacific,5,0,3,UT
Utah Tech,Public Admin,2010,Pacific,10,0,2,UT
Utah Tech,Public Admin,2010,South Atlantic,1,0,2,UT
Utah Tech,Public Admin,2010,South Atlantic,5,0,0,UT
Utah Tech,Public Admin,2010,South Atlantic,10,0,2,UT
Utah Tech,Public Admin,2010,West North Central,1,0,0,UT
Utah Tech,Public Admin,2010,West North Central,5,0,0,UT
Utah Tech,Public Admin,2010,West North Central,10,0,0,UT
Utah Tech,Public Admin,2010,West South Central,1,0,0,UT
Utah Tech,Public Admin,2010,West South Central,5,0,2,UT
Utah Tech,Public Admin,2010,West South Central,10,0,2,UT
Utah Tech,Public Admin,2013,East North Central,1,0,0,UT
Utah Tech,Public Admin,2013,East North Central,5,0,1,UT
Utah Tech,Public Admin,2013,East North Central,10,,,UT
Utah Tech,Public Admin,2013,East South Central,1,0,0,UT
Utah Tech,Public Admin,2013,East South Central,5,0,0,UT
Utah Tech,Public Admin,2013,East South Central,10,,,UT
Utah Tech,Public Admin,2013,Middle Atlantic,1,0,0,UT
Utah Tech,Public Admin,2013,Middle Atlantic,5,0,5,UT
Utah Tech,Public Admin,2013,Middle Atlantic,10,,,UT
Utah Tech,Public Admin,2013,Mountain,1,30,31,UT
Utah Tech,Public Admin,2013,Mountain,5,35,41,UT
Utah Tech,Public Admin,2013,Mountain,10,,,UT
Utah Tech,Public Admin,2013,New England,1,0,0,UT
Utah Tech,Public Admin,2013,New England,5,0,0,UT
Utah Tech,Public Admin,2013,New England,10,,,UT
Utah Tech,Public Admin,2013,Pacific,1,0,5,UT
Utah Tech,Public Admin,2013,Pacific,5,0,6,UT
Utah Tech,Public Admin,2013,Pacific,10,,,UT
Utah Tech,Public Admin,2013,South Atlantic,1,0,0,UT
Utah Tech,Public Admin,2013,South Atlantic,5,0,0,UT
Utah Tech,Public Admin,2013,South Atlantic,10,,,UT
Utah Tech,Public Admin,2013,West North Central,1,0,0,UT
Utah Tech,Public Admin,2013,West North Central,5,0,0,UT
Utah Tech,Public Admin,2013,West North Central,10,,,UT
Utah Tech,Public Admin,2013,West South Central,1,0,0,UT
Utah Tech,Public Admin,2013,West South Central,5,0,3,UT
Utah Tech,Public Admin,2013,West South Central,10,,,UT
Utah Tech,Public Admin,2016,East North Central,1,0,3,UT
Utah Tech,Public Admin,2016,East North Central,5,0,0,UT
Utah Tech,Public Admin,2016,East North Central,10,,,UT
Utah Tech,Public Admin,2016,East South Central,1,0,0,UT
Utah Tech,Public Admin,2016,East South Central,5,0,1,UT
Utah Tech,Public Admin,2016,East South Central,10,,,UT
Utah Tech,Public Admin,2016,Middle Atlantic,1,0,2,UT
Utah Tech,Public Admin,2016,Middle Atlantic,5,0,0,UT
Utah Tech,Public Admin,2016,Middle Atlantic,10,,,UT
Utah Tech,Public Admin,2016,Mountain,1,44,54,UT
Utah Tech,Public Admin,2016,Mountain,5,58,73,UT
Utah Tech,Public Admin,2016,Mountain,10,,,UT
Utah Tech,Public Admin,2016,New England,1,0,0,UT
Utah Tech,Public Admin,2016,New England,5,0,0,UT
Utah Tech,Public Admin,2016,New England,10,,,UT
Utah Tech,Public Admin,2016,Pacific,1,0,7,UT
Utah Tech,Public Admin,2016,Pacific,5,0,11,UT
Utah Tech,Public Admin,2016,Pacific,10,,,UT
Utah Tech,Public Admin,2016,South Atlantic,1,0,2,UT
Utah Tech,Public Admin,2016,South Atlantic,5,0,2,UT
Utah Tech,Public Admin,2016,South Atlantic,10,,,UT
Utah Tech,Public Admin,2016,West North Central,1,0,3,UT
Utah Tech,Public Admin,2016,West North Central,5,0,0,UT
Utah Tech,Public Admin,2016,West North Central,10,,,UT
Utah Tech,Public Admin,2016,West South Central,1,0,2,UT
Utah Tech,Public Admin,2016,West South Central,5,0,5,UT
Utah Tech,Public Admin,2016,West South Central,10,,,UT
Utah Tech,Public Admin,2019,East North Central,1,0,0,UT
Utah Tech,Public Admin,2019,East North Central,5,,,UT
Utah Tech,Public Admin,2019,East North Central,10,,,UT
Utah Tech,Public Admin,2019,East South Central,1,0,3,UT
Utah Tech,Public Admin,2019,East South Central,5,,,UT
Utah Tech,Public Admin,2019,East South Central,10,,,UT
Utah Tech,Public Admin,2019,Middle Atlantic,1,0,2,UT
Utah Tech,Public Admin,2019,Middle Atlantic,5,,,UT
Utah Tech,Public Admin,2019,Middle Atlantic,10,,,UT
Utah Tech,Public Admin,2019,Mountain,1,54,63,UT
Utah Tech,Public Admin,2019,Mountain,5,,,UT
Utah Tech,Public Admin,2019,Mountain,10,,,UT
Utah Tech,Public Admin,2019,New England,1,0,0,UT
Utah Tech,Public Admin,2019,New England,5,,,UT
Utah Tech,Public Admin,2019,New England,10,,,UT
Utah Tech,Public Admin,2019,Pacific,1,0,9,UT
Utah Tech,Public Admin,2019,Pacific,5,,,UT
Utah Tech,Public Admin,2019,Pacific,10,,,UT
Utah Tech,Public Admin,2019,South Atlantic,1,0,1,UT
Utah Tech,Public Admin,2019,South Atlantic,5,,,UT
Utah Tech,Public Admin,2019,South Atlantic,10,,,UT
Utah Tech,Public Admin,2019,West North Central,1,0,1,UT
Utah Tech,Public Admin,2019,West North Central,5,,,UT
Utah Tech,Public Admin,2019,West North Central,10,,,UT
Utah Tech,Public Admin,2019,West South Central,1,0,2,UT
Utah Tech,Public Admin,2019,West South Central,5,,,UT
Utah Tech,Public Admin,2019,West South Central,10,,,UT
Utah Tech,Real Estate,2010,East North Central,1,0,0,UT
Utah Tech,Real Estate,2010,East North Central,5,0,0,UT
Utah Tech,Real Estate,2010,East North Central,10,0,0,UT
Utah Tech,Real Estate,2010,East South Central,1,0,0,UT
Utah Tech,Real Estate,2010,East South Central,5,0,0,UT
Utah Tech,Real Estate,2010,East South Central,10,0,0,UT
Utah Tech,Real Estate,2010,Middle Atlantic,1,0,0,UT
Utah Tech,Real Estate,2010,Middle Atlantic,5,0,0,UT
Utah Tech,Real Estate,2010,Middle Atlantic,10,0,0,UT
Utah Tech,Real Estate,2010,Mountain,1,11,12,UT
Utah Tech,Real Estate,2010,Mountain,5,5,5,UT
Utah Tech,Real Estate,2010,Mountain,10,6,6,UT
Utah Tech,Real Estate,2010,New England,1,0,0,UT
Utah Tech,Real Estate,2010,New England,5,0,0,UT
Utah Tech,Real Estate,2010,New England,10,0,0,UT
Utah Tech,Real Estate,2010,Pacific,1,0,0,UT
Utah Tech,Real Estate,2010,Pacific,5,0,0,UT
Utah Tech,Real Estate,2010,Pacific,10,0,2,UT
Utah Tech,Real Estate,2010,South Atlantic,1,0,0,UT
Utah Tech,Real Estate,2010,South Atlantic,5,0,0,UT
Utah Tech,Real Estate,2010,South Atlantic,10,0,0,UT
Utah Tech,Real Estate,2010,West North Central,1,0,0,UT
Utah Tech,Real Estate,2010,West North Central,5,0,0,UT
Utah Tech,Real Estate,2010,West North Central,10,0,0,UT
Utah Tech,Real Estate,2010,West South Central,1,0,0,UT
Utah Tech,Real Estate,2010,West South Central,5,0,0,UT
Utah Tech,Real Estate,2010,West South Central,10,0,0,UT
Utah Tech,Real Estate,2013,East North Central,1,0,0,UT
Utah Tech,Real Estate,2013,East North Central,5,0,0,UT
Utah Tech,Real Estate,2013,East North Central,10,,,UT
Utah Tech,Real Estate,2013,East South Central,1,0,0,UT
Utah Tech,Real Estate,2013,East South Central,5,0,0,UT
Utah Tech,Real Estate,2013,East South Central,10,,,UT
Utah Tech,Real Estate,2013,Middle Atlantic,1,0,0,UT
Utah Tech,Real Estate,2013,Middle Atlantic,5,0,0,UT
Utah Tech,Real Estate,2013,Middle Atlantic,10,,,UT
Utah Tech,Real Estate,2013,Mountain,1,8,9,UT
Utah Tech,Real Estate,2013,Mountain,5,10,11,UT
Utah Tech,Real Estate,2013,Mountain,10,,,UT
Utah Tech,Real Estate,2013,New England,1,0,0,UT
Utah Tech,Real Estate,2013,New England,5,0,0,UT
Utah Tech,Real Estate,2013,New England,10,,,UT
Utah Tech,Real Estate,2013,Pacific,1,0,0,UT
Utah Tech,Real Estate,2013,Pacific,5,0,0,UT
Utah Tech,Real Estate,2013,Pacific,10,,,UT
Utah Tech,Real Estate,2013,South Atlantic,1,0,0,UT
Utah Tech,Real Estate,2013,South Atlantic,5,0,0,UT
Utah Tech,Real Estate,2013,South Atlantic,10,,,UT
Utah Tech,Real Estate,2013,West North Central,1,0,0,UT
Utah Tech,Real Estate,2013,West North Central,5,0,0,UT
Utah Tech,Real Estate,2013,West North Central,10,,,UT
Utah Tech,Real Estate,2013,West South Central,1,0,0,UT
Utah Tech,Real Estate,2013,West South Central,5,0,0,UT
Utah Tech,Real Estate,2013,West South Central,10,,,UT
Utah Tech,Real Estate,2016,East North Central,1,0,0,UT
Utah Tech,Real Estate,2016,East North Central,5,0,0,UT
Utah Tech,Real Estate,2016,East North Central,10,,,UT
Utah Tech,Real Estate,2016,East South Central,1,0,0,UT
Utah Tech,Real Estate,2016,East South Central,5,0,0,UT
Utah Tech,Real Estate,2016,East South Central,10,,,UT
Utah Tech,Real Estate,2016,Middle Atlantic,1,0,0,UT
Utah Tech,Real Estate,2016,Middle Atlantic,5,0,0,UT
Utah Tech,Real Estate,2016,Middle Atlantic,10,,,UT
Utah Tech,Real Estate,2016,Mountain,1,16,18,UT
Utah Tech,Real Estate,2016,Mountain,5,13,13,UT
Utah Tech,Real Estate,2016,Mountain,10,,,UT
Utah Tech,Real Estate,2016,New England,1,0,0,UT
Utah Tech,Real Estate,2016,New England,5,0,0,UT
Utah Tech,Real Estate,2016,New England,10,,,UT
Utah Tech,Real Estate,2016,Pacific,1,0,1,UT
Utah Tech,Real Estate,2016,Pacific,5,0,0,UT
Utah Tech,Real Estate,2016,Pacific,10,,,UT
Utah Tech,Real Estate,2016,South Atlantic,1,0,0,UT
Utah Tech,Real Estate,2016,South Atlantic,5,0,0,UT
Utah Tech,Real Estate,2016,South Atlantic,10,,,UT
Utah Tech,Real Estate,2016,West North Central,1,0,0,UT
Utah Tech,Real Estate,2016,West North Central,5,0,0,UT
Utah Tech,Real Estate,2016,West North Central,10,,,UT
Utah Tech,Real Estate,2016,West South Central,1,0,0,UT
Utah Tech,Real Estate,2016,West South Central,5,0,0,UT
Utah Tech,Real Estate,2016,West South Central,10,,,UT
Utah Tech,Real Estate,2019,East North Central,1,0,0,UT
Utah Tech,Real Estate,2019,East North Central,5,,,UT
Utah Tech,Real Estate,2019,East North Central,10,,,UT
Utah Tech,Real Estate,2019,East South Central,1,0,0,UT
Utah Tech,Real Estate,2019,East South Central,5,,,UT
Utah Tech,Real Estate,2019,East South Central,10,,,UT
Utah Tech,Real Estate,2019,Middle Atlantic,1,0,0,UT
Utah Tech,Real Estate,2019,Middle Atlantic,5,,,UT
Utah Tech,Real Estate,2019,Middle Atlantic,10,,,UT
Utah Tech,Real Estate,2019,Mountain,1,30,30,UT
Utah Tech,Real Estate,2019,Mountain,5,,,UT
Utah Tech,Real Estate,2019,Mountain,10,,,UT
Utah Tech,Real Estate,2019,New England,1,0,0,UT
Utah Tech,Real Estate,2019,New England,5,,,UT
Utah Tech,Real Estate,2019,New England,10,,,UT
Utah Tech,Real Estate,2019,Pacific,1,0,2,UT
Utah Tech,Real Estate,2019,Pacific,5,,,UT
Utah Tech,Real Estate,2019,Pacific,10,,,UT
Utah Tech,Real Estate,2019,South Atlantic,1,0,1,UT
Utah Tech,Real Estate,2019,South Atlantic,5,,,UT
Utah Tech,Real Estate,2019,South Atlantic,10,,,UT
Utah Tech,Real Estate,2019,West North Central,1,0,0,UT
Utah Tech,Real Estate,2019,West North Central,5,,,UT
Utah Tech,Real Estate,2019,West North Central,10,,,UT
Utah Tech,Real Estate,2019,West South Central,1,0,0,UT
Utah Tech,Real Estate,2019,West South Central,5,,,UT
Utah Tech,Real Estate,2019,West South Central,10,,,UT
Utah Tech,Retail,2010,East North Central,1,0,4,UT
Utah Tech,Retail,2010,East North Central,5,0,8,UT
Utah Tech,Retail,2010,East North Central,10,0,0,UT
Utah Tech,Retail,2010,East South Central,1,0,1,UT
Utah Tech,Retail,2010,East South Central,5,0,2,UT
Utah Tech,Retail,2010,East South Central,10,0,1,UT
Utah Tech,Retail,2010,Middle Atlantic,1,0,0,UT
Utah Tech,Retail,2010,Middle Atlantic,5,0,4,UT
Utah Tech,Retail,2010,Middle Atlantic,10,0,0,UT
Utah Tech,Retail,2010,Mountain,1,42,45,UT
Utah Tech,Retail,2010,Mountain,5,35,38,UT
Utah Tech,Retail,2010,Mountain,10,35,45,UT
Utah Tech,Retail,2010,New England,1,0,0,UT
Utah Tech,Retail,2010,New England,5,0,0,UT
Utah Tech,Retail,2010,New England,10,0,1,UT
Utah Tech,Retail,2010,Pacific,1,0,6,UT
Utah Tech,Retail,2010,Pacific,5,0,11,UT
Utah Tech,Retail,2010,Pacific,10,0,5,UT
Utah Tech,Retail,2010,South Atlantic,1,0,3,UT
Utah Tech,Retail,2010,South Atlantic,5,0,5,UT
Utah Tech,Retail,2010,South Atlantic,10,0,10,UT
Utah Tech,Retail,2010,West North Central,1,0,1,UT
Utah Tech,Retail,2010,West North Central,5,0,6,UT
Utah Tech,Retail,2010,West North Central,10,0,0,UT
Utah Tech,Retail,2010,West South Central,1,0,2,UT
Utah Tech,Retail,2010,West South Central,5,0,1,UT
Utah Tech,Retail,2010,West South Central,10,0,5,UT
Utah Tech,Retail,2013,East North Central,1,0,1,UT
Utah Tech,Retail,2013,East North Central,5,0,1,UT
Utah Tech,Retail,2013,East North Central,10,,,UT
Utah Tech,Retail,2013,East South Central,1,0,1,UT
Utah Tech,Retail,2013,East South Central,5,0,1,UT
Utah Tech,Retail,2013,East South Central,10,,,UT
Utah Tech,Retail,2013,Middle Atlantic,1,0,2,UT
Utah Tech,Retail,2013,Middle Atlantic,5,0,2,UT
Utah Tech,Retail,2013,Middle Atlantic,10,,,UT
Utah Tech,Retail,2013,Mountain,1,74,84,UT
Utah Tech,Retail,2013,Mountain,5,57,69,UT
Utah Tech,Retail,2013,Mountain,10,,,UT
Utah Tech,Retail,2013,New England,1,0,0,UT
Utah Tech,Retail,2013,New England,5,0,1,UT
Utah Tech,Retail,2013,New England,10,,,UT
Utah Tech,Retail,2013,Pacific,1,0,3,UT
Utah Tech,Retail,2013,Pacific,5,0,7,UT
Utah Tech,Retail,2013,Pacific,10,,,UT
Utah Tech,Retail,2013,South Atlantic,1,0,5,UT
Utah Tech,Retail,2013,South Atlantic,5,0,8,UT
Utah Tech,Retail,2013,South Atlantic,10,,,UT
Utah Tech,Retail,2013,West North Central,1,0,0,UT
Utah Tech,Retail,2013,West North Central,5,0,1,UT
Utah Tech,Retail,2013,West North Central,10,,,UT
Utah Tech,Retail,2013,West South Central,1,0,5,UT
Utah Tech,Retail,2013,West South Central,5,0,5,UT
Utah Tech,Retail,2013,West South Central,10,,,UT
Utah Tech,Retail,2016,East North Central,1,0,3,UT
Utah Tech,Retail,2016,East North Central,5,0,4,UT
Utah Tech,Retail,2016,East North Central,10,,,UT
Utah Tech,Retail,2016,East South Central,1,0,0,UT
Utah Tech,Retail,2016,East South Central,5,0,1,UT
Utah Tech,Retail,2016,East South Central,10,,,UT
Utah Tech,Retail,2016,Middle Atlantic,1,0,3,UT
Utah Tech,Retail,2016,Middle Atlantic,5,0,5,UT
Utah Tech,Retail,2016,Middle Atlantic,10,,,UT
Utah Tech,Retail,2016,Mountain,1,100,113,UT
Utah Tech,Retail,2016,Mountain,5,66,76,UT
Utah Tech,Retail,2016,Mountain,10,,,UT
Utah Tech,Retail,2016,New England,1,0,2,UT
Utah Tech,Retail,2016,New England,5,0,0,UT
Utah Tech,Retail,2016,New England,10,,,UT
Utah Tech,Retail,2016,Pacific,1,0,11,UT
Utah Tech,Retail,2016,Pacific,5,0,6,UT
Utah Tech,Retail,2016,Pacific,10,,,UT
Utah Tech,Retail,2016,South Atlantic,1,0,8,UT
Utah Tech,Retail,2016,South Atlantic,5,0,4,UT
Utah Tech,Retail,2016,South Atlantic,10,,,UT
Utah Tech,Retail,2016,West North Central,1,0,3,UT
Utah Tech,Retail,2016,West North Central,5,0,4,UT
Utah Tech,Retail,2016,West North Central,10,,,UT
Utah Tech,Retail,2016,West South Central,1,0,2,UT
Utah Tech,Retail,2016,West South Central,5,0,9,UT
Utah Tech,Retail,2016,West South Central,10,,,UT
Utah Tech,Retail,2019,East North Central,1,0,6,UT
Utah Tech,Retail,2019,East North Central,5,,,UT
Utah Tech,Retail,2019,East North Central,10,,,UT
Utah Tech,Retail,2019,East South Central,1,0,2,UT
Utah Tech,Retail,2019,East South Central,5,,,UT
Utah Tech,Retail,2019,East South Central,10,,,UT
Utah Tech,Retail,2019,Middle Atlantic,1,0,2,UT
Utah Tech,Retail,2019,Middle Atlantic,5,,,UT
Utah Tech,Retail,2019,Middle Atlantic,10,,,UT
Utah Tech,Retail,2019,Mountain,1,130,139,UT
Utah Tech,Retail,2019,Mountain,5,,,UT
Utah Tech,Retail,2019,Mountain,10,,,UT
Utah Tech,Retail,2019,New England,1,0,0,UT
Utah Tech,Retail,2019,New England,5,,,UT
Utah Tech,Retail,2019,New England,10,,,UT
Utah Tech,Retail,2019,Pacific,1,0,10,UT
Utah Tech,Retail,2019,Pacific,5,,,UT
Utah Tech,Retail,2019,Pacific,10,,,UT
Utah Tech,Retail,2019,South Atlantic,1,0,6,UT
Utah Tech,Retail,2019,South Atlantic,5,,,UT
Utah Tech,Retail,2019,South Atlantic,10,,,UT
Utah Tech,Retail,2019,West North Central,1,0,0,UT
Utah Tech,Retail,2019,West North Central,5,,,UT
Utah Tech,Retail,2019,West North Central,10,,,UT
Utah Tech,Retail,2019,West South Central,1,0,7,UT
Utah Tech,Retail,2019,West South Central,5,,,UT
Utah Tech,Retail,2019,West South Central,10,,,UT
Utah Tech,Transportation,2010,East North Central,1,0,0,UT
Utah Tech,Transportation,2010,East North Central,5,0,0,UT
Utah Tech,Transportation,2010,East North Central,10,0,2,UT
Utah Tech,Transportation,2010,East South Central,1,0,1,UT
Utah Tech,Transportation,2010,East South Central,5,0,0,UT
Utah Tech,Transportation,2010,East South Central,10,0,0,UT
Utah Tech,Transportation,2010,Middle Atlantic,1,0,0,UT
Utah Tech,Transportation,2010,Middle Atlantic,5,0,1,UT
Utah Tech,Transportation,2010,Middle Atlantic,10,0,0,UT
Utah Tech,Transportation,2010,Mountain,1,11,11,UT
Utah Tech,Transportation,2010,Mountain,5,7,10,UT
Utah Tech,Transportation,2010,Mountain,10,7,7,UT
Utah Tech,Transportation,2010,New England,1,0,0,UT
Utah Tech,Transportation,2010,New England,5,0,0,UT
Utah Tech,Transportation,2010,New England,10,0,0,UT
Utah Tech,Transportation,2010,Pacific,1,0,4,UT
Utah Tech,Transportation,2010,Pacific,5,0,1,UT
Utah Tech,Transportation,2010,Pacific,10,0,0,UT
Utah Tech,Transportation,2010,South Atlantic,1,0,0,UT
Utah Tech,Transportation,2010,South Atlantic,5,0,1,UT
Utah Tech,Transportation,2010,South Atlantic,10,0,2,UT
Utah Tech,Transportation,2010,West North Central,1,0,1,UT
Utah Tech,Transportation,2010,West North Central,5,0,0,UT
Utah Tech,Transportation,2010,West North Central,10,0,0,UT
Utah Tech,Transportation,2010,West South Central,1,0,0,UT
Utah Tech,Transportation,2010,West South Central,5,0,1,UT
Utah Tech,Transportation,2010,West South Central,10,0,0,UT
Utah Tech,Transportation,2013,East North Central,1,0,3,UT
Utah Tech,Transportation,2013,East North Central,5,0,2,UT
Utah Tech,Transportation,2013,East North Central,10,,,UT
Utah Tech,Transportation,2013,East South Central,1,0,0,UT
Utah Tech,Transportation,2013,East South Central,5,0,1,UT
Utah Tech,Transportation,2013,East South Central,10,,,UT
Utah Tech,Transportation,2013,Middle Atlantic,1,0,2,UT
Utah Tech,Transportation,2013,Middle Atlantic,5,0,0,UT
Utah Tech,Transportation,2013,Middle Atlantic,10,,,UT
Utah Tech,Transportation,2013,Mountain,1,26,28,UT
Utah Tech,Transportation,2013,Mountain,5,40,41,UT
Utah Tech,Transportation,2013,Mountain,10,,,UT
Utah Tech,Transportation,2013,New England,1,0,0,UT
Utah Tech,Transportation,2013,New England,5,0,0,UT
Utah Tech,Transportation,2013,New England,10,,,UT
Utah Tech,Transportation,2013,Pacific,1,0,2,UT
Utah Tech,Transportation,2013,Pacific,5,0,2,UT
Utah Tech,Transportation,2013,Pacific,10,,,UT
Utah Tech,Transportation,2013,South Atlantic,1,0,2,UT
Utah Tech,Transportation,2013,South Atlantic,5,0,0,UT
Utah Tech,Transportation,2013,South Atlantic,10,,,UT
Utah Tech,Transportation,2013,West North Central,1,0,0,UT
Utah Tech,Transportation,2013,West North Central,5,0,0,UT
Utah Tech,Transportation,2013,West North Central,10,,,UT
Utah Tech,Transportation,2013,West South Central,1,0,0,UT
Utah Tech,Transportation,2013,West South Central,5,0,5,UT
Utah Tech,Transportation,2013,West South Central,10,,,UT
Utah Tech,Transportation,2016,East North Central,1,0,1,UT
Utah Tech,Transportation,2016,East North Central,5,0,0,UT
Utah Tech,Transportation,2016,East North Central,10,,,UT
Utah Tech,Transportation,2016,East South Central,1,0,0,UT
Utah Tech,Transportation,2016,East South Central,5,0,0,UT
Utah Tech,Transportation,2016,East South Central,10,,,UT
Utah Tech,Transportation,2016,Middle Atlantic,1,0,0,UT
Utah Tech,Transportation,2016,Middle Atlantic,5,0,0,UT
Utah Tech,Transportation,2016,Middle Atlantic,10,,,UT
Utah Tech,Transportation,2016,Mountain,1,41,44,UT
Utah Tech,Transportation,2016,Mountain,5,33,37,UT
Utah Tech,Transportation,2016,Mountain,10,,,UT
Utah Tech,Transportation,2016,New England,1,0,0,UT
Utah Tech,Transportation,2016,New England,5,0,0,UT
Utah Tech,Transportation,2016,New England,10,,,UT
Utah Tech,Transportation,2016,Pacific,1,0,6,UT
Utah Tech,Transportation,2016,Pacific,5,0,5,UT
Utah Tech,Transportation,2016,Pacific,10,,,UT
Utah Tech,Transportation,2016,South Atlantic,1,0,2,UT
Utah Tech,Transportation,2016,South Atlantic,5,0,0,UT
Utah Tech,Transportation,2016,South Atlantic,10,,,UT
Utah Tech,Transportation,2016,West North Central,1,0,0,UT
Utah Tech,Transportation,2016,West North Central,5,0,0,UT
Utah Tech,Transportation,2016,West North Central,10,,,UT
Utah Tech,Transportation,2016,West South Central,1,0,1,UT
Utah Tech,Transportation,2016,West South Central,5,0,3,UT
Utah Tech,Transportation,2016,West South Central,10,,,UT
Utah Tech,Transportation,2019,East North Central,1,0,0,UT
Utah Tech,Transportation,2019,East North Central,5,,,UT
Utah Tech,Transportation,2019,East North Central,10,,,UT
Utah Tech,Transportation,2019,East South Central,1,0,0,UT
Utah Tech,Transportation,2019,East South Central,5,,,UT
Utah Tech,Transportation,2019,East South Central,10,,,UT
Utah Tech,Transportation,2019,Middle Atlantic,1,0,0,UT
Utah Tech,Transportation,2019,Middle Atlantic,5,,,UT
Utah Tech,Transportation,2019,Middle Atlantic,10,,,UT
Utah Tech,Transportation,2019,Mountain,1,55,55,UT
Utah Tech,Transportation,2019,Mountain,5,,,UT
Utah Tech,Transportation,2019,Mountain,10,,,UT
Utah Tech,Transportation,2019,New England,1,0,0,UT
Utah Tech,Transportation,2019,New England,5,,,UT
Utah Tech,Transportation,2019,New England,10,,,UT
Utah Tech,Transportation,2019,Pacific,1,0,6,UT
Utah Tech,Transportation,2019,Pacific,5,,,UT
Utah Tech,Transportation,2019,Pacific,10,,,UT
Utah Tech,Transportation,2019,South Atlantic,1,0,0,UT
Utah Tech,Transportation,2019,South Atlantic,5,,,UT
Utah Tech,Transportation,2019,South Atlantic,10,,,UT
Utah Tech,Transportation,2019,West North Central,1,0,0,UT
Utah Tech,Transportation,2019,West North Central,5,,,UT
Utah Tech,Transportation,2019,West North Central,10,,,UT
Utah Tech,Transportation,2019,West South Central,1,0,6,UT
Utah Tech,Transportation,2019,West South Central,5,,,UT
Utah Tech,Transportation,2019,West South Central,10,,,UT
Utah Tech,Utilities,2010,East North Central,1,0,0,UT
Utah Tech,Utilities,2010,East North Central,5,0,0,UT
Utah Tech,Utilities,2010,East North Central,10,0,0,UT
Utah Tech,Utilities,2010,East South Central,1,0,0,UT
Utah Tech,Utilities,2010,East South Central,5,0,0,UT
Utah Tech,Utilities,2010,East South Central,10,0,0,UT
Utah Tech,Utilities,2010,Middle Atlantic,1,0,0,UT
Utah Tech,Utilities,2010,Middle Atlantic,5,0,0,UT
Utah Tech,Utilities,2010,Middle Atlantic,10,0,0,UT
Utah Tech,Utilities,2010,Mountain,1,0,0,UT
Utah Tech,Utilities,2010,Mountain,5,3,3,UT
Utah Tech,Utilities,2010,Mountain,10,1,1,UT
Utah Tech,Utilities,2010,New England,1,0,0,UT
Utah Tech,Utilities,2010,New England,5,0,0,UT
Utah Tech,Utilities,2010,New England,10,0,0,UT
Utah Tech,Utilities,2010,Pacific,1,0,1,UT
Utah Tech,Utilities,2010,Pacific,5,0,0,UT
Utah Tech,Utilities,2010,Pacific,10,0,0,UT
Utah Tech,Utilities,2010,South Atlantic,1,0,0,UT
Utah Tech,Utilities,2010,South Atlantic,5,0,0,UT
Utah Tech,Utilities,2010,South Atlantic,10,0,0,UT
Utah Tech,Utilities,2010,West North Central,1,0,0,UT
Utah Tech,Utilities,2010,West North Central,5,0,0,UT
Utah Tech,Utilities,2010,West North Central,10,0,0,UT
Utah Tech,Utilities,2010,West South Central,1,0,0,UT
Utah Tech,Utilities,2010,West South Central,5,0,0,UT
Utah Tech,Utilities,2010,West South Central,10,0,0,UT
Utah Tech,Utilities,2013,East North Central,1,0,0,UT
Utah Tech,Utilities,2013,East North Central,5,0,0,UT
Utah Tech,Utilities,2013,East North Central,10,,,UT
Utah Tech,Utilities,2013,East South Central,1,0,0,UT
Utah Tech,Utilities,2013,East South Central,5,0,0,UT
Utah Tech,Utilities,2013,East South Central,10,,,UT
Utah Tech,Utilities,2013,Middle Atlantic,1,0,0,UT
Utah Tech,Utilities,2013,Middle Atlantic,5,0,0,UT
Utah Tech,Utilities,2013,Middle Atlantic,10,,,UT
Utah Tech,Utilities,2013,Mountain,1,1,1,UT
Utah Tech,Utilities,2013,Mountain,5,0,0,UT
Utah Tech,Utilities,2013,Mountain,10,,,UT
Utah Tech,Utilities,2013,New England,1,0,0,UT
Utah Tech,Utilities,2013,New England,5,0,0,UT
Utah Tech,Utilities,2013,New England,10,,,UT
Utah Tech,Utilities,2013,Pacific,1,0,2,UT
Utah Tech,Utilities,2013,Pacific,5,0,0,UT
Utah Tech,Utilities,2013,Pacific,10,,,UT
Utah Tech,Utilities,2013,South Atlantic,1,0,0,UT
Utah Tech,Utilities,2013,South Atlantic,5,0,0,UT
Utah Tech,Utilities,2013,South Atlantic,10,,,UT
Utah Tech,Utilities,2013,West North Central,1,0,0,UT
Utah Tech,Utilities,2013,West North Central,5,0,0,UT
Utah Tech,Utilities,2013,West North Central,10,,,UT
Utah Tech,Utilities,2013,West South Central,1,0,0,UT
Utah Tech,Utilities,2013,West South Central,5,0,0,UT
Utah Tech,Utilities,2013,West South Central,10,,,UT
Utah Tech,Utilities,2016,East North Central,1,0,0,UT
Utah Tech,Utilities,2016,East North Central,5,0,0,UT
Utah Tech,Utilities,2016,East North Central,10,,,UT
Utah Tech,Utilities,2016,East South Central,1,0,0,UT
Utah Tech,Utilities,2016,East South Central,5,0,0,UT
Utah Tech,Utilities,2016,East South Central,10,,,UT
Utah Tech,Utilities,2016,Middle Atlantic,1,0,0,UT
Utah Tech,Utilities,2016,Middle Atlantic,5,0,0,UT
Utah Tech,Utilities,2016,Middle Atlantic,10,,,UT
Utah Tech,Utilities,2016,Mountain,1,3,3,UT
Utah Tech,Utilities,2016,Mountain,5,1,1,UT
Utah Tech,Utilities,2016,Mountain,10,,,UT
Utah Tech,Utilities,2016,New England,1,0,0,UT
Utah Tech,Utilities,2016,New England,5,0,0,UT
Utah Tech,Utilities,2016,New England,10,,,UT
Utah Tech,Utilities,2016,Pacific,1,0,4,UT
Utah Tech,Utilities,2016,Pacific,5,0,2,UT
Utah Tech,Utilities,2016,Pacific,10,,,UT
Utah Tech,Utilities,2016,South Atlantic,1,0,0,UT
Utah Tech,Utilities,2016,South Atlantic,5,0,0,UT
Utah Tech,Utilities,2016,South Atlantic,10,,,UT
Utah Tech,Utilities,2016,West North Central,1,0,0,UT
Utah Tech,Utilities,2016,West North Central,5,0,0,UT
Utah Tech,Utilities,2016,West North Central,10,,,UT
Utah Tech,Utilities,2016,West South Central,1,0,1,UT
Utah Tech,Utilities,2016,West South Central,5,0,0,UT
Utah Tech,Utilities,2016,West South Central,10,,,UT
Utah Tech,Utilities,2019,East North Central,1,0,0,UT
Utah Tech,Utilities,2019,East North Central,5,,,UT
Utah Tech,Utilities,2019,East North Central,10,,,UT
Utah Tech,Utilities,2019,East South Central,1,0,0,UT
Utah Tech,Utilities,2019,East South Central,5,,,UT
Utah Tech,Utilities,2019,East South Central,10,,,UT
Utah Tech,Utilities,2019,Middle Atlantic,1,0,0,UT
Utah Tech,Utilities,2019,Middle Atlantic,5,,,UT
Utah Tech,Utilities,2019,Middle Atlantic,10,,,UT
Utah Tech,Utilities,2019,Mountain,1,2,2,UT
Utah Tech,Utilities,2019,Mountain,5,,,UT
Utah Tech,Utilities,2019,Mountain,10,,,UT
Utah Tech,Utilities,2019,New England,1,0,0,UT
Utah Tech,Utilities,2019,New England,5,,,UT
Utah Tech,Utilities,2019,New England,10,,,UT
Utah Tech,Utilities,2019,Pacific,1,0,2,UT
Utah Tech,Utilities,2019,Pacific,5,,,UT
Utah Tech,Utilities,2019,Pacific,10,,,UT
Utah Tech,Utilities,2019,South Atlantic,1,0,0,UT
Utah Tech,Utilities,2019,South Atlantic,5,,,UT
Utah Tech,Utilities,2019,South Atlantic,10,,,UT
Utah Tech,Utilities,2019,West North Central,1,0,0,UT
Utah Tech,Utilities,2019,West North Central,5,,,UT
Utah Tech,Utilities,2019,West North Central,10,,,UT
Utah Tech,Utilities,2019,West South Central,1,0,0,UT
Utah Tech,Utilities,2019,West South Central,5,,,UT
Utah Tech,Utilities,2019,West South Central,10,,,UT
Utah Tech,Wholesale,2010,East North Central,1,0,0,UT
Utah Tech,Wholesale,2010,East North Central,5,0,0,UT
Utah Tech,Wholesale,2010,East North Central,10,0,0,UT
Utah Tech,Wholesale,2010,East South Central,1,0,0,UT
Utah Tech,Wholesale,2010,East South Central,5,0,0,UT
Utah Tech,Wholesale,2010,East South Central,10,0,0,UT
Utah Tech,Wholesale,2010,Middle Atlantic,1,0,0,UT
Utah Tech,Wholesale,2010,Middle Atlantic,5,0,0,UT
Utah Tech,Wholesale,2010,Middle Atlantic,10,0,0,UT
Utah Tech,Wholesale,2010,Mountain,1,9,9,UT
Utah Tech,Wholesale,2010,Mountain,5,14,14,UT
Utah Tech,Wholesale,2010,Mountain,10,11,14,UT
Utah Tech,Wholesale,2010,New England,1,0,0,UT
Utah Tech,Wholesale,2010,New England,5,0,0,UT
Utah Tech,Wholesale,2010,New England,10,0,0,UT
Utah Tech,Wholesale,2010,Pacific,1,0,0,UT
Utah Tech,Wholesale,2010,Pacific,5,0,5,UT
Utah Tech,Wholesale,2010,Pacific,10,0,1,UT
Utah Tech,Wholesale,2010,South Atlantic,1,0,1,UT
Utah Tech,Wholesale,2010,South Atlantic,5,0,1,UT
Utah Tech,Wholesale,2010,South Atlantic,10,0,0,UT
Utah Tech,Wholesale,2010,West North Central,1,0,0,UT
Utah Tech,Wholesale,2010,West North Central,5,0,0,UT
Utah Tech,Wholesale,2010,West North Central,10,0,0,UT
Utah Tech,Wholesale,2010,West South Central,1,0,1,UT
Utah Tech,Wholesale,2010,West South Central,5,0,1,UT
Utah Tech,Wholesale,2010,West South Central,10,0,0,UT
Utah Tech,Wholesale,2013,East North Central,1,0,0,UT
Utah Tech,Wholesale,2013,East North Central,5,0,0,UT
Utah Tech,Wholesale,2013,East North Central,10,,,UT
Utah Tech,Wholesale,2013,East South Central,1,0,0,UT
Utah Tech,Wholesale,2013,East South Central,5,0,0,UT
Utah Tech,Wholesale,2013,East South Central,10,,,UT
Utah Tech,Wholesale,2013,Middle Atlantic,1,0,0,UT
Utah Tech,Wholesale,2013,Middle Atlantic,5,0,2,UT
Utah Tech,Wholesale,2013,Middle Atlantic,10,,,UT
Utah Tech,Wholesale,2013,Mountain,1,31,32,UT
Utah Tech,Wholesale,2013,Mountain,5,23,24,UT
Utah Tech,Wholesale,2013,Mountain,10,,,UT
Utah Tech,Wholesale,2013,New England,1,0,0,UT
Utah Tech,Wholesale,2013,New England,5,0,0,UT
Utah Tech,Wholesale,2013,New England,10,,,UT
Utah Tech,Wholesale,2013,Pacific,1,0,2,UT
Utah Tech,Wholesale,2013,Pacific,5,0,1,UT
Utah Tech,Wholesale,2013,Pacific,10,,,UT
Utah Tech,Wholesale,2013,South Atlantic,1,0,0,UT
Utah Tech,Wholesale,2013,South Atlantic,5,0,2,UT
Utah Tech,Wholesale,2013,South Atlantic,10,,,UT
Utah Tech,Wholesale,2013,West North Central,1,0,0,UT
Utah Tech,Wholesale,2013,West North Central,5,0,0,UT
Utah Tech,Wholesale,2013,West North Central,10,,,UT
Utah Tech,Wholesale,2013,West South Central,1,0,5,UT
Utah Tech,Wholesale,2013,West South Central,5,0,2,UT
Utah Tech,Wholesale,2013,West South Central,10,,,UT
Utah Tech,Wholesale,2016,East North Central,1,0,0,UT
Utah Tech,Wholesale,2016,East North Central,5,0,0,UT
Utah Tech,Wholesale,2016,East North Central,10,,,UT
Utah Tech,Wholesale,2016,East South Central,1,0,0,UT
Utah Tech,Wholesale,2016,East South Central,5,0,0,UT
Utah Tech,Wholesale,2016,East South Central,10,,,UT
Utah Tech,Wholesale,2016,Middle Atlantic,1,0,1,UT
Utah Tech,Wholesale,2016,Middle Atlantic,5,0,0,UT
Utah Tech,Wholesale,2016,Middle Atlantic,10,,,UT
Utah Tech,Wholesale,2016,Mountain,1,29,30,UT
Utah Tech,Wholesale,2016,Mountain,5,25,25,UT
Utah Tech,Wholesale,2016,Mountain,10,,,UT
Utah Tech,Wholesale,2016,New England,1,0,1,UT
Utah Tech,Wholesale,2016,New England,5,0,0,UT
Utah Tech,Wholesale,2016,New England,10,,,UT
Utah Tech,Wholesale,2016,Pacific,1,0,1,UT
Utah Tech,Wholesale,2016,Pacific,5,0,5,UT
Utah Tech,Wholesale,2016,Pacific,10,,,UT
Utah Tech,Wholesale,2016,South Atlantic,1,0,3,UT
Utah Tech,Wholesale,2016,South Atlantic,5,0,2,UT
Utah Tech,Wholesale,2016,South Atlantic,10,,,UT
Utah Tech,Wholesale,2016,West North Central,1,0,0,UT
Utah Tech,Wholesale,2016,West North Central,5,0,0,UT
Utah Tech,Wholesale,2016,West North Central,10,,,UT
Utah Tech,Wholesale,2016,West South Central,1,0,3,UT
Utah Tech,Wholesale,2016,West South Central,5,0,2,UT
Utah Tech,Wholesale,2016,West South Central,10,,,UT
Utah Tech,Wholesale,2019,East North Central,1,0,0,UT
Utah Tech,Wholesale,2019,East North Central,5,,,UT
Utah Tech,Wholesale,2019,East North Central,10,,,UT
Utah Tech,Wholesale,2019,East South Central,1,0,0,UT
Utah Tech,Wholesale,2019,East South Central,5,,,UT
Utah Tech,Wholesale,2019,East South Central,10,,,UT
Utah Tech,Wholesale,2019,Middle Atlantic,1,0,0,UT
Utah Tech,Wholesale,2019,Middle Atlantic,5,,,UT
Utah Tech,Wholesale,2019,Middle Atlantic,10,,,UT
Utah Tech,Wholesale,2019,Mountain,1,32,32,UT
Utah Tech,Wholesale,2019,Mountain,5,,,UT
Utah Tech,Wholesale,2019,Mountain,10,,,UT
Utah Tech,Wholesale,2019,New England,1,0,0,UT
Utah Tech,Wholesale,2019,New England,5,,,UT
Utah Tech,Wholesale,2019,New England,10,,,UT
Utah Tech,Wholesale,2019,Pacific,1,0,2,UT
Utah Tech,Wholesale,2019,Pacific,5,,,UT
Utah Tech,Wholesale,2019,Pacific,10,,,UT
Utah Tech,Wholesale,2019,South Atlantic,1,0,0,UT
Utah Tech,Wholesale,2019,South Atlantic,5,,,UT
Utah Tech,Wholesale,2019,South Atlantic,10,,,UT
Utah Tech,Wholesale,2019,West North Central,1,0,0,UT
Utah Tech,Wholesale,2019,West North Central,5,,,UT
Utah Tech,Wholesale,2019,West North Central,10,,,UT
Utah Tech,Wholesale,2019,West South Central,1,0,3,UT
Utah Tech,Wholesale,2019,West South Central,5,,,UT
Utah Tech,Wholesale,2019,West South Central,10,,,UT
Utah Valley,Admin/Waste,2010,East North Central,1,0,1,UT
Utah Valley,Admin/Waste,2010,East North Central,5,0,5,UT
Utah Valley,Admin/Waste,2010,East North Central,10,0,10,UT
Utah Valley,Admin/Waste,2010,East South Central,1,0,1,UT
Utah Valley,Admin/Waste,2010,East South Central,5,0,1,UT
Utah Valley,Admin/Waste,2010,East South Central,10,0,2,UT
Utah Valley,Admin/Waste,2010,Middle Atlantic,1,0,3,UT
Utah Valley,Admin/Waste,2010,Middle Atlantic,5,0,12,UT
Utah Valley,Admin/Waste,2010,Middle Atlantic,10,0,2,UT
Utah Valley,Admin/Waste,2010,Mountain,1,178,188,UT
Utah Valley,Admin/Waste,2010,Mountain,5,130,148,UT
Utah Valley,Admin/Waste,2010,Mountain,10,125,142,UT
Utah Valley,Admin/Waste,2010,New England,1,0,2,UT
Utah Valley,Admin/Waste,2010,New England,5,0,1,UT
Utah Valley,Admin/Waste,2010,New England,10,0,0,UT
Utah Valley,Admin/Waste,2010,Pacific,1,0,8,UT
Utah Valley,Admin/Waste,2010,Pacific,5,0,10,UT
Utah Valley,Admin/Waste,2010,Pacific,10,0,15,UT
Utah Valley,Admin/Waste,2010,South Atlantic,1,0,7,UT
Utah Valley,Admin/Waste,2010,South Atlantic,5,0,8,UT
Utah Valley,Admin/Waste,2010,South Atlantic,10,0,7,UT
Utah Valley,Admin/Waste,2010,West North Central,1,0,0,UT
Utah Valley,Admin/Waste,2010,West North Central,5,0,0,UT
Utah Valley,Admin/Waste,2010,West North Central,10,0,2,UT
Utah Valley,Admin/Waste,2010,West South Central,1,0,6,UT
Utah Valley,Admin/Waste,2010,West South Central,5,0,9,UT
Utah Valley,Admin/Waste,2010,West South Central,10,0,8,UT
Utah Valley,Admin/Waste,2013,East North Central,1,0,4,UT
Utah Valley,Admin/Waste,2013,East North Central,5,0,3,UT
Utah Valley,Admin/Waste,2013,East North Central,10,,,UT
Utah Valley,Admin/Waste,2013,East South Central,1,0,2,UT
Utah Valley,Admin/Waste,2013,East South Central,5,0,2,UT
Utah Valley,Admin/Waste,2013,East South Central,10,,,UT
Utah Valley,Admin/Waste,2013,Middle Atlantic,1,0,1,UT
Utah Valley,Admin/Waste,2013,Middle Atlantic,5,0,10,UT
Utah Valley,Admin/Waste,2013,Middle Atlantic,10,,,UT
Utah Valley,Admin/Waste,2013,Mountain,1,265,279,UT
Utah Valley,Admin/Waste,2013,Mountain,5,181,203,UT
Utah Valley,Admin/Waste,2013,Mountain,10,,,UT
Utah Valley,Admin/Waste,2013,New England,1,0,2,UT
Utah Valley,Admin/Waste,2013,New England,5,0,1,UT
Utah Valley,Admin/Waste,2013,New England,10,,,UT
Utah Valley,Admin/Waste,2013,Pacific,1,0,11,UT
Utah Valley,Admin/Waste,2013,Pacific,5,0,14,UT
Utah Valley,Admin/Waste,2013,Pacific,10,,,UT
Utah Valley,Admin/Waste,2013,South Atlantic,1,0,9,UT
Utah Valley,Admin/Waste,2013,South Atlantic,5,0,15,UT
Utah Valley,Admin/Waste,2013,South Atlantic,10,,,UT
Utah Valley,Admin/Waste,2013,West North Central,1,0,6,UT
Utah Valley,Admin/Waste,2013,West North Central,5,0,4,UT
Utah Valley,Admin/Waste,2013,West North Central,10,,,UT
Utah Valley,Admin/Waste,2013,West South Central,1,0,8,UT
Utah Valley,Admin/Waste,2013,West South Central,5,0,16,UT
Utah Valley,Admin/Waste,2013,West South Central,10,,,UT
Utah Valley,Admin/Waste,2016,East North Central,1,0,4,UT
Utah Valley,Admin/Waste,2016,East North Central,5,0,4,UT
Utah Valley,Admin/Waste,2016,East North Central,10,,,UT
Utah Valley,Admin/Waste,2016,East South Central,1,0,3,UT
Utah Valley,Admin/Waste,2016,East South Central,5,0,2,UT
Utah Valley,Admin/Waste,2016,East South Central,10,,,UT
Utah Valley,Admin/Waste,2016,Middle Atlantic,1,0,5,UT
Utah Valley,Admin/Waste,2016,Middle Atlantic,5,0,3,UT
Utah Valley,Admin/Waste,2016,Middle Atlantic,10,,,UT
Utah Valley,Admin/Waste,2016,Mountain,1,326,342,UT
Utah Valley,Admin/Waste,2016,Mountain,5,183,204,UT
Utah Valley,Admin/Waste,2016,Mountain,10,,,UT
Utah Valley,Admin/Waste,2016,New England,1,0,0,UT
Utah Valley,Admin/Waste,2016,New England,5,0,0,UT
Utah Valley,Admin/Waste,2016,New England,10,,,UT
Utah Valley,Admin/Waste,2016,Pacific,1,0,12,UT
Utah Valley,Admin/Waste,2016,Pacific,5,0,19,UT
Utah Valley,Admin/Waste,2016,Pacific,10,,,UT
Utah Valley,Admin/Waste,2016,South Atlantic,1,0,12,UT
Utah Valley,Admin/Waste,2016,South Atlantic,5,0,16,UT
Utah Valley,Admin/Waste,2016,South Atlantic,10,,,UT
Utah Valley,Admin/Waste,2016,West North Central,1,0,3,UT
Utah Valley,Admin/Waste,2016,West North Central,5,0,1,UT
Utah Valley,Admin/Waste,2016,West North Central,10,,,UT
Utah Valley,Admin/Waste,2016,West South Central,1,0,9,UT
Utah Valley,Admin/Waste,2016,West South Central,5,0,10,UT
Utah Valley,Admin/Waste,2016,West South Central,10,,,UT
Utah Valley,Admin/Waste,2019,East North Central,1,0,10,UT
Utah Valley,Admin/Waste,2019,East North Central,5,,,UT
Utah Valley,Admin/Waste,2019,East North Central,10,,,UT
Utah Valley,Admin/Waste,2019,East South Central,1,0,0,UT
Utah Valley,Admin/Waste,2019,East South Central,5,,,UT
Utah Valley,Admin/Waste,2019,East South Central,10,,,UT
Utah Valley,Admin/Waste,2019,Middle Atlantic,1,0,6,UT
Utah Valley,Admin/Waste,2019,Middle Atlantic,5,,,UT
Utah Valley,Admin/Waste,2019,Middle Atlantic,10,,,UT
Utah Valley,Admin/Waste,2019,Mountain,1,335,350,UT
Utah Valley,Admin/Waste,2019,Mountain,5,,,UT
Utah Valley,Admin/Waste,2019,Mountain,10,,,UT
Utah Valley,Admin/Waste,2019,New England,1,0,1,UT
Utah Valley,Admin/Waste,2019,New England,5,,,UT
Utah Valley,Admin/Waste,2019,New England,10,,,UT
Utah Valley,Admin/Waste,2019,Pacific,1,0,27,UT
Utah Valley,Admin/Waste,2019,Pacific,5,,,UT
Utah Valley,Admin/Waste,2019,Pacific,10,,,UT
Utah Valley,Admin/Waste,2019,South Atlantic,1,0,6,UT
Utah Valley,Admin/Waste,2019,South Atlantic,5,,,UT
Utah Valley,Admin/Waste,2019,South Atlantic,10,,,UT
Utah Valley,Admin/Waste,2019,West North Central,1,0,0,UT
Utah Valley,Admin/Waste,2019,West North Central,5,,,UT
Utah Valley,Admin/Waste,2019,West North Central,10,,,UT
Utah Valley,Admin/Waste,2019,West South Central,1,0,7,UT
Utah Valley,Admin/Waste,2019,West South Central,5,,,UT
Utah Valley,Admin/Waste,2019,West South Central,10,,,UT
Utah Valley,Agriculture,2010,East North Central,1,0,0,UT
Utah Valley,Agriculture,2010,East North Central,5,0,0,UT
Utah Valley,Agriculture,2010,East North Central,10,0,0,UT
Utah Valley,Agriculture,2010,East South Central,1,0,0,UT
Utah Valley,Agriculture,2010,East South Central,5,0,0,UT
Utah Valley,Agriculture,2010,East South Central,10,0,0,UT
Utah Valley,Agriculture,2010,Middle Atlantic,1,0,0,UT
Utah Valley,Agriculture,2010,Middle Atlantic,5,0,0,UT
Utah Valley,Agriculture,2010,Middle Atlantic,10,0,0,UT
Utah Valley,Agriculture,2010,Mountain,1,2,2,UT
Utah Valley,Agriculture,2010,Mountain,5,0,0,UT
Utah Valley,Agriculture,2010,Mountain,10,2,2,UT
Utah Valley,Agriculture,2010,New England,1,0,0,UT
Utah Valley,Agriculture,2010,New England,5,0,0,UT
Utah Valley,Agriculture,2010,New England,10,0,0,UT
Utah Valley,Agriculture,2010,Pacific,1,0,4,UT
Utah Valley,Agriculture,2010,Pacific,5,0,2,UT
Utah Valley,Agriculture,2010,Pacific,10,0,0,UT
Utah Valley,Agriculture,2010,South Atlantic,1,0,0,UT
Utah Valley,Agriculture,2010,South Atlantic,5,0,0,UT
Utah Valley,Agriculture,2010,South Atlantic,10,0,0,UT
Utah Valley,Agriculture,2010,West North Central,1,0,0,UT
Utah Valley,Agriculture,2010,West North Central,5,0,0,UT
Utah Valley,Agriculture,2010,West North Central,10,0,0,UT
Utah Valley,Agriculture,2010,West South Central,1,0,0,UT
Utah Valley,Agriculture,2010,West South Central,5,0,0,UT
Utah Valley,Agriculture,2010,West South Central,10,0,0,UT
Utah Valley,Agriculture,2013,East North Central,1,0,0,UT
Utah Valley,Agriculture,2013,East North Central,5,0,0,UT
Utah Valley,Agriculture,2013,East North Central,10,,,UT
Utah Valley,Agriculture,2013,East South Central,1,0,0,UT
Utah Valley,Agriculture,2013,East South Central,5,0,0,UT
Utah Valley,Agriculture,2013,East South Central,10,,,UT
Utah Valley,Agriculture,2013,Middle Atlantic,1,0,0,UT
Utah Valley,Agriculture,2013,Middle Atlantic,5,0,0,UT
Utah Valley,Agriculture,2013,Middle Atlantic,10,,,UT
Utah Valley,Agriculture,2013,Mountain,1,2,2,UT
Utah Valley,Agriculture,2013,Mountain,5,3,3,UT
Utah Valley,Agriculture,2013,Mountain,10,,,UT
Utah Valley,Agriculture,2013,New England,1,0,0,UT
Utah Valley,Agriculture,2013,New England,5,0,0,UT
Utah Valley,Agriculture,2013,New England,10,,,UT
Utah Valley,Agriculture,2013,Pacific,1,0,6,UT
Utah Valley,Agriculture,2013,Pacific,5,0,3,UT
Utah Valley,Agriculture,2013,Pacific,10,,,UT
Utah Valley,Agriculture,2013,South Atlantic,1,0,1,UT
Utah Valley,Agriculture,2013,South Atlantic,5,0,0,UT
Utah Valley,Agriculture,2013,South Atlantic,10,,,UT
Utah Valley,Agriculture,2013,West North Central,1,0,0,UT
Utah Valley,Agriculture,2013,West North Central,5,0,0,UT
Utah Valley,Agriculture,2013,West North Central,10,,,UT
Utah Valley,Agriculture,2013,West South Central,1,0,2,UT
Utah Valley,Agriculture,2013,West South Central,5,0,0,UT
Utah Valley,Agriculture,2013,West South Central,10,,,UT
Utah Valley,Agriculture,2016,East North Central,1,0,0,UT
Utah Valley,Agriculture,2016,East North Central,5,0,0,UT
Utah Valley,Agriculture,2016,East North Central,10,,,UT
Utah Valley,Agriculture,2016,East South Central,1,0,0,UT
Utah Valley,Agriculture,2016,East South Central,5,0,0,UT
Utah Valley,Agriculture,2016,East South Central,10,,,UT
Utah Valley,Agriculture,2016,Middle Atlantic,1,0,0,UT
Utah Valley,Agriculture,2016,Middle Atlantic,5,0,0,UT
Utah Valley,Agriculture,2016,Middle Atlantic,10,,,UT
Utah Valley,Agriculture,2016,Mountain,1,3,3,UT
Utah Valley,Agriculture,2016,Mountain,5,4,4,UT
Utah Valley,Agriculture,2016,Mountain,10,,,UT
Utah Valley,Agriculture,2016,New England,1,0,0,UT
Utah Valley,Agriculture,2016,New England,5,0,0,UT
Utah Valley,Agriculture,2016,New England,10,,,UT
Utah Valley,Agriculture,2016,Pacific,1,0,2,UT
Utah Valley,Agriculture,2016,Pacific,5,0,2,UT
Utah Valley,Agriculture,2016,Pacific,10,,,UT
Utah Valley,Agriculture,2016,South Atlantic,1,0,0,UT
Utah Valley,Agriculture,2016,South Atlantic,5,0,0,UT
Utah Valley,Agriculture,2016,South Atlantic,10,,,UT
Utah Valley,Agriculture,2016,West North Central,1,0,0,UT
Utah Valley,Agriculture,2016,West North Central,5,0,0,UT
Utah Valley,Agriculture,2016,West North Central,10,,,UT
Utah Valley,Agriculture,2016,West South Central,1,0,0,UT
Utah Valley,Agriculture,2016,West South Central,5,0,0,UT
Utah Valley,Agriculture,2016,West South Central,10,,,UT
Utah Valley,Agriculture,2019,East North Central,1,0,0,UT
Utah Valley,Agriculture,2019,East North Central,5,,,UT
Utah Valley,Agriculture,2019,East North Central,10,,,UT
Utah Valley,Agriculture,2019,East South Central,1,0,0,UT
Utah Valley,Agriculture,2019,East South Central,5,,,UT
Utah Valley,Agriculture,2019,East South Central,10,,,UT
Utah Valley,Agriculture,2019,Middle Atlantic,1,0,0,UT
Utah Valley,Agriculture,2019,Middle Atlantic,5,,,UT
Utah Valley,Agriculture,2019,Middle Atlantic,10,,,UT
Utah Valley,Agriculture,2019,Mountain,1,3,3,UT
Utah Valley,Agriculture,2019,Mountain,5,,,UT
Utah Valley,Agriculture,2019,Mountain,10,,,UT
Utah Valley,Agriculture,2019,New England,1,0,0,UT
Utah Valley,Agriculture,2019,New England,5,,,UT
Utah Valley,Agriculture,2019,New England,10,,,UT
Utah Valley,Agriculture,2019,Pacific,1,0,3,UT
Utah Valley,Agriculture,2019,Pacific,5,,,UT
Utah Valley,Agriculture,2019,Pacific,10,,,UT
Utah Valley,Agriculture,2019,South Atlantic,1,0,0,UT
Utah Valley,Agriculture,2019,South Atlantic,5,,,UT
Utah Valley,Agriculture,2019,South Atlantic,10,,,UT
Utah Valley,Agriculture,2019,West North Central,1,0,0,UT
Utah Valley,Agriculture,2019,West North Central,5,,,UT
Utah Valley,Agriculture,2019,West North Central,10,,,UT
Utah Valley,Agriculture,2019,West South Central,1,0,0,UT
Utah Valley,Agriculture,2019,West South Central,5,,,UT
Utah Valley,Agriculture,2019,West South Central,10,,,UT
Utah Valley,Arts/Entertainment,2010,East North Central,1,0,0,UT
Utah Valley,Arts/Entertainment,2010,East North Central,5,0,0,UT
Utah Valley,Arts/Entertainment,2010,East North Central,10,0,0,UT
Utah Valley,Arts/Entertainment,2010,East South Central,1,0,0,UT
Utah Valley,Arts/Entertainment,2010,East South Central,5,0,0,UT
Utah Valley,Arts/Entertainment,2010,East South Central,10,0,0,UT
Utah Valley,Arts/Entertainment,2010,Middle Atlantic,1,0,0,UT
Utah Valley,Arts/Entertainment,2010,Middle Atlantic,5,0,1,UT
Utah Valley,Arts/Entertainment,2010,Middle Atlantic,10,0,0,UT
Utah Valley,Arts/Entertainment,2010,Mountain,1,41,41,UT
Utah Valley,Arts/Entertainment,2010,Mountain,5,43,43,UT
Utah Valley,Arts/Entertainment,2010,Mountain,10,35,39,UT
Utah Valley,Arts/Entertainment,2010,New England,1,0,0,UT
Utah Valley,Arts/Entertainment,2010,New England,5,0,0,UT
Utah Valley,Arts/Entertainment,2010,New England,10,0,0,UT
Utah Valley,Arts/Entertainment,2010,Pacific,1,0,5,UT
Utah Valley,Arts/Entertainment,2010,Pacific,5,0,4,UT
Utah Valley,Arts/Entertainment,2010,Pacific,10,0,5,UT
Utah Valley,Arts/Entertainment,2010,South Atlantic,1,0,0,UT
Utah Valley,Arts/Entertainment,2010,South Atlantic,5,0,1,UT
Utah Valley,Arts/Entertainment,2010,South Atlantic,10,0,1,UT
Utah Valley,Arts/Entertainment,2010,West North Central,1,0,0,UT
Utah Valley,Arts/Entertainment,2010,West North Central,5,0,0,UT
Utah Valley,Arts/Entertainment,2010,West North Central,10,0,0,UT
Utah Valley,Arts/Entertainment,2010,West South Central,1,0,0,UT
Utah Valley,Arts/Entertainment,2010,West South Central,5,0,0,UT
Utah Valley,Arts/Entertainment,2010,West South Central,10,0,0,UT
Utah Valley,Arts/Entertainment,2013,East North Central,1,0,0,UT
Utah Valley,Arts/Entertainment,2013,East North Central,5,0,2,UT
Utah Valley,Arts/Entertainment,2013,East North Central,10,,,UT
Utah Valley,Arts/Entertainment,2013,East South Central,1,0,0,UT
Utah Valley,Arts/Entertainment,2013,East South Central,5,0,0,UT
Utah Valley,Arts/Entertainment,2013,East South Central,10,,,UT
Utah Valley,Arts/Entertainment,2013,Middle Atlantic,1,0,0,UT
Utah Valley,Arts/Entertainment,2013,Middle Atlantic,5,0,2,UT
Utah Valley,Arts/Entertainment,2013,Middle Atlantic,10,,,UT
Utah Valley,Arts/Entertainment,2013,Mountain,1,73,76,UT
Utah Valley,Arts/Entertainment,2013,Mountain,5,48,51,UT
Utah Valley,Arts/Entertainment,2013,Mountain,10,,,UT
Utah Valley,Arts/Entertainment,2013,New England,1,0,0,UT
Utah Valley,Arts/Entertainment,2013,New England,5,0,0,UT
Utah Valley,Arts/Entertainment,2013,New England,10,,,UT
Utah Valley,Arts/Entertainment,2013,Pacific,1,0,0,UT
Utah Valley,Arts/Entertainment,2013,Pacific,5,0,10,UT
Utah Valley,Arts/Entertainment,2013,Pacific,10,,,UT
Utah Valley,Arts/Entertainment,2013,South Atlantic,1,0,0,UT
Utah Valley,Arts/Entertainment,2013,South Atlantic,5,0,0,UT
Utah Valley,Arts/Entertainment,2013,South Atlantic,10,,,UT
Utah Valley,Arts/Entertainment,2013,West North Central,1,0,0,UT
Utah Valley,Arts/Entertainment,2013,West North Central,5,0,0,UT
Utah Valley,Arts/Entertainment,2013,West North Central,10,,,UT
Utah Valley,Arts/Entertainment,2013,West South Central,1,0,0,UT
Utah Valley,Arts/Entertainment,2013,West South Central,5,0,0,UT
Utah Valley,Arts/Entertainment,2013,West South Central,10,,,UT
Utah Valley,Arts/Entertainment,2016,East North Central,1,0,0,UT
Utah Valley,Arts/Entertainment,2016,East North Central,5,0,0,UT
Utah Valley,Arts/Entertainment,2016,East North Central,10,,,UT
Utah Valley,Arts/Entertainment,2016,East South Central,1,0,0,UT
Utah Valley,Arts/Entertainment,2016,East South Central,5,0,0,UT
Utah Valley,Arts/Entertainment,2016,East South Central,10,,,UT
Utah Valley,Arts/Entertainment,2016,Middle Atlantic,1,0,1,UT
Utah Valley,Arts/Entertainment,2016,Middle Atlantic,5,0,0,UT
Utah Valley,Arts/Entertainment,2016,Middle Atlantic,10,,,UT
Utah Valley,Arts/Entertainment,2016,Mountain,1,79,80,UT
Utah Valley,Arts/Entertainment,2016,Mountain,5,68,72,UT
Utah Valley,Arts/Entertainment,2016,Mountain,10,,,UT
Utah Valley,Arts/Entertainment,2016,New England,1,0,0,UT
Utah Valley,Arts/Entertainment,2016,New England,5,0,0,UT
Utah Valley,Arts/Entertainment,2016,New England,10,,,UT
Utah Valley,Arts/Entertainment,2016,Pacific,1,0,5,UT
Utah Valley,Arts/Entertainment,2016,Pacific,5,0,10,UT
Utah Valley,Arts/Entertainment,2016,Pacific,10,,,UT
Utah Valley,Arts/Entertainment,2016,South Atlantic,1,0,2,UT
Utah Valley,Arts/Entertainment,2016,South Atlantic,5,0,0,UT
Utah Valley,Arts/Entertainment,2016,South Atlantic,10,,,UT
Utah Valley,Arts/Entertainment,2016,West North Central,1,0,0,UT
Utah Valley,Arts/Entertainment,2016,West North Central,5,0,0,UT
Utah Valley,Arts/Entertainment,2016,West North Central,10,,,UT
Utah Valley,Arts/Entertainment,2016,West South Central,1,0,1,UT
Utah Valley,Arts/Entertainment,2016,West South Central,5,0,1,UT
Utah Valley,Arts/Entertainment,2016,West South Central,10,,,UT
Utah Valley,Arts/Entertainment,2019,East North Central,1,0,1,UT
Utah Valley,Arts/Entertainment,2019,East North Central,5,,,UT
Utah Valley,Arts/Entertainment,2019,East North Central,10,,,UT
Utah Valley,Arts/Entertainment,2019,East South Central,1,0,0,UT
Utah Valley,Arts/Entertainment,2019,East South Central,5,,,UT
Utah Valley,Arts/Entertainment,2019,East South Central,10,,,UT
Utah Valley,Arts/Entertainment,2019,Middle Atlantic,1,0,0,UT
Utah Valley,Arts/Entertainment,2019,Middle Atlantic,5,,,UT
Utah Valley,Arts/Entertainment,2019,Middle Atlantic,10,,,UT
Utah Valley,Arts/Entertainment,2019,Mountain,1,99,99,UT
Utah Valley,Arts/Entertainment,2019,Mountain,5,,,UT
Utah Valley,Arts/Entertainment,2019,Mountain,10,,,UT
Utah Valley,Arts/Entertainment,2019,New England,1,0,0,UT
Utah Valley,Arts/Entertainment,2019,New England,5,,,UT
Utah Valley,Arts/Entertainment,2019,New England,10,,,UT
Utah Valley,Arts/Entertainment,2019,Pacific,1,0,12,UT
Utah Valley,Arts/Entertainment,2019,Pacific,5,,,UT
Utah Valley,Arts/Entertainment,2019,Pacific,10,,,UT
Utah Valley,Arts/Entertainment,2019,South Atlantic,1,0,1,UT
Utah Valley,Arts/Entertainment,2019,South Atlantic,5,,,UT
Utah Valley,Arts/Entertainment,2019,South Atlantic,10,,,UT
Utah Valley,Arts/Entertainment,2019,West North Central,1,0,0,UT
Utah Valley,Arts/Entertainment,2019,West North Central,5,,,UT
Utah Valley,Arts/Entertainment,2019,West North Central,10,,,UT
Utah Valley,Arts/Entertainment,2019,West South Central,1,0,1,UT
Utah Valley,Arts/Entertainment,2019,West South Central,5,,,UT
Utah Valley,Arts/Entertainment,2019,West South Central,10,,,UT
Utah Valley,Construction,2010,East North Central,1,0,0,UT
Utah Valley,Construction,2010,East North Central,5,0,0,UT
Utah Valley,Construction,2010,East North Central,10,0,5,UT
Utah Valley,Construction,2010,East South Central,1,0,0,UT
Utah Valley,Construction,2010,East South Central,5,0,0,UT
Utah Valley,Construction,2010,East South Central,10,0,2,UT
Utah Valley,Construction,2010,Middle Atlantic,1,0,0,UT
Utah Valley,Construction,2010,Middle Atlantic,5,0,3,UT
Utah Valley,Construction,2010,Middle Atlantic,10,0,1,UT
Utah Valley,Construction,2010,Mountain,1,112,122,UT
Utah Valley,Construction,2010,Mountain,5,131,150,UT
Utah Valley,Construction,2010,Mountain,10,150,170,UT
Utah Valley,Construction,2010,New England,1,0,0,UT
Utah Valley,Construction,2010,New England,5,0,0,UT
Utah Valley,Construction,2010,New England,10,0,1,UT
Utah Valley,Construction,2010,Pacific,1,0,9,UT
Utah Valley,Construction,2010,Pacific,5,0,20,UT
Utah Valley,Construction,2010,Pacific,10,0,13,UT
Utah Valley,Construction,2010,South Atlantic,1,0,2,UT
Utah Valley,Construction,2010,South Atlantic,5,0,5,UT
Utah Valley,Construction,2010,South Atlantic,10,0,5,UT
Utah Valley,Construction,2010,West North Central,1,0,1,UT
Utah Valley,Construction,2010,West North Central,5,0,0,UT
Utah Valley,Construction,2010,West North Central,10,0,1,UT
Utah Valley,Construction,2010,West South Central,1,0,4,UT
Utah Valley,Construction,2010,West South Central,5,0,11,UT
Utah Valley,Construction,2010,West South Central,10,0,10,UT
Utah Valley,Construction,2013,East North Central,1,0,6,UT
Utah Valley,Construction,2013,East North Central,5,0,4,UT
Utah Valley,Construction,2013,East North Central,10,,,UT
Utah Valley,Construction,2013,East South Central,1,0,0,UT
Utah Valley,Construction,2013,East South Central,5,0,2,UT
Utah Valley,Construction,2013,East South Central,10,,,UT
Utah Valley,Construction,2013,Middle Atlantic,1,0,1,UT
Utah Valley,Construction,2013,Middle Atlantic,5,0,1,UT
Utah Valley,Construction,2013,Middle Atlantic,10,,,UT
Utah Valley,Construction,2013,Mountain,1,224,231,UT
Utah Valley,Construction,2013,Mountain,5,228,250,UT
Utah Valley,Construction,2013,Mountain,10,,,UT
Utah Valley,Construction,2013,New England,1,0,0,UT
Utah Valley,Construction,2013,New England,5,0,0,UT
Utah Valley,Construction,2013,New England,10,,,UT
Utah Valley,Construction,2013,Pacific,1,0,17,UT
Utah Valley,Construction,2013,Pacific,5,0,22,UT
Utah Valley,Construction,2013,Pacific,10,,,UT
Utah Valley,Construction,2013,South Atlantic,1,0,8,UT
Utah Valley,Construction,2013,South Atlantic,5,0,11,UT
Utah Valley,Construction,2013,South Atlantic,10,,,UT
Utah Valley,Construction,2013,West North Central,1,0,2,UT
Utah Valley,Construction,2013,West North Central,5,0,2,UT
Utah Valley,Construction,2013,West North Central,10,,,UT
Utah Valley,Construction,2013,West South Central,1,0,4,UT
Utah Valley,Construction,2013,West South Central,5,0,4,UT
Utah Valley,Construction,2013,West South Central,10,,,UT
Utah Valley,Construction,2016,East North Central,1,0,0,UT
Utah Valley,Construction,2016,East North Central,5,0,5,UT
Utah Valley,Construction,2016,East North Central,10,,,UT
Utah Valley,Construction,2016,East South Central,1,0,0,UT
Utah Valley,Construction,2016,East South Central,5,0,1,UT
Utah Valley,Construction,2016,East South Central,10,,,UT
Utah Valley,Construction,2016,Middle Atlantic,1,0,3,UT
Utah Valley,Construction,2016,Middle Atlantic,5,0,6,UT
Utah Valley,Construction,2016,Middle Atlantic,10,,,UT
Utah Valley,Construction,2016,Mountain,1,256,268,UT
Utah Valley,Construction,2016,Mountain,5,241,263,UT
Utah Valley,Construction,2016,Mountain,10,,,UT
Utah Valley,Construction,2016,New England,1,0,1,UT
Utah Valley,Construction,2016,New England,5,0,2,UT
Utah Valley,Construction,2016,New England,10,,,UT
Utah Valley,Construction,2016,Pacific,1,0,11,UT
Utah Valley,Construction,2016,Pacific,5,0,19,UT
Utah Valley,Construction,2016,Pacific,10,,,UT
Utah Valley,Construction,2016,South Atlantic,1,0,5,UT
Utah Valley,Construction,2016,South Atlantic,5,0,19,UT
Utah Valley,Construction,2016,South Atlantic,10,,,UT
Utah Valley,Construction,2016,West North Central,1,0,1,UT
Utah Valley,Construction,2016,West North Central,5,0,4,UT
Utah Valley,Construction,2016,West North Central,10,,,UT
Utah Valley,Construction,2016,West South Central,1,0,9,UT
Utah Valley,Construction,2016,West South Central,5,0,13,UT
Utah Valley,Construction,2016,West South Central,10,,,UT
Utah Valley,Construction,2019,East North Central,1,0,2,UT
Utah Valley,Construction,2019,East North Central,5,,,UT
Utah Valley,Construction,2019,East North Central,10,,,UT
Utah Valley,Construction,2019,East South Central,1,0,1,UT
Utah Valley,Construction,2019,East South Central,5,,,UT
Utah Valley,Construction,2019,East South Central,10,,,UT
Utah Valley,Construction,2019,Middle Atlantic,1,0,1,UT
Utah Valley,Construction,2019,Middle Atlantic,5,,,UT
Utah Valley,Construction,2019,Middle Atlantic,10,,,UT
Utah Valley,Construction,2019,Mountain,1,386,400,UT
Utah Valley,Construction,2019,Mountain,5,,,UT
Utah Valley,Construction,2019,Mountain,10,,,UT
Utah Valley,Construction,2019,New England,1,0,2,UT
Utah Valley,Construction,2019,New England,5,,,UT
Utah Valley,Construction,2019,New England,10,,,UT
Utah Valley,Construction,2019,Pacific,1,0,17,UT
Utah Valley,Construction,2019,Pacific,5,,,UT
Utah Valley,Construction,2019,Pacific,10,,,UT
Utah Valley,Construction,2019,South Atlantic,1,0,10,UT
Utah Valley,Construction,2019,South Atlantic,5,,,UT
Utah Valley,Construction,2019,South Atlantic,10,,,UT
Utah Valley,Construction,2019,West North Central,1,0,3,UT
Utah Valley,Construction,2019,West North Central,5,,,UT
Utah Valley,Construction,2019,West North Central,10,,,UT
Utah Valley,Construction,2019,West South Central,1,0,12,UT
Utah Valley,Construction,2019,West South Central,5,,,UT
Utah Valley,Construction,2019,West South Central,10,,,UT
Utah Valley,Education,2010,East North Central,1,0,10,UT
Utah Valley,Education,2010,East North Central,5,0,6,UT
Utah Valley,Education,2010,East North Central,10,0,8,UT
Utah Valley,Education,2010,East South Central,1,0,4,UT
Utah Valley,Education,2010,East South Central,5,0,7,UT
Utah Valley,Education,2010,East South Central,10,0,5,UT
Utah Valley,Education,2010,Middle Atlantic,1,0,3,UT
Utah Valley,Education,2010,Middle Atlantic,5,0,12,UT
Utah Valley,Education,2010,Middle Atlantic,10,0,19,UT
Utah Valley,Education,2010,Mountain,1,606,640,UT
Utah Valley,Education,2010,Mountain,5,559,595,UT
Utah Valley,Education,2010,Mountain,10,547,592,UT
Utah Valley,Education,2010,New England,1,0,4,UT
Utah Valley,Education,2010,New England,5,0,0,UT
Utah Valley,Education,2010,New England,10,0,3,UT
Utah Valley,Education,2010,Pacific,1,0,7,UT
Utah Valley,Education,2010,Pacific,5,0,38,UT
Utah Valley,Education,2010,Pacific,10,0,29,UT
Utah Valley,Education,2010,South Atlantic,1,0,10,UT
Utah Valley,Education,2010,South Atlantic,5,0,22,UT
Utah Valley,Education,2010,South Atlantic,10,0,25,UT
Utah Valley,Education,2010,West North Central,1,0,7,UT
Utah Valley,Education,2010,West North Central,5,0,11,UT
Utah Valley,Education,2010,West North Central,10,0,8,UT
Utah Valley,Education,2010,West South Central,1,0,7,UT
Utah Valley,Education,2010,West South Central,5,0,16,UT
Utah Valley,Education,2010,West South Central,10,0,22,UT
Utah Valley,Education,2013,East North Central,1,0,16,UT
Utah Valley,Education,2013,East North Central,5,0,23,UT
Utah Valley,Education,2013,East North Central,10,,,UT
Utah Valley,Education,2013,East South Central,1,0,3,UT
Utah Valley,Education,2013,East South Central,5,0,6,UT
Utah Valley,Education,2013,East South Central,10,,,UT
Utah Valley,Education,2013,Middle Atlantic,1,0,14,UT
Utah Valley,Education,2013,Middle Atlantic,5,0,8,UT
Utah Valley,Education,2013,Middle Atlantic,10,,,UT
Utah Valley,Education,2013,Mountain,1,946,994,UT
Utah Valley,Education,2013,Mountain,5,831,882,UT
Utah Valley,Education,2013,Mountain,10,,,UT
Utah Valley,Education,2013,New England,1,0,4,UT
Utah Valley,Education,2013,New England,5,0,2,UT
Utah Valley,Education,2013,New England,10,,,UT
Utah Valley,Education,2013,Pacific,1,0,24,UT
Utah Valley,Education,2013,Pacific,5,0,39,UT
Utah Valley,Education,2013,Pacific,10,,,UT
Utah Valley,Education,2013,South Atlantic,1,0,11,UT
Utah Valley,Education,2013,South Atlantic,5,0,17,UT
Utah Valley,Education,2013,South Atlantic,10,,,UT
Utah Valley,Education,2013,West North Central,1,0,6,UT
Utah Valley,Education,2013,West North Central,5,0,15,UT
Utah Valley,Education,2013,West North Central,10,,,UT
Utah Valley,Education,2013,West South Central,1,0,22,UT
Utah Valley,Education,2013,West South Central,5,0,32,UT
Utah Valley,Education,2013,West South Central,10,,,UT
Utah Valley,Education,2016,East North Central,1,0,8,UT
Utah Valley,Education,2016,East North Central,5,0,14,UT
Utah Valley,Education,2016,East North Central,10,,,UT
Utah Valley,Education,2016,East South Central,1,0,2,UT
Utah Valley,Education,2016,East South Central,5,0,5,UT
Utah Valley,Education,2016,East South Central,10,,,UT
Utah Valley,Education,2016,Middle Atlantic,1,0,7,UT
Utah Valley,Education,2016,Middle Atlantic,5,0,13,UT
Utah Valley,Education,2016,Middle Atlantic,10,,,UT
Utah Valley,Education,2016,Mountain,1,897,935,UT
Utah Valley,Education,2016,Mountain,5,825,874,UT
Utah Valley,Education,2016,Mountain,10,,,UT
Utah Valley,Education,2016,New England,1,0,2,UT
Utah Valley,Education,2016,New England,5,0,4,UT
Utah Valley,Education,2016,New England,10,,,UT
Utah Valley,Education,2016,Pacific,1,0,29,UT
Utah Valley,Education,2016,Pacific,5,0,44,UT
Utah Valley,Education,2016,Pacific,10,,,UT
Utah Valley,Education,2016,South Atlantic,1,0,14,UT
Utah Valley,Education,2016,South Atlantic,5,0,23,UT
Utah Valley,Education,2016,South Atlantic,10,,,UT
Utah Valley,Education,2016,West North Central,1,0,9,UT
Utah Valley,Education,2016,West North Central,5,0,11,UT
Utah Valley,Education,2016,West North Central,10,,,UT
Utah Valley,Education,2016,West South Central,1,0,14,UT
Utah Valley,Education,2016,West South Central,5,0,18,UT
Utah Valley,Education,2016,West South Central,10,,,UT
Utah Valley,Education,2019,East North Central,1,0,16,UT
Utah Valley,Education,2019,East North Central,5,,,UT
Utah Valley,Education,2019,East North Central,10,,,UT
Utah Valley,Education,2019,East South Central,1,0,5,UT
Utah Valley,Education,2019,East South Central,5,,,UT
Utah Valley,Education,2019,East South Central,10,,,UT
Utah Valley,Education,2019,Middle Atlantic,1,0,10,UT
Utah Valley,Education,2019,Middle Atlantic,5,,,UT
Utah Valley,Education,2019,Middle Atlantic,10,,,UT
Utah Valley,Education,2019,Mountain,1,1101,1131,UT
Utah Valley,Education,2019,Mountain,5,,,UT
Utah Valley,Education,2019,Mountain,10,,,UT
Utah Valley,Education,2019,New England,1,0,3,UT
Utah Valley,Education,2019,New England,5,,,UT
Utah Valley,Education,2019,New England,10,,,UT
Utah Valley,Education,2019,Pacific,1,0,33,UT
Utah Valley,Education,2019,Pacific,5,,,UT
Utah Valley,Education,2019,Pacific,10,,,UT
Utah Valley,Education,2019,South Atlantic,1,0,17,UT
Utah Valley,Education,2019,South Atlantic,5,,,UT
Utah Valley,Education,2019,South Atlantic,10,,,UT
Utah Valley,Education,2019,West North Central,1,0,4,UT
Utah Valley,Education,2019,West North Central,5,,,UT
Utah Valley,Education,2019,West North Central,10,,,UT
Utah Valley,Education,2019,West South Central,1,0,25,UT
Utah Valley,Education,2019,West South Central,5,,,UT
Utah Valley,Education,2019,West South Central,10,,,UT
Utah Valley,Finance,2010,East North Central,1,0,2,UT
Utah Valley,Finance,2010,East North Central,5,0,3,UT
Utah Valley,Finance,2010,East North Central,10,0,5,UT
Utah Valley,Finance,2010,East South Central,1,0,0,UT
Utah Valley,Finance,2010,East South Central,5,0,1,UT
Utah Valley,Finance,2010,East South Central,10,0,4,UT
Utah Valley,Finance,2010,Middle Atlantic,1,0,3,UT
Utah Valley,Finance,2010,Middle Atlantic,5,0,3,UT
Utah Valley,Finance,2010,Middle Atlantic,10,0,5,UT
Utah Valley,Finance,2010,Mountain,1,189,200,UT
Utah Valley,Finance,2010,Mountain,5,209,220,UT
Utah Valley,Finance,2010,Mountain,10,216,231,UT
Utah Valley,Finance,2010,New England,1,0,0,UT
Utah Valley,Finance,2010,New England,5,0,5,UT
Utah Valley,Finance,2010,New England,10,0,1,UT
Utah Valley,Finance,2010,Pacific,1,0,10,UT
Utah Valley,Finance,2010,Pacific,5,0,13,UT
Utah Valley,Finance,2010,Pacific,10,0,8,UT
Utah Valley,Finance,2010,South Atlantic,1,0,2,UT
Utah Valley,Finance,2010,South Atlantic,5,0,12,UT
Utah Valley,Finance,2010,South Atlantic,10,0,4,UT
Utah Valley,Finance,2010,West North Central,1,0,3,UT
Utah Valley,Finance,2010,West North Central,5,0,0,UT
Utah Valley,Finance,2010,West North Central,10,0,2,UT
Utah Valley,Finance,2010,West South Central,1,0,1,UT
Utah Valley,Finance,2010,West South Central,5,0,8,UT
Utah Valley,Finance,2010,West South Central,10,0,8,UT
Utah Valley,Finance,2013,East North Central,1,0,4,UT
Utah Valley,Finance,2013,East North Central,5,0,7,UT
Utah Valley,Finance,2013,East North Central,10,,,UT
Utah Valley,Finance,2013,East South Central,1,0,0,UT
Utah Valley,Finance,2013,East South Central,5,0,3,UT
Utah Valley,Finance,2013,East South Central,10,,,UT
Utah Valley,Finance,2013,Middle Atlantic,1,0,2,UT
Utah Valley,Finance,2013,Middle Atlantic,5,0,6,UT
Utah Valley,Finance,2013,Middle Atlantic,10,,,UT
Utah Valley,Finance,2013,Mountain,1,298,312,UT
Utah Valley,Finance,2013,Mountain,5,277,310,UT
Utah Valley,Finance,2013,Mountain,10,,,UT
Utah Valley,Finance,2013,New England,1,0,1,UT
Utah Valley,Finance,2013,New England,5,0,0,UT
Utah Valley,Finance,2013,New England,10,,,UT
Utah Valley,Finance,2013,Pacific,1,0,14,UT
Utah Valley,Finance,2013,Pacific,5,0,20,UT
Utah Valley,Finance,2013,Pacific,10,,,UT
Utah Valley,Finance,2013,South Atlantic,1,0,3,UT
Utah Valley,Finance,2013,South Atlantic,5,0,18,UT
Utah Valley,Finance,2013,South Atlantic,10,,,UT
Utah Valley,Finance,2013,West North Central,1,0,4,UT
Utah Valley,Finance,2013,West North Central,5,0,3,UT
Utah Valley,Finance,2013,West North Central,10,,,UT
Utah Valley,Finance,2013,West South Central,1,0,7,UT
Utah Valley,Finance,2013,West South Central,5,0,17,UT
Utah Valley,Finance,2013,West South Central,10,,,UT
Utah Valley,Finance,2016,East North Central,1,0,3,UT
Utah Valley,Finance,2016,East North Central,5,0,2,UT
Utah Valley,Finance,2016,East North Central,10,,,UT
Utah Valley,Finance,2016,East South Central,1,0,0,UT
Utah Valley,Finance,2016,East South Central,5,0,1,UT
Utah Valley,Finance,2016,East South Central,10,,,UT
Utah Valley,Finance,2016,Middle Atlantic,1,0,8,UT
Utah Valley,Finance,2016,Middle Atlantic,5,0,9,UT
Utah Valley,Finance,2016,Middle Atlantic,10,,,UT
Utah Valley,Finance,2016,Mountain,1,356,382,UT
Utah Valley,Finance,2016,Mountain,5,346,367,UT
Utah Valley,Finance,2016,Mountain,10,,,UT
Utah Valley,Finance,2016,New England,1,0,0,UT
Utah Valley,Finance,2016,New England,5,0,3,UT
Utah Valley,Finance,2016,New England,10,,,UT
Utah Valley,Finance,2016,Pacific,1,0,21,UT
Utah Valley,Finance,2016,Pacific,5,0,17,UT
Utah Valley,Finance,2016,Pacific,10,,,UT
Utah Valley,Finance,2016,South Atlantic,1,0,7,UT
Utah Valley,Finance,2016,South Atlantic,5,0,8,UT
Utah Valley,Finance,2016,South Atlantic,10,,,UT
Utah Valley,Finance,2016,West North Central,1,0,2,UT
Utah Valley,Finance,2016,West North Central,5,0,4,UT
Utah Valley,Finance,2016,West North Central,10,,,UT
Utah Valley,Finance,2016,West South Central,1,0,8,UT
Utah Valley,Finance,2016,West South Central,5,0,19,UT
Utah Valley,Finance,2016,West South Central,10,,,UT
Utah Valley,Finance,2019,East North Central,1,0,3,UT
Utah Valley,Finance,2019,East North Central,5,,,UT
Utah Valley,Finance,2019,East North Central,10,,,UT
Utah Valley,Finance,2019,East South Central,1,0,0,UT
Utah Valley,Finance,2019,East South Central,5,,,UT
Utah Valley,Finance,2019,East South Central,10,,,UT
Utah Valley,Finance,2019,Middle Atlantic,1,0,2,UT
Utah Valley,Finance,2019,Middle Atlantic,5,,,UT
Utah Valley,Finance,2019,Middle Atlantic,10,,,UT
Utah Valley,Finance,2019,Mountain,1,510,539,UT
Utah Valley,Finance,2019,Mountain,5,,,UT
Utah Valley,Finance,2019,Mountain,10,,,UT
Utah Valley,Finance,2019,New England,1,0,0,UT
Utah Valley,Finance,2019,New England,5,,,UT
Utah Valley,Finance,2019,New England,10,,,UT
Utah Valley,Finance,2019,Pacific,1,0,21,UT
Utah Valley,Finance,2019,Pacific,5,,,UT
Utah Valley,Finance,2019,Pacific,10,,,UT
Utah Valley,Finance,2019,South Atlantic,1,0,6,UT
Utah Valley,Finance,2019,South Atlantic,5,,,UT
Utah Valley,Finance,2019,South Atlantic,10,,,UT
Utah Valley,Finance,2019,West North Central,1,0,2,UT
Utah Valley,Finance,2019,West North Central,5,,,UT
Utah Valley,Finance,2019,West North Central,10,,,UT
Utah Valley,Finance,2019,West South Central,1,0,12,UT
Utah Valley,Finance,2019,West South Central,5,,,UT
Utah Valley,Finance,2019,West South Central,10,,,UT
Utah Valley,Food/Hospitality,2010,East North Central,1,0,2,UT
Utah Valley,Food/Hospitality,2010,East North Central,5,0,1,UT
Utah Valley,Food/Hospitality,2010,East North Central,10,0,3,UT
Utah Valley,Food/Hospitality,2010,East South Central,1,0,1,UT
Utah Valley,Food/Hospitality,2010,East South Central,5,0,2,UT
Utah Valley,Food/Hospitality,2010,East South Central,10,0,0,UT
Utah Valley,Food/Hospitality,2010,Middle Atlantic,1,0,3,UT
Utah Valley,Food/Hospitality,2010,Middle Atlantic,5,0,7,UT
Utah Valley,Food/Hospitality,2010,Middle Atlantic,10,0,3,UT
Utah Valley,Food/Hospitality,2010,Mountain,1,106,120,UT
Utah Valley,Food/Hospitality,2010,Mountain,5,37,53,UT
Utah Valley,Food/Hospitality,2010,Mountain,10,41,47,UT
Utah Valley,Food/Hospitality,2010,New England,1,0,0,UT
Utah Valley,Food/Hospitality,2010,New England,5,0,1,UT
Utah Valley,Food/Hospitality,2010,New England,10,0,0,UT
Utah Valley,Food/Hospitality,2010,Pacific,1,0,13,UT
Utah Valley,Food/Hospitality,2010,Pacific,5,0,11,UT
Utah Valley,Food/Hospitality,2010,Pacific,10,0,12,UT
Utah Valley,Food/Hospitality,2010,South Atlantic,1,0,5,UT
Utah Valley,Food/Hospitality,2010,South Atlantic,5,0,7,UT
Utah Valley,Food/Hospitality,2010,South Atlantic,10,0,3,UT
Utah Valley,Food/Hospitality,2010,West North Central,1,0,0,UT
Utah Valley,Food/Hospitality,2010,West North Central,5,0,2,UT
Utah Valley,Food/Hospitality,2010,West North Central,10,0,3,UT
Utah Valley,Food/Hospitality,2010,West South Central,1,0,5,UT
Utah Valley,Food/Hospitality,2010,West South Central,5,0,6,UT
Utah Valley,Food/Hospitality,2010,West South Central,10,0,4,UT
Utah Valley,Food/Hospitality,2013,East North Central,1,0,3,UT
Utah Valley,Food/Hospitality,2013,East North Central,5,0,7,UT
Utah Valley,Food/Hospitality,2013,East North Central,10,,,UT
Utah Valley,Food/Hospitality,2013,East South Central,1,0,1,UT
Utah Valley,Food/Hospitality,2013,East South Central,5,0,2,UT
Utah Valley,Food/Hospitality,2013,East South Central,10,,,UT
Utah Valley,Food/Hospitality,2013,Middle Atlantic,1,0,2,UT
Utah Valley,Food/Hospitality,2013,Middle Atlantic,5,0,2,UT
Utah Valley,Food/Hospitality,2013,Middle Atlantic,10,,,UT
Utah Valley,Food/Hospitality,2013,Mountain,1,101,112,UT
Utah Valley,Food/Hospitality,2013,Mountain,5,59,70,UT
Utah Valley,Food/Hospitality,2013,Mountain,10,,,UT
Utah Valley,Food/Hospitality,2013,New England,1,0,0,UT
Utah Valley,Food/Hospitality,2013,New England,5,0,0,UT
Utah Valley,Food/Hospitality,2013,New England,10,,,UT
Utah Valley,Food/Hospitality,2013,Pacific,1,0,12,UT
Utah Valley,Food/Hospitality,2013,Pacific,5,0,24,UT
Utah Valley,Food/Hospitality,2013,Pacific,10,,,UT
Utah Valley,Food/Hospitality,2013,South Atlantic,1,0,8,UT
Utah Valley,Food/Hospitality,2013,South Atlantic,5,0,14,UT
Utah Valley,Food/Hospitality,2013,South Atlantic,10,,,UT
Utah Valley,Food/Hospitality,2013,West North Central,1,0,2,UT
Utah Valley,Food/Hospitality,2013,West North Central,5,0,7,UT
Utah Valley,Food/Hospitality,2013,West North Central,10,,,UT
Utah Valley,Food/Hospitality,2013,West South Central,1,0,7,UT
Utah Valley,Food/Hospitality,2013,West South Central,5,0,5,UT
Utah Valley,Food/Hospitality,2013,West South Central,10,,,UT
Utah Valley,Food/Hospitality,2016,East North Central,1,0,3,UT
Utah Valley,Food/Hospitality,2016,East North Central,5,0,1,UT
Utah Valley,Food/Hospitality,2016,East North Central,10,,,UT
Utah Valley,Food/Hospitality,2016,East South Central,1,0,2,UT
Utah Valley,Food/Hospitality,2016,East South Central,5,0,0,UT
Utah Valley,Food/Hospitality,2016,East South Central,10,,,UT
Utah Valley,Food/Hospitality,2016,Middle Atlantic,1,0,4,UT
Utah Valley,Food/Hospitality,2016,Middle Atlantic,5,0,5,UT
Utah Valley,Food/Hospitality,2016,Middle Atlantic,10,,,UT
Utah Valley,Food/Hospitality,2016,Mountain,1,124,134,UT
Utah Valley,Food/Hospitality,2016,Mountain,5,77,87,UT
Utah Valley,Food/Hospitality,2016,Mountain,10,,,UT
Utah Valley,Food/Hospitality,2016,New England,1,0,0,UT
Utah Valley,Food/Hospitality,2016,New England,5,0,0,UT
Utah Valley,Food/Hospitality,2016,New England,10,,,UT
Utah Valley,Food/Hospitality,2016,Pacific,1,0,17,UT
Utah Valley,Food/Hospitality,2016,Pacific,5,0,9,UT
Utah Valley,Food/Hospitality,2016,Pacific,10,,,UT
Utah Valley,Food/Hospitality,2016,South Atlantic,1,0,4,UT
Utah Valley,Food/Hospitality,2016,South Atlantic,5,0,4,UT
Utah Valley,Food/Hospitality,2016,South Atlantic,10,,,UT
Utah Valley,Food/Hospitality,2016,West North Central,1,0,0,UT
Utah Valley,Food/Hospitality,2016,West North Central,5,0,0,UT
Utah Valley,Food/Hospitality,2016,West North Central,10,,,UT
Utah Valley,Food/Hospitality,2016,West South Central,1,0,11,UT
Utah Valley,Food/Hospitality,2016,West South Central,5,0,6,UT
Utah Valley,Food/Hospitality,2016,West South Central,10,,,UT
Utah Valley,Food/Hospitality,2019,East North Central,1,0,5,UT
Utah Valley,Food/Hospitality,2019,East North Central,5,,,UT
Utah Valley,Food/Hospitality,2019,East North Central,10,,,UT
Utah Valley,Food/Hospitality,2019,East South Central,1,0,0,UT
Utah Valley,Food/Hospitality,2019,East South Central,5,,,UT
Utah Valley,Food/Hospitality,2019,East South Central,10,,,UT
Utah Valley,Food/Hospitality,2019,Middle Atlantic,1,0,5,UT
Utah Valley,Food/Hospitality,2019,Middle Atlantic,5,,,UT
Utah Valley,Food/Hospitality,2019,Middle Atlantic,10,,,UT
Utah Valley,Food/Hospitality,2019,Mountain,1,171,183,UT
Utah Valley,Food/Hospitality,2019,Mountain,5,,,UT
Utah Valley,Food/Hospitality,2019,Mountain,10,,,UT
Utah Valley,Food/Hospitality,2019,New England,1,0,0,UT
Utah Valley,Food/Hospitality,2019,New England,5,,,UT
Utah Valley,Food/Hospitality,2019,New England,10,,,UT
Utah Valley,Food/Hospitality,2019,Pacific,1,0,19,UT
Utah Valley,Food/Hospitality,2019,Pacific,5,,,UT
Utah Valley,Food/Hospitality,2019,Pacific,10,,,UT
Utah Valley,Food/Hospitality,2019,South Atlantic,1,0,5,UT
Utah Valley,Food/Hospitality,2019,South Atlantic,5,,,UT
Utah Valley,Food/Hospitality,2019,South Atlantic,10,,,UT
Utah Valley,Food/Hospitality,2019,West North Central,1,0,2,UT
Utah Valley,Food/Hospitality,2019,West North Central,5,,,UT
Utah Valley,Food/Hospitality,2019,West North Central,10,,,UT
Utah Valley,Food/Hospitality,2019,West South Central,1,0,7,UT
Utah Valley,Food/Hospitality,2019,West South Central,5,,,UT
Utah Valley,Food/Hospitality,2019,West South Central,10,,,UT
Utah Valley,Health Care,2010,East North Central,1,0,9,UT
Utah Valley,Health Care,2010,East North Central,5,0,24,UT
Utah Valley,Health Care,2010,East North Central,10,0,16,UT
Utah Valley,Health Care,2010,East South Central,1,0,2,UT
Utah Valley,Health Care,2010,East South Central,5,0,8,UT
Utah Valley,Health Care,2010,East South Central,10,0,7,UT
Utah Valley,Health Care,2010,Middle Atlantic,1,0,11,UT
Utah Valley,Health Care,2010,Middle Atlantic,5,0,10,UT
Utah Valley,Health Care,2010,Middle Atlantic,10,0,12,UT
Utah Valley,Health Care,2010,Mountain,1,428,453,UT
Utah Valley,Health Care,2010,Mountain,5,401,464,UT
Utah Valley,Health Care,2010,Mountain,10,389,458,UT
Utah Valley,Health Care,2010,New England,1,0,4,UT
Utah Valley,Health Care,2010,New England,5,0,3,UT
Utah Valley,Health Care,2010,New England,10,0,0,UT
Utah Valley,Health Care,2010,Pacific,1,0,19,UT
Utah Valley,Health Care,2010,Pacific,5,0,63,UT
Utah Valley,Health Care,2010,Pacific,10,0,60,UT
Utah Valley,Health Care,2010,South Atlantic,1,0,15,UT
Utah Valley,Health Care,2010,South Atlantic,5,0,18,UT
Utah Valley,Health Care,2010,South Atlantic,10,0,20,UT
Utah Valley,Health Care,2010,West North Central,1,0,2,UT
Utah Valley,Health Care,2010,West North Central,5,0,8,UT
Utah Valley,Health Care,2010,West North Central,10,0,18,UT
Utah Valley,Health Care,2010,West South Central,1,0,22,UT
Utah Valley,Health Care,2010,West South Central,5,0,21,UT
Utah Valley,Health Care,2010,West South Central,10,0,28,UT
Utah Valley,Health Care,2013,East North Central,1,0,16,UT
Utah Valley,Health Care,2013,East North Central,5,0,22,UT
Utah Valley,Health Care,2013,East North Central,10,,,UT
Utah Valley,Health Care,2013,East South Central,1,0,3,UT
Utah Valley,Health Care,2013,East South Central,5,0,8,UT
Utah Valley,Health Care,2013,East South Central,10,,,UT
Utah Valley,Health Care,2013,Middle Atlantic,1,0,15,UT
Utah Valley,Health Care,2013,Middle Atlantic,5,0,15,UT
Utah Valley,Health Care,2013,Middle Atlantic,10,,,UT
Utah Valley,Health Care,2013,Mountain,1,635,669,UT
Utah Valley,Health Care,2013,Mountain,5,567,661,UT
Utah Valley,Health Care,2013,Mountain,10,,,UT
Utah Valley,Health Care,2013,New England,1,0,1,UT
Utah Valley,Health Care,2013,New England,5,0,1,UT
Utah Valley,Health Care,2013,New England,10,,,UT
Utah Valley,Health Care,2013,Pacific,1,0,32,UT
Utah Valley,Health Care,2013,Pacific,5,0,65,UT
Utah Valley,Health Care,2013,Pacific,10,,,UT
Utah Valley,Health Care,2013,South Atlantic,1,0,20,UT
Utah Valley,Health Care,2013,South Atlantic,5,0,29,UT
Utah Valley,Health Care,2013,South Atlantic,10,,,UT
Utah Valley,Health Care,2013,West North Central,1,0,11,UT
Utah Valley,Health Care,2013,West North Central,5,0,13,UT
Utah Valley,Health Care,2013,West North Central,10,,,UT
Utah Valley,Health Care,2013,West South Central,1,0,25,UT
Utah Valley,Health Care,2013,West South Central,5,0,30,UT
Utah Valley,Health Care,2013,West South Central,10,,,UT
Utah Valley,Health Care,2016,East North Central,1,0,15,UT
Utah Valley,Health Care,2016,East North Central,5,0,26,UT
Utah Valley,Health Care,2016,East North Central,10,,,UT
Utah Valley,Health Care,2016,East South Central,1,0,2,UT
Utah Valley,Health Care,2016,East South Central,5,0,7,UT
Utah Valley,Health Care,2016,East South Central,10,,,UT
Utah Valley,Health Care,2016,Middle Atlantic,1,0,11,UT
Utah Valley,Health Care,2016,Middle Atlantic,5,0,21,UT
Utah Valley,Health Care,2016,Middle Atlantic,10,,,UT
Utah Valley,Health Care,2016,Mountain,1,771,805,UT
Utah Valley,Health Care,2016,Mountain,5,686,769,UT
Utah Valley,Health Care,2016,Mountain,10,,,UT
Utah Valley,Health Care,2016,New England,1,0,2,UT
Utah Valley,Health Care,2016,New England,5,0,8,UT
Utah Valley,Health Care,2016,New England,10,,,UT
Utah Valley,Health Care,2016,Pacific,1,0,42,UT
Utah Valley,Health Care,2016,Pacific,5,0,75,UT
Utah Valley,Health Care,2016,Pacific,10,,,UT
Utah Valley,Health Care,2016,South Atlantic,1,0,17,UT
Utah Valley,Health Care,2016,South Atlantic,5,0,27,UT
Utah Valley,Health Care,2016,South Atlantic,10,,,UT
Utah Valley,Health Care,2016,West North Central,1,0,10,UT
Utah Valley,Health Care,2016,West North Central,5,0,18,UT
Utah Valley,Health Care,2016,West North Central,10,,,UT
Utah Valley,Health Care,2016,West South Central,1,0,11,UT
Utah Valley,Health Care,2016,West South Central,5,0,31,UT
Utah Valley,Health Care,2016,West South Central,10,,,UT
Utah Valley,Health Care,2019,East North Central,1,0,7,UT
Utah Valley,Health Care,2019,East North Central,5,,,UT
Utah Valley,Health Care,2019,East North Central,10,,,UT
Utah Valley,Health Care,2019,East South Central,1,0,10,UT
Utah Valley,Health Care,2019,East South Central,5,,,UT
Utah Valley,Health Care,2019,East South Central,10,,,UT
Utah Valley,Health Care,2019,Middle Atlantic,1,0,12,UT
Utah Valley,Health Care,2019,Middle Atlantic,5,,,UT
Utah Valley,Health Care,2019,Middle Atlantic,10,,,UT
Utah Valley,Health Care,2019,Mountain,1,1118,1176,UT
Utah Valley,Health Care,2019,Mountain,5,,,UT
Utah Valley,Health Care,2019,Mountain,10,,,UT
Utah Valley,Health Care,2019,New England,1,0,2,UT
Utah Valley,Health Care,2019,New England,5,,,UT
Utah Valley,Health Care,2019,New England,10,,,UT
Utah Valley,Health Care,2019,Pacific,1,0,31,UT
Utah Valley,Health Care,2019,Pacific,5,,,UT
Utah Valley,Health Care,2019,Pacific,10,,,UT
Utah Valley,Health Care,2019,South Atlantic,1,0,24,UT
Utah Valley,Health Care,2019,South Atlantic,5,,,UT
Utah Valley,Health Care,2019,South Atlantic,10,,,UT
Utah Valley,Health Care,2019,West North Central,1,0,8,UT
Utah Valley,Health Care,2019,West North Central,5,,,UT
Utah Valley,Health Care,2019,West North Central,10,,,UT
Utah Valley,Health Care,2019,West South Central,1,0,18,UT
Utah Valley,Health Care,2019,West South Central,5,,,UT
Utah Valley,Health Care,2019,West South Central,10,,,UT
Utah Valley,Information,2010,East North Central,1,0,0,UT
Utah Valley,Information,2010,East North Central,5,0,5,UT
Utah Valley,Information,2010,East North Central,10,0,2,UT
Utah Valley,Information,2010,East South Central,1,0,0,UT
Utah Valley,Information,2010,East South Central,5,0,0,UT
Utah Valley,Information,2010,East South Central,10,0,2,UT
Utah Valley,Information,2010,Middle Atlantic,1,0,0,UT
Utah Valley,Information,2010,Middle Atlantic,5,0,3,UT
Utah Valley,Information,2010,Middle Atlantic,10,0,2,UT
Utah Valley,Information,2010,Mountain,1,189,190,UT
Utah Valley,Information,2010,Mountain,5,200,217,UT
Utah Valley,Information,2010,Mountain,10,200,201,UT
Utah Valley,Information,2010,New England,1,0,4,UT
Utah Valley,Information,2010,New England,5,0,3,UT
Utah Valley,Information,2010,New England,10,0,0,UT
Utah Valley,Information,2010,Pacific,1,0,7,UT
Utah Valley,Information,2010,Pacific,5,0,15,UT
Utah Valley,Information,2010,Pacific,10,0,18,UT
Utah Valley,Information,2010,South Atlantic,1,0,0,UT
Utah Valley,Information,2010,South Atlantic,5,0,2,UT
Utah Valley,Information,2010,South Atlantic,10,0,5,UT
Utah Valley,Information,2010,West North Central,1,0,0,UT
Utah Valley,Information,2010,West North Central,5,0,1,UT
Utah Valley,Information,2010,West North Central,10,0,0,UT
Utah Valley,Information,2010,West South Central,1,0,6,UT
Utah Valley,Information,2010,West South Central,5,0,3,UT
Utah Valley,Information,2010,West South Central,10,0,6,UT
Utah Valley,Information,2013,East North Central,1,0,4,UT
Utah Valley,Information,2013,East North Central,5,0,6,UT
Utah Valley,Information,2013,East North Central,10,,,UT
Utah Valley,Information,2013,East South Central,1,0,0,UT
Utah Valley,Information,2013,East South Central,5,0,1,UT
Utah Valley,Information,2013,East South Central,10,,,UT
Utah Valley,Information,2013,Middle Atlantic,1,0,4,UT
Utah Valley,Information,2013,Middle Atlantic,5,0,3,UT
Utah Valley,Information,2013,Middle Atlantic,10,,,UT
Utah Valley,Information,2013,Mountain,1,315,317,UT
Utah Valley,Information,2013,Mountain,5,315,328,UT
Utah Valley,Information,2013,Mountain,10,,,UT
Utah Valley,Information,2013,New England,1,0,0,UT
Utah Valley,Information,2013,New England,5,0,0,UT
Utah Valley,Information,2013,New England,10,,,UT
Utah Valley,Information,2013,Pacific,1,0,7,UT
Utah Valley,Information,2013,Pacific,5,0,19,UT
Utah Valley,Information,2013,Pacific,10,,,UT
Utah Valley,Information,2013,South Atlantic,1,0,3,UT
Utah Valley,Information,2013,South Atlantic,5,0,2,UT
Utah Valley,Information,2013,South Atlantic,10,,,UT
Utah Valley,Information,2013,West North Central,1,0,1,UT
Utah Valley,Information,2013,West North Central,5,0,0,UT
Utah Valley,Information,2013,West North Central,10,,,UT
Utah Valley,Information,2013,West South Central,1,0,2,UT
Utah Valley,Information,2013,West South Central,5,0,5,UT
Utah Valley,Information,2013,West South Central,10,,,UT
Utah Valley,Information,2016,East North Central,1,0,2,UT
Utah Valley,Information,2016,East North Central,5,0,3,UT
Utah Valley,Information,2016,East North Central,10,,,UT
Utah Valley,Information,2016,East South Central,1,0,0,UT
Utah Valley,Information,2016,East South Central,5,0,0,UT
Utah Valley,Information,2016,East South Central,10,,,UT
Utah Valley,Information,2016,Middle Atlantic,1,0,4,UT
Utah Valley,Information,2016,Middle Atlantic,5,0,2,UT
Utah Valley,Information,2016,Middle Atlantic,10,,,UT
Utah Valley,Information,2016,Mountain,1,356,361,UT
Utah Valley,Information,2016,Mountain,5,388,400,UT
Utah Valley,Information,2016,Mountain,10,,,UT
Utah Valley,Information,2016,New England,1,0,3,UT
Utah Valley,Information,2016,New England,5,0,0,UT
Utah Valley,Information,2016,New England,10,,,UT
Utah Valley,Information,2016,Pacific,1,0,11,UT
Utah Valley,Information,2016,Pacific,5,0,15,UT
Utah Valley,Information,2016,Pacific,10,,,UT
Utah Valley,Information,2016,South Atlantic,1,0,3,UT
Utah Valley,Information,2016,South Atlantic,5,0,6,UT
Utah Valley,Information,2016,South Atlantic,10,,,UT
Utah Valley,Information,2016,West North Central,1,0,0,UT
Utah Valley,Information,2016,West North Central,5,0,0,UT
Utah Valley,Information,2016,West North Central,10,,,UT
Utah Valley,Information,2016,West South Central,1,0,3,UT
Utah Valley,Information,2016,West South Central,5,0,8,UT
Utah Valley,Information,2016,West South Central,10,,,UT
Utah Valley,Information,2019,East North Central,1,0,1,UT
Utah Valley,Information,2019,East North Central,5,,,UT
Utah Valley,Information,2019,East North Central,10,,,UT
Utah Valley,Information,2019,East South Central,1,0,0,UT
Utah Valley,Information,2019,East South Central,5,,,UT
Utah Valley,Information,2019,East South Central,10,,,UT
Utah Valley,Information,2019,Middle Atlantic,1,0,2,UT
Utah Valley,Information,2019,Middle Atlantic,5,,,UT
Utah Valley,Information,2019,Middle Atlantic,10,,,UT
Utah Valley,Information,2019,Mountain,1,481,482,UT
Utah Valley,Information,2019,Mountain,5,,,UT
Utah Valley,Information,2019,Mountain,10,,,UT
Utah Valley,Information,2019,New England,1,0,0,UT
Utah Valley,Information,2019,New England,5,,,UT
Utah Valley,Information,2019,New England,10,,,UT
Utah Valley,Information,2019,Pacific,1,0,13,UT
Utah Valley,Information,2019,Pacific,5,,,UT
Utah Valley,Information,2019,Pacific,10,,,UT
Utah Valley,Information,2019,South Atlantic,1,0,2,UT
Utah Valley,Information,2019,South Atlantic,5,,,UT
Utah Valley,Information,2019,South Atlantic,10,,,UT
Utah Valley,Information,2019,West North Central,1,0,0,UT
Utah Valley,Information,2019,West North Central,5,,,UT
Utah Valley,Information,2019,West North Central,10,,,UT
Utah Valley,Information,2019,West South Central,1,0,4,UT
Utah Valley,Information,2019,West South Central,5,,,UT
Utah Valley,Information,2019,West South Central,10,,,UT
Utah Valley,Management,2010,East North Central,1,0,0,UT
Utah Valley,Management,2010,East North Central,5,0,2,UT
Utah Valley,Management,2010,East North Central,10,0,1,UT
Utah Valley,Management,2010,East South Central,1,0,0,UT
Utah Valley,Management,2010,East South Central,5,0,0,UT
Utah Valley,Management,2010,East South Central,10,0,0,UT
Utah Valley,Management,2010,Middle Atlantic,1,0,0,UT
Utah Valley,Management,2010,Middle Atlantic,5,0,1,UT
Utah Valley,Management,2010,Middle Atlantic,10,0,0,UT
Utah Valley,Management,2010,Mountain,1,47,47,UT
Utah Valley,Management,2010,Mountain,5,37,39,UT
Utah Valley,Management,2010,Mountain,10,28,31,UT
Utah Valley,Management,2010,New England,1,0,0,UT
Utah Valley,Management,2010,New England,5,0,0,UT
Utah Valley,Management,2010,New England,10,0,0,UT
Utah Valley,Management,2010,Pacific,1,0,0,UT
Utah Valley,Management,2010,Pacific,5,0,2,UT
Utah Valley,Management,2010,Pacific,10,0,0,UT
Utah Valley,Management,2010,South Atlantic,1,0,0,UT
Utah Valley,Management,2010,South Atlantic,5,0,1,UT
Utah Valley,Management,2010,South Atlantic,10,0,7,UT
Utah Valley,Management,2010,West North Central,1,0,0,UT
Utah Valley,Management,2010,West North Central,5,0,0,UT
Utah Valley,Management,2010,West North Central,10,0,0,UT
Utah Valley,Management,2010,West South Central,1,0,0,UT
Utah Valley,Management,2010,West South Central,5,0,3,UT
Utah Valley,Management,2010,West South Central,10,0,3,UT
Utah Valley,Management,2013,East North Central,1,0,0,UT
Utah Valley,Management,2013,East North Central,5,0,2,UT
Utah Valley,Management,2013,East North Central,10,,,UT
Utah Valley,Management,2013,East South Central,1,0,0,UT
Utah Valley,Management,2013,East South Central,5,0,0,UT
Utah Valley,Management,2013,East South Central,10,,,UT
Utah Valley,Management,2013,Middle Atlantic,1,0,0,UT
Utah Valley,Management,2013,Middle Atlantic,5,0,0,UT
Utah Valley,Management,2013,Middle Atlantic,10,,,UT
Utah Valley,Management,2013,Mountain,1,62,63,UT
Utah Valley,Management,2013,Mountain,5,56,59,UT
Utah Valley,Management,2013,Mountain,10,,,UT
Utah Valley,Management,2013,New England,1,0,0,UT
Utah Valley,Management,2013,New England,5,0,0,UT
Utah Valley,Management,2013,New England,10,,,UT
Utah Valley,Management,2013,Pacific,1,0,4,UT
Utah Valley,Management,2013,Pacific,5,0,8,UT
Utah Valley,Management,2013,Pacific,10,,,UT
Utah Valley,Management,2013,South Atlantic,1,0,1,UT
Utah Valley,Management,2013,South Atlantic,5,0,1,UT
Utah Valley,Management,2013,South Atlantic,10,,,UT
Utah Valley,Management,2013,West North Central,1,0,0,UT
Utah Valley,Management,2013,West North Central,5,0,0,UT
Utah Valley,Management,2013,West North Central,10,,,UT
Utah Valley,Management,2013,West South Central,1,0,1,UT
Utah Valley,Management,2013,West South Central,5,0,5,UT
Utah Valley,Management,2013,West South Central,10,,,UT
Utah Valley,Management,2016,East North Central,1,0,0,UT
Utah Valley,Management,2016,East North Central,5,0,2,UT
Utah Valley,Management,2016,East North Central,10,,,UT
Utah Valley,Management,2016,East South Central,1,0,0,UT
Utah Valley,Management,2016,East South Central,5,0,0,UT
Utah Valley,Management,2016,East South Central,10,,,UT
Utah Valley,Management,2016,Middle Atlantic,1,0,0,UT
Utah Valley,Management,2016,Middle Atlantic,5,0,0,UT
Utah Valley,Management,2016,Middle Atlantic,10,,,UT
Utah Valley,Management,2016,Mountain,1,64,64,UT
Utah Valley,Management,2016,Mountain,5,67,68,UT
Utah Valley,Management,2016,Mountain,10,,,UT
Utah Valley,Management,2016,New England,1,0,0,UT
Utah Valley,Management,2016,New England,5,0,0,UT
Utah Valley,Management,2016,New England,10,,,UT
Utah Valley,Management,2016,Pacific,1,0,3,UT
Utah Valley,Management,2016,Pacific,5,0,9,UT
Utah Valley,Management,2016,Pacific,10,,,UT
Utah Valley,Management,2016,South Atlantic,1,0,0,UT
Utah Valley,Management,2016,South Atlantic,5,0,1,UT
Utah Valley,Management,2016,South Atlantic,10,,,UT
Utah Valley,Management,2016,West North Central,1,0,0,UT
Utah Valley,Management,2016,West North Central,5,0,0,UT
Utah Valley,Management,2016,West North Central,10,,,UT
Utah Valley,Management,2016,West South Central,1,0,0,UT
Utah Valley,Management,2016,West South Central,5,0,8,UT
Utah Valley,Management,2016,West South Central,10,,,UT
Utah Valley,Management,2019,East North Central,1,0,0,UT
Utah Valley,Management,2019,East North Central,5,,,UT
Utah Valley,Management,2019,East North Central,10,,,UT
Utah Valley,Management,2019,East South Central,1,0,0,UT
Utah Valley,Management,2019,East South Central,5,,,UT
Utah Valley,Management,2019,East South Central,10,,,UT
Utah Valley,Management,2019,Middle Atlantic,1,0,0,UT
Utah Valley,Management,2019,Middle Atlantic,5,,,UT
Utah Valley,Management,2019,Middle Atlantic,10,,,UT
Utah Valley,Management,2019,Mountain,1,104,106,UT
Utah Valley,Management,2019,Mountain,5,,,UT
Utah Valley,Management,2019,Mountain,10,,,UT
Utah Valley,Management,2019,New England,1,0,0,UT
Utah Valley,Management,2019,New England,5,,,UT
Utah Valley,Management,2019,New England,10,,,UT
Utah Valley,Management,2019,Pacific,1,0,6,UT
Utah Valley,Management,2019,Pacific,5,,,UT
Utah Valley,Management,2019,Pacific,10,,,UT
Utah Valley,Management,2019,South Atlantic,1,0,0,UT
Utah Valley,Management,2019,South Atlantic,5,,,UT
Utah Valley,Management,2019,South Atlantic,10,,,UT
Utah Valley,Management,2019,West North Central,1,0,0,UT
Utah Valley,Management,2019,West North Central,5,,,UT
Utah Valley,Management,2019,West North Central,10,,,UT
Utah Valley,Management,2019,West South Central,1,0,4,UT
Utah Valley,Management,2019,West South Central,5,,,UT
Utah Valley,Management,2019,West South Central,10,,,UT
Utah Valley,Manufacturing,2010,East North Central,1,0,11,UT
Utah Valley,Manufacturing,2010,East North Central,5,0,12,UT
Utah Valley,Manufacturing,2010,East North Central,10,0,15,UT
Utah Valley,Manufacturing,2010,East South Central,1,0,1,UT
Utah Valley,Manufacturing,2010,East South Central,5,0,3,UT
Utah Valley,Manufacturing,2010,East South Central,10,0,8,UT
Utah Valley,Manufacturing,2010,Middle Atlantic,1,0,2,UT
Utah Valley,Manufacturing,2010,Middle Atlantic,5,0,6,UT
Utah Valley,Manufacturing,2010,Middle Atlantic,10,0,3,UT
Utah Valley,Manufacturing,2010,Mountain,1,187,199,UT
Utah Valley,Manufacturing,2010,Mountain,5,146,165,UT
Utah Valley,Manufacturing,2010,Mountain,10,135,150,UT
Utah Valley,Manufacturing,2010,New England,1,0,0,UT
Utah Valley,Manufacturing,2010,New England,5,0,3,UT
Utah Valley,Manufacturing,2010,New England,10,0,0,UT
Utah Valley,Manufacturing,2010,Pacific,1,0,10,UT
Utah Valley,Manufacturing,2010,Pacific,5,0,19,UT
Utah Valley,Manufacturing,2010,Pacific,10,0,29,UT
Utah Valley,Manufacturing,2010,South Atlantic,1,0,4,UT
Utah Valley,Manufacturing,2010,South Atlantic,5,0,9,UT
Utah Valley,Manufacturing,2010,South Atlantic,10,0,15,UT
Utah Valley,Manufacturing,2010,West North Central,1,0,3,UT
Utah Valley,Manufacturing,2010,West North Central,5,0,2,UT
Utah Valley,Manufacturing,2010,West North Central,10,0,6,UT
Utah Valley,Manufacturing,2010,West South Central,1,0,3,UT
Utah Valley,Manufacturing,2010,West South Central,5,0,21,UT
Utah Valley,Manufacturing,2010,West South Central,10,0,13,UT
Utah Valley,Manufacturing,2013,East North Central,1,0,12,UT
Utah Valley,Manufacturing,2013,East North Central,5,0,16,UT
Utah Valley,Manufacturing,2013,East North Central,10,,,UT
Utah Valley,Manufacturing,2013,East South Central,1,0,6,UT
Utah Valley,Manufacturing,2013,East South Central,5,0,5,UT
Utah Valley,Manufacturing,2013,East South Central,10,,,UT
Utah Valley,Manufacturing,2013,Middle Atlantic,1,0,8,UT
Utah Valley,Manufacturing,2013,Middle Atlantic,5,0,6,UT
Utah Valley,Manufacturing,2013,Middle Atlantic,10,,,UT
Utah Valley,Manufacturing,2013,Mountain,1,210,234,UT
Utah Valley,Manufacturing,2013,Mountain,5,217,231,UT
Utah Valley,Manufacturing,2013,Mountain,10,,,UT
Utah Valley,Manufacturing,2013,New England,1,0,1,UT
Utah Valley,Manufacturing,2013,New England,5,0,0,UT
Utah Valley,Manufacturing,2013,New England,10,,,UT
Utah Valley,Manufacturing,2013,Pacific,1,0,29,UT
Utah Valley,Manufacturing,2013,Pacific,5,0,27,UT
Utah Valley,Manufacturing,2013,Pacific,10,,,UT
Utah Valley,Manufacturing,2013,South Atlantic,1,0,11,UT
Utah Valley,Manufacturing,2013,South Atlantic,5,0,11,UT
Utah Valley,Manufacturing,2013,South Atlantic,10,,,UT
Utah Valley,Manufacturing,2013,West North Central,1,0,0,UT
Utah Valley,Manufacturing,2013,West North Central,5,0,6,UT
Utah Valley,Manufacturing,2013,West North Central,10,,,UT
Utah Valley,Manufacturing,2013,West South Central,1,0,6,UT
Utah Valley,Manufacturing,2013,West South Central,5,0,7,UT
Utah Valley,Manufacturing,2013,West South Central,10,,,UT
Utah Valley,Manufacturing,2016,East North Central,1,0,15,UT
Utah Valley,Manufacturing,2016,East North Central,5,0,21,UT
Utah Valley,Manufacturing,2016,East North Central,10,,,UT
Utah Valley,Manufacturing,2016,East South Central,1,0,7,UT
Utah Valley,Manufacturing,2016,East South Central,5,0,5,UT
Utah Valley,Manufacturing,2016,East South Central,10,,,UT
Utah Valley,Manufacturing,2016,Middle Atlantic,1,0,4,UT
Utah Valley,Manufacturing,2016,Middle Atlantic,5,0,5,UT
Utah Valley,Manufacturing,2016,Middle Atlantic,10,,,UT
Utah Valley,Manufacturing,2016,Mountain,1,263,271,UT
Utah Valley,Manufacturing,2016,Mountain,5,260,271,UT
Utah Valley,Manufacturing,2016,Mountain,10,,,UT
Utah Valley,Manufacturing,2016,New England,1,0,0,UT
Utah Valley,Manufacturing,2016,New England,5,0,3,UT
Utah Valley,Manufacturing,2016,New England,10,,,UT
Utah Valley,Manufacturing,2016,Pacific,1,0,13,UT
Utah Valley,Manufacturing,2016,Pacific,5,0,24,UT
Utah Valley,Manufacturing,2016,Pacific,10,,,UT
Utah Valley,Manufacturing,2016,South Atlantic,1,0,11,UT
Utah Valley,Manufacturing,2016,South Atlantic,5,0,18,UT
Utah Valley,Manufacturing,2016,South Atlantic,10,,,UT
Utah Valley,Manufacturing,2016,West North Central,1,0,2,UT
Utah Valley,Manufacturing,2016,West North Central,5,0,8,UT
Utah Valley,Manufacturing,2016,West North Central,10,,,UT
Utah Valley,Manufacturing,2016,West South Central,1,0,8,UT
Utah Valley,Manufacturing,2016,West South Central,5,0,14,UT
Utah Valley,Manufacturing,2016,West South Central,10,,,UT
Utah Valley,Manufacturing,2019,East North Central,1,0,9,UT
Utah Valley,Manufacturing,2019,East North Central,5,,,UT
Utah Valley,Manufacturing,2019,East North Central,10,,,UT
Utah Valley,Manufacturing,2019,East South Central,1,0,3,UT
Utah Valley,Manufacturing,2019,East South Central,5,,,UT
Utah Valley,Manufacturing,2019,East South Central,10,,,UT
Utah Valley,Manufacturing,2019,Middle Atlantic,1,0,2,UT
Utah Valley,Manufacturing,2019,Middle Atlantic,5,,,UT
Utah Valley,Manufacturing,2019,Middle Atlantic,10,,,UT
Utah Valley,Manufacturing,2019,Mountain,1,363,367,UT
Utah Valley,Manufacturing,2019,Mountain,5,,,UT
Utah Valley,Manufacturing,2019,Mountain,10,,,UT
Utah Valley,Manufacturing,2019,New England,1,0,0,UT
Utah Valley,Manufacturing,2019,New England,5,,,UT
Utah Valley,Manufacturing,2019,New England,10,,,UT
Utah Valley,Manufacturing,2019,Pacific,1,0,21,UT
Utah Valley,Manufacturing,2019,Pacific,5,,,UT
Utah Valley,Manufacturing,2019,Pacific,10,,,UT
Utah Valley,Manufacturing,2019,South Atlantic,1,0,7,UT
Utah Valley,Manufacturing,2019,South Atlantic,5,,,UT
Utah Valley,Manufacturing,2019,South Atlantic,10,,,UT
Utah Valley,Manufacturing,2019,West North Central,1,0,3,UT
Utah Valley,Manufacturing,2019,West North Central,5,,,UT
Utah Valley,Manufacturing,2019,West North Central,10,,,UT
Utah Valley,Manufacturing,2019,West South Central,1,0,9,UT
Utah Valley,Manufacturing,2019,West South Central,5,,,UT
Utah Valley,Manufacturing,2019,West South Central,10,,,UT
Utah Valley,Mining,2010,East North Central,1,0,0,UT
Utah Valley,Mining,2010,East North Central,5,0,0,UT
Utah Valley,Mining,2010,East North Central,10,0,0,UT
Utah Valley,Mining,2010,East South Central,1,0,0,UT
Utah Valley,Mining,2010,East South Central,5,0,0,UT
Utah Valley,Mining,2010,East South Central,10,0,0,UT
Utah Valley,Mining,2010,Middle Atlantic,1,0,0,UT
Utah Valley,Mining,2010,Middle Atlantic,5,0,0,UT
Utah Valley,Mining,2010,Middle Atlantic,10,0,0,UT
Utah Valley,Mining,2010,Mountain,1,6,6,UT
Utah Valley,Mining,2010,Mountain,5,4,4,UT
Utah Valley,Mining,2010,Mountain,10,7,7,UT
Utah Valley,Mining,2010,New England,1,0,0,UT
Utah Valley,Mining,2010,New England,5,0,0,UT
Utah Valley,Mining,2010,New England,10,0,0,UT
Utah Valley,Mining,2010,Pacific,1,0,0,UT
Utah Valley,Mining,2010,Pacific,5,0,0,UT
Utah Valley,Mining,2010,Pacific,10,0,0,UT
Utah Valley,Mining,2010,South Atlantic,1,0,0,UT
Utah Valley,Mining,2010,South Atlantic,5,0,0,UT
Utah Valley,Mining,2010,South Atlantic,10,0,0,UT
Utah Valley,Mining,2010,West North Central,1,0,0,UT
Utah Valley,Mining,2010,West North Central,5,0,0,UT
Utah Valley,Mining,2010,West North Central,10,0,0,UT
Utah Valley,Mining,2010,West South Central,1,0,0,UT
Utah Valley,Mining,2010,West South Central,5,0,0,UT
Utah Valley,Mining,2010,West South Central,10,0,4,UT
Utah Valley,Mining,2013,East North Central,1,0,0,UT
Utah Valley,Mining,2013,East North Central,5,0,0,UT
Utah Valley,Mining,2013,East North Central,10,,,UT
Utah Valley,Mining,2013,East South Central,1,0,0,UT
Utah Valley,Mining,2013,East South Central,5,0,0,UT
Utah Valley,Mining,2013,East South Central,10,,,UT
Utah Valley,Mining,2013,Middle Atlantic,1,0,0,UT
Utah Valley,Mining,2013,Middle Atlantic,5,0,0,UT
Utah Valley,Mining,2013,Middle Atlantic,10,,,UT
Utah Valley,Mining,2013,Mountain,1,8,8,UT
Utah Valley,Mining,2013,Mountain,5,5,5,UT
Utah Valley,Mining,2013,Mountain,10,,,UT
Utah Valley,Mining,2013,New England,1,0,0,UT
Utah Valley,Mining,2013,New England,5,0,0,UT
Utah Valley,Mining,2013,New England,10,,,UT
Utah Valley,Mining,2013,Pacific,1,0,1,UT
Utah Valley,Mining,2013,Pacific,5,0,0,UT
Utah Valley,Mining,2013,Pacific,10,,,UT
Utah Valley,Mining,2013,South Atlantic,1,0,0,UT
Utah Valley,Mining,2013,South Atlantic,5,0,0,UT
Utah Valley,Mining,2013,South Atlantic,10,,,UT
Utah Valley,Mining,2013,West North Central,1,0,0,UT
Utah Valley,Mining,2013,West North Central,5,0,0,UT
Utah Valley,Mining,2013,West North Central,10,,,UT
Utah Valley,Mining,2013,West South Central,1,0,4,UT
Utah Valley,Mining,2013,West South Central,5,0,5,UT
Utah Valley,Mining,2013,West South Central,10,,,UT
Utah Valley,Mining,2016,East North Central,1,0,0,UT
Utah Valley,Mining,2016,East North Central,5,0,0,UT
Utah Valley,Mining,2016,East North Central,10,,,UT
Utah Valley,Mining,2016,East South Central,1,0,0,UT
Utah Valley,Mining,2016,East South Central,5,0,0,UT
Utah Valley,Mining,2016,East South Central,10,,,UT
Utah Valley,Mining,2016,Middle Atlantic,1,0,0,UT
Utah Valley,Mining,2016,Middle Atlantic,5,0,0,UT
Utah Valley,Mining,2016,Middle Atlantic,10,,,UT
Utah Valley,Mining,2016,Mountain,1,2,2,UT
Utah Valley,Mining,2016,Mountain,5,7,7,UT
Utah Valley,Mining,2016,Mountain,10,,,UT
Utah Valley,Mining,2016,New England,1,0,0,UT
Utah Valley,Mining,2016,New England,5,0,0,UT
Utah Valley,Mining,2016,New England,10,,,UT
Utah Valley,Mining,2016,Pacific,1,0,0,UT
Utah Valley,Mining,2016,Pacific,5,0,0,UT
Utah Valley,Mining,2016,Pacific,10,,,UT
Utah Valley,Mining,2016,South Atlantic,1,0,0,UT
Utah Valley,Mining,2016,South Atlantic,5,0,0,UT
Utah Valley,Mining,2016,South Atlantic,10,,,UT
Utah Valley,Mining,2016,West North Central,1,0,0,UT
Utah Valley,Mining,2016,West North Central,5,0,0,UT
Utah Valley,Mining,2016,West North Central,10,,,UT
Utah Valley,Mining,2016,West South Central,1,0,1,UT
Utah Valley,Mining,2016,West South Central,5,0,3,UT
Utah Valley,Mining,2016,West South Central,10,,,UT
Utah Valley,Mining,2019,East North Central,1,0,0,UT
Utah Valley,Mining,2019,East North Central,5,,,UT
Utah Valley,Mining,2019,East North Central,10,,,UT
Utah Valley,Mining,2019,East South Central,1,0,0,UT
Utah Valley,Mining,2019,East South Central,5,,,UT
Utah Valley,Mining,2019,East South Central,10,,,UT
Utah Valley,Mining,2019,Middle Atlantic,1,0,0,UT
Utah Valley,Mining,2019,Middle Atlantic,5,,,UT
Utah Valley,Mining,2019,Middle Atlantic,10,,,UT
Utah Valley,Mining,2019,Mountain,1,10,10,UT
Utah Valley,Mining,2019,Mountain,5,,,UT
Utah Valley,Mining,2019,Mountain,10,,,UT
Utah Valley,Mining,2019,New England,1,0,0,UT
Utah Valley,Mining,2019,New England,5,,,UT
Utah Valley,Mining,2019,New England,10,,,UT
Utah Valley,Mining,2019,Pacific,1,0,0,UT
Utah Valley,Mining,2019,Pacific,5,,,UT
Utah Valley,Mining,2019,Pacific,10,,,UT
Utah Valley,Mining,2019,South Atlantic,1,0,0,UT
Utah Valley,Mining,2019,South Atlantic,5,,,UT
Utah Valley,Mining,2019,South Atlantic,10,,,UT
Utah Valley,Mining,2019,West North Central,1,0,0,UT
Utah Valley,Mining,2019,West North Central,5,,,UT
Utah Valley,Mining,2019,West North Central,10,,,UT
Utah Valley,Mining,2019,West South Central,1,0,3,UT
Utah Valley,Mining,2019,West South Central,5,,,UT
Utah Valley,Mining,2019,West South Central,10,,,UT
Utah Valley,Other Services,2010,East North Central,1,0,0,UT
Utah Valley,Other Services,2010,East North Central,5,0,1,UT
Utah Valley,Other Services,2010,East North Central,10,0,1,UT
Utah Valley,Other Services,2010,East South Central,1,0,0,UT
Utah Valley,Other Services,2010,East South Central,5,0,0,UT
Utah Valley,Other Services,2010,East South Central,10,0,0,UT
Utah Valley,Other Services,2010,Middle Atlantic,1,0,0,UT
Utah Valley,Other Services,2010,Middle Atlantic,5,0,2,UT
Utah Valley,Other Services,2010,Middle Atlantic,10,0,0,UT
Utah Valley,Other Services,2010,Mountain,1,35,37,UT
Utah Valley,Other Services,2010,Mountain,5,32,34,UT
Utah Valley,Other Services,2010,Mountain,10,26,27,UT
Utah Valley,Other Services,2010,New England,1,0,0,UT
Utah Valley,Other Services,2010,New England,5,0,0,UT
Utah Valley,Other Services,2010,New England,10,0,1,UT
Utah Valley,Other Services,2010,Pacific,1,0,4,UT
Utah Valley,Other Services,2010,Pacific,5,0,3,UT
Utah Valley,Other Services,2010,Pacific,10,0,4,UT
Utah Valley,Other Services,2010,South Atlantic,1,0,0,UT
Utah Valley,Other Services,2010,South Atlantic,5,0,2,UT
Utah Valley,Other Services,2010,South Atlantic,10,0,1,UT
Utah Valley,Other Services,2010,West North Central,1,0,0,UT
Utah Valley,Other Services,2010,West North Central,5,0,0,UT
Utah Valley,Other Services,2010,West North Central,10,0,0,UT
Utah Valley,Other Services,2010,West South Central,1,0,0,UT
Utah Valley,Other Services,2010,West South Central,5,0,0,UT
Utah Valley,Other Services,2010,West South Central,10,0,0,UT
Utah Valley,Other Services,2013,East North Central,1,0,2,UT
Utah Valley,Other Services,2013,East North Central,5,0,2,UT
Utah Valley,Other Services,2013,East North Central,10,,,UT
Utah Valley,Other Services,2013,East South Central,1,0,2,UT
Utah Valley,Other Services,2013,East South Central,5,0,0,UT
Utah Valley,Other Services,2013,East South Central,10,,,UT
Utah Valley,Other Services,2013,Middle Atlantic,1,0,3,UT
Utah Valley,Other Services,2013,Middle Atlantic,5,0,3,UT
Utah Valley,Other Services,2013,Middle Atlantic,10,,,UT
Utah Valley,Other Services,2013,Mountain,1,46,47,UT
Utah Valley,Other Services,2013,Mountain,5,29,33,UT
Utah Valley,Other Services,2013,Mountain,10,,,UT
Utah Valley,Other Services,2013,New England,1,0,0,UT
Utah Valley,Other Services,2013,New England,5,0,0,UT
Utah Valley,Other Services,2013,New England,10,,,UT
Utah Valley,Other Services,2013,Pacific,1,0,5,UT
Utah Valley,Other Services,2013,Pacific,5,0,5,UT
Utah Valley,Other Services,2013,Pacific,10,,,UT
Utah Valley,Other Services,2013,South Atlantic,1,0,2,UT
Utah Valley,Other Services,2013,South Atlantic,5,0,4,UT
Utah Valley,Other Services,2013,South Atlantic,10,,,UT
Utah Valley,Other Services,2013,West North Central,1,0,2,UT
Utah Valley,Other Services,2013,West North Central,5,0,0,UT
Utah Valley,Other Services,2013,West North Central,10,,,UT
Utah Valley,Other Services,2013,West South Central,1,0,4,UT
Utah Valley,Other Services,2013,West South Central,5,0,1,UT
Utah Valley,Other Services,2013,West South Central,10,,,UT
Utah Valley,Other Services,2016,East North Central,1,0,0,UT
Utah Valley,Other Services,2016,East North Central,5,0,0,UT
Utah Valley,Other Services,2016,East North Central,10,,,UT
Utah Valley,Other Services,2016,East South Central,1,0,1,UT
Utah Valley,Other Services,2016,East South Central,5,0,0,UT
Utah Valley,Other Services,2016,East South Central,10,,,UT
Utah Valley,Other Services,2016,Middle Atlantic,1,0,5,UT
Utah Valley,Other Services,2016,Middle Atlantic,5,0,0,UT
Utah Valley,Other Services,2016,Middle Atlantic,10,,,UT
Utah Valley,Other Services,2016,Mountain,1,51,52,UT
Utah Valley,Other Services,2016,Mountain,5,58,60,UT
Utah Valley,Other Services,2016,Mountain,10,,,UT
Utah Valley,Other Services,2016,New England,1,0,0,UT
Utah Valley,Other Services,2016,New England,5,0,0,UT
Utah Valley,Other Services,2016,New England,10,,,UT
Utah Valley,Other Services,2016,Pacific,1,0,7,UT
Utah Valley,Other Services,2016,Pacific,5,0,5,UT
Utah Valley,Other Services,2016,Pacific,10,,,UT
Utah Valley,Other Services,2016,South Atlantic,1,0,1,UT
Utah Valley,Other Services,2016,South Atlantic,5,0,1,UT
Utah Valley,Other Services,2016,South Atlantic,10,,,UT
Utah Valley,Other Services,2016,West North Central,1,0,0,UT
Utah Valley,Other Services,2016,West North Central,5,0,0,UT
Utah Valley,Other Services,2016,West North Central,10,,,UT
Utah Valley,Other Services,2016,West South Central,1,0,6,UT
Utah Valley,Other Services,2016,West South Central,5,0,3,UT
Utah Valley,Other Services,2016,West South Central,10,,,UT
Utah Valley,Other Services,2019,East North Central,1,0,0,UT
Utah Valley,Other Services,2019,East North Central,5,,,UT
Utah Valley,Other Services,2019,East North Central,10,,,UT
Utah Valley,Other Services,2019,East South Central,1,0,0,UT
Utah Valley,Other Services,2019,East South Central,5,,,UT
Utah Valley,Other Services,2019,East South Central,10,,,UT
Utah Valley,Other Services,2019,Middle Atlantic,1,0,0,UT
Utah Valley,Other Services,2019,Middle Atlantic,5,,,UT
Utah Valley,Other Services,2019,Middle Atlantic,10,,,UT
Utah Valley,Other Services,2019,Mountain,1,65,67,UT
Utah Valley,Other Services,2019,Mountain,5,,,UT
Utah Valley,Other Services,2019,Mountain,10,,,UT
Utah Valley,Other Services,2019,New England,1,0,0,UT
Utah Valley,Other Services,2019,New England,5,,,UT
Utah Valley,Other Services,2019,New England,10,,,UT
Utah Valley,Other Services,2019,Pacific,1,0,9,UT
Utah Valley,Other Services,2019,Pacific,5,,,UT
Utah Valley,Other Services,2019,Pacific,10,,,UT
Utah Valley,Other Services,2019,South Atlantic,1,0,0,UT
Utah Valley,Other Services,2019,South Atlantic,5,,,UT
Utah Valley,Other Services,2019,South Atlantic,10,,,UT
Utah Valley,Other Services,2019,West North Central,1,0,0,UT
Utah Valley,Other Services,2019,West North Central,5,,,UT
Utah Valley,Other Services,2019,West North Central,10,,,UT
Utah Valley,Other Services,2019,West South Central,1,0,2,UT
Utah Valley,Other Services,2019,West South Central,5,,,UT
Utah Valley,Other Services,2019,West South Central,10,,,UT
Utah Valley,Professional Services,2010,East North Central,1,0,4,UT
Utah Valley,Professional Services,2010,East North Central,5,0,9,UT
Utah Valley,Professional Services,2010,East North Central,10,0,18,UT
Utah Valley,Professional Services,2010,East South Central,1,0,1,UT
Utah Valley,Professional Services,2010,East South Central,5,0,1,UT
Utah Valley,Professional Services,2010,East South Central,10,0,4,UT
Utah Valley,Professional Services,2010,Middle Atlantic,1,0,9,UT
Utah Valley,Professional Services,2010,Middle Atlantic,5,0,10,UT
Utah Valley,Professional Services,2010,Middle Atlantic,10,0,15,UT
Utah Valley,Professional Services,2010,Mountain,1,404,415,UT
Utah Valley,Professional Services,2010,Mountain,5,407,431,UT
Utah Valley,Professional Services,2010,Mountain,10,385,414,UT
Utah Valley,Professional Services,2010,New England,1,0,2,UT
Utah Valley,Professional Services,2010,New England,5,0,4,UT
Utah Valley,Professional Services,2010,New England,10,0,1,UT
Utah Valley,Professional Services,2010,Pacific,1,0,27,UT
Utah Valley,Professional Services,2010,Pacific,5,0,36,UT
Utah Valley,Professional Services,2010,Pacific,10,0,29,UT
Utah Valley,Professional Services,2010,South Atlantic,1,0,11,UT
Utah Valley,Professional Services,2010,South Atlantic,5,0,34,UT
Utah Valley,Professional Services,2010,South Atlantic,10,0,22,UT
Utah Valley,Professional Services,2010,West North Central,1,0,5,UT
Utah Valley,Professional Services,2010,West North Central,5,0,7,UT
Utah Valley,Professional Services,2010,West North Central,10,0,15,UT
Utah Valley,Professional Services,2010,West South Central,1,0,5,UT
Utah Valley,Professional Services,2010,West South Central,5,0,13,UT
Utah Valley,Professional Services,2010,West South Central,10,0,24,UT
Utah Valley,Professional Services,2013,East North Central,1,0,11,UT
Utah Valley,Professional Services,2013,East North Central,5,0,18,UT
Utah Valley,Professional Services,2013,East North Central,10,,,UT
Utah Valley,Professional Services,2013,East South Central,1,0,3,UT
Utah Valley,Professional Services,2013,East South Central,5,0,2,UT
Utah Valley,Professional Services,2013,East South Central,10,,,UT
Utah Valley,Professional Services,2013,Middle Atlantic,1,0,8,UT
Utah Valley,Professional Services,2013,Middle Atlantic,5,0,13,UT
Utah Valley,Professional Services,2013,Middle Atlantic,10,,,UT
Utah Valley,Professional Services,2013,Mountain,1,693,705,UT
Utah Valley,Professional Services,2013,Mountain,5,696,729,UT
Utah Valley,Professional Services,2013,Mountain,10,,,UT
Utah Valley,Professional Services,2013,New England,1,0,6,UT
Utah Valley,Professional Services,2013,New England,5,0,3,UT
Utah Valley,Professional Services,2013,New England,10,,,UT
Utah Valley,Professional Services,2013,Pacific,1,0,32,UT
Utah Valley,Professional Services,2013,Pacific,5,0,40,UT
Utah Valley,Professional Services,2013,Pacific,10,,,UT
Utah Valley,Professional Services,2013,South Atlantic,1,0,19,UT
Utah Valley,Professional Services,2013,South Atlantic,5,0,33,UT
Utah Valley,Professional Services,2013,South Atlantic,10,,,UT
Utah Valley,Professional Services,2013,West North Central,1,0,5,UT
Utah Valley,Professional Services,2013,West North Central,5,0,12,UT
Utah Valley,Professional Services,2013,West North Central,10,,,UT
Utah Valley,Professional Services,2013,West South Central,1,0,10,UT
Utah Valley,Professional Services,2013,West South Central,5,0,19,UT
Utah Valley,Professional Services,2013,West South Central,10,,,UT
Utah Valley,Professional Services,2016,East North Central,1,0,6,UT
Utah Valley,Professional Services,2016,East North Central,5,0,11,UT
Utah Valley,Professional Services,2016,East North Central,10,,,UT
Utah Valley,Professional Services,2016,East South Central,1,0,1,UT
Utah Valley,Professional Services,2016,East South Central,5,0,5,UT
Utah Valley,Professional Services,2016,East South Central,10,,,UT
Utah Valley,Professional Services,2016,Middle Atlantic,1,0,15,UT
Utah Valley,Professional Services,2016,Middle Atlantic,5,0,12,UT
Utah Valley,Professional Services,2016,Middle Atlantic,10,,,UT
Utah Valley,Professional Services,2016,Mountain,1,803,819,UT
Utah Valley,Professional Services,2016,Mountain,5,814,858,UT
Utah Valley,Professional Services,2016,Mountain,10,,,UT
Utah Valley,Professional Services,2016,New England,1,0,1,UT
Utah Valley,Professional Services,2016,New England,5,0,3,UT
Utah Valley,Professional Services,2016,New England,10,,,UT
Utah Valley,Professional Services,2016,Pacific,1,0,20,UT
Utah Valley,Professional Services,2016,Pacific,5,0,44,UT
Utah Valley,Professional Services,2016,Pacific,10,,,UT
Utah Valley,Professional Services,2016,South Atlantic,1,0,18,UT
Utah Valley,Professional Services,2016,South Atlantic,5,0,15,UT
Utah Valley,Professional Services,2016,South Atlantic,10,,,UT
Utah Valley,Professional Services,2016,West North Central,1,0,0,UT
Utah Valley,Professional Services,2016,West North Central,5,0,6,UT
Utah Valley,Professional Services,2016,West North Central,10,,,UT
Utah Valley,Professional Services,2016,West South Central,1,0,21,UT
Utah Valley,Professional Services,2016,West South Central,5,0,28,UT
Utah Valley,Professional Services,2016,West South Central,10,,,UT
Utah Valley,Professional Services,2019,East North Central,1,0,7,UT
Utah Valley,Professional Services,2019,East North Central,5,,,UT
Utah Valley,Professional Services,2019,East North Central,10,,,UT
Utah Valley,Professional Services,2019,East South Central,1,0,1,UT
Utah Valley,Professional Services,2019,East South Central,5,,,UT
Utah Valley,Professional Services,2019,East South Central,10,,,UT
Utah Valley,Professional Services,2019,Middle Atlantic,1,0,13,UT
Utah Valley,Professional Services,2019,Middle Atlantic,5,,,UT
Utah Valley,Professional Services,2019,Middle Atlantic,10,,,UT
Utah Valley,Professional Services,2019,Mountain,1,1067,1111,UT
Utah Valley,Professional Services,2019,Mountain,5,,,UT
Utah Valley,Professional Services,2019,Mountain,10,,,UT
Utah Valley,Professional Services,2019,New England,1,0,3,UT
Utah Valley,Professional Services,2019,New England,5,,,UT
Utah Valley,Professional Services,2019,New England,10,,,UT
Utah Valley,Professional Services,2019,Pacific,1,0,36,UT
Utah Valley,Professional Services,2019,Pacific,5,,,UT
Utah Valley,Professional Services,2019,Pacific,10,,,UT
Utah Valley,Professional Services,2019,South Atlantic,1,0,15,UT
Utah Valley,Professional Services,2019,South Atlantic,5,,,UT
Utah Valley,Professional Services,2019,South Atlantic,10,,,UT
Utah Valley,Professional Services,2019,West North Central,1,0,3,UT
Utah Valley,Professional Services,2019,West North Central,5,,,UT
Utah Valley,Professional Services,2019,West North Central,10,,,UT
Utah Valley,Professional Services,2019,West South Central,1,0,15,UT
Utah Valley,Professional Services,2019,West South Central,5,,,UT
Utah Valley,Professional Services,2019,West South Central,10,,,UT
Utah Valley,Public Admin,2010,East North Central,1,0,3,UT
Utah Valley,Public Admin,2010,East North Central,5,0,6,UT
Utah Valley,Public Admin,2010,East North Central,10,0,9,UT
Utah Valley,Public Admin,2010,East South Central,1,0,1,UT
Utah Valley,Public Admin,2010,East South Central,5,0,1,UT
Utah Valley,Public Admin,2010,East South Central,10,0,3,UT
Utah Valley,Public Admin,2010,Middle Atlantic,1,0,3,UT
Utah Valley,Public Admin,2010,Middle Atlantic,5,0,5,UT
Utah Valley,Public Admin,2010,Middle Atlantic,10,0,6,UT
Utah Valley,Public Admin,2010,Mountain,1,190,199,UT
Utah Valley,Public Admin,2010,Mountain,5,226,240,UT
Utah Valley,Public Admin,2010,Mountain,10,199,223,UT
Utah Valley,Public Admin,2010,New England,1,0,0,UT
Utah Valley,Public Admin,2010,New England,5,0,0,UT
Utah Valley,Public Admin,2010,New England,10,0,3,UT
Utah Valley,Public Admin,2010,Pacific,1,0,8,UT
Utah Valley,Public Admin,2010,Pacific,5,0,8,UT
Utah Valley,Public Admin,2010,Pacific,10,0,17,UT
Utah Valley,Public Admin,2010,South Atlantic,1,0,4,UT
Utah Valley,Public Admin,2010,South Atlantic,5,0,8,UT
Utah Valley,Public Admin,2010,South Atlantic,10,0,12,UT
Utah Valley,Public Admin,2010,West North Central,1,0,2,UT
Utah Valley,Public Admin,2010,West North Central,5,0,7,UT
Utah Valley,Public Admin,2010,West North Central,10,0,1,UT
Utah Valley,Public Admin,2010,West South Central,1,0,6,UT
Utah Valley,Public Admin,2010,West South Central,5,0,2,UT
Utah Valley,Public Admin,2010,West South Central,10,0,14,UT
Utah Valley,Public Admin,2013,East North Central,1,0,2,UT
Utah Valley,Public Admin,2013,East North Central,5,0,10,UT
Utah Valley,Public Admin,2013,East North Central,10,,,UT
Utah Valley,Public Admin,2013,East South Central,1,0,0,UT
Utah Valley,Public Admin,2013,East South Central,5,0,3,UT
Utah Valley,Public Admin,2013,East South Central,10,,,UT
Utah Valley,Public Admin,2013,Middle Atlantic,1,0,4,UT
Utah Valley,Public Admin,2013,Middle Atlantic,5,0,2,UT
Utah Valley,Public Admin,2013,Middle Atlantic,10,,,UT
Utah Valley,Public Admin,2013,Mountain,1,238,258,UT
Utah Valley,Public Admin,2013,Mountain,5,254,279,UT
Utah Valley,Public Admin,2013,Mountain,10,,,UT
Utah Valley,Public Admin,2013,New England,1,0,0,UT
Utah Valley,Public Admin,2013,New England,5,0,2,UT
Utah Valley,Public Admin,2013,New England,10,,,UT
Utah Valley,Public Admin,2013,Pacific,1,0,16,UT
Utah Valley,Public Admin,2013,Pacific,5,0,23,UT
Utah Valley,Public Admin,2013,Pacific,10,,,UT
Utah Valley,Public Admin,2013,South Atlantic,1,0,10,UT
Utah Valley,Public Admin,2013,South Atlantic,5,0,7,UT
Utah Valley,Public Admin,2013,South Atlantic,10,,,UT
Utah Valley,Public Admin,2013,West North Central,1,0,1,UT
Utah Valley,Public Admin,2013,West North Central,5,0,4,UT
Utah Valley,Public Admin,2013,West North Central,10,,,UT
Utah Valley,Public Admin,2013,West South Central,1,0,6,UT
Utah Valley,Public Admin,2013,West South Central,5,0,13,UT
Utah Valley,Public Admin,2013,West South Central,10,,,UT
Utah Valley,Public Admin,2016,East North Central,1,0,3,UT
Utah Valley,Public Admin,2016,East North Central,5,0,12,UT
Utah Valley,Public Admin,2016,East North Central,10,,,UT
Utah Valley,Public Admin,2016,East South Central,1,0,2,UT
Utah Valley,Public Admin,2016,East South Central,5,0,2,UT
Utah Valley,Public Admin,2016,East South Central,10,,,UT
Utah Valley,Public Admin,2016,Middle Atlantic,1,0,1,UT
Utah Valley,Public Admin,2016,Middle Atlantic,5,0,3,UT
Utah Valley,Public Admin,2016,Middle Atlantic,10,,,UT
Utah Valley,Public Admin,2016,Mountain,1,291,307,UT
Utah Valley,Public Admin,2016,Mountain,5,295,316,UT
Utah Valley,Public Admin,2016,Mountain,10,,,UT
Utah Valley,Public Admin,2016,New England,1,0,0,UT
Utah Valley,Public Admin,2016,New England,5,0,1,UT
Utah Valley,Public Admin,2016,New England,10,,,UT
Utah Valley,Public Admin,2016,Pacific,1,0,14,UT
Utah Valley,Public Admin,2016,Pacific,5,0,23,UT
Utah Valley,Public Admin,2016,Pacific,10,,,UT
Utah Valley,Public Admin,2016,South Atlantic,1,0,13,UT
Utah Valley,Public Admin,2016,South Atlantic,5,0,12,UT
Utah Valley,Public Admin,2016,South Atlantic,10,,,UT
Utah Valley,Public Admin,2016,West North Central,1,0,0,UT
Utah Valley,Public Admin,2016,West North Central,5,0,3,UT
Utah Valley,Public Admin,2016,West North Central,10,,,UT
Utah Valley,Public Admin,2016,West South Central,1,0,8,UT
Utah Valley,Public Admin,2016,West South Central,5,0,15,UT
Utah Valley,Public Admin,2016,West South Central,10,,,UT
Utah Valley,Public Admin,2019,East North Central,1,0,3,UT
Utah Valley,Public Admin,2019,East North Central,5,,,UT
Utah Valley,Public Admin,2019,East North Central,10,,,UT
Utah Valley,Public Admin,2019,East South Central,1,0,3,UT
Utah Valley,Public Admin,2019,East South Central,5,,,UT
Utah Valley,Public Admin,2019,East South Central,10,,,UT
Utah Valley,Public Admin,2019,Middle Atlantic,1,0,2,UT
Utah Valley,Public Admin,2019,Middle Atlantic,5,,,UT
Utah Valley,Public Admin,2019,Middle Atlantic,10,,,UT
Utah Valley,Public Admin,2019,Mountain,1,301,315,UT
Utah Valley,Public Admin,2019,Mountain,5,,,UT
Utah Valley,Public Admin,2019,Mountain,10,,,UT
Utah Valley,Public Admin,2019,New England,1,0,0,UT
Utah Valley,Public Admin,2019,New England,5,,,UT
Utah Valley,Public Admin,2019,New England,10,,,UT
Utah Valley,Public Admin,2019,Pacific,1,0,13,UT
Utah Valley,Public Admin,2019,Pacific,5,,,UT
Utah Valley,Public Admin,2019,Pacific,10,,,UT
Utah Valley,Public Admin,2019,South Atlantic,1,0,6,UT
Utah Valley,Public Admin,2019,South Atlantic,5,,,UT
Utah Valley,Public Admin,2019,South Atlantic,10,,,UT
Utah Valley,Public Admin,2019,West North Central,1,0,3,UT
Utah Valley,Public Admin,2019,West North Central,5,,,UT
Utah Valley,Public Admin,2019,West North Central,10,,,UT
Utah Valley,Public Admin,2019,West South Central,1,0,5,UT
Utah Valley,Public Admin,2019,West South Central,5,,,UT
Utah Valley,Public Admin,2019,West South Central,10,,,UT
Utah Valley,Real Estate,2010,East North Central,1,0,0,UT
Utah Valley,Real Estate,2010,East North Central,5,0,1,UT
Utah Valley,Real Estate,2010,East North Central,10,0,0,UT
Utah Valley,Real Estate,2010,East South Central,1,0,0,UT
Utah Valley,Real Estate,2010,East South Central,5,0,0,UT
Utah Valley,Real Estate,2010,East South Central,10,0,0,UT
Utah Valley,Real Estate,2010,Middle Atlantic,1,0,1,UT
Utah Valley,Real Estate,2010,Middle Atlantic,5,0,2,UT
Utah Valley,Real Estate,2010,Middle Atlantic,10,0,0,UT
Utah Valley,Real Estate,2010,Mountain,1,24,24,UT
Utah Valley,Real Estate,2010,Mountain,5,38,41,UT
Utah Valley,Real Estate,2010,Mountain,10,24,26,UT
Utah Valley,Real Estate,2010,New England,1,0,0,UT
Utah Valley,Real Estate,2010,New England,5,0,0,UT
Utah Valley,Real Estate,2010,New England,10,0,0,UT
Utah Valley,Real Estate,2010,Pacific,1,0,2,UT
Utah Valley,Real Estate,2010,Pacific,5,0,1,UT
Utah Valley,Real Estate,2010,Pacific,10,0,4,UT
Utah Valley,Real Estate,2010,South Atlantic,1,0,0,UT
Utah Valley,Real Estate,2010,South Atlantic,5,0,1,UT
Utah Valley,Real Estate,2010,South Atlantic,10,0,1,UT
Utah Valley,Real Estate,2010,West North Central,1,0,0,UT
Utah Valley,Real Estate,2010,West North Central,5,0,0,UT
Utah Valley,Real Estate,2010,West North Central,10,0,0,UT
Utah Valley,Real Estate,2010,West South Central,1,0,2,UT
Utah Valley,Real Estate,2010,West South Central,5,0,2,UT
Utah Valley,Real Estate,2010,West South Central,10,0,6,UT
Utah Valley,Real Estate,2013,East North Central,1,0,0,UT
Utah Valley,Real Estate,2013,East North Central,5,0,0,UT
Utah Valley,Real Estate,2013,East North Central,10,,,UT
Utah Valley,Real Estate,2013,East South Central,1,0,0,UT
Utah Valley,Real Estate,2013,East South Central,5,0,0,UT
Utah Valley,Real Estate,2013,East South Central,10,,,UT
Utah Valley,Real Estate,2013,Middle Atlantic,1,0,2,UT
Utah Valley,Real Estate,2013,Middle Atlantic,5,0,1,UT
Utah Valley,Real Estate,2013,Middle Atlantic,10,,,UT
Utah Valley,Real Estate,2013,Mountain,1,54,56,UT
Utah Valley,Real Estate,2013,Mountain,5,43,43,UT
Utah Valley,Real Estate,2013,Mountain,10,,,UT
Utah Valley,Real Estate,2013,New England,1,0,0,UT
Utah Valley,Real Estate,2013,New England,5,0,0,UT
Utah Valley,Real Estate,2013,New England,10,,,UT
Utah Valley,Real Estate,2013,Pacific,1,0,3,UT
Utah Valley,Real Estate,2013,Pacific,5,0,6,UT
Utah Valley,Real Estate,2013,Pacific,10,,,UT
Utah Valley,Real Estate,2013,South Atlantic,1,0,3,UT
Utah Valley,Real Estate,2013,South Atlantic,5,0,0,UT
Utah Valley,Real Estate,2013,South Atlantic,10,,,UT
Utah Valley,Real Estate,2013,West North Central,1,0,0,UT
Utah Valley,Real Estate,2013,West North Central,5,0,0,UT
Utah Valley,Real Estate,2013,West North Central,10,,,UT
Utah Valley,Real Estate,2013,West South Central,1,0,1,UT
Utah Valley,Real Estate,2013,West South Central,5,0,1,UT
Utah Valley,Real Estate,2013,West South Central,10,,,UT
Utah Valley,Real Estate,2016,East North Central,1,0,0,UT
Utah Valley,Real Estate,2016,East North Central,5,0,0,UT
Utah Valley,Real Estate,2016,East North Central,10,,,UT
Utah Valley,Real Estate,2016,East South Central,1,0,0,UT
Utah Valley,Real Estate,2016,East South Central,5,0,0,UT
Utah Valley,Real Estate,2016,East South Central,10,,,UT
Utah Valley,Real Estate,2016,Middle Atlantic,1,0,1,UT
Utah Valley,Real Estate,2016,Middle Atlantic,5,0,1,UT
Utah Valley,Real Estate,2016,Middle Atlantic,10,,,UT
Utah Valley,Real Estate,2016,Mountain,1,57,63,UT
Utah Valley,Real Estate,2016,Mountain,5,65,65,UT
Utah Valley,Real Estate,2016,Mountain,10,,,UT
Utah Valley,Real Estate,2016,New England,1,0,0,UT
Utah Valley,Real Estate,2016,New England,5,0,0,UT
Utah Valley,Real Estate,2016,New England,10,,,UT
Utah Valley,Real Estate,2016,Pacific,1,0,3,UT
Utah Valley,Real Estate,2016,Pacific,5,0,4,UT
Utah Valley,Real Estate,2016,Pacific,10,,,UT
Utah Valley,Real Estate,2016,South Atlantic,1,0,2,UT
Utah Valley,Real Estate,2016,South Atlantic,5,0,0,UT
Utah Valley,Real Estate,2016,South Atlantic,10,,,UT
Utah Valley,Real Estate,2016,West North Central,1,0,0,UT
Utah Valley,Real Estate,2016,West North Central,5,0,0,UT
Utah Valley,Real Estate,2016,West North Central,10,,,UT
Utah Valley,Real Estate,2016,West South Central,1,0,3,UT
Utah Valley,Real Estate,2016,West South Central,5,0,2,UT
Utah Valley,Real Estate,2016,West South Central,10,,,UT
Utah Valley,Real Estate,2019,East North Central,1,0,0,UT
Utah Valley,Real Estate,2019,East North Central,5,,,UT
Utah Valley,Real Estate,2019,East North Central,10,,,UT
Utah Valley,Real Estate,2019,East South Central,1,0,0,UT
Utah Valley,Real Estate,2019,East South Central,5,,,UT
Utah Valley,Real Estate,2019,East South Central,10,,,UT
Utah Valley,Real Estate,2019,Middle Atlantic,1,0,3,UT
Utah Valley,Real Estate,2019,Middle Atlantic,5,,,UT
Utah Valley,Real Estate,2019,Middle Atlantic,10,,,UT
Utah Valley,Real Estate,2019,Mountain,1,84,85,UT
Utah Valley,Real Estate,2019,Mountain,5,,,UT
Utah Valley,Real Estate,2019,Mountain,10,,,UT
Utah Valley,Real Estate,2019,New England,1,0,0,UT
Utah Valley,Real Estate,2019,New England,5,,,UT
Utah Valley,Real Estate,2019,New England,10,,,UT
Utah Valley,Real Estate,2019,Pacific,1,0,8,UT
Utah Valley,Real Estate,2019,Pacific,5,,,UT
Utah Valley,Real Estate,2019,Pacific,10,,,UT
Utah Valley,Real Estate,2019,South Atlantic,1,0,2,UT
Utah Valley,Real Estate,2019,South Atlantic,5,,,UT
Utah Valley,Real Estate,2019,South Atlantic,10,,,UT
Utah Valley,Real Estate,2019,West North Central,1,0,0,UT
Utah Valley,Real Estate,2019,West North Central,5,,,UT
Utah Valley,Real Estate,2019,West North Central,10,,,UT
Utah Valley,Real Estate,2019,West South Central,1,0,1,UT
Utah Valley,Real Estate,2019,West South Central,5,,,UT
Utah Valley,Real Estate,2019,West South Central,10,,,UT
Utah Valley,Retail,2010,East North Central,1,0,6,UT
Utah Valley,Retail,2010,East North Central,5,0,11,UT
Utah Valley,Retail,2010,East North Central,10,0,8,UT
Utah Valley,Retail,2010,East South Central,1,0,2,UT
Utah Valley,Retail,2010,East South Central,5,0,1,UT
Utah Valley,Retail,2010,East South Central,10,0,4,UT
Utah Valley,Retail,2010,Middle Atlantic,1,0,8,UT
Utah Valley,Retail,2010,Middle Atlantic,5,0,7,UT
Utah Valley,Retail,2010,Middle Atlantic,10,0,5,UT
Utah Valley,Retail,2010,Mountain,1,305,317,UT
Utah Valley,Retail,2010,Mountain,5,208,232,UT
Utah Valley,Retail,2010,Mountain,10,187,208,UT
Utah Valley,Retail,2010,New England,1,0,2,UT
Utah Valley,Retail,2010,New England,5,0,1,UT
Utah Valley,Retail,2010,New England,10,0,0,UT
Utah Valley,Retail,2010,Pacific,1,0,11,UT
Utah Valley,Retail,2010,Pacific,5,0,25,UT
Utah Valley,Retail,2010,Pacific,10,0,12,UT
Utah Valley,Retail,2010,South Atlantic,1,0,8,UT
Utah Valley,Retail,2010,South Atlantic,5,0,15,UT
Utah Valley,Retail,2010,South Atlantic,10,0,12,UT
Utah Valley,Retail,2010,West North Central,1,0,4,UT
Utah Valley,Retail,2010,West North Central,5,0,6,UT
Utah Valley,Retail,2010,West North Central,10,0,8,UT
Utah Valley,Retail,2010,West South Central,1,0,9,UT
Utah Valley,Retail,2010,West South Central,5,0,5,UT
Utah Valley,Retail,2010,West South Central,10,0,8,UT
Utah Valley,Retail,2013,East North Central,1,0,5,UT
Utah Valley,Retail,2013,East North Central,5,0,14,UT
Utah Valley,Retail,2013,East North Central,10,,,UT
Utah Valley,Retail,2013,East South Central,1,0,3,UT
Utah Valley,Retail,2013,East South Central,5,0,10,UT
Utah Valley,Retail,2013,East South Central,10,,,UT
Utah Valley,Retail,2013,Middle Atlantic,1,0,8,UT
Utah Valley,Retail,2013,Middle Atlantic,5,0,14,UT
Utah Valley,Retail,2013,Middle Atlantic,10,,,UT
Utah Valley,Retail,2013,Mountain,1,429,449,UT
Utah Valley,Retail,2013,Mountain,5,301,321,UT
Utah Valley,Retail,2013,Mountain,10,,,UT
Utah Valley,Retail,2013,New England,1,0,0,UT
Utah Valley,Retail,2013,New England,5,0,1,UT
Utah Valley,Retail,2013,New England,10,,,UT
Utah Valley,Retail,2013,Pacific,1,0,25,UT
Utah Valley,Retail,2013,Pacific,5,0,24,UT
Utah Valley,Retail,2013,Pacific,10,,,UT
Utah Valley,Retail,2013,South Atlantic,1,0,14,UT
Utah Valley,Retail,2013,South Atlantic,5,0,10,UT
Utah Valley,Retail,2013,South Atlantic,10,,,UT
Utah Valley,Retail,2013,West North Central,1,0,2,UT
Utah Valley,Retail,2013,West North Central,5,0,9,UT
Utah Valley,Retail,2013,West North Central,10,,,UT
Utah Valley,Retail,2013,West South Central,1,0,16,UT
Utah Valley,Retail,2013,West South Central,5,0,12,UT
Utah Valley,Retail,2013,West South Central,10,,,UT
Utah Valley,Retail,2016,East North Central,1,0,8,UT
Utah Valley,Retail,2016,East North Central,5,0,12,UT
Utah Valley,Retail,2016,East North Central,10,,,UT
Utah Valley,Retail,2016,East South Central,1,0,3,UT
Utah Valley,Retail,2016,East South Central,5,0,1,UT
Utah Valley,Retail,2016,East South Central,10,,,UT
Utah Valley,Retail,2016,Middle Atlantic,1,0,8,UT
Utah Valley,Retail,2016,Middle Atlantic,5,0,8,UT
Utah Valley,Retail,2016,Middle Atlantic,10,,,UT
Utah Valley,Retail,2016,Mountain,1,481,498,UT
Utah Valley,Retail,2016,Mountain,5,297,325,UT
Utah Valley,Retail,2016,Mountain,10,,,UT
Utah Valley,Retail,2016,New England,1,0,3,UT
Utah Valley,Retail,2016,New England,5,0,2,UT
Utah Valley,Retail,2016,New England,10,,,UT
Utah Valley,Retail,2016,Pacific,1,0,19,UT
Utah Valley,Retail,2016,Pacific,5,0,21,UT
Utah Valley,Retail,2016,Pacific,10,,,UT
Utah Valley,Retail,2016,South Atlantic,1,0,7,UT
Utah Valley,Retail,2016,South Atlantic,5,0,17,UT
Utah Valley,Retail,2016,South Atlantic,10,,,UT
Utah Valley,Retail,2016,West North Central,1,0,2,UT
Utah Valley,Retail,2016,West North Central,5,0,8,UT
Utah Valley,Retail,2016,West North Central,10,,,UT
Utah Valley,Retail,2016,West South Central,1,0,7,UT
Utah Valley,Retail,2016,West South Central,5,0,10,UT
Utah Valley,Retail,2016,West South Central,10,,,UT
Utah Valley,Retail,2019,East North Central,1,0,8,UT
Utah Valley,Retail,2019,East North Central,5,,,UT
Utah Valley,Retail,2019,East North Central,10,,,UT
Utah Valley,Retail,2019,East South Central,1,0,3,UT
Utah Valley,Retail,2019,East South Central,5,,,UT
Utah Valley,Retail,2019,East South Central,10,,,UT
Utah Valley,Retail,2019,Middle Atlantic,1,0,1,UT
Utah Valley,Retail,2019,Middle Atlantic,5,,,UT
Utah Valley,Retail,2019,Middle Atlantic,10,,,UT
Utah Valley,Retail,2019,Mountain,1,569,598,UT
Utah Valley,Retail,2019,Mountain,5,,,UT
Utah Valley,Retail,2019,Mountain,10,,,UT
Utah Valley,Retail,2019,New England,1,0,0,UT
Utah Valley,Retail,2019,New England,5,,,UT
Utah Valley,Retail,2019,New England,10,,,UT
Utah Valley,Retail,2019,Pacific,1,0,18,UT
Utah Valley,Retail,2019,Pacific,5,,,UT
Utah Valley,Retail,2019,Pacific,10,,,UT
Utah Valley,Retail,2019,South Atlantic,1,0,15,UT
Utah Valley,Retail,2019,South Atlantic,5,,,UT
Utah Valley,Retail,2019,South Atlantic,10,,,UT
Utah Valley,Retail,2019,West North Central,1,0,2,UT
Utah Valley,Retail,2019,West North Central,5,,,UT
Utah Valley,Retail,2019,West North Central,10,,,UT
Utah Valley,Retail,2019,West South Central,1,0,5,UT
Utah Valley,Retail,2019,West South Central,5,,,UT
Utah Valley,Retail,2019,West South Central,10,,,UT
Utah Valley,Transportation,2010,East North Central,1,0,40,UT
Utah Valley,Transportation,2010,East North Central,5,0,33,UT
Utah Valley,Transportation,2010,East North Central,10,0,23,UT
Utah Valley,Transportation,2010,East South Central,1,0,7,UT
Utah Valley,Transportation,2010,East South Central,5,0,7,UT
Utah Valley,Transportation,2010,East South Central,10,0,22,UT
Utah Valley,Transportation,2010,Middle Atlantic,1,0,11,UT
Utah Valley,Transportation,2010,Middle Atlantic,5,0,22,UT
Utah Valley,Transportation,2010,Middle Atlantic,10,0,19,UT
Utah Valley,Transportation,2010,Mountain,1,85,111,UT
Utah Valley,Transportation,2010,Mountain,5,87,126,UT
Utah Valley,Transportation,2010,Mountain,10,88,137,UT
Utah Valley,Transportation,2010,New England,1,0,0,UT
Utah Valley,Transportation,2010,New England,5,0,3,UT
Utah Valley,Transportation,2010,New England,10,0,4,UT
Utah Valley,Transportation,2010,Pacific,1,0,32,UT
Utah Valley,Transportation,2010,Pacific,5,0,50,UT
Utah Valley,Transportation,2010,Pacific,10,0,57,UT
Utah Valley,Transportation,2010,South Atlantic,1,0,28,UT
Utah Valley,Transportation,2010,South Atlantic,5,0,27,UT
Utah Valley,Transportation,2010,South Atlantic,10,0,39,UT
Utah Valley,Transportation,2010,West North Central,1,0,13,UT
Utah Valley,Transportation,2010,West North Central,5,0,20,UT
Utah Valley,Transportation,2010,West North Central,10,0,9,UT
Utah Valley,Transportation,2010,West South Central,1,0,24,UT
Utah Valley,Transportation,2010,West South Central,5,0,35,UT
Utah Valley,Transportation,2010,West South Central,10,0,33,UT
Utah Valley,Transportation,2013,East North Central,1,0,49,UT
Utah Valley,Transportation,2013,East North Central,5,0,52,UT
Utah Valley,Transportation,2013,East North Central,10,,,UT
Utah Valley,Transportation,2013,East South Central,1,0,3,UT
Utah Valley,Transportation,2013,East South Central,5,0,18,UT
Utah Valley,Transportation,2013,East South Central,10,,,UT
Utah Valley,Transportation,2013,Middle Atlantic,1,0,25,UT
Utah Valley,Transportation,2013,Middle Atlantic,5,0,25,UT
Utah Valley,Transportation,2013,Middle Atlantic,10,,,UT
Utah Valley,Transportation,2013,Mountain,1,121,163,UT
Utah Valley,Transportation,2013,Mountain,5,130,188,UT
Utah Valley,Transportation,2013,Mountain,10,,,UT
Utah Valley,Transportation,2013,New England,1,0,6,UT
Utah Valley,Transportation,2013,New England,5,0,6,UT
Utah Valley,Transportation,2013,New England,10,,,UT
Utah Valley,Transportation,2013,Pacific,1,0,54,UT
Utah Valley,Transportation,2013,Pacific,5,0,68,UT
Utah Valley,Transportation,2013,Pacific,10,,,UT
Utah Valley,Transportation,2013,South Atlantic,1,0,36,UT
Utah Valley,Transportation,2013,South Atlantic,5,0,37,UT
Utah Valley,Transportation,2013,South Atlantic,10,,,UT
Utah Valley,Transportation,2013,West North Central,1,0,23,UT
Utah Valley,Transportation,2013,West North Central,5,0,13,UT
Utah Valley,Transportation,2013,West North Central,10,,,UT
Utah Valley,Transportation,2013,West South Central,1,0,31,UT
Utah Valley,Transportation,2013,West South Central,5,0,24,UT
Utah Valley,Transportation,2013,West South Central,10,,,UT
Utah Valley,Transportation,2016,East North Central,1,0,49,UT
Utah Valley,Transportation,2016,East North Central,5,0,29,UT
Utah Valley,Transportation,2016,East North Central,10,,,UT
Utah Valley,Transportation,2016,East South Central,1,0,10,UT
Utah Valley,Transportation,2016,East South Central,5,0,26,UT
Utah Valley,Transportation,2016,East South Central,10,,,UT
Utah Valley,Transportation,2016,Middle Atlantic,1,0,27,UT
Utah Valley,Transportation,2016,Middle Atlantic,5,0,25,UT
Utah Valley,Transportation,2016,Middle Atlantic,10,,,UT
Utah Valley,Transportation,2016,Mountain,1,144,186,UT
Utah Valley,Transportation,2016,Mountain,5,172,221,UT
Utah Valley,Transportation,2016,Mountain,10,,,UT
Utah Valley,Transportation,2016,New England,1,0,3,UT
Utah Valley,Transportation,2016,New England,5,0,4,UT
Utah Valley,Transportation,2016,New England,10,,,UT
Utah Valley,Transportation,2016,Pacific,1,0,63,UT
Utah Valley,Transportation,2016,Pacific,5,0,74,UT
Utah Valley,Transportation,2016,Pacific,10,,,UT
Utah Valley,Transportation,2016,South Atlantic,1,0,25,UT
Utah Valley,Transportation,2016,South Atlantic,5,0,31,UT
Utah Valley,Transportation,2016,South Atlantic,10,,,UT
Utah Valley,Transportation,2016,West North Central,1,0,10,UT
Utah Valley,Transportation,2016,West North Central,5,0,6,UT
Utah Valley,Transportation,2016,West North Central,10,,,UT
Utah Valley,Transportation,2016,West South Central,1,0,32,UT
Utah Valley,Transportation,2016,West South Central,5,0,51,UT
Utah Valley,Transportation,2016,West South Central,10,,,UT
Utah Valley,Transportation,2019,East North Central,1,0,31,UT
Utah Valley,Transportation,2019,East North Central,5,,,UT
Utah Valley,Transportation,2019,East North Central,10,,,UT
Utah Valley,Transportation,2019,East South Central,1,0,12,UT
Utah Valley,Transportation,2019,East South Central,5,,,UT
Utah Valley,Transportation,2019,East South Central,10,,,UT
Utah Valley,Transportation,2019,Middle Atlantic,1,0,23,UT
Utah Valley,Transportation,2019,Middle Atlantic,5,,,UT
Utah Valley,Transportation,2019,Middle Atlantic,10,,,UT
Utah Valley,Transportation,2019,Mountain,1,209,232,UT
Utah Valley,Transportation,2019,Mountain,5,,,UT
Utah Valley,Transportation,2019,Mountain,10,,,UT
Utah Valley,Transportation,2019,New England,1,0,5,UT
Utah Valley,Transportation,2019,New England,5,,,UT
Utah Valley,Transportation,2019,New England,10,,,UT
Utah Valley,Transportation,2019,Pacific,1,0,56,UT
Utah Valley,Transportation,2019,Pacific,5,,,UT
Utah Valley,Transportation,2019,Pacific,10,,,UT
Utah Valley,Transportation,2019,South Atlantic,1,0,14,UT
Utah Valley,Transportation,2019,South Atlantic,5,,,UT
Utah Valley,Transportation,2019,South Atlantic,10,,,UT
Utah Valley,Transportation,2019,West North Central,1,0,11,UT
Utah Valley,Transportation,2019,West North Central,5,,,UT
Utah Valley,Transportation,2019,West North Central,10,,,UT
Utah Valley,Transportation,2019,West South Central,1,0,28,UT
Utah Valley,Transportation,2019,West South Central,5,,,UT
Utah Valley,Transportation,2019,West South Central,10,,,UT
Utah Valley,Utilities,2010,East North Central,1,0,0,UT
Utah Valley,Utilities,2010,East North Central,5,0,0,UT
Utah Valley,Utilities,2010,East North Central,10,0,0,UT
Utah Valley,Utilities,2010,East South Central,1,0,0,UT
Utah Valley,Utilities,2010,East South Central,5,0,0,UT
Utah Valley,Utilities,2010,East South Central,10,0,0,UT
Utah Valley,Utilities,2010,Middle Atlantic,1,0,0,UT
Utah Valley,Utilities,2010,Middle Atlantic,5,0,0,UT
Utah Valley,Utilities,2010,Middle Atlantic,10,0,0,UT
Utah Valley,Utilities,2010,Mountain,1,3,3,UT
Utah Valley,Utilities,2010,Mountain,5,14,14,UT
Utah Valley,Utilities,2010,Mountain,10,17,18,UT
Utah Valley,Utilities,2010,New England,1,0,0,UT
Utah Valley,Utilities,2010,New England,5,0,0,UT
Utah Valley,Utilities,2010,New England,10,0,0,UT
Utah Valley,Utilities,2010,Pacific,1,0,0,UT
Utah Valley,Utilities,2010,Pacific,5,0,0,UT
Utah Valley,Utilities,2010,Pacific,10,0,2,UT
Utah Valley,Utilities,2010,South Atlantic,1,0,0,UT
Utah Valley,Utilities,2010,South Atlantic,5,0,0,UT
Utah Valley,Utilities,2010,South Atlantic,10,0,0,UT
Utah Valley,Utilities,2010,West North Central,1,0,0,UT
Utah Valley,Utilities,2010,West North Central,5,0,0,UT
Utah Valley,Utilities,2010,West North Central,10,0,0,UT
Utah Valley,Utilities,2010,West South Central,1,0,0,UT
Utah Valley,Utilities,2010,West South Central,5,0,1,UT
Utah Valley,Utilities,2010,West South Central,10,0,0,UT
Utah Valley,Utilities,2013,East North Central,1,0,0,UT
Utah Valley,Utilities,2013,East North Central,5,0,0,UT
Utah Valley,Utilities,2013,East North Central,10,,,UT
Utah Valley,Utilities,2013,East South Central,1,0,0,UT
Utah Valley,Utilities,2013,East South Central,5,0,0,UT
Utah Valley,Utilities,2013,East South Central,10,,,UT
Utah Valley,Utilities,2013,Middle Atlantic,1,0,0,UT
Utah Valley,Utilities,2013,Middle Atlantic,5,0,0,UT
Utah Valley,Utilities,2013,Middle Atlantic,10,,,UT
Utah Valley,Utilities,2013,Mountain,1,12,12,UT
Utah Valley,Utilities,2013,Mountain,5,12,12,UT
Utah Valley,Utilities,2013,Mountain,10,,,UT
Utah Valley,Utilities,2013,New England,1,0,0,UT
Utah Valley,Utilities,2013,New England,5,0,0,UT
Utah Valley,Utilities,2013,New England,10,,,UT
Utah Valley,Utilities,2013,Pacific,1,0,0,UT
Utah Valley,Utilities,2013,Pacific,5,0,0,UT
Utah Valley,Utilities,2013,Pacific,10,,,UT
Utah Valley,Utilities,2013,South Atlantic,1,0,0,UT
Utah Valley,Utilities,2013,South Atlantic,5,0,0,UT
Utah Valley,Utilities,2013,South Atlantic,10,,,UT
Utah Valley,Utilities,2013,West North Central,1,0,0,UT
Utah Valley,Utilities,2013,West North Central,5,0,0,UT
Utah Valley,Utilities,2013,West North Central,10,,,UT
Utah Valley,Utilities,2013,West South Central,1,0,0,UT
Utah Valley,Utilities,2013,West South Central,5,0,0,UT
Utah Valley,Utilities,2013,West South Central,10,,,UT
Utah Valley,Utilities,2016,East North Central,1,0,0,UT
Utah Valley,Utilities,2016,East North Central,5,0,0,UT
Utah Valley,Utilities,2016,East North Central,10,,,UT
Utah Valley,Utilities,2016,East South Central,1,0,0,UT
Utah Valley,Utilities,2016,East South Central,5,0,0,UT
Utah Valley,Utilities,2016,East South Central,10,,,UT
Utah Valley,Utilities,2016,Middle Atlantic,1,0,0,UT
Utah Valley,Utilities,2016,Middle Atlantic,5,0,0,UT
Utah Valley,Utilities,2016,Middle Atlantic,10,,,UT
Utah Valley,Utilities,2016,Mountain,1,4,4,UT
Utah Valley,Utilities,2016,Mountain,5,13,13,UT
Utah Valley,Utilities,2016,Mountain,10,,,UT
Utah Valley,Utilities,2016,New England,1,0,0,UT
Utah Valley,Utilities,2016,New England,5,0,0,UT
Utah Valley,Utilities,2016,New England,10,,,UT
Utah Valley,Utilities,2016,Pacific,1,0,3,UT
Utah Valley,Utilities,2016,Pacific,5,0,0,UT
Utah Valley,Utilities,2016,Pacific,10,,,UT
Utah Valley,Utilities,2016,South Atlantic,1,0,0,UT
Utah Valley,Utilities,2016,South Atlantic,5,0,0,UT
Utah Valley,Utilities,2016,South Atlantic,10,,,UT
Utah Valley,Utilities,2016,West North Central,1,0,0,UT
Utah Valley,Utilities,2016,West North Central,5,0,0,UT
Utah Valley,Utilities,2016,West North Central,10,,,UT
Utah Valley,Utilities,2016,West South Central,1,0,0,UT
Utah Valley,Utilities,2016,West South Central,5,0,3,UT
Utah Valley,Utilities,2016,West South Central,10,,,UT
Utah Valley,Utilities,2019,East North Central,1,0,0,UT
Utah Valley,Utilities,2019,East North Central,5,,,UT
Utah Valley,Utilities,2019,East North Central,10,,,UT
Utah Valley,Utilities,2019,East South Central,1,0,0,UT
Utah Valley,Utilities,2019,East South Central,5,,,UT
Utah Valley,Utilities,2019,East South Central,10,,,UT
Utah Valley,Utilities,2019,Middle Atlantic,1,0,0,UT
Utah Valley,Utilities,2019,Middle Atlantic,5,,,UT
Utah Valley,Utilities,2019,Middle Atlantic,10,,,UT
Utah Valley,Utilities,2019,Mountain,1,14,14,UT
Utah Valley,Utilities,2019,Mountain,5,,,UT
Utah Valley,Utilities,2019,Mountain,10,,,UT
Utah Valley,Utilities,2019,New England,1,0,0,UT
Utah Valley,Utilities,2019,New England,5,,,UT
Utah Valley,Utilities,2019,New England,10,,,UT
Utah Valley,Utilities,2019,Pacific,1,0,0,UT
Utah Valley,Utilities,2019,Pacific,5,,,UT
Utah Valley,Utilities,2019,Pacific,10,,,UT
Utah Valley,Utilities,2019,South Atlantic,1,0,0,UT
Utah Valley,Utilities,2019,South Atlantic,5,,,UT
Utah Valley,Utilities,2019,South Atlantic,10,,,UT
Utah Valley,Utilities,2019,West North Central,1,0,0,UT
Utah Valley,Utilities,2019,West North Central,5,,,UT
Utah Valley,Utilities,2019,West North Central,10,,,UT
Utah Valley,Utilities,2019,West South Central,1,0,0,UT
Utah Valley,Utilities,2019,West South Central,5,,,UT
Utah Valley,Utilities,2019,West South Central,10,,,UT
Utah Valley,Wholesale,2010,East North Central,1,0,2,UT
Utah Valley,Wholesale,2010,East North Central,5,0,3,UT
Utah Valley,Wholesale,2010,East North Central,10,0,4,UT
Utah Valley,Wholesale,2010,East South Central,1,0,0,UT
Utah Valley,Wholesale,2010,East South Central,5,0,4,UT
Utah Valley,Wholesale,2010,East South Central,10,0,0,UT
Utah Valley,Wholesale,2010,Middle Atlantic,1,0,1,UT
Utah Valley,Wholesale,2010,Middle Atlantic,5,0,1,UT
Utah Valley,Wholesale,2010,Middle Atlantic,10,0,4,UT
Utah Valley,Wholesale,2010,Mountain,1,122,127,UT
Utah Valley,Wholesale,2010,Mountain,5,88,90,UT
Utah Valley,Wholesale,2010,Mountain,10,96,102,UT
Utah Valley,Wholesale,2010,New England,1,0,0,UT
Utah Valley,Wholesale,2010,New England,5,0,0,UT
Utah Valley,Wholesale,2010,New England,10,0,0,UT
Utah Valley,Wholesale,2010,Pacific,1,0,10,UT
Utah Valley,Wholesale,2010,Pacific,5,0,14,UT
Utah Valley,Wholesale,2010,Pacific,10,0,15,UT
Utah Valley,Wholesale,2010,South Atlantic,1,0,2,UT
Utah Valley,Wholesale,2010,South Atlantic,5,0,13,UT
Utah Valley,Wholesale,2010,South Atlantic,10,0,10,UT
Utah Valley,Wholesale,2010,West North Central,1,0,0,UT
Utah Valley,Wholesale,2010,West North Central,5,0,1,UT
Utah Valley,Wholesale,2010,West North Central,10,0,1,UT
Utah Valley,Wholesale,2010,West South Central,1,0,3,UT
Utah Valley,Wholesale,2010,West South Central,5,0,6,UT
Utah Valley,Wholesale,2010,West South Central,10,0,4,UT
Utah Valley,Wholesale,2013,East North Central,1,0,5,UT
Utah Valley,Wholesale,2013,East North Central,5,0,2,UT
Utah Valley,Wholesale,2013,East North Central,10,,,UT
Utah Valley,Wholesale,2013,East South Central,1,0,1,UT
Utah Valley,Wholesale,2013,East South Central,5,0,0,UT
Utah Valley,Wholesale,2013,East South Central,10,,,UT
Utah Valley,Wholesale,2013,Middle Atlantic,1,0,2,UT
Utah Valley,Wholesale,2013,Middle Atlantic,5,0,2,UT
Utah Valley,Wholesale,2013,Middle Atlantic,10,,,UT
Utah Valley,Wholesale,2013,Mountain,1,145,153,UT
Utah Valley,Wholesale,2013,Mountain,5,123,128,UT
Utah Valley,Wholesale,2013,Mountain,10,,,UT
Utah Valley,Wholesale,2013,New England,1,0,0,UT
Utah Valley,Wholesale,2013,New England,5,0,0,UT
Utah Valley,Wholesale,2013,New England,10,,,UT
Utah Valley,Wholesale,2013,Pacific,1,0,8,UT
Utah Valley,Wholesale,2013,Pacific,5,0,18,UT
Utah Valley,Wholesale,2013,Pacific,10,,,UT
Utah Valley,Wholesale,2013,South Atlantic,1,0,3,UT
Utah Valley,Wholesale,2013,South Atlantic,5,0,6,UT
Utah Valley,Wholesale,2013,South Atlantic,10,,,UT
Utah Valley,Wholesale,2013,West North Central,1,0,3,UT
Utah Valley,Wholesale,2013,West North Central,5,0,2,UT
Utah Valley,Wholesale,2013,West North Central,10,,,UT
Utah Valley,Wholesale,2013,West South Central,1,0,10,UT
Utah Valley,Wholesale,2013,West South Central,5,0,15,UT
Utah Valley,Wholesale,2013,West South Central,10,,,UT
Utah Valley,Wholesale,2016,East North Central,1,0,3,UT
Utah Valley,Wholesale,2016,East North Central,5,0,3,UT
Utah Valley,Wholesale,2016,East North Central,10,,,UT
Utah Valley,Wholesale,2016,East South Central,1,0,1,UT
Utah Valley,Wholesale,2016,East South Central,5,0,2,UT
Utah Valley,Wholesale,2016,East South Central,10,,,UT
Utah Valley,Wholesale,2016,Middle Atlantic,1,0,2,UT
Utah Valley,Wholesale,2016,Middle Atlantic,5,0,4,UT
Utah Valley,Wholesale,2016,Middle Atlantic,10,,,UT
Utah Valley,Wholesale,2016,Mountain,1,174,177,UT
Utah Valley,Wholesale,2016,Mountain,5,160,167,UT
Utah Valley,Wholesale,2016,Mountain,10,,,UT
Utah Valley,Wholesale,2016,New England,1,0,2,UT
Utah Valley,Wholesale,2016,New England,5,0,1,UT
Utah Valley,Wholesale,2016,New England,10,,,UT
Utah Valley,Wholesale,2016,Pacific,1,0,12,UT
Utah Valley,Wholesale,2016,Pacific,5,0,16,UT
Utah Valley,Wholesale,2016,Pacific,10,,,UT
Utah Valley,Wholesale,2016,South Atlantic,1,0,7,UT
Utah Valley,Wholesale,2016,South Atlantic,5,0,17,UT
Utah Valley,Wholesale,2016,South Atlantic,10,,,UT
Utah Valley,Wholesale,2016,West North Central,1,0,3,UT
Utah Valley,Wholesale,2016,West North Central,5,0,2,UT
Utah Valley,Wholesale,2016,West North Central,10,,,UT
Utah Valley,Wholesale,2016,West South Central,1,0,4,UT
Utah Valley,Wholesale,2016,West South Central,5,0,8,UT
Utah Valley,Wholesale,2016,West South Central,10,,,UT
Utah Valley,Wholesale,2019,East North Central,1,0,0,UT
Utah Valley,Wholesale,2019,East North Central,5,,,UT
Utah Valley,Wholesale,2019,East North Central,10,,,UT
Utah Valley,Wholesale,2019,East South Central,1,0,3,UT
Utah Valley,Wholesale,2019,East South Central,5,,,UT
Utah Valley,Wholesale,2019,East South Central,10,,,UT
Utah Valley,Wholesale,2019,Middle Atlantic,1,0,0,UT
Utah Valley,Wholesale,2019,Middle Atlantic,5,,,UT
Utah Valley,Wholesale,2019,Middle Atlantic,10,,,UT
Utah Valley,Wholesale,2019,Mountain,1,232,239,UT
Utah Valley,Wholesale,2019,Mountain,5,,,UT
Utah Valley,Wholesale,2019,Mountain,10,,,UT
Utah Valley,Wholesale,2019,New England,1,0,0,UT
Utah Valley,Wholesale,2019,New England,5,,,UT
Utah Valley,Wholesale,2019,New England,10,,,UT
Utah Valley,Wholesale,2019,Pacific,1,0,10,UT
Utah Valley,Wholesale,2019,Pacific,5,,,UT
Utah Valley,Wholesale,2019,Pacific,10,,,UT
Utah Valley,Wholesale,2019,South Atlantic,1,0,5,UT
Utah Valley,Wholesale,2019,South Atlantic,5,,,UT
Utah Valley,Wholesale,2019,South Atlantic,10,,,UT
Utah Valley,Wholesale,2019,West North Central,1,0,0,UT
Utah Valley,Wholesale,2019,West North Central,5,,,UT
Utah Valley,Wholesale,2019,West North Central,10,,,UT
Utah Valley,Wholesale,2019,West South Central,1,0,6,UT
Utah Valley,Wholesale,2019,West South Central,5,,,UT
Utah Valley,Wholesale,2019,West South Central,10,,,UT
Weber State,Admin/Waste,2010,East North Central,1,0,1,UT
Weber State,Admin/Waste,2010,East North Central,5,0,4,UT
Weber State,Admin/Waste,2010,East North Central,10,0,4,UT
Weber State,Admin/Waste,2010,East South Central,1,0,0,UT
Weber State,Admin/Waste,2010,East South Central,5,0,1,UT
Weber State,Admin/Waste,2010,East South Central,10,0,1,UT
Weber State,Admin/Waste,2010,Middle Atlantic,1,0,0,UT
Weber State,Admin/Waste,2010,Middle Atlantic,5,0,6,UT
Weber State,Admin/Waste,2010,Middle Atlantic,10,0,1,UT
Weber State,Admin/Waste,2010,Mountain,1,100,104,UT
Weber State,Admin/Waste,2010,Mountain,5,87,99,UT
Weber State,Admin/Waste,2010,Mountain,10,75,97,UT
Weber State,Admin/Waste,2010,New England,1,0,1,UT
Weber State,Admin/Waste,2010,New England,5,0,0,UT
Weber State,Admin/Waste,2010,New England,10,0,0,UT
Weber State,Admin/Waste,2010,Pacific,1,0,8,UT
Weber State,Admin/Waste,2010,Pacific,5,0,16,UT
Weber State,Admin/Waste,2010,Pacific,10,0,10,UT
Weber State,Admin/Waste,2010,South Atlantic,1,0,6,UT
Weber State,Admin/Waste,2010,South Atlantic,5,0,6,UT
Weber State,Admin/Waste,2010,South Atlantic,10,0,8,UT
Weber State,Admin/Waste,2010,West North Central,1,0,0,UT
Weber State,Admin/Waste,2010,West North Central,5,0,1,UT
Weber State,Admin/Waste,2010,West North Central,10,0,2,UT
Weber State,Admin/Waste,2010,West South Central,1,0,6,UT
Weber State,Admin/Waste,2010,West South Central,5,0,9,UT
Weber State,Admin/Waste,2010,West South Central,10,0,12,UT
Weber State,Admin/Waste,2013,East North Central,1,0,4,UT
Weber State,Admin/Waste,2013,East North Central,5,0,6,UT
Weber State,Admin/Waste,2013,East North Central,10,,,UT
Weber State,Admin/Waste,2013,East South Central,1,0,1,UT
Weber State,Admin/Waste,2013,East South Central,5,0,1,UT
Weber State,Admin/Waste,2013,East South Central,10,,,UT
Weber State,Admin/Waste,2013,Middle Atlantic,1,0,3,UT
Weber State,Admin/Waste,2013,Middle Atlantic,5,0,4,UT
Weber State,Admin/Waste,2013,Middle Atlantic,10,,,UT
Weber State,Admin/Waste,2013,Mountain,1,164,171,UT
Weber State,Admin/Waste,2013,Mountain,5,107,114,UT
Weber State,Admin/Waste,2013,Mountain,10,,,UT
Weber State,Admin/Waste,2013,New England,1,0,1,UT
Weber State,Admin/Waste,2013,New England,5,0,2,UT
Weber State,Admin/Waste,2013,New England,10,,,UT
Weber State,Admin/Waste,2013,Pacific,1,0,10,UT
Weber State,Admin/Waste,2013,Pacific,5,0,9,UT
Weber State,Admin/Waste,2013,Pacific,10,,,UT
Weber State,Admin/Waste,2013,South Atlantic,1,0,5,UT
Weber State,Admin/Waste,2013,South Atlantic,5,0,6,UT
Weber State,Admin/Waste,2013,South Atlantic,10,,,UT
Weber State,Admin/Waste,2013,West North Central,1,0,2,UT
Weber State,Admin/Waste,2013,West North Central,5,0,0,UT
Weber State,Admin/Waste,2013,West North Central,10,,,UT
Weber State,Admin/Waste,2013,West South Central,1,0,4,UT
Weber State,Admin/Waste,2013,West South Central,5,0,10,UT
Weber State,Admin/Waste,2013,West South Central,10,,,UT
Weber State,Admin/Waste,2016,East North Central,1,0,6,UT
Weber State,Admin/Waste,2016,East North Central,5,0,3,UT
Weber State,Admin/Waste,2016,East North Central,10,,,UT
Weber State,Admin/Waste,2016,East South Central,1,0,0,UT
Weber State,Admin/Waste,2016,East South Central,5,0,0,UT
Weber State,Admin/Waste,2016,East South Central,10,,,UT
Weber State,Admin/Waste,2016,Middle Atlantic,1,0,3,UT
Weber State,Admin/Waste,2016,Middle Atlantic,5,0,4,UT
Weber State,Admin/Waste,2016,Middle Atlantic,10,,,UT
Weber State,Admin/Waste,2016,Mountain,1,190,206,UT
Weber State,Admin/Waste,2016,Mountain,5,122,149,UT
Weber State,Admin/Waste,2016,Mountain,10,,,UT
Weber State,Admin/Waste,2016,New England,1,0,4,UT
Weber State,Admin/Waste,2016,New England,5,0,0,UT
Weber State,Admin/Waste,2016,New England,10,,,UT
Weber State,Admin/Waste,2016,Pacific,1,0,20,UT
Weber State,Admin/Waste,2016,Pacific,5,0,28,UT
Weber State,Admin/Waste,2016,Pacific,10,,,UT
Weber State,Admin/Waste,2016,South Atlantic,1,0,11,UT
Weber State,Admin/Waste,2016,South Atlantic,5,0,10,UT
Weber State,Admin/Waste,2016,South Atlantic,10,,,UT
Weber State,Admin/Waste,2016,West North Central,1,0,6,UT
Weber State,Admin/Waste,2016,West North Central,5,0,0,UT
Weber State,Admin/Waste,2016,West North Central,10,,,UT
Weber State,Admin/Waste,2016,West South Central,1,0,5,UT
Weber State,Admin/Waste,2016,West South Central,5,0,8,UT
Weber State,Admin/Waste,2016,West South Central,10,,,UT
Weber State,Admin/Waste,2019,East North Central,1,0,5,UT
Weber State,Admin/Waste,2019,East North Central,5,,,UT
Weber State,Admin/Waste,2019,East North Central,10,,,UT
Weber State,Admin/Waste,2019,East South Central,1,0,2,UT
Weber State,Admin/Waste,2019,East South Central,5,,,UT
Weber State,Admin/Waste,2019,East South Central,10,,,UT
Weber State,Admin/Waste,2019,Middle Atlantic,1,0,3,UT
Weber State,Admin/Waste,2019,Middle Atlantic,5,,,UT
Weber State,Admin/Waste,2019,Middle Atlantic,10,,,UT
Weber State,Admin/Waste,2019,Mountain,1,167,186,UT
Weber State,Admin/Waste,2019,Mountain,5,,,UT
Weber State,Admin/Waste,2019,Mountain,10,,,UT
Weber State,Admin/Waste,2019,New England,1,0,0,UT
Weber State,Admin/Waste,2019,New England,5,,,UT
Weber State,Admin/Waste,2019,New England,10,,,UT
Weber State,Admin/Waste,2019,Pacific,1,0,22,UT
Weber State,Admin/Waste,2019,Pacific,5,,,UT
Weber State,Admin/Waste,2019,Pacific,10,,,UT
Weber State,Admin/Waste,2019,South Atlantic,1,0,10,UT
Weber State,Admin/Waste,2019,South Atlantic,5,,,UT
Weber State,Admin/Waste,2019,South Atlantic,10,,,UT
Weber State,Admin/Waste,2019,West North Central,1,0,0,UT
Weber State,Admin/Waste,2019,West North Central,5,,,UT
Weber State,Admin/Waste,2019,West North Central,10,,,UT
Weber State,Admin/Waste,2019,West South Central,1,0,8,UT
Weber State,Admin/Waste,2019,West South Central,5,,,UT
Weber State,Admin/Waste,2019,West South Central,10,,,UT
Weber State,Agriculture,2010,East North Central,1,0,0,UT
Weber State,Agriculture,2010,East North Central,5,0,0,UT
Weber State,Agriculture,2010,East North Central,10,0,0,UT
Weber State,Agriculture,2010,East South Central,1,0,0,UT
Weber State,Agriculture,2010,East South Central,5,0,0,UT
Weber State,Agriculture,2010,East South Central,10,0,0,UT
Weber State,Agriculture,2010,Middle Atlantic,1,0,0,UT
Weber State,Agriculture,2010,Middle Atlantic,5,0,0,UT
Weber State,Agriculture,2010,Middle Atlantic,10,0,0,UT
Weber State,Agriculture,2010,Mountain,1,2,2,UT
Weber State,Agriculture,2010,Mountain,5,0,0,UT
Weber State,Agriculture,2010,Mountain,10,0,1,UT
Weber State,Agriculture,2010,New England,1,0,0,UT
Weber State,Agriculture,2010,New England,5,0,0,UT
Weber State,Agriculture,2010,New England,10,0,0,UT
Weber State,Agriculture,2010,Pacific,1,0,2,UT
Weber State,Agriculture,2010,Pacific,5,0,2,UT
Weber State,Agriculture,2010,Pacific,10,0,0,UT
Weber State,Agriculture,2010,South Atlantic,1,0,0,UT
Weber State,Agriculture,2010,South Atlantic,5,0,0,UT
Weber State,Agriculture,2010,South Atlantic,10,0,0,UT
Weber State,Agriculture,2010,West North Central,1,0,0,UT
Weber State,Agriculture,2010,West North Central,5,0,0,UT
Weber State,Agriculture,2010,West North Central,10,0,0,UT
Weber State,Agriculture,2010,West South Central,1,0,0,UT
Weber State,Agriculture,2010,West South Central,5,0,0,UT
Weber State,Agriculture,2010,West South Central,10,0,0,UT
Weber State,Agriculture,2013,East North Central,1,0,0,UT
Weber State,Agriculture,2013,East North Central,5,0,0,UT
Weber State,Agriculture,2013,East North Central,10,,,UT
Weber State,Agriculture,2013,East South Central,1,0,0,UT
Weber State,Agriculture,2013,East South Central,5,0,0,UT
Weber State,Agriculture,2013,East South Central,10,,,UT
Weber State,Agriculture,2013,Middle Atlantic,1,0,0,UT
Weber State,Agriculture,2013,Middle Atlantic,5,0,0,UT
Weber State,Agriculture,2013,Middle Atlantic,10,,,UT
Weber State,Agriculture,2013,Mountain,1,3,3,UT
Weber State,Agriculture,2013,Mountain,5,2,2,UT
Weber State,Agriculture,2013,Mountain,10,,,UT
Weber State,Agriculture,2013,New England,1,0,0,UT
Weber State,Agriculture,2013,New England,5,0,0,UT
Weber State,Agriculture,2013,New England,10,,,UT
Weber State,Agriculture,2013,Pacific,1,0,5,UT
Weber State,Agriculture,2013,Pacific,5,0,0,UT
Weber State,Agriculture,2013,Pacific,10,,,UT
Weber State,Agriculture,2013,South Atlantic,1,0,0,UT
Weber State,Agriculture,2013,South Atlantic,5,0,0,UT
Weber State,Agriculture,2013,South Atlantic,10,,,UT
Weber State,Agriculture,2013,West North Central,1,0,0,UT
Weber State,Agriculture,2013,West North Central,5,0,0,UT
Weber State,Agriculture,2013,West North Central,10,,,UT
Weber State,Agriculture,2013,West South Central,1,0,0,UT
Weber State,Agriculture,2013,West South Central,5,0,0,UT
Weber State,Agriculture,2013,West South Central,10,,,UT
Weber State,Agriculture,2016,East North Central,1,0,0,UT
Weber State,Agriculture,2016,East North Central,5,0,0,UT
Weber State,Agriculture,2016,East North Central,10,,,UT
Weber State,Agriculture,2016,East South Central,1,0,0,UT
Weber State,Agriculture,2016,East South Central,5,0,0,UT
Weber State,Agriculture,2016,East South Central,10,,,UT
Weber State,Agriculture,2016,Middle Atlantic,1,0,0,UT
Weber State,Agriculture,2016,Middle Atlantic,5,0,0,UT
Weber State,Agriculture,2016,Middle Atlantic,10,,,UT
Weber State,Agriculture,2016,Mountain,1,4,4,UT
Weber State,Agriculture,2016,Mountain,5,6,6,UT
Weber State,Agriculture,2016,Mountain,10,,,UT
Weber State,Agriculture,2016,New England,1,0,0,UT
Weber State,Agriculture,2016,New England,5,0,0,UT
Weber State,Agriculture,2016,New England,10,,,UT
Weber State,Agriculture,2016,Pacific,1,0,2,UT
Weber State,Agriculture,2016,Pacific,5,0,1,UT
Weber State,Agriculture,2016,Pacific,10,,,UT
Weber State,Agriculture,2016,South Atlantic,1,0,0,UT
Weber State,Agriculture,2016,South Atlantic,5,0,0,UT
Weber State,Agriculture,2016,South Atlantic,10,,,UT
Weber State,Agriculture,2016,West North Central,1,0,0,UT
Weber State,Agriculture,2016,West North Central,5,0,0,UT
Weber State,Agriculture,2016,West North Central,10,,,UT
Weber State,Agriculture,2016,West South Central,1,0,0,UT
Weber State,Agriculture,2016,West South Central,5,0,0,UT
Weber State,Agriculture,2016,West South Central,10,,,UT
Weber State,Agriculture,2019,East North Central,1,0,0,UT
Weber State,Agriculture,2019,East North Central,5,,,UT
Weber State,Agriculture,2019,East North Central,10,,,UT
Weber State,Agriculture,2019,East South Central,1,0,0,UT
Weber State,Agriculture,2019,East South Central,5,,,UT
Weber State,Agriculture,2019,East South Central,10,,,UT
Weber State,Agriculture,2019,Middle Atlantic,1,0,0,UT
Weber State,Agriculture,2019,Middle Atlantic,5,,,UT
Weber State,Agriculture,2019,Middle Atlantic,10,,,UT
Weber State,Agriculture,2019,Mountain,1,1,1,UT
Weber State,Agriculture,2019,Mountain,5,,,UT
Weber State,Agriculture,2019,Mountain,10,,,UT
Weber State,Agriculture,2019,New England,1,0,0,UT
Weber State,Agriculture,2019,New England,5,,,UT
Weber State,Agriculture,2019,New England,10,,,UT
Weber State,Agriculture,2019,Pacific,1,0,4,UT
Weber State,Agriculture,2019,Pacific,5,,,UT
Weber State,Agriculture,2019,Pacific,10,,,UT
Weber State,Agriculture,2019,South Atlantic,1,0,0,UT
Weber State,Agriculture,2019,South Atlantic,5,,,UT
Weber State,Agriculture,2019,South Atlantic,10,,,UT
Weber State,Agriculture,2019,West North Central,1,0,0,UT
Weber State,Agriculture,2019,West North Central,5,,,UT
Weber State,Agriculture,2019,West North Central,10,,,UT
Weber State,Agriculture,2019,West South Central,1,0,0,UT
Weber State,Agriculture,2019,West South Central,5,,,UT
Weber State,Agriculture,2019,West South Central,10,,,UT
Weber State,Arts/Entertainment,2010,East North Central,1,0,1,UT
Weber State,Arts/Entertainment,2010,East North Central,5,0,4,UT
Weber State,Arts/Entertainment,2010,East North Central,10,0,0,UT
Weber State,Arts/Entertainment,2010,East South Central,1,0,0,UT
Weber State,Arts/Entertainment,2010,East South Central,5,0,0,UT
Weber State,Arts/Entertainment,2010,East South Central,10,0,0,UT
Weber State,Arts/Entertainment,2010,Middle Atlantic,1,0,1,UT
Weber State,Arts/Entertainment,2010,Middle Atlantic,5,0,0,UT
Weber State,Arts/Entertainment,2010,Middle Atlantic,10,0,0,UT
Weber State,Arts/Entertainment,2010,Mountain,1,23,24,UT
Weber State,Arts/Entertainment,2010,Mountain,5,14,17,UT
Weber State,Arts/Entertainment,2010,Mountain,10,23,23,UT
Weber State,Arts/Entertainment,2010,New England,1,0,0,UT
Weber State,Arts/Entertainment,2010,New England,5,0,0,UT
Weber State,Arts/Entertainment,2010,New England,10,0,0,UT
Weber State,Arts/Entertainment,2010,Pacific,1,0,3,UT
Weber State,Arts/Entertainment,2010,Pacific,5,0,5,UT
Weber State,Arts/Entertainment,2010,Pacific,10,0,3,UT
Weber State,Arts/Entertainment,2010,South Atlantic,1,0,2,UT
Weber State,Arts/Entertainment,2010,South Atlantic,5,0,0,UT
Weber State,Arts/Entertainment,2010,South Atlantic,10,0,1,UT
Weber State,Arts/Entertainment,2010,West North Central,1,0,0,UT
Weber State,Arts/Entertainment,2010,West North Central,5,0,0,UT
Weber State,Arts/Entertainment,2010,West North Central,10,0,0,UT
Weber State,Arts/Entertainment,2010,West South Central,1,0,0,UT
Weber State,Arts/Entertainment,2010,West South Central,5,0,2,UT
Weber State,Arts/Entertainment,2010,West South Central,10,0,3,UT
Weber State,Arts/Entertainment,2013,East North Central,1,0,1,UT
Weber State,Arts/Entertainment,2013,East North Central,5,0,0,UT
Weber State,Arts/Entertainment,2013,East North Central,10,,,UT
Weber State,Arts/Entertainment,2013,East South Central,1,0,0,UT
Weber State,Arts/Entertainment,2013,East South Central,5,0,0,UT
Weber State,Arts/Entertainment,2013,East South Central,10,,,UT
Weber State,Arts/Entertainment,2013,Middle Atlantic,1,0,1,UT
Weber State,Arts/Entertainment,2013,Middle Atlantic,5,0,0,UT
Weber State,Arts/Entertainment,2013,Middle Atlantic,10,,,UT
Weber State,Arts/Entertainment,2013,Mountain,1,41,42,UT
Weber State,Arts/Entertainment,2013,Mountain,5,37,37,UT
Weber State,Arts/Entertainment,2013,Mountain,10,,,UT
Weber State,Arts/Entertainment,2013,New England,1,0,0,UT
Weber State,Arts/Entertainment,2013,New England,5,0,0,UT
Weber State,Arts/Entertainment,2013,New England,10,,,UT
Weber State,Arts/Entertainment,2013,Pacific,1,0,2,UT
Weber State,Arts/Entertainment,2013,Pacific,5,0,3,UT
Weber State,Arts/Entertainment,2013,Pacific,10,,,UT
Weber State,Arts/Entertainment,2013,South Atlantic,1,0,1,UT
Weber State,Arts/Entertainment,2013,South Atlantic,5,0,1,UT
Weber State,Arts/Entertainment,2013,South Atlantic,10,,,UT
Weber State,Arts/Entertainment,2013,West North Central,1,0,1,UT
Weber State,Arts/Entertainment,2013,West North Central,5,0,0,UT
Weber State,Arts/Entertainment,2013,West North Central,10,,,UT
Weber State,Arts/Entertainment,2013,West South Central,1,0,0,UT
Weber State,Arts/Entertainment,2013,West South Central,5,0,0,UT
Weber State,Arts/Entertainment,2013,West South Central,10,,,UT
Weber State,Arts/Entertainment,2016,East North Central,1,0,0,UT
Weber State,Arts/Entertainment,2016,East North Central,5,0,0,UT
Weber State,Arts/Entertainment,2016,East North Central,10,,,UT
Weber State,Arts/Entertainment,2016,East South Central,1,0,0,UT
Weber State,Arts/Entertainment,2016,East South Central,5,0,0,UT
Weber State,Arts/Entertainment,2016,East South Central,10,,,UT
Weber State,Arts/Entertainment,2016,Middle Atlantic,1,0,0,UT
Weber State,Arts/Entertainment,2016,Middle Atlantic,5,0,0,UT
Weber State,Arts/Entertainment,2016,Middle Atlantic,10,,,UT
Weber State,Arts/Entertainment,2016,Mountain,1,54,54,UT
Weber State,Arts/Entertainment,2016,Mountain,5,33,33,UT
Weber State,Arts/Entertainment,2016,Mountain,10,,,UT
Weber State,Arts/Entertainment,2016,New England,1,0,0,UT
Weber State,Arts/Entertainment,2016,New England,5,0,0,UT
Weber State,Arts/Entertainment,2016,New England,10,,,UT
Weber State,Arts/Entertainment,2016,Pacific,1,0,2,UT
Weber State,Arts/Entertainment,2016,Pacific,5,0,3,UT
Weber State,Arts/Entertainment,2016,Pacific,10,,,UT
Weber State,Arts/Entertainment,2016,South Atlantic,1,0,4,UT
Weber State,Arts/Entertainment,2016,South Atlantic,5,0,0,UT
Weber State,Arts/Entertainment,2016,South Atlantic,10,,,UT
Weber State,Arts/Entertainment,2016,West North Central,1,0,0,UT
Weber State,Arts/Entertainment,2016,West North Central,5,0,0,UT
Weber State,Arts/Entertainment,2016,West North Central,10,,,UT
Weber State,Arts/Entertainment,2016,West South Central,1,0,0,UT
Weber State,Arts/Entertainment,2016,West South Central,5,0,1,UT
Weber State,Arts/Entertainment,2016,West South Central,10,,,UT
Weber State,Arts/Entertainment,2019,East North Central,1,0,0,UT
Weber State,Arts/Entertainment,2019,East North Central,5,,,UT
Weber State,Arts/Entertainment,2019,East North Central,10,,,UT
Weber State,Arts/Entertainment,2019,East South Central,1,0,0,UT
Weber State,Arts/Entertainment,2019,East South Central,5,,,UT
Weber State,Arts/Entertainment,2019,East South Central,10,,,UT
Weber State,Arts/Entertainment,2019,Middle Atlantic,1,0,0,UT
Weber State,Arts/Entertainment,2019,Middle Atlantic,5,,,UT
Weber State,Arts/Entertainment,2019,Middle Atlantic,10,,,UT
Weber State,Arts/Entertainment,2019,Mountain,1,46,49,UT
Weber State,Arts/Entertainment,2019,Mountain,5,,,UT
Weber State,Arts/Entertainment,2019,Mountain,10,,,UT
Weber State,Arts/Entertainment,2019,New England,1,0,0,UT
Weber State,Arts/Entertainment,2019,New England,5,,,UT
Weber State,Arts/Entertainment,2019,New England,10,,,UT
Weber State,Arts/Entertainment,2019,Pacific,1,0,2,UT
Weber State,Arts/Entertainment,2019,Pacific,5,,,UT
Weber State,Arts/Entertainment,2019,Pacific,10,,,UT
Weber State,Arts/Entertainment,2019,South Atlantic,1,0,1,UT
Weber State,Arts/Entertainment,2019,South Atlantic,5,,,UT
Weber State,Arts/Entertainment,2019,South Atlantic,10,,,UT
Weber State,Arts/Entertainment,2019,West North Central,1,0,0,UT
Weber State,Arts/Entertainment,2019,West North Central,5,,,UT
Weber State,Arts/Entertainment,2019,West North Central,10,,,UT
Weber State,Arts/Entertainment,2019,West South Central,1,0,3,UT
Weber State,Arts/Entertainment,2019,West South Central,5,,,UT
Weber State,Arts/Entertainment,2019,West South Central,10,,,UT
Weber State,Construction,2010,East North Central,1,0,0,UT
Weber State,Construction,2010,East North Central,5,0,6,UT
Weber State,Construction,2010,East North Central,10,0,5,UT
Weber State,Construction,2010,East South Central,1,0,0,UT
Weber State,Construction,2010,East South Central,5,0,2,UT
Weber State,Construction,2010,East South Central,10,0,1,UT
Weber State,Construction,2010,Middle Atlantic,1,0,2,UT
Weber State,Construction,2010,Middle Atlantic,5,0,1,UT
Weber State,Construction,2010,Middle Atlantic,10,0,4,UT
Weber State,Construction,2010,Mountain,1,128,132,UT
Weber State,Construction,2010,Mountain,5,120,139,UT
Weber State,Construction,2010,Mountain,10,140,148,UT
Weber State,Construction,2010,New England,1,0,0,UT
Weber State,Construction,2010,New England,5,0,0,UT
Weber State,Construction,2010,New England,10,0,0,UT
Weber State,Construction,2010,Pacific,1,0,9,UT
Weber State,Construction,2010,Pacific,5,0,17,UT
Weber State,Construction,2010,Pacific,10,0,17,UT
Weber State,Construction,2010,South Atlantic,1,0,5,UT
Weber State,Construction,2010,South Atlantic,5,0,4,UT
Weber State,Construction,2010,South Atlantic,10,0,2,UT
Weber State,Construction,2010,West North Central,1,0,0,UT
Weber State,Construction,2010,West North Central,5,0,0,UT
Weber State,Construction,2010,West North Central,10,0,1,UT
Weber State,Construction,2010,West South Central,1,0,8,UT
Weber State,Construction,2010,West South Central,5,0,2,UT
Weber State,Construction,2010,West South Central,10,0,9,UT
Weber State,Construction,2013,East North Central,1,0,1,UT
Weber State,Construction,2013,East North Central,5,0,2,UT
Weber State,Construction,2013,East North Central,10,,,UT
Weber State,Construction,2013,East South Central,1,0,0,UT
Weber State,Construction,2013,East South Central,5,0,2,UT
Weber State,Construction,2013,East South Central,10,,,UT
Weber State,Construction,2013,Middle Atlantic,1,0,3,UT
Weber State,Construction,2013,Middle Atlantic,5,0,2,UT
Weber State,Construction,2013,Middle Atlantic,10,,,UT
Weber State,Construction,2013,Mountain,1,126,139,UT
Weber State,Construction,2013,Mountain,5,130,143,UT
Weber State,Construction,2013,Mountain,10,,,UT
Weber State,Construction,2013,New England,1,0,0,UT
Weber State,Construction,2013,New England,5,0,0,UT
Weber State,Construction,2013,New England,10,,,UT
Weber State,Construction,2013,Pacific,1,0,10,UT
Weber State,Construction,2013,Pacific,5,0,17,UT
Weber State,Construction,2013,Pacific,10,,,UT
Weber State,Construction,2013,South Atlantic,1,0,2,UT
Weber State,Construction,2013,South Atlantic,5,0,5,UT
Weber State,Construction,2013,South Atlantic,10,,,UT
Weber State,Construction,2013,West North Central,1,0,2,UT
Weber State,Construction,2013,West North Central,5,0,2,UT
Weber State,Construction,2013,West North Central,10,,,UT
Weber State,Construction,2013,West South Central,1,0,1,UT
Weber State,Construction,2013,West South Central,5,0,4,UT
Weber State,Construction,2013,West South Central,10,,,UT
Weber State,Construction,2016,East North Central,1,0,4,UT
Weber State,Construction,2016,East North Central,5,0,3,UT
Weber State,Construction,2016,East North Central,10,,,UT
Weber State,Construction,2016,East South Central,1,0,1,UT
Weber State,Construction,2016,East South Central,5,0,0,UT
Weber State,Construction,2016,East South Central,10,,,UT
Weber State,Construction,2016,Middle Atlantic,1,0,0,UT
Weber State,Construction,2016,Middle Atlantic,5,0,1,UT
Weber State,Construction,2016,Middle Atlantic,10,,,UT
Weber State,Construction,2016,Mountain,1,125,135,UT
Weber State,Construction,2016,Mountain,5,156,167,UT
Weber State,Construction,2016,Mountain,10,,,UT
Weber State,Construction,2016,New England,1,0,0,UT
Weber State,Construction,2016,New England,5,0,1,UT
Weber State,Construction,2016,New England,10,,,UT
Weber State,Construction,2016,Pacific,1,0,12,UT
Weber State,Construction,2016,Pacific,5,0,15,UT
Weber State,Construction,2016,Pacific,10,,,UT
Weber State,Construction,2016,South Atlantic,1,0,8,UT
Weber State,Construction,2016,South Atlantic,5,0,11,UT
Weber State,Construction,2016,South Atlantic,10,,,UT
Weber State,Construction,2016,West North Central,1,0,1,UT
Weber State,Construction,2016,West North Central,5,0,2,UT
Weber State,Construction,2016,West North Central,10,,,UT
Weber State,Construction,2016,West South Central,1,0,4,UT
Weber State,Construction,2016,West South Central,5,0,2,UT
Weber State,Construction,2016,West South Central,10,,,UT
Weber State,Construction,2019,East North Central,1,0,6,UT
Weber State,Construction,2019,East North Central,5,,,UT
Weber State,Construction,2019,East North Central,10,,,UT
Weber State,Construction,2019,East South Central,1,0,0,UT
Weber State,Construction,2019,East South Central,5,,,UT
Weber State,Construction,2019,East South Central,10,,,UT
Weber State,Construction,2019,Middle Atlantic,1,0,4,UT
Weber State,Construction,2019,Middle Atlantic,5,,,UT
Weber State,Construction,2019,Middle Atlantic,10,,,UT
Weber State,Construction,2019,Mountain,1,152,165,UT
Weber State,Construction,2019,Mountain,5,,,UT
Weber State,Construction,2019,Mountain,10,,,UT
Weber State,Construction,2019,New England,1,0,0,UT
Weber State,Construction,2019,New England,5,,,UT
Weber State,Construction,2019,New England,10,,,UT
Weber State,Construction,2019,Pacific,1,0,3,UT
Weber State,Construction,2019,Pacific,5,,,UT
Weber State,Construction,2019,Pacific,10,,,UT
Weber State,Construction,2019,South Atlantic,1,0,9,UT
Weber State,Construction,2019,South Atlantic,5,,,UT
Weber State,Construction,2019,South Atlantic,10,,,UT
Weber State,Construction,2019,West North Central,1,0,0,UT
Weber State,Construction,2019,West North Central,5,,,UT
Weber State,Construction,2019,West North Central,10,,,UT
Weber State,Construction,2019,West South Central,1,0,3,UT
Weber State,Construction,2019,West South Central,5,,,UT
Weber State,Construction,2019,West South Central,10,,,UT
Weber State,Education,2010,East North Central,1,0,4,UT
Weber State,Education,2010,East North Central,5,0,10,UT
Weber State,Education,2010,East North Central,10,0,11,UT
Weber State,Education,2010,East South Central,1,0,1,UT
Weber State,Education,2010,East South Central,5,0,3,UT
Weber State,Education,2010,East South Central,10,0,1,UT
Weber State,Education,2010,Middle Atlantic,1,0,4,UT
Weber State,Education,2010,Middle Atlantic,5,0,1,UT
Weber State,Education,2010,Middle Atlantic,10,0,13,UT
Weber State,Education,2010,Mountain,1,454,473,UT
Weber State,Education,2010,Mountain,5,533,557,UT
Weber State,Education,2010,Mountain,10,510,545,UT
Weber State,Education,2010,New England,1,0,6,UT
Weber State,Education,2010,New England,5,0,3,UT
Weber State,Education,2010,New England,10,0,3,UT
Weber State,Education,2010,Pacific,1,0,10,UT
Weber State,Education,2010,Pacific,5,0,19,UT
Weber State,Education,2010,Pacific,10,0,29,UT
Weber State,Education,2010,South Atlantic,1,0,11,UT
Weber State,Education,2010,South Atlantic,5,0,15,UT
Weber State,Education,2010,South Atlantic,10,0,18,UT
Weber State,Education,2010,West North Central,1,0,6,UT
Weber State,Education,2010,West North Central,5,0,3,UT
Weber State,Education,2010,West North Central,10,0,6,UT
Weber State,Education,2010,West South Central,1,0,4,UT
Weber State,Education,2010,West South Central,5,0,14,UT
Weber State,Education,2010,West South Central,10,0,13,UT
Weber State,Education,2013,East North Central,1,0,8,UT
Weber State,Education,2013,East North Central,5,0,4,UT
Weber State,Education,2013,East North Central,10,,,UT
Weber State,Education,2013,East South Central,1,0,7,UT
Weber State,Education,2013,East South Central,5,0,1,UT
Weber State,Education,2013,East South Central,10,,,UT
Weber State,Education,2013,Middle Atlantic,1,0,10,UT
Weber State,Education,2013,Middle Atlantic,5,0,7,UT
Weber State,Education,2013,Middle Atlantic,10,,,UT
Weber State,Education,2013,Mountain,1,614,632,UT
Weber State,Education,2013,Mountain,5,638,664,UT
Weber State,Education,2013,Mountain,10,,,UT
Weber State,Education,2013,New England,1,0,1,UT
Weber State,Education,2013,New England,5,0,4,UT
Weber State,Education,2013,New England,10,,,UT
Weber State,Education,2013,Pacific,1,0,25,UT
Weber State,Education,2013,Pacific,5,0,40,UT
Weber State,Education,2013,Pacific,10,,,UT
Weber State,Education,2013,South Atlantic,1,0,15,UT
Weber State,Education,2013,South Atlantic,5,0,20,UT
Weber State,Education,2013,South Atlantic,10,,,UT
Weber State,Education,2013,West North Central,1,0,4,UT
Weber State,Education,2013,West North Central,5,0,12,UT
Weber State,Education,2013,West North Central,10,,,UT
Weber State,Education,2013,West South Central,1,0,12,UT
Weber State,Education,2013,West South Central,5,0,8,UT
Weber State,Education,2013,West South Central,10,,,UT
Weber State,Education,2016,East North Central,1,0,16,UT
Weber State,Education,2016,East North Central,5,0,13,UT
Weber State,Education,2016,East North Central,10,,,UT
Weber State,Education,2016,East South Central,1,0,3,UT
Weber State,Education,2016,East South Central,5,0,4,UT
Weber State,Education,2016,East South Central,10,,,UT
Weber State,Education,2016,Middle Atlantic,1,0,5,UT
Weber State,Education,2016,Middle Atlantic,5,0,7,UT
Weber State,Education,2016,Middle Atlantic,10,,,UT
Weber State,Education,2016,Mountain,1,617,637,UT
Weber State,Education,2016,Mountain,5,608,622,UT
Weber State,Education,2016,Mountain,10,,,UT
Weber State,Education,2016,New England,1,0,3,UT
Weber State,Education,2016,New England,5,0,1,UT
Weber State,Education,2016,New England,10,,,UT
Weber State,Education,2016,Pacific,1,0,28,UT
Weber State,Education,2016,Pacific,5,0,26,UT
Weber State,Education,2016,Pacific,10,,,UT
Weber State,Education,2016,South Atlantic,1,0,13,UT
Weber State,Education,2016,South Atlantic,5,0,11,UT
Weber State,Education,2016,South Atlantic,10,,,UT
Weber State,Education,2016,West North Central,1,0,11,UT
Weber State,Education,2016,West North Central,5,0,3,UT
Weber State,Education,2016,West North Central,10,,,UT
Weber State,Education,2016,West South Central,1,0,6,UT
Weber State,Education,2016,West South Central,5,0,17,UT
Weber State,Education,2016,West South Central,10,,,UT
Weber State,Education,2019,East North Central,1,0,23,UT
Weber State,Education,2019,East North Central,5,,,UT
Weber State,Education,2019,East North Central,10,,,UT
Weber State,Education,2019,East South Central,1,0,5,UT
Weber State,Education,2019,East South Central,5,,,UT
Weber State,Education,2019,East South Central,10,,,UT
Weber State,Education,2019,Middle Atlantic,1,0,15,UT
Weber State,Education,2019,Middle Atlantic,5,,,UT
Weber State,Education,2019,Middle Atlantic,10,,,UT
Weber State,Education,2019,Mountain,1,719,745,UT
Weber State,Education,2019,Mountain,5,,,UT
Weber State,Education,2019,Mountain,10,,,UT
Weber State,Education,2019,New England,1,0,9,UT
Weber State,Education,2019,New England,5,,,UT
Weber State,Education,2019,New England,10,,,UT
Weber State,Education,2019,Pacific,1,0,20,UT
Weber State,Education,2019,Pacific,5,,,UT
Weber State,Education,2019,Pacific,10,,,UT
Weber State,Education,2019,South Atlantic,1,0,15,UT
Weber State,Education,2019,South Atlantic,5,,,UT
Weber State,Education,2019,South Atlantic,10,,,UT
Weber State,Education,2019,West North Central,1,0,4,UT
Weber State,Education,2019,West North Central,5,,,UT
Weber State,Education,2019,West North Central,10,,,UT
Weber State,Education,2019,West South Central,1,0,8,UT
Weber State,Education,2019,West South Central,5,,,UT
Weber State,Education,2019,West South Central,10,,,UT
Weber State,Finance,2010,East North Central,1,0,0,UT
Weber State,Finance,2010,East North Central,5,0,3,UT
Weber State,Finance,2010,East North Central,10,0,3,UT
Weber State,Finance,2010,East South Central,1,0,0,UT
Weber State,Finance,2010,East South Central,5,0,0,UT
Weber State,Finance,2010,East South Central,10,0,0,UT
Weber State,Finance,2010,Middle Atlantic,1,0,0,UT
Weber State,Finance,2010,Middle Atlantic,5,0,2,UT
Weber State,Finance,2010,Middle Atlantic,10,0,1,UT
Weber State,Finance,2010,Mountain,1,194,200,UT
Weber State,Finance,2010,Mountain,5,188,205,UT
Weber State,Finance,2010,Mountain,10,179,192,UT
Weber State,Finance,2010,New England,1,0,2,UT
Weber State,Finance,2010,New England,5,0,0,UT
Weber State,Finance,2010,New England,10,0,1,UT
Weber State,Finance,2010,Pacific,1,0,7,UT
Weber State,Finance,2010,Pacific,5,0,18,UT
Weber State,Finance,2010,Pacific,10,0,11,UT
Weber State,Finance,2010,South Atlantic,1,0,4,UT
Weber State,Finance,2010,South Atlantic,5,0,6,UT
Weber State,Finance,2010,South Atlantic,10,0,3,UT
Weber State,Finance,2010,West North Central,1,0,0,UT
Weber State,Finance,2010,West North Central,5,0,0,UT
Weber State,Finance,2010,West North Central,10,0,2,UT
Weber State,Finance,2010,West South Central,1,0,4,UT
Weber State,Finance,2010,West South Central,5,0,4,UT
Weber State,Finance,2010,West South Central,10,0,14,UT
Weber State,Finance,2013,East North Central,1,0,3,UT
Weber State,Finance,2013,East North Central,5,0,2,UT
Weber State,Finance,2013,East North Central,10,,,UT
Weber State,Finance,2013,East South Central,1,0,0,UT
Weber State,Finance,2013,East South Central,5,0,0,UT
Weber State,Finance,2013,East South Central,10,,,UT
Weber State,Finance,2013,Middle Atlantic,1,0,3,UT
Weber State,Finance,2013,Middle Atlantic,5,0,4,UT
Weber State,Finance,2013,Middle Atlantic,10,,,UT
Weber State,Finance,2013,Mountain,1,247,256,UT
Weber State,Finance,2013,Mountain,5,270,277,UT
Weber State,Finance,2013,Mountain,10,,,UT
Weber State,Finance,2013,New England,1,0,0,UT
Weber State,Finance,2013,New England,5,0,0,UT
Weber State,Finance,2013,New England,10,,,UT
Weber State,Finance,2013,Pacific,1,0,6,UT
Weber State,Finance,2013,Pacific,5,0,11,UT
Weber State,Finance,2013,Pacific,10,,,UT
Weber State,Finance,2013,South Atlantic,1,0,2,UT
Weber State,Finance,2013,South Atlantic,5,0,6,UT
Weber State,Finance,2013,South Atlantic,10,,,UT
Weber State,Finance,2013,West North Central,1,0,1,UT
Weber State,Finance,2013,West North Central,5,0,2,UT
Weber State,Finance,2013,West North Central,10,,,UT
Weber State,Finance,2013,West South Central,1,0,4,UT
Weber State,Finance,2013,West South Central,5,0,6,UT
Weber State,Finance,2013,West South Central,10,,,UT
Weber State,Finance,2016,East North Central,1,0,2,UT
Weber State,Finance,2016,East North Central,5,0,2,UT
Weber State,Finance,2016,East North Central,10,,,UT
Weber State,Finance,2016,East South Central,1,0,0,UT
Weber State,Finance,2016,East South Central,5,0,1,UT
Weber State,Finance,2016,East South Central,10,,,UT
Weber State,Finance,2016,Middle Atlantic,1,0,4,UT
Weber State,Finance,2016,Middle Atlantic,5,0,0,UT
Weber State,Finance,2016,Middle Atlantic,10,,,UT
Weber State,Finance,2016,Mountain,1,253,259,UT
Weber State,Finance,2016,Mountain,5,237,242,UT
Weber State,Finance,2016,Mountain,10,,,UT
Weber State,Finance,2016,New England,1,0,2,UT
Weber State,Finance,2016,New England,5,0,0,UT
Weber State,Finance,2016,New England,10,,,UT
Weber State,Finance,2016,Pacific,1,0,6,UT
Weber State,Finance,2016,Pacific,5,0,9,UT
Weber State,Finance,2016,Pacific,10,,,UT
Weber State,Finance,2016,South Atlantic,1,0,7,UT
Weber State,Finance,2016,South Atlantic,5,0,8,UT
Weber State,Finance,2016,South Atlantic,10,,,UT
Weber State,Finance,2016,West North Central,1,0,2,UT
Weber State,Finance,2016,West North Central,5,0,4,UT
Weber State,Finance,2016,West North Central,10,,,UT
Weber State,Finance,2016,West South Central,1,0,4,UT
Weber State,Finance,2016,West South Central,5,0,6,UT
Weber State,Finance,2016,West South Central,10,,,UT
Weber State,Finance,2019,East North Central,1,0,5,UT
Weber State,Finance,2019,East North Central,5,,,UT
Weber State,Finance,2019,East North Central,10,,,UT
Weber State,Finance,2019,East South Central,1,0,1,UT
Weber State,Finance,2019,East South Central,5,,,UT
Weber State,Finance,2019,East South Central,10,,,UT
Weber State,Finance,2019,Middle Atlantic,1,0,6,UT
Weber State,Finance,2019,Middle Atlantic,5,,,UT
Weber State,Finance,2019,Middle Atlantic,10,,,UT
Weber State,Finance,2019,Mountain,1,278,299,UT
Weber State,Finance,2019,Mountain,5,,,UT
Weber State,Finance,2019,Mountain,10,,,UT
Weber State,Finance,2019,New England,1,0,0,UT
Weber State,Finance,2019,New England,5,,,UT
Weber State,Finance,2019,New England,10,,,UT
Weber State,Finance,2019,Pacific,1,0,8,UT
Weber State,Finance,2019,Pacific,5,,,UT
Weber State,Finance,2019,Pacific,10,,,UT
Weber State,Finance,2019,South Atlantic,1,0,8,UT
Weber State,Finance,2019,South Atlantic,5,,,UT
Weber State,Finance,2019,South Atlantic,10,,,UT
Weber State,Finance,2019,West North Central,1,0,5,UT
Weber State,Finance,2019,West North Central,5,,,UT
Weber State,Finance,2019,West North Central,10,,,UT
Weber State,Finance,2019,West South Central,1,0,8,UT
Weber State,Finance,2019,West South Central,5,,,UT
Weber State,Finance,2019,West South Central,10,,,UT
Weber State,Food/Hospitality,2010,East North Central,1,0,3,UT
Weber State,Food/Hospitality,2010,East North Central,5,0,3,UT
Weber State,Food/Hospitality,2010,East North Central,10,0,7,UT
Weber State,Food/Hospitality,2010,East South Central,1,0,0,UT
Weber State,Food/Hospitality,2010,East South Central,5,0,3,UT
Weber State,Food/Hospitality,2010,East South Central,10,0,1,UT
Weber State,Food/Hospitality,2010,Middle Atlantic,1,0,7,UT
Weber State,Food/Hospitality,2010,Middle Atlantic,5,0,1,UT
Weber State,Food/Hospitality,2010,Middle Atlantic,10,0,5,UT
Weber State,Food/Hospitality,2010,Mountain,1,43,53,UT
Weber State,Food/Hospitality,2010,Mountain,5,32,45,UT
Weber State,Food/Hospitality,2010,Mountain,10,13,21,UT
Weber State,Food/Hospitality,2010,New England,1,0,1,UT
Weber State,Food/Hospitality,2010,New England,5,0,0,UT
Weber State,Food/Hospitality,2010,New England,10,0,0,UT
Weber State,Food/Hospitality,2010,Pacific,1,0,5,UT
Weber State,Food/Hospitality,2010,Pacific,5,0,9,UT
Weber State,Food/Hospitality,2010,Pacific,10,0,8,UT
Weber State,Food/Hospitality,2010,South Atlantic,1,0,4,UT
Weber State,Food/Hospitality,2010,South Atlantic,5,0,7,UT
Weber State,Food/Hospitality,2010,South Atlantic,10,0,0,UT
Weber State,Food/Hospitality,2010,West North Central,1,0,0,UT
Weber State,Food/Hospitality,2010,West North Central,5,0,3,UT
Weber State,Food/Hospitality,2010,West North Central,10,0,2,UT
Weber State,Food/Hospitality,2010,West South Central,1,0,8,UT
Weber State,Food/Hospitality,2010,West South Central,5,0,2,UT
Weber State,Food/Hospitality,2010,West South Central,10,0,3,UT
Weber State,Food/Hospitality,2013,East North Central,1,0,7,UT
Weber State,Food/Hospitality,2013,East North Central,5,0,1,UT
Weber State,Food/Hospitality,2013,East North Central,10,,,UT
Weber State,Food/Hospitality,2013,East South Central,1,0,0,UT
Weber State,Food/Hospitality,2013,East South Central,5,0,0,UT
Weber State,Food/Hospitality,2013,East South Central,10,,,UT
Weber State,Food/Hospitality,2013,Middle Atlantic,1,0,3,UT
Weber State,Food/Hospitality,2013,Middle Atlantic,5,0,0,UT
Weber State,Food/Hospitality,2013,Middle Atlantic,10,,,UT
Weber State,Food/Hospitality,2013,Mountain,1,72,80,UT
Weber State,Food/Hospitality,2013,Mountain,5,35,40,UT
Weber State,Food/Hospitality,2013,Mountain,10,,,UT
Weber State,Food/Hospitality,2013,New England,1,0,1,UT
Weber State,Food/Hospitality,2013,New England,5,0,0,UT
Weber State,Food/Hospitality,2013,New England,10,,,UT
Weber State,Food/Hospitality,2013,Pacific,1,0,14,UT
Weber State,Food/Hospitality,2013,Pacific,5,0,7,UT
Weber State,Food/Hospitality,2013,Pacific,10,,,UT
Weber State,Food/Hospitality,2013,South Atlantic,1,0,6,UT
Weber State,Food/Hospitality,2013,South Atlantic,5,0,4,UT
Weber State,Food/Hospitality,2013,South Atlantic,10,,,UT
Weber State,Food/Hospitality,2013,West North Central,1,0,3,UT
Weber State,Food/Hospitality,2013,West North Central,5,0,3,UT
Weber State,Food/Hospitality,2013,West North Central,10,,,UT
Weber State,Food/Hospitality,2013,West South Central,1,0,10,UT
Weber State,Food/Hospitality,2013,West South Central,5,0,1,UT
Weber State,Food/Hospitality,2013,West South Central,10,,,UT
Weber State,Food/Hospitality,2016,East North Central,1,0,4,UT
Weber State,Food/Hospitality,2016,East North Central,5,0,0,UT
Weber State,Food/Hospitality,2016,East North Central,10,,,UT
Weber State,Food/Hospitality,2016,East South Central,1,0,0,UT
Weber State,Food/Hospitality,2016,East South Central,5,0,0,UT
Weber State,Food/Hospitality,2016,East South Central,10,,,UT
Weber State,Food/Hospitality,2016,Middle Atlantic,1,0,1,UT
Weber State,Food/Hospitality,2016,Middle Atlantic,5,0,0,UT
Weber State,Food/Hospitality,2016,Middle Atlantic,10,,,UT
Weber State,Food/Hospitality,2016,Mountain,1,68,74,UT
Weber State,Food/Hospitality,2016,Mountain,5,38,39,UT
Weber State,Food/Hospitality,2016,Mountain,10,,,UT
Weber State,Food/Hospitality,2016,New England,1,0,1,UT
Weber State,Food/Hospitality,2016,New England,5,0,0,UT
Weber State,Food/Hospitality,2016,New England,10,,,UT
Weber State,Food/Hospitality,2016,Pacific,1,0,12,UT
Weber State,Food/Hospitality,2016,Pacific,5,0,6,UT
Weber State,Food/Hospitality,2016,Pacific,10,,,UT
Weber State,Food/Hospitality,2016,South Atlantic,1,0,1,UT
Weber State,Food/Hospitality,2016,South Atlantic,5,0,7,UT
Weber State,Food/Hospitality,2016,South Atlantic,10,,,UT
Weber State,Food/Hospitality,2016,West North Central,1,0,0,UT
Weber State,Food/Hospitality,2016,West North Central,5,0,0,UT
Weber State,Food/Hospitality,2016,West North Central,10,,,UT
Weber State,Food/Hospitality,2016,West South Central,1,0,3,UT
Weber State,Food/Hospitality,2016,West South Central,5,0,1,UT
Weber State,Food/Hospitality,2016,West South Central,10,,,UT
Weber State,Food/Hospitality,2019,East North Central,1,0,1,UT
Weber State,Food/Hospitality,2019,East North Central,5,,,UT
Weber State,Food/Hospitality,2019,East North Central,10,,,UT
Weber State,Food/Hospitality,2019,East South Central,1,0,0,UT
Weber State,Food/Hospitality,2019,East South Central,5,,,UT
Weber State,Food/Hospitality,2019,East South Central,10,,,UT
Weber State,Food/Hospitality,2019,Middle Atlantic,1,0,5,UT
Weber State,Food/Hospitality,2019,Middle Atlantic,5,,,UT
Weber State,Food/Hospitality,2019,Middle Atlantic,10,,,UT
Weber State,Food/Hospitality,2019,Mountain,1,65,75,UT
Weber State,Food/Hospitality,2019,Mountain,5,,,UT
Weber State,Food/Hospitality,2019,Mountain,10,,,UT
Weber State,Food/Hospitality,2019,New England,1,0,1,UT
Weber State,Food/Hospitality,2019,New England,5,,,UT
Weber State,Food/Hospitality,2019,New England,10,,,UT
Weber State,Food/Hospitality,2019,Pacific,1,0,13,UT
Weber State,Food/Hospitality,2019,Pacific,5,,,UT
Weber State,Food/Hospitality,2019,Pacific,10,,,UT
Weber State,Food/Hospitality,2019,South Atlantic,1,0,3,UT
Weber State,Food/Hospitality,2019,South Atlantic,5,,,UT
Weber State,Food/Hospitality,2019,South Atlantic,10,,,UT
Weber State,Food/Hospitality,2019,West North Central,1,0,1,UT
Weber State,Food/Hospitality,2019,West North Central,5,,,UT
Weber State,Food/Hospitality,2019,West North Central,10,,,UT
Weber State,Food/Hospitality,2019,West South Central,1,0,3,UT
Weber State,Food/Hospitality,2019,West South Central,5,,,UT
Weber State,Food/Hospitality,2019,West South Central,10,,,UT
Weber State,Health Care,2010,East North Central,1,0,20,UT
Weber State,Health Care,2010,East North Central,5,0,35,UT
Weber State,Health Care,2010,East North Central,10,0,21,UT
Weber State,Health Care,2010,East South Central,1,0,11,UT
Weber State,Health Care,2010,East South Central,5,0,15,UT
Weber State,Health Care,2010,East South Central,10,0,7,UT
Weber State,Health Care,2010,Middle Atlantic,1,0,20,UT
Weber State,Health Care,2010,Middle Atlantic,5,0,18,UT
Weber State,Health Care,2010,Middle Atlantic,10,0,16,UT
Weber State,Health Care,2010,Mountain,1,971,1071,UT
Weber State,Health Care,2010,Mountain,5,825,943,UT
Weber State,Health Care,2010,Mountain,10,734,853,UT
Weber State,Health Care,2010,New England,1,0,6,UT
Weber State,Health Care,2010,New England,5,0,11,UT
Weber State,Health Care,2010,New England,10,0,11,UT
Weber State,Health Care,2010,Pacific,1,0,43,UT
Weber State,Health Care,2010,Pacific,5,0,71,UT
Weber State,Health Care,2010,Pacific,10,0,64,UT
Weber State,Health Care,2010,South Atlantic,1,0,35,UT
Weber State,Health Care,2010,South Atlantic,5,0,35,UT
Weber State,Health Care,2010,South Atlantic,10,0,50,UT
Weber State,Health Care,2010,West North Central,1,0,23,UT
Weber State,Health Care,2010,West North Central,5,0,23,UT
Weber State,Health Care,2010,West North Central,10,0,25,UT
Weber State,Health Care,2010,West South Central,1,0,37,UT
Weber State,Health Care,2010,West South Central,5,0,38,UT
Weber State,Health Care,2010,West South Central,10,0,38,UT
Weber State,Health Care,2013,East North Central,1,0,43,UT
Weber State,Health Care,2013,East North Central,5,0,48,UT
Weber State,Health Care,2013,East North Central,10,,,UT
Weber State,Health Care,2013,East South Central,1,0,7,UT
Weber State,Health Care,2013,East South Central,5,0,11,UT
Weber State,Health Care,2013,East South Central,10,,,UT
Weber State,Health Care,2013,Middle Atlantic,1,0,30,UT
Weber State,Health Care,2013,Middle Atlantic,5,0,28,UT
Weber State,Health Care,2013,Middle Atlantic,10,,,UT
Weber State,Health Care,2013,Mountain,1,1554,1678,UT
Weber State,Health Care,2013,Mountain,5,1306,1478,UT
Weber State,Health Care,2013,Mountain,10,,,UT
Weber State,Health Care,2013,New England,1,0,5,UT
Weber State,Health Care,2013,New England,5,0,10,UT
Weber State,Health Care,2013,New England,10,,,UT
Weber State,Health Care,2013,Pacific,1,0,75,UT
Weber State,Health Care,2013,Pacific,5,0,112,UT
Weber State,Health Care,2013,Pacific,10,,,UT
Weber State,Health Care,2013,South Atlantic,1,0,50,UT
Weber State,Health Care,2013,South Atlantic,5,0,51,UT
Weber State,Health Care,2013,South Atlantic,10,,,UT
Weber State,Health Care,2013,West North Central,1,0,29,UT
Weber State,Health Care,2013,West North Central,5,0,29,UT
Weber State,Health Care,2013,West North Central,10,,,UT
Weber State,Health Care,2013,West South Central,1,0,31,UT
Weber State,Health Care,2013,West South Central,5,0,39,UT
Weber State,Health Care,2013,West South Central,10,,,UT
Weber State,Health Care,2016,East North Central,1,0,40,UT
Weber State,Health Care,2016,East North Central,5,0,42,UT
Weber State,Health Care,2016,East North Central,10,,,UT
Weber State,Health Care,2016,East South Central,1,0,10,UT
Weber State,Health Care,2016,East South Central,5,0,10,UT
Weber State,Health Care,2016,East South Central,10,,,UT
Weber State,Health Care,2016,Middle Atlantic,1,0,23,UT
Weber State,Health Care,2016,Middle Atlantic,5,0,15,UT
Weber State,Health Care,2016,Middle Atlantic,10,,,UT
Weber State,Health Care,2016,Mountain,1,1741,1895,UT
Weber State,Health Care,2016,Mountain,5,1479,1667,UT
Weber State,Health Care,2016,Mountain,10,,,UT
Weber State,Health Care,2016,New England,1,0,8,UT
Weber State,Health Care,2016,New England,5,0,13,UT
Weber State,Health Care,2016,New England,10,,,UT
Weber State,Health Care,2016,Pacific,1,0,86,UT
Weber State,Health Care,2016,Pacific,5,0,115,UT
Weber State,Health Care,2016,Pacific,10,,,UT
Weber State,Health Care,2016,South Atlantic,1,0,44,UT
Weber State,Health Care,2016,South Atlantic,5,0,52,UT
Weber State,Health Care,2016,South Atlantic,10,,,UT
Weber State,Health Care,2016,West North Central,1,0,27,UT
Weber State,Health Care,2016,West North Central,5,0,21,UT
Weber State,Health Care,2016,West North Central,10,,,UT
Weber State,Health Care,2016,West South Central,1,0,30,UT
Weber State,Health Care,2016,West South Central,5,0,53,UT
Weber State,Health Care,2016,West South Central,10,,,UT
Weber State,Health Care,2019,East North Central,1,0,53,UT
Weber State,Health Care,2019,East North Central,5,,,UT
Weber State,Health Care,2019,East North Central,10,,,UT
Weber State,Health Care,2019,East South Central,1,0,18,UT
Weber State,Health Care,2019,East South Central,5,,,UT
Weber State,Health Care,2019,East South Central,10,,,UT
Weber State,Health Care,2019,Middle Atlantic,1,0,25,UT
Weber State,Health Care,2019,Middle Atlantic,5,,,UT
Weber State,Health Care,2019,Middle Atlantic,10,,,UT
Weber State,Health Care,2019,Mountain,1,1886,2063,UT
Weber State,Health Care,2019,Mountain,5,,,UT
Weber State,Health Care,2019,Mountain,10,,,UT
Weber State,Health Care,2019,New England,1,0,9,UT
Weber State,Health Care,2019,New England,5,,,UT
Weber State,Health Care,2019,New England,10,,,UT
Weber State,Health Care,2019,Pacific,1,0,88,UT
Weber State,Health Care,2019,Pacific,5,,,UT
Weber State,Health Care,2019,Pacific,10,,,UT
Weber State,Health Care,2019,South Atlantic,1,0,59,UT
Weber State,Health Care,2019,South Atlantic,5,,,UT
Weber State,Health Care,2019,South Atlantic,10,,,UT
Weber State,Health Care,2019,West North Central,1,0,39,UT
Weber State,Health Care,2019,West North Central,5,,,UT
Weber State,Health Care,2019,West North Central,10,,,UT
Weber State,Health Care,2019,West South Central,1,0,41,UT
Weber State,Health Care,2019,West South Central,5,,,UT
Weber State,Health Care,2019,West South Central,10,,,UT
Weber State,Information,2010,East North Central,1,0,0,UT
Weber State,Information,2010,East North Central,5,0,0,UT
Weber State,Information,2010,East North Central,10,0,0,UT
Weber State,Information,2010,East South Central,1,0,0,UT
Weber State,Information,2010,East South Central,5,0,0,UT
Weber State,Information,2010,East South Central,10,0,0,UT
Weber State,Information,2010,Middle Atlantic,1,0,2,UT
Weber State,Information,2010,Middle Atlantic,5,0,1,UT
Weber State,Information,2010,Middle Atlantic,10,0,4,UT
Weber State,Information,2010,Mountain,1,74,77,UT
Weber State,Information,2010,Mountain,5,95,96,UT
Weber State,Information,2010,Mountain,10,92,96,UT
Weber State,Information,2010,New England,1,0,0,UT
Weber State,Information,2010,New England,5,0,0,UT
Weber State,Information,2010,New England,10,0,0,UT
Weber State,Information,2010,Pacific,1,0,5,UT
Weber State,Information,2010,Pacific,5,0,8,UT
Weber State,Information,2010,Pacific,10,0,7,UT
Weber State,Information,2010,South Atlantic,1,0,1,UT
Weber State,Information,2010,South Atlantic,5,0,0,UT
Weber State,Information,2010,South Atlantic,10,0,2,UT
Weber State,Information,2010,West North Central,1,0,0,UT
Weber State,Information,2010,West North Central,5,0,2,UT
Weber State,Information,2010,West North Central,10,0,0,UT
Weber State,Information,2010,West South Central,1,0,2,UT
Weber State,Information,2010,West South Central,5,0,2,UT
Weber State,Information,2010,West South Central,10,0,3,UT
Weber State,Information,2013,East North Central,1,0,0,UT
Weber State,Information,2013,East North Central,5,0,0,UT
Weber State,Information,2013,East North Central,10,,,UT
Weber State,Information,2013,East South Central,1,0,0,UT
Weber State,Information,2013,East South Central,5,0,0,UT
Weber State,Information,2013,East South Central,10,,,UT
Weber State,Information,2013,Middle Atlantic,1,0,0,UT
Weber State,Information,2013,Middle Atlantic,5,0,2,UT
Weber State,Information,2013,Middle Atlantic,10,,,UT
Weber State,Information,2013,Mountain,1,122,124,UT
Weber State,Information,2013,Mountain,5,125,126,UT
Weber State,Information,2013,Mountain,10,,,UT
Weber State,Information,2013,New England,1,0,0,UT
Weber State,Information,2013,New England,5,0,0,UT
Weber State,Information,2013,New England,10,,,UT
Weber State,Information,2013,Pacific,1,0,3,UT
Weber State,Information,2013,Pacific,5,0,5,UT
Weber State,Information,2013,Pacific,10,,,UT
Weber State,Information,2013,South Atlantic,1,0,0,UT
Weber State,Information,2013,South Atlantic,5,0,1,UT
Weber State,Information,2013,South Atlantic,10,,,UT
Weber State,Information,2013,West North Central,1,0,0,UT
Weber State,Information,2013,West North Central,5,0,0,UT
Weber State,Information,2013,West North Central,10,,,UT
Weber State,Information,2013,West South Central,1,0,1,UT
Weber State,Information,2013,West South Central,5,0,4,UT
Weber State,Information,2013,West South Central,10,,,UT
Weber State,Information,2016,East North Central,1,0,0,UT
Weber State,Information,2016,East North Central,5,0,3,UT
Weber State,Information,2016,East North Central,10,,,UT
Weber State,Information,2016,East South Central,1,0,0,UT
Weber State,Information,2016,East South Central,5,0,0,UT
Weber State,Information,2016,East South Central,10,,,UT
Weber State,Information,2016,Middle Atlantic,1,0,0,UT
Weber State,Information,2016,Middle Atlantic,5,0,1,UT
Weber State,Information,2016,Middle Atlantic,10,,,UT
Weber State,Information,2016,Mountain,1,98,100,UT
Weber State,Information,2016,Mountain,5,136,139,UT
Weber State,Information,2016,Mountain,10,,,UT
Weber State,Information,2016,New England,1,0,0,UT
Weber State,Information,2016,New England,5,0,0,UT
Weber State,Information,2016,New England,10,,,UT
Weber State,Information,2016,Pacific,1,0,8,UT
Weber State,Information,2016,Pacific,5,0,8,UT
Weber State,Information,2016,Pacific,10,,,UT
Weber State,Information,2016,South Atlantic,1,0,1,UT
Weber State,Information,2016,South Atlantic,5,0,1,UT
Weber State,Information,2016,South Atlantic,10,,,UT
Weber State,Information,2016,West North Central,1,0,0,UT
Weber State,Information,2016,West North Central,5,0,0,UT
Weber State,Information,2016,West North Central,10,,,UT
Weber State,Information,2016,West South Central,1,0,1,UT
Weber State,Information,2016,West South Central,5,0,7,UT
Weber State,Information,2016,West South Central,10,,,UT
Weber State,Information,2019,East North Central,1,0,1,UT
Weber State,Information,2019,East North Central,5,,,UT
Weber State,Information,2019,East North Central,10,,,UT
Weber State,Information,2019,East South Central,1,0,0,UT
Weber State,Information,2019,East South Central,5,,,UT
Weber State,Information,2019,East South Central,10,,,UT
Weber State,Information,2019,Middle Atlantic,1,0,2,UT
Weber State,Information,2019,Middle Atlantic,5,,,UT
Weber State,Information,2019,Middle Atlantic,10,,,UT
Weber State,Information,2019,Mountain,1,106,106,UT
Weber State,Information,2019,Mountain,5,,,UT
Weber State,Information,2019,Mountain,10,,,UT
Weber State,Information,2019,New England,1,0,2,UT
Weber State,Information,2019,New England,5,,,UT
Weber State,Information,2019,New England,10,,,UT
Weber State,Information,2019,Pacific,1,0,5,UT
Weber State,Information,2019,Pacific,5,,,UT
Weber State,Information,2019,Pacific,10,,,UT
Weber State,Information,2019,South Atlantic,1,0,3,UT
Weber State,Information,2019,South Atlantic,5,,,UT
Weber State,Information,2019,South Atlantic,10,,,UT
Weber State,Information,2019,West North Central,1,0,0,UT
Weber State,Information,2019,West North Central,5,,,UT
Weber State,Information,2019,West North Central,10,,,UT
Weber State,Information,2019,West South Central,1,0,3,UT
Weber State,Information,2019,West South Central,5,,,UT
Weber State,Information,2019,West South Central,10,,,UT
Weber State,Management,2010,East North Central,1,0,2,UT
Weber State,Management,2010,East North Central,5,0,0,UT
Weber State,Management,2010,East North Central,10,0,1,UT
Weber State,Management,2010,East South Central,1,0,0,UT
Weber State,Management,2010,East South Central,5,0,0,UT
Weber State,Management,2010,East South Central,10,0,0,UT
Weber State,Management,2010,Middle Atlantic,1,0,1,UT
Weber State,Management,2010,Middle Atlantic,5,0,0,UT
Weber State,Management,2010,Middle Atlantic,10,0,2,UT
Weber State,Management,2010,Mountain,1,59,61,UT
Weber State,Management,2010,Mountain,5,57,60,UT
Weber State,Management,2010,Mountain,10,55,55,UT
Weber State,Management,2010,New England,1,0,0,UT
Weber State,Management,2010,New England,5,0,0,UT
Weber State,Management,2010,New England,10,0,0,UT
Weber State,Management,2010,Pacific,1,0,5,UT
Weber State,Management,2010,Pacific,5,0,3,UT
Weber State,Management,2010,Pacific,10,0,5,UT
Weber State,Management,2010,South Atlantic,1,0,0,UT
Weber State,Management,2010,South Atlantic,5,0,3,UT
Weber State,Management,2010,South Atlantic,10,0,8,UT
Weber State,Management,2010,West North Central,1,0,0,UT
Weber State,Management,2010,West North Central,5,0,0,UT
Weber State,Management,2010,West North Central,10,0,1,UT
Weber State,Management,2010,West South Central,1,0,4,UT
Weber State,Management,2010,West South Central,5,0,0,UT
Weber State,Management,2010,West South Central,10,0,0,UT
Weber State,Management,2013,East North Central,1,0,0,UT
Weber State,Management,2013,East North Central,5,0,1,UT
Weber State,Management,2013,East North Central,10,,,UT
Weber State,Management,2013,East South Central,1,0,0,UT
Weber State,Management,2013,East South Central,5,0,0,UT
Weber State,Management,2013,East South Central,10,,,UT
Weber State,Management,2013,Middle Atlantic,1,0,0,UT
Weber State,Management,2013,Middle Atlantic,5,0,0,UT
Weber State,Management,2013,Middle Atlantic,10,,,UT
Weber State,Management,2013,Mountain,1,92,92,UT
Weber State,Management,2013,Mountain,5,81,82,UT
Weber State,Management,2013,Mountain,10,,,UT
Weber State,Management,2013,New England,1,0,0,UT
Weber State,Management,2013,New England,5,0,0,UT
Weber State,Management,2013,New England,10,,,UT
Weber State,Management,2013,Pacific,1,0,5,UT
Weber State,Management,2013,Pacific,5,0,2,UT
Weber State,Management,2013,Pacific,10,,,UT
Weber State,Management,2013,South Atlantic,1,0,0,UT
Weber State,Management,2013,South Atlantic,5,0,0,UT
Weber State,Management,2013,South Atlantic,10,,,UT
Weber State,Management,2013,West North Central,1,0,0,UT
Weber State,Management,2013,West North Central,5,0,0,UT
Weber State,Management,2013,West North Central,10,,,UT
Weber State,Management,2013,West South Central,1,0,0,UT
Weber State,Management,2013,West South Central,5,0,1,UT
Weber State,Management,2013,West South Central,10,,,UT
Weber State,Management,2016,East North Central,1,0,3,UT
Weber State,Management,2016,East North Central,5,0,0,UT
Weber State,Management,2016,East North Central,10,,,UT
Weber State,Management,2016,East South Central,1,0,0,UT
Weber State,Management,2016,East South Central,5,0,0,UT
Weber State,Management,2016,East South Central,10,,,UT
Weber State,Management,2016,Middle Atlantic,1,0,0,UT
Weber State,Management,2016,Middle Atlantic,5,0,0,UT
Weber State,Management,2016,Middle Atlantic,10,,,UT
Weber State,Management,2016,Mountain,1,89,92,UT
Weber State,Management,2016,Mountain,5,72,74,UT
Weber State,Management,2016,Mountain,10,,,UT
Weber State,Management,2016,New England,1,0,0,UT
Weber State,Management,2016,New England,5,0,0,UT
Weber State,Management,2016,New England,10,,,UT
Weber State,Management,2016,Pacific,1,0,11,UT
Weber State,Management,2016,Pacific,5,0,2,UT
Weber State,Management,2016,Pacific,10,,,UT
Weber State,Management,2016,South Atlantic,1,0,1,UT
Weber State,Management,2016,South Atlantic,5,0,0,UT
Weber State,Management,2016,South Atlantic,10,,,UT
Weber State,Management,2016,West North Central,1,0,1,UT
Weber State,Management,2016,West North Central,5,0,1,UT
Weber State,Management,2016,West North Central,10,,,UT
Weber State,Management,2016,West South Central,1,0,2,UT
Weber State,Management,2016,West South Central,5,0,2,UT
Weber State,Management,2016,West South Central,10,,,UT
Weber State,Management,2019,East North Central,1,0,2,UT
Weber State,Management,2019,East North Central,5,,,UT
Weber State,Management,2019,East North Central,10,,,UT
Weber State,Management,2019,East South Central,1,0,0,UT
Weber State,Management,2019,East South Central,5,,,UT
Weber State,Management,2019,East South Central,10,,,UT
Weber State,Management,2019,Middle Atlantic,1,0,2,UT
Weber State,Management,2019,Middle Atlantic,5,,,UT
Weber State,Management,2019,Middle Atlantic,10,,,UT
Weber State,Management,2019,Mountain,1,86,87,UT
Weber State,Management,2019,Mountain,5,,,UT
Weber State,Management,2019,Mountain,10,,,UT
Weber State,Management,2019,New England,1,0,0,UT
Weber State,Management,2019,New England,5,,,UT
Weber State,Management,2019,New England,10,,,UT
Weber State,Management,2019,Pacific,1,0,10,UT
Weber State,Management,2019,Pacific,5,,,UT
Weber State,Management,2019,Pacific,10,,,UT
Weber State,Management,2019,South Atlantic,1,0,1,UT
Weber State,Management,2019,South Atlantic,5,,,UT
Weber State,Management,2019,South Atlantic,10,,,UT
Weber State,Management,2019,West North Central,1,0,4,UT
Weber State,Management,2019,West North Central,5,,,UT
Weber State,Management,2019,West North Central,10,,,UT
Weber State,Management,2019,West South Central,1,0,2,UT
Weber State,Management,2019,West South Central,5,,,UT
Weber State,Management,2019,West South Central,10,,,UT
Weber State,Manufacturing,2010,East North Central,1,0,6,UT
Weber State,Manufacturing,2010,East North Central,5,0,11,UT
Weber State,Manufacturing,2010,East North Central,10,0,8,UT
Weber State,Manufacturing,2010,East South Central,1,0,1,UT
Weber State,Manufacturing,2010,East South Central,5,0,3,UT
Weber State,Manufacturing,2010,East South Central,10,0,6,UT
Weber State,Manufacturing,2010,Middle Atlantic,1,0,4,UT
Weber State,Manufacturing,2010,Middle Atlantic,5,0,8,UT
Weber State,Manufacturing,2010,Middle Atlantic,10,0,13,UT
Weber State,Manufacturing,2010,Mountain,1,256,259,UT
Weber State,Manufacturing,2010,Mountain,5,259,265,UT
Weber State,Manufacturing,2010,Mountain,10,245,273,UT
Weber State,Manufacturing,2010,New England,1,0,3,UT
Weber State,Manufacturing,2010,New England,5,0,1,UT
Weber State,Manufacturing,2010,New England,10,0,5,UT
Weber State,Manufacturing,2010,Pacific,1,0,4,UT
Weber State,Manufacturing,2010,Pacific,5,0,13,UT
Weber State,Manufacturing,2010,Pacific,10,0,14,UT
Weber State,Manufacturing,2010,South Atlantic,1,0,8,UT
Weber State,Manufacturing,2010,South Atlantic,5,0,14,UT
Weber State,Manufacturing,2010,South Atlantic,10,0,18,UT
Weber State,Manufacturing,2010,West North Central,1,0,3,UT
Weber State,Manufacturing,2010,West North Central,5,0,10,UT
Weber State,Manufacturing,2010,West North Central,10,0,9,UT
Weber State,Manufacturing,2010,West South Central,1,0,8,UT
Weber State,Manufacturing,2010,West South Central,5,0,16,UT
Weber State,Manufacturing,2010,West South Central,10,0,10,UT
Weber State,Manufacturing,2013,East North Central,1,0,17,UT
Weber State,Manufacturing,2013,East North Central,5,0,10,UT
Weber State,Manufacturing,2013,East North Central,10,,,UT
Weber State,Manufacturing,2013,East South Central,1,0,6,UT
Weber State,Manufacturing,2013,East South Central,5,0,7,UT
Weber State,Manufacturing,2013,East South Central,10,,,UT
Weber State,Manufacturing,2013,Middle Atlantic,1,0,3,UT
Weber State,Manufacturing,2013,Middle Atlantic,5,0,2,UT
Weber State,Manufacturing,2013,Middle Atlantic,10,,,UT
Weber State,Manufacturing,2013,Mountain,1,319,329,UT
Weber State,Manufacturing,2013,Mountain,5,297,313,UT
Weber State,Manufacturing,2013,Mountain,10,,,UT
Weber State,Manufacturing,2013,New England,1,0,0,UT
Weber State,Manufacturing,2013,New England,5,0,3,UT
Weber State,Manufacturing,2013,New England,10,,,UT
Weber State,Manufacturing,2013,Pacific,1,0,23,UT
Weber State,Manufacturing,2013,Pacific,5,0,15,UT
Weber State,Manufacturing,2013,Pacific,10,,,UT
Weber State,Manufacturing,2013,South Atlantic,1,0,4,UT
Weber State,Manufacturing,2013,South Atlantic,5,0,9,UT
Weber State,Manufacturing,2013,South Atlantic,10,,,UT
Weber State,Manufacturing,2013,West North Central,1,0,4,UT
Weber State,Manufacturing,2013,West North Central,5,0,5,UT
Weber State,Manufacturing,2013,West North Central,10,,,UT
Weber State,Manufacturing,2013,West South Central,1,0,5,UT
Weber State,Manufacturing,2013,West South Central,5,0,11,UT
Weber State,Manufacturing,2013,West South Central,10,,,UT
Weber State,Manufacturing,2016,East North Central,1,0,15,UT
Weber State,Manufacturing,2016,East North Central,5,0,9,UT
Weber State,Manufacturing,2016,East North Central,10,,,UT
Weber State,Manufacturing,2016,East South Central,1,0,5,UT
Weber State,Manufacturing,2016,East South Central,5,0,1,UT
Weber State,Manufacturing,2016,East South Central,10,,,UT
Weber State,Manufacturing,2016,Middle Atlantic,1,0,7,UT
Weber State,Manufacturing,2016,Middle Atlantic,5,0,3,UT
Weber State,Manufacturing,2016,Middle Atlantic,10,,,UT
Weber State,Manufacturing,2016,Mountain,1,343,354,UT
Weber State,Manufacturing,2016,Mountain,5,359,376,UT
Weber State,Manufacturing,2016,Mountain,10,,,UT
Weber State,Manufacturing,2016,New England,1,0,2,UT
Weber State,Manufacturing,2016,New England,5,0,1,UT
Weber State,Manufacturing,2016,New England,10,,,UT
Weber State,Manufacturing,2016,Pacific,1,0,18,UT
Weber State,Manufacturing,2016,Pacific,5,0,11,UT
Weber State,Manufacturing,2016,Pacific,10,,,UT
Weber State,Manufacturing,2016,South Atlantic,1,0,13,UT
Weber State,Manufacturing,2016,South Atlantic,5,0,7,UT
Weber State,Manufacturing,2016,South Atlantic,10,,,UT
Weber State,Manufacturing,2016,West North Central,1,0,15,UT
Weber State,Manufacturing,2016,West North Central,5,0,7,UT
Weber State,Manufacturing,2016,West North Central,10,,,UT
Weber State,Manufacturing,2016,West South Central,1,0,7,UT
Weber State,Manufacturing,2016,West South Central,5,0,7,UT
Weber State,Manufacturing,2016,West South Central,10,,,UT
Weber State,Manufacturing,2019,East North Central,1,0,18,UT
Weber State,Manufacturing,2019,East North Central,5,,,UT
Weber State,Manufacturing,2019,East North Central,10,,,UT
Weber State,Manufacturing,2019,East South Central,1,0,3,UT
Weber State,Manufacturing,2019,East South Central,5,,,UT
Weber State,Manufacturing,2019,East South Central,10,,,UT
Weber State,Manufacturing,2019,Middle Atlantic,1,0,1,UT
Weber State,Manufacturing,2019,Middle Atlantic,5,,,UT
Weber State,Manufacturing,2019,Middle Atlantic,10,,,UT
Weber State,Manufacturing,2019,Mountain,1,405,417,UT
Weber State,Manufacturing,2019,Mountain,5,,,UT
Weber State,Manufacturing,2019,Mountain,10,,,UT
Weber State,Manufacturing,2019,New England,1,0,4,UT
Weber State,Manufacturing,2019,New England,5,,,UT
Weber State,Manufacturing,2019,New England,10,,,UT
Weber State,Manufacturing,2019,Pacific,1,0,17,UT
Weber State,Manufacturing,2019,Pacific,5,,,UT
Weber State,Manufacturing,2019,Pacific,10,,,UT
Weber State,Manufacturing,2019,South Atlantic,1,0,5,UT
Weber State,Manufacturing,2019,South Atlantic,5,,,UT
Weber State,Manufacturing,2019,South Atlantic,10,,,UT
Weber State,Manufacturing,2019,West North Central,1,0,11,UT
Weber State,Manufacturing,2019,West North Central,5,,,UT
Weber State,Manufacturing,2019,West North Central,10,,,UT
Weber State,Manufacturing,2019,West South Central,1,0,5,UT
Weber State,Manufacturing,2019,West South Central,5,,,UT
Weber State,Manufacturing,2019,West South Central,10,,,UT
Weber State,Mining,2010,East North Central,1,0,0,UT
Weber State,Mining,2010,East North Central,5,0,0,UT
Weber State,Mining,2010,East North Central,10,0,0,UT
Weber State,Mining,2010,East South Central,1,0,0,UT
Weber State,Mining,2010,East South Central,5,0,0,UT
Weber State,Mining,2010,East South Central,10,0,0,UT
Weber State,Mining,2010,Middle Atlantic,1,0,0,UT
Weber State,Mining,2010,Middle Atlantic,5,0,0,UT
Weber State,Mining,2010,Middle Atlantic,10,0,0,UT
Weber State,Mining,2010,Mountain,1,5,5,UT
Weber State,Mining,2010,Mountain,5,4,4,UT
Weber State,Mining,2010,Mountain,10,3,3,UT
Weber State,Mining,2010,New England,1,0,0,UT
Weber State,Mining,2010,New England,5,0,0,UT
Weber State,Mining,2010,New England,10,0,0,UT
Weber State,Mining,2010,Pacific,1,0,0,UT
Weber State,Mining,2010,Pacific,5,0,0,UT
Weber State,Mining,2010,Pacific,10,0,0,UT
Weber State,Mining,2010,South Atlantic,1,0,0,UT
Weber State,Mining,2010,South Atlantic,5,0,0,UT
Weber State,Mining,2010,South Atlantic,10,0,0,UT
Weber State,Mining,2010,West North Central,1,0,0,UT
Weber State,Mining,2010,West North Central,5,0,0,UT
Weber State,Mining,2010,West North Central,10,0,0,UT
Weber State,Mining,2010,West South Central,1,0,0,UT
Weber State,Mining,2010,West South Central,5,0,1,UT
Weber State,Mining,2010,West South Central,10,0,1,UT
Weber State,Mining,2013,East North Central,1,0,0,UT
Weber State,Mining,2013,East North Central,5,0,0,UT
Weber State,Mining,2013,East North Central,10,,,UT
Weber State,Mining,2013,East South Central,1,0,0,UT
Weber State,Mining,2013,East South Central,5,0,0,UT
Weber State,Mining,2013,East South Central,10,,,UT
Weber State,Mining,2013,Middle Atlantic,1,0,0,UT
Weber State,Mining,2013,Middle Atlantic,5,0,0,UT
Weber State,Mining,2013,Middle Atlantic,10,,,UT
Weber State,Mining,2013,Mountain,1,5,5,UT
Weber State,Mining,2013,Mountain,5,3,3,UT
Weber State,Mining,2013,Mountain,10,,,UT
Weber State,Mining,2013,New England,1,0,0,UT
Weber State,Mining,2013,New England,5,0,0,UT
Weber State,Mining,2013,New England,10,,,UT
Weber State,Mining,2013,Pacific,1,0,0,UT
Weber State,Mining,2013,Pacific,5,0,0,UT
Weber State,Mining,2013,Pacific,10,,,UT
Weber State,Mining,2013,South Atlantic,1,0,0,UT
Weber State,Mining,2013,South Atlantic,5,0,0,UT
Weber State,Mining,2013,South Atlantic,10,,,UT
Weber State,Mining,2013,West North Central,1,0,0,UT
Weber State,Mining,2013,West North Central,5,0,0,UT
Weber State,Mining,2013,West North Central,10,,,UT
Weber State,Mining,2013,West South Central,1,0,0,UT
Weber State,Mining,2013,West South Central,5,0,0,UT
Weber State,Mining,2013,West South Central,10,,,UT
Weber State,Mining,2016,East North Central,1,0,0,UT
Weber State,Mining,2016,East North Central,5,0,0,UT
Weber State,Mining,2016,East North Central,10,,,UT
Weber State,Mining,2016,East South Central,1,0,0,UT
Weber State,Mining,2016,East South Central,5,0,0,UT
Weber State,Mining,2016,East South Central,10,,,UT
Weber State,Mining,2016,Middle Atlantic,1,0,0,UT
Weber State,Mining,2016,Middle Atlantic,5,0,0,UT
Weber State,Mining,2016,Middle Atlantic,10,,,UT
Weber State,Mining,2016,Mountain,1,12,12,UT
Weber State,Mining,2016,Mountain,5,3,3,UT
Weber State,Mining,2016,Mountain,10,,,UT
Weber State,Mining,2016,New England,1,0,0,UT
Weber State,Mining,2016,New England,5,0,0,UT
Weber State,Mining,2016,New England,10,,,UT
Weber State,Mining,2016,Pacific,1,0,1,UT
Weber State,Mining,2016,Pacific,5,0,0,UT
Weber State,Mining,2016,Pacific,10,,,UT
Weber State,Mining,2016,South Atlantic,1,0,0,UT
Weber State,Mining,2016,South Atlantic,5,0,0,UT
Weber State,Mining,2016,South Atlantic,10,,,UT
Weber State,Mining,2016,West North Central,1,0,0,UT
Weber State,Mining,2016,West North Central,5,0,0,UT
Weber State,Mining,2016,West North Central,10,,,UT
Weber State,Mining,2016,West South Central,1,0,0,UT
Weber State,Mining,2016,West South Central,5,0,0,UT
Weber State,Mining,2016,West South Central,10,,,UT
Weber State,Mining,2019,East North Central,1,0,0,UT
Weber State,Mining,2019,East North Central,5,,,UT
Weber State,Mining,2019,East North Central,10,,,UT
Weber State,Mining,2019,East South Central,1,0,0,UT
Weber State,Mining,2019,East South Central,5,,,UT
Weber State,Mining,2019,East South Central,10,,,UT
Weber State,Mining,2019,Middle Atlantic,1,0,0,UT
Weber State,Mining,2019,Middle Atlantic,5,,,UT
Weber State,Mining,2019,Middle Atlantic,10,,,UT
Weber State,Mining,2019,Mountain,1,0,0,UT
Weber State,Mining,2019,Mountain,5,,,UT
Weber State,Mining,2019,Mountain,10,,,UT
Weber State,Mining,2019,New England,1,0,0,UT
Weber State,Mining,2019,New England,5,,,UT
Weber State,Mining,2019,New England,10,,,UT
Weber State,Mining,2019,Pacific,1,0,0,UT
Weber State,Mining,2019,Pacific,5,,,UT
Weber State,Mining,2019,Pacific,10,,,UT
Weber State,Mining,2019,South Atlantic,1,0,0,UT
Weber State,Mining,2019,South Atlantic,5,,,UT
Weber State,Mining,2019,South Atlantic,10,,,UT
Weber State,Mining,2019,West North Central,1,0,0,UT
Weber State,Mining,2019,West North Central,5,,,UT
Weber State,Mining,2019,West North Central,10,,,UT
Weber State,Mining,2019,West South Central,1,0,0,UT
Weber State,Mining,2019,West South Central,5,,,UT
Weber State,Mining,2019,West South Central,10,,,UT
Weber State,Other Services,2010,East North Central,1,0,0,UT
Weber State,Other Services,2010,East North Central,5,0,2,UT
Weber State,Other Services,2010,East North Central,10,0,0,UT
Weber State,Other Services,2010,East South Central,1,0,0,UT
Weber State,Other Services,2010,East South Central,5,0,0,UT
Weber State,Other Services,2010,East South Central,10,0,0,UT
Weber State,Other Services,2010,Middle Atlantic,1,0,0,UT
Weber State,Other Services,2010,Middle Atlantic,5,0,4,UT
Weber State,Other Services,2010,Middle Atlantic,10,0,0,UT
Weber State,Other Services,2010,Mountain,1,31,33,UT
Weber State,Other Services,2010,Mountain,5,23,25,UT
Weber State,Other Services,2010,Mountain,10,24,28,UT
Weber State,Other Services,2010,New England,1,0,0,UT
Weber State,Other Services,2010,New England,5,0,0,UT
Weber State,Other Services,2010,New England,10,0,0,UT
Weber State,Other Services,2010,Pacific,1,0,3,UT
Weber State,Other Services,2010,Pacific,5,0,7,UT
Weber State,Other Services,2010,Pacific,10,0,6,UT
Weber State,Other Services,2010,South Atlantic,1,0,0,UT
Weber State,Other Services,2010,South Atlantic,5,0,6,UT
Weber State,Other Services,2010,South Atlantic,10,0,4,UT
Weber State,Other Services,2010,West North Central,1,0,0,UT
Weber State,Other Services,2010,West North Central,5,0,0,UT
Weber State,Other Services,2010,West North Central,10,0,0,UT
Weber State,Other Services,2010,West South Central,1,0,4,UT
Weber State,Other Services,2010,West South Central,5,0,0,UT
Weber State,Other Services,2010,West South Central,10,0,3,UT
Weber State,Other Services,2013,East North Central,1,0,0,UT
Weber State,Other Services,2013,East North Central,5,0,2,UT
Weber State,Other Services,2013,East North Central,10,,,UT
Weber State,Other Services,2013,East South Central,1,0,0,UT
Weber State,Other Services,2013,East South Central,5,0,0,UT
Weber State,Other Services,2013,East South Central,10,,,UT
Weber State,Other Services,2013,Middle Atlantic,1,0,2,UT
Weber State,Other Services,2013,Middle Atlantic,5,0,0,UT
Weber State,Other Services,2013,Middle Atlantic,10,,,UT
Weber State,Other Services,2013,Mountain,1,42,43,UT
Weber State,Other Services,2013,Mountain,5,31,31,UT
Weber State,Other Services,2013,Mountain,10,,,UT
Weber State,Other Services,2013,New England,1,0,0,UT
Weber State,Other Services,2013,New England,5,0,0,UT
Weber State,Other Services,2013,New England,10,,,UT
Weber State,Other Services,2013,Pacific,1,0,4,UT
Weber State,Other Services,2013,Pacific,5,0,5,UT
Weber State,Other Services,2013,Pacific,10,,,UT
Weber State,Other Services,2013,South Atlantic,1,0,3,UT
Weber State,Other Services,2013,South Atlantic,5,0,1,UT
Weber State,Other Services,2013,South Atlantic,10,,,UT
Weber State,Other Services,2013,West North Central,1,0,1,UT
Weber State,Other Services,2013,West North Central,5,0,1,UT
Weber State,Other Services,2013,West North Central,10,,,UT
Weber State,Other Services,2013,West South Central,1,0,1,UT
Weber State,Other Services,2013,West South Central,5,0,1,UT
Weber State,Other Services,2013,West South Central,10,,,UT
Weber State,Other Services,2016,East North Central,1,0,0,UT
Weber State,Other Services,2016,East North Central,5,0,0,UT
Weber State,Other Services,2016,East North Central,10,,,UT
Weber State,Other Services,2016,East South Central,1,0,0,UT
Weber State,Other Services,2016,East South Central,5,0,0,UT
Weber State,Other Services,2016,East South Central,10,,,UT
Weber State,Other Services,2016,Middle Atlantic,1,0,0,UT
Weber State,Other Services,2016,Middle Atlantic,5,0,0,UT
Weber State,Other Services,2016,Middle Atlantic,10,,,UT
Weber State,Other Services,2016,Mountain,1,39,40,UT
Weber State,Other Services,2016,Mountain,5,32,36,UT
Weber State,Other Services,2016,Mountain,10,,,UT
Weber State,Other Services,2016,New England,1,0,0,UT
Weber State,Other Services,2016,New England,5,0,0,UT
Weber State,Other Services,2016,New England,10,,,UT
Weber State,Other Services,2016,Pacific,1,0,4,UT
Weber State,Other Services,2016,Pacific,5,0,4,UT
Weber State,Other Services,2016,Pacific,10,,,UT
Weber State,Other Services,2016,South Atlantic,1,0,1,UT
Weber State,Other Services,2016,South Atlantic,5,0,2,UT
Weber State,Other Services,2016,South Atlantic,10,,,UT
Weber State,Other Services,2016,West North Central,1,0,0,UT
Weber State,Other Services,2016,West North Central,5,0,0,UT
Weber State,Other Services,2016,West North Central,10,,,UT
Weber State,Other Services,2016,West South Central,1,0,1,UT
Weber State,Other Services,2016,West South Central,5,0,2,UT
Weber State,Other Services,2016,West South Central,10,,,UT
Weber State,Other Services,2019,East North Central,1,0,1,UT
Weber State,Other Services,2019,East North Central,5,,,UT
Weber State,Other Services,2019,East North Central,10,,,UT
Weber State,Other Services,2019,East South Central,1,0,0,UT
Weber State,Other Services,2019,East South Central,5,,,UT
Weber State,Other Services,2019,East South Central,10,,,UT
Weber State,Other Services,2019,Middle Atlantic,1,0,2,UT
Weber State,Other Services,2019,Middle Atlantic,5,,,UT
Weber State,Other Services,2019,Middle Atlantic,10,,,UT
Weber State,Other Services,2019,Mountain,1,45,48,UT
Weber State,Other Services,2019,Mountain,5,,,UT
Weber State,Other Services,2019,Mountain,10,,,UT
Weber State,Other Services,2019,New England,1,0,2,UT
Weber State,Other Services,2019,New England,5,,,UT
Weber State,Other Services,2019,New England,10,,,UT
Weber State,Other Services,2019,Pacific,1,0,10,UT
Weber State,Other Services,2019,Pacific,5,,,UT
Weber State,Other Services,2019,Pacific,10,,,UT
Weber State,Other Services,2019,South Atlantic,1,0,4,UT
Weber State,Other Services,2019,South Atlantic,5,,,UT
Weber State,Other Services,2019,South Atlantic,10,,,UT
Weber State,Other Services,2019,West North Central,1,0,0,UT
Weber State,Other Services,2019,West North Central,5,,,UT
Weber State,Other Services,2019,West North Central,10,,,UT
Weber State,Other Services,2019,West South Central,1,0,1,UT
Weber State,Other Services,2019,West South Central,5,,,UT
Weber State,Other Services,2019,West South Central,10,,,UT
Weber State,Professional Services,2010,East North Central,1,0,6,UT
Weber State,Professional Services,2010,East North Central,5,0,11,UT
Weber State,Professional Services,2010,East North Central,10,0,4,UT
Weber State,Professional Services,2010,East South Central,1,0,1,UT
Weber State,Professional Services,2010,East South Central,5,0,1,UT
Weber State,Professional Services,2010,East South Central,10,0,11,UT
Weber State,Professional Services,2010,Middle Atlantic,1,0,1,UT
Weber State,Professional Services,2010,Middle Atlantic,5,0,7,UT
Weber State,Professional Services,2010,Middle Atlantic,10,0,8,UT
Weber State,Professional Services,2010,Mountain,1,258,263,UT
Weber State,Professional Services,2010,Mountain,5,284,309,UT
Weber State,Professional Services,2010,Mountain,10,298,312,UT
Weber State,Professional Services,2010,New England,1,0,2,UT
Weber State,Professional Services,2010,New England,5,0,2,UT
Weber State,Professional Services,2010,New England,10,0,3,UT
Weber State,Professional Services,2010,Pacific,1,0,5,UT
Weber State,Professional Services,2010,Pacific,5,0,11,UT
Weber State,Professional Services,2010,Pacific,10,0,22,UT
Weber State,Professional Services,2010,South Atlantic,1,0,6,UT
Weber State,Professional Services,2010,South Atlantic,5,0,11,UT
Weber State,Professional Services,2010,South Atlantic,10,0,10,UT
Weber State,Professional Services,2010,West North Central,1,0,1,UT
Weber State,Professional Services,2010,West North Central,5,0,2,UT
Weber State,Professional Services,2010,West North Central,10,0,5,UT
Weber State,Professional Services,2010,West South Central,1,0,6,UT
Weber State,Professional Services,2010,West South Central,5,0,14,UT
Weber State,Professional Services,2010,West South Central,10,0,16,UT
Weber State,Professional Services,2013,East North Central,1,0,3,UT
Weber State,Professional Services,2013,East North Central,5,0,9,UT
Weber State,Professional Services,2013,East North Central,10,,,UT
Weber State,Professional Services,2013,East South Central,1,0,1,UT
Weber State,Professional Services,2013,East South Central,5,0,2,UT
Weber State,Professional Services,2013,East South Central,10,,,UT
Weber State,Professional Services,2013,Middle Atlantic,1,0,5,UT
Weber State,Professional Services,2013,Middle Atlantic,5,0,11,UT
Weber State,Professional Services,2013,Middle Atlantic,10,,,UT
Weber State,Professional Services,2013,Mountain,1,401,410,UT
Weber State,Professional Services,2013,Mountain,5,453,481,UT
Weber State,Professional Services,2013,Mountain,10,,,UT
Weber State,Professional Services,2013,New England,1,0,2,UT
Weber State,Professional Services,2013,New England,5,0,0,UT
Weber State,Professional Services,2013,New England,10,,,UT
Weber State,Professional Services,2013,Pacific,1,0,17,UT
Weber State,Professional Services,2013,Pacific,5,0,15,UT
Weber State,Professional Services,2013,Pacific,10,,,UT
Weber State,Professional Services,2013,South Atlantic,1,0,9,UT
Weber State,Professional Services,2013,South Atlantic,5,0,11,UT
Weber State,Professional Services,2013,South Atlantic,10,,,UT
Weber State,Professional Services,2013,West North Central,1,0,0,UT
Weber State,Professional Services,2013,West North Central,5,0,1,UT
Weber State,Professional Services,2013,West North Central,10,,,UT
Weber State,Professional Services,2013,West South Central,1,0,8,UT
Weber State,Professional Services,2013,West South Central,5,0,10,UT
Weber State,Professional Services,2013,West South Central,10,,,UT
Weber State,Professional Services,2016,East North Central,1,0,5,UT
Weber State,Professional Services,2016,East North Central,5,0,10,UT
Weber State,Professional Services,2016,East North Central,10,,,UT
Weber State,Professional Services,2016,East South Central,1,0,0,UT
Weber State,Professional Services,2016,East South Central,5,0,0,UT
Weber State,Professional Services,2016,East South Central,10,,,UT
Weber State,Professional Services,2016,Middle Atlantic,1,0,5,UT
Weber State,Professional Services,2016,Middle Atlantic,5,0,8,UT
Weber State,Professional Services,2016,Middle Atlantic,10,,,UT
Weber State,Professional Services,2016,Mountain,1,495,508,UT
Weber State,Professional Services,2016,Mountain,5,475,499,UT
Weber State,Professional Services,2016,Mountain,10,,,UT
Weber State,Professional Services,2016,New England,1,0,5,UT
Weber State,Professional Services,2016,New England,5,0,2,UT
Weber State,Professional Services,2016,New England,10,,,UT
Weber State,Professional Services,2016,Pacific,1,0,18,UT
Weber State,Professional Services,2016,Pacific,5,0,30,UT
Weber State,Professional Services,2016,Pacific,10,,,UT
Weber State,Professional Services,2016,South Atlantic,1,0,9,UT
Weber State,Professional Services,2016,South Atlantic,5,0,20,UT
Weber State,Professional Services,2016,South Atlantic,10,,,UT
Weber State,Professional Services,2016,West North Central,1,0,10,UT
Weber State,Professional Services,2016,West North Central,5,0,0,UT
Weber State,Professional Services,2016,West North Central,10,,,UT
Weber State,Professional Services,2016,West South Central,1,0,11,UT
Weber State,Professional Services,2016,West South Central,5,0,7,UT
Weber State,Professional Services,2016,West South Central,10,,,UT
Weber State,Professional Services,2019,East North Central,1,0,10,UT
Weber State,Professional Services,2019,East North Central,5,,,UT
Weber State,Professional Services,2019,East North Central,10,,,UT
Weber State,Professional Services,2019,East South Central,1,0,1,UT
Weber State,Professional Services,2019,East South Central,5,,,UT
Weber State,Professional Services,2019,East South Central,10,,,UT
Weber State,Professional Services,2019,Middle Atlantic,1,0,10,UT
Weber State,Professional Services,2019,Middle Atlantic,5,,,UT
Weber State,Professional Services,2019,Middle Atlantic,10,,,UT
Weber State,Professional Services,2019,Mountain,1,584,603,UT
Weber State,Professional Services,2019,Mountain,5,,,UT
Weber State,Professional Services,2019,Mountain,10,,,UT
Weber State,Professional Services,2019,New England,1,0,1,UT
Weber State,Professional Services,2019,New England,5,,,UT
Weber State,Professional Services,2019,New England,10,,,UT
Weber State,Professional Services,2019,Pacific,1,0,16,UT
Weber State,Professional Services,2019,Pacific,5,,,UT
Weber State,Professional Services,2019,Pacific,10,,,UT
Weber State,Professional Services,2019,South Atlantic,1,0,14,UT
Weber State,Professional Services,2019,South Atlantic,5,,,UT
Weber State,Professional Services,2019,South Atlantic,10,,,UT
Weber State,Professional Services,2019,West North Central,1,0,1,UT
Weber State,Professional Services,2019,West North Central,5,,,UT
Weber State,Professional Services,2019,West North Central,10,,,UT
Weber State,Professional Services,2019,West South Central,1,0,17,UT
Weber State,Professional Services,2019,West South Central,5,,,UT
Weber State,Professional Services,2019,West South Central,10,,,UT
Weber State,Public Admin,2010,East North Central,1,0,2,UT
Weber State,Public Admin,2010,East North Central,5,0,3,UT
Weber State,Public Admin,2010,East North Central,10,0,3,UT
Weber State,Public Admin,2010,East South Central,1,0,0,UT
Weber State,Public Admin,2010,East South Central,5,0,0,UT
Weber State,Public Admin,2010,East South Central,10,0,0,UT
Weber State,Public Admin,2010,Middle Atlantic,1,0,2,UT
Weber State,Public Admin,2010,Middle Atlantic,5,0,4,UT
Weber State,Public Admin,2010,Middle Atlantic,10,0,4,UT
Weber State,Public Admin,2010,Mountain,1,146,152,UT
Weber State,Public Admin,2010,Mountain,5,187,205,UT
Weber State,Public Admin,2010,Mountain,10,176,187,UT
Weber State,Public Admin,2010,New England,1,0,0,UT
Weber State,Public Admin,2010,New England,5,0,0,UT
Weber State,Public Admin,2010,New England,10,0,0,UT
Weber State,Public Admin,2010,Pacific,1,0,8,UT
Weber State,Public Admin,2010,Pacific,5,0,9,UT
Weber State,Public Admin,2010,Pacific,10,0,7,UT
Weber State,Public Admin,2010,South Atlantic,1,0,4,UT
Weber State,Public Admin,2010,South Atlantic,5,0,7,UT
Weber State,Public Admin,2010,South Atlantic,10,0,8,UT
Weber State,Public Admin,2010,West North Central,1,0,1,UT
Weber State,Public Admin,2010,West North Central,5,0,3,UT
Weber State,Public Admin,2010,West North Central,10,0,4,UT
Weber State,Public Admin,2010,West South Central,1,0,4,UT
Weber State,Public Admin,2010,West South Central,5,0,5,UT
Weber State,Public Admin,2010,West South Central,10,0,1,UT
Weber State,Public Admin,2013,East North Central,1,0,2,UT
Weber State,Public Admin,2013,East North Central,5,0,1,UT
Weber State,Public Admin,2013,East North Central,10,,,UT
Weber State,Public Admin,2013,East South Central,1,0,0,UT
Weber State,Public Admin,2013,East South Central,5,0,4,UT
Weber State,Public Admin,2013,East South Central,10,,,UT
Weber State,Public Admin,2013,Middle Atlantic,1,0,4,UT
Weber State,Public Admin,2013,Middle Atlantic,5,0,3,UT
Weber State,Public Admin,2013,Middle Atlantic,10,,,UT
Weber State,Public Admin,2013,Mountain,1,238,252,UT
Weber State,Public Admin,2013,Mountain,5,280,290,UT
Weber State,Public Admin,2013,Mountain,10,,,UT
Weber State,Public Admin,2013,New England,1,0,1,UT
Weber State,Public Admin,2013,New England,5,0,1,UT
Weber State,Public Admin,2013,New England,10,,,UT
Weber State,Public Admin,2013,Pacific,1,0,11,UT
Weber State,Public Admin,2013,Pacific,5,0,14,UT
Weber State,Public Admin,2013,Pacific,10,,,UT
Weber State,Public Admin,2013,South Atlantic,1,0,5,UT
Weber State,Public Admin,2013,South Atlantic,5,0,8,UT
Weber State,Public Admin,2013,South Atlantic,10,,,UT
Weber State,Public Admin,2013,West North Central,1,0,0,UT
Weber State,Public Admin,2013,West North Central,5,0,1,UT
Weber State,Public Admin,2013,West North Central,10,,,UT
Weber State,Public Admin,2013,West South Central,1,0,1,UT
Weber State,Public Admin,2013,West South Central,5,0,6,UT
Weber State,Public Admin,2013,West South Central,10,,,UT
Weber State,Public Admin,2016,East North Central,1,0,9,UT
Weber State,Public Admin,2016,East North Central,5,0,4,UT
Weber State,Public Admin,2016,East North Central,10,,,UT
Weber State,Public Admin,2016,East South Central,1,0,1,UT
Weber State,Public Admin,2016,East South Central,5,0,0,UT
Weber State,Public Admin,2016,East South Central,10,,,UT
Weber State,Public Admin,2016,Middle Atlantic,1,0,4,UT
Weber State,Public Admin,2016,Middle Atlantic,5,0,2,UT
Weber State,Public Admin,2016,Middle Atlantic,10,,,UT
Weber State,Public Admin,2016,Mountain,1,230,244,UT
Weber State,Public Admin,2016,Mountain,5,271,282,UT
Weber State,Public Admin,2016,Mountain,10,,,UT
Weber State,Public Admin,2016,New England,1,0,1,UT
Weber State,Public Admin,2016,New England,5,0,0,UT
Weber State,Public Admin,2016,New England,10,,,UT
Weber State,Public Admin,2016,Pacific,1,0,13,UT
Weber State,Public Admin,2016,Pacific,5,0,9,UT
Weber State,Public Admin,2016,Pacific,10,,,UT
Weber State,Public Admin,2016,South Atlantic,1,0,8,UT
Weber State,Public Admin,2016,South Atlantic,5,0,7,UT
Weber State,Public Admin,2016,South Atlantic,10,,,UT
Weber State,Public Admin,2016,West North Central,1,0,0,UT
Weber State,Public Admin,2016,West North Central,5,0,3,UT
Weber State,Public Admin,2016,West North Central,10,,,UT
Weber State,Public Admin,2016,West South Central,1,0,2,UT
Weber State,Public Admin,2016,West South Central,5,0,7,UT
Weber State,Public Admin,2016,West South Central,10,,,UT
Weber State,Public Admin,2019,East North Central,1,0,2,UT
Weber State,Public Admin,2019,East North Central,5,,,UT
Weber State,Public Admin,2019,East North Central,10,,,UT
Weber State,Public Admin,2019,East South Central,1,0,2,UT
Weber State,Public Admin,2019,East South Central,5,,,UT
Weber State,Public Admin,2019,East South Central,10,,,UT
Weber State,Public Admin,2019,Middle Atlantic,1,0,8,UT
Weber State,Public Admin,2019,Middle Atlantic,5,,,UT
Weber State,Public Admin,2019,Middle Atlantic,10,,,UT
Weber State,Public Admin,2019,Mountain,1,271,283,UT
Weber State,Public Admin,2019,Mountain,5,,,UT
Weber State,Public Admin,2019,Mountain,10,,,UT
Weber State,Public Admin,2019,New England,1,0,0,UT
Weber State,Public Admin,2019,New England,5,,,UT
Weber State,Public Admin,2019,New England,10,,,UT
Weber State,Public Admin,2019,Pacific,1,0,11,UT
Weber State,Public Admin,2019,Pacific,5,,,UT
Weber State,Public Admin,2019,Pacific,10,,,UT
Weber State,Public Admin,2019,South Atlantic,1,0,7,UT
Weber State,Public Admin,2019,South Atlantic,5,,,UT
Weber State,Public Admin,2019,South Atlantic,10,,,UT
Weber State,Public Admin,2019,West North Central,1,0,0,UT
Weber State,Public Admin,2019,West North Central,5,,,UT
Weber State,Public Admin,2019,West North Central,10,,,UT
Weber State,Public Admin,2019,West South Central,1,0,4,UT
Weber State,Public Admin,2019,West South Central,5,,,UT
Weber State,Public Admin,2019,West South Central,10,,,UT
Weber State,Real Estate,2010,East North Central,1,0,0,UT
Weber State,Real Estate,2010,East North Central,5,0,0,UT
Weber State,Real Estate,2010,East North Central,10,0,0,UT
Weber State,Real Estate,2010,East South Central,1,0,0,UT
Weber State,Real Estate,2010,East South Central,5,0,0,UT
Weber State,Real Estate,2010,East South Central,10,0,0,UT
Weber State,Real Estate,2010,Middle Atlantic,1,0,0,UT
Weber State,Real Estate,2010,Middle Atlantic,5,0,0,UT
Weber State,Real Estate,2010,Middle Atlantic,10,0,1,UT
Weber State,Real Estate,2010,Mountain,1,30,31,UT
Weber State,Real Estate,2010,Mountain,5,28,29,UT
Weber State,Real Estate,2010,Mountain,10,38,41,UT
Weber State,Real Estate,2010,New England,1,0,0,UT
Weber State,Real Estate,2010,New England,5,0,0,UT
Weber State,Real Estate,2010,New England,10,0,0,UT
Weber State,Real Estate,2010,Pacific,1,0,0,UT
Weber State,Real Estate,2010,Pacific,5,0,0,UT
Weber State,Real Estate,2010,Pacific,10,0,2,UT
Weber State,Real Estate,2010,South Atlantic,1,0,0,UT
Weber State,Real Estate,2010,South Atlantic,5,0,0,UT
Weber State,Real Estate,2010,South Atlantic,10,0,1,UT
Weber State,Real Estate,2010,West North Central,1,0,0,UT
Weber State,Real Estate,2010,West North Central,5,0,0,UT
Weber State,Real Estate,2010,West North Central,10,0,0,UT
Weber State,Real Estate,2010,West South Central,1,0,0,UT
Weber State,Real Estate,2010,West South Central,5,0,0,UT
Weber State,Real Estate,2010,West South Central,10,0,2,UT
Weber State,Real Estate,2013,East North Central,1,0,0,UT
Weber State,Real Estate,2013,East North Central,5,0,1,UT
Weber State,Real Estate,2013,East North Central,10,,,UT
Weber State,Real Estate,2013,East South Central,1,0,0,UT
Weber State,Real Estate,2013,East South Central,5,0,0,UT
Weber State,Real Estate,2013,East South Central,10,,,UT
Weber State,Real Estate,2013,Middle Atlantic,1,0,0,UT
Weber State,Real Estate,2013,Middle Atlantic,5,0,0,UT
Weber State,Real Estate,2013,Middle Atlantic,10,,,UT
Weber State,Real Estate,2013,Mountain,1,36,36,UT
Weber State,Real Estate,2013,Mountain,5,28,28,UT
Weber State,Real Estate,2013,Mountain,10,,,UT
Weber State,Real Estate,2013,New England,1,0,0,UT
Weber State,Real Estate,2013,New England,5,0,0,UT
Weber State,Real Estate,2013,New England,10,,,UT
Weber State,Real Estate,2013,Pacific,1,0,2,UT
Weber State,Real Estate,2013,Pacific,5,0,3,UT
Weber State,Real Estate,2013,Pacific,10,,,UT
Weber State,Real Estate,2013,South Atlantic,1,0,0,UT
Weber State,Real Estate,2013,South Atlantic,5,0,0,UT
Weber State,Real Estate,2013,South Atlantic,10,,,UT
Weber State,Real Estate,2013,West North Central,1,0,0,UT
Weber State,Real Estate,2013,West North Central,5,0,0,UT
Weber State,Real Estate,2013,West North Central,10,,,UT
Weber State,Real Estate,2013,West South Central,1,0,2,UT
Weber State,Real Estate,2013,West South Central,5,0,4,UT
Weber State,Real Estate,2013,West South Central,10,,,UT
Weber State,Real Estate,2016,East North Central,1,0,0,UT
Weber State,Real Estate,2016,East North Central,5,0,0,UT
Weber State,Real Estate,2016,East North Central,10,,,UT
Weber State,Real Estate,2016,East South Central,1,0,0,UT
Weber State,Real Estate,2016,East South Central,5,0,0,UT
Weber State,Real Estate,2016,East South Central,10,,,UT
Weber State,Real Estate,2016,Middle Atlantic,1,0,0,UT
Weber State,Real Estate,2016,Middle Atlantic,5,0,1,UT
Weber State,Real Estate,2016,Middle Atlantic,10,,,UT
Weber State,Real Estate,2016,Mountain,1,41,42,UT
Weber State,Real Estate,2016,Mountain,5,29,29,UT
Weber State,Real Estate,2016,Mountain,10,,,UT
Weber State,Real Estate,2016,New England,1,0,0,UT
Weber State,Real Estate,2016,New England,5,0,0,UT
Weber State,Real Estate,2016,New England,10,,,UT
Weber State,Real Estate,2016,Pacific,1,0,3,UT
Weber State,Real Estate,2016,Pacific,5,0,0,UT
Weber State,Real Estate,2016,Pacific,10,,,UT
Weber State,Real Estate,2016,South Atlantic,1,0,0,UT
Weber State,Real Estate,2016,South Atlantic,5,0,1,UT
Weber State,Real Estate,2016,South Atlantic,10,,,UT
Weber State,Real Estate,2016,West North Central,1,0,0,UT
Weber State,Real Estate,2016,West North Central,5,0,0,UT
Weber State,Real Estate,2016,West North Central,10,,,UT
Weber State,Real Estate,2016,West South Central,1,0,0,UT
Weber State,Real Estate,2016,West South Central,5,0,0,UT
Weber State,Real Estate,2016,West South Central,10,,,UT
Weber State,Real Estate,2019,East North Central,1,0,0,UT
Weber State,Real Estate,2019,East North Central,5,,,UT
Weber State,Real Estate,2019,East North Central,10,,,UT
Weber State,Real Estate,2019,East South Central,1,0,0,UT
Weber State,Real Estate,2019,East South Central,5,,,UT
Weber State,Real Estate,2019,East South Central,10,,,UT
Weber State,Real Estate,2019,Middle Atlantic,1,0,0,UT
Weber State,Real Estate,2019,Middle Atlantic,5,,,UT
Weber State,Real Estate,2019,Middle Atlantic,10,,,UT
Weber State,Real Estate,2019,Mountain,1,34,35,UT
Weber State,Real Estate,2019,Mountain,5,,,UT
Weber State,Real Estate,2019,Mountain,10,,,UT
Weber State,Real Estate,2019,New England,1,0,0,UT
Weber State,Real Estate,2019,New England,5,,,UT
Weber State,Real Estate,2019,New England,10,,,UT
Weber State,Real Estate,2019,Pacific,1,0,0,UT
Weber State,Real Estate,2019,Pacific,5,,,UT
Weber State,Real Estate,2019,Pacific,10,,,UT
Weber State,Real Estate,2019,South Atlantic,1,0,0,UT
Weber State,Real Estate,2019,South Atlantic,5,,,UT
Weber State,Real Estate,2019,South Atlantic,10,,,UT
Weber State,Real Estate,2019,West North Central,1,0,0,UT
Weber State,Real Estate,2019,West North Central,5,,,UT
Weber State,Real Estate,2019,West North Central,10,,,UT
Weber State,Real Estate,2019,West South Central,1,0,0,UT
Weber State,Real Estate,2019,West South Central,5,,,UT
Weber State,Real Estate,2019,West South Central,10,,,UT
Weber State,Retail,2010,East North Central,1,0,5,UT
Weber State,Retail,2010,East North Central,5,0,12,UT
Weber State,Retail,2010,East North Central,10,0,10,UT
Weber State,Retail,2010,East South Central,1,0,0,UT
Weber State,Retail,2010,East South Central,5,0,4,UT
Weber State,Retail,2010,East South Central,10,0,5,UT
Weber State,Retail,2010,Middle Atlantic,1,0,4,UT
Weber State,Retail,2010,Middle Atlantic,5,0,6,UT
Weber State,Retail,2010,Middle Atlantic,10,0,6,UT
Weber State,Retail,2010,Mountain,1,225,234,UT
Weber State,Retail,2010,Mountain,5,143,155,UT
Weber State,Retail,2010,Mountain,10,105,120,UT
Weber State,Retail,2010,New England,1,0,2,UT
Weber State,Retail,2010,New England,5,0,4,UT
Weber State,Retail,2010,New England,10,0,2,UT
Weber State,Retail,2010,Pacific,1,0,4,UT
Weber State,Retail,2010,Pacific,5,0,10,UT
Weber State,Retail,2010,Pacific,10,0,17,UT
Weber State,Retail,2010,South Atlantic,1,0,14,UT
Weber State,Retail,2010,South Atlantic,5,0,6,UT
Weber State,Retail,2010,South Atlantic,10,0,12,UT
Weber State,Retail,2010,West North Central,1,0,5,UT
Weber State,Retail,2010,West North Central,5,0,3,UT
Weber State,Retail,2010,West North Central,10,0,10,UT
Weber State,Retail,2010,West South Central,1,0,9,UT
Weber State,Retail,2010,West South Central,5,0,7,UT
Weber State,Retail,2010,West South Central,10,0,9,UT
Weber State,Retail,2013,East North Central,1,0,14,UT
Weber State,Retail,2013,East North Central,5,0,4,UT
Weber State,Retail,2013,East North Central,10,,,UT
Weber State,Retail,2013,East South Central,1,0,0,UT
Weber State,Retail,2013,East South Central,5,0,1,UT
Weber State,Retail,2013,East South Central,10,,,UT
Weber State,Retail,2013,Middle Atlantic,1,0,8,UT
Weber State,Retail,2013,Middle Atlantic,5,0,7,UT
Weber State,Retail,2013,Middle Atlantic,10,,,UT
Weber State,Retail,2013,Mountain,1,243,257,UT
Weber State,Retail,2013,Mountain,5,174,190,UT
Weber State,Retail,2013,Mountain,10,,,UT
Weber State,Retail,2013,New England,1,0,1,UT
Weber State,Retail,2013,New England,5,0,1,UT
Weber State,Retail,2013,New England,10,,,UT
Weber State,Retail,2013,Pacific,1,0,10,UT
Weber State,Retail,2013,Pacific,5,0,12,UT
Weber State,Retail,2013,Pacific,10,,,UT
Weber State,Retail,2013,South Atlantic,1,0,11,UT
Weber State,Retail,2013,South Atlantic,5,0,7,UT
Weber State,Retail,2013,South Atlantic,10,,,UT
Weber State,Retail,2013,West North Central,1,0,0,UT
Weber State,Retail,2013,West North Central,5,0,6,UT
Weber State,Retail,2013,West North Central,10,,,UT
Weber State,Retail,2013,West South Central,1,0,8,UT
Weber State,Retail,2013,West South Central,5,0,6,UT
Weber State,Retail,2013,West South Central,10,,,UT
Weber State,Retail,2016,East North Central,1,0,13,UT
Weber State,Retail,2016,East North Central,5,0,4,UT
Weber State,Retail,2016,East North Central,10,,,UT
Weber State,Retail,2016,East South Central,1,0,1,UT
Weber State,Retail,2016,East South Central,5,0,1,UT
Weber State,Retail,2016,East South Central,10,,,UT
Weber State,Retail,2016,Middle Atlantic,1,0,5,UT
Weber State,Retail,2016,Middle Atlantic,5,0,2,UT
Weber State,Retail,2016,Middle Atlantic,10,,,UT
Weber State,Retail,2016,Mountain,1,237,253,UT
Weber State,Retail,2016,Mountain,5,153,160,UT
Weber State,Retail,2016,Mountain,10,,,UT
Weber State,Retail,2016,New England,1,0,2,UT
Weber State,Retail,2016,New England,5,0,1,UT
Weber State,Retail,2016,New England,10,,,UT
Weber State,Retail,2016,Pacific,1,0,9,UT
Weber State,Retail,2016,Pacific,5,0,20,UT
Weber State,Retail,2016,Pacific,10,,,UT
Weber State,Retail,2016,South Atlantic,1,0,12,UT
Weber State,Retail,2016,South Atlantic,5,0,8,UT
Weber State,Retail,2016,South Atlantic,10,,,UT
Weber State,Retail,2016,West North Central,1,0,5,UT
Weber State,Retail,2016,West North Central,5,0,6,UT
Weber State,Retail,2016,West North Central,10,,,UT
Weber State,Retail,2016,West South Central,1,0,7,UT
Weber State,Retail,2016,West South Central,5,0,10,UT
Weber State,Retail,2016,West South Central,10,,,UT
Weber State,Retail,2019,East North Central,1,0,12,UT
Weber State,Retail,2019,East North Central,5,,,UT
Weber State,Retail,2019,East North Central,10,,,UT
Weber State,Retail,2019,East South Central,1,0,3,UT
Weber State,Retail,2019,East South Central,5,,,UT
Weber State,Retail,2019,East South Central,10,,,UT
Weber State,Retail,2019,Middle Atlantic,1,0,8,UT
Weber State,Retail,2019,Middle Atlantic,5,,,UT
Weber State,Retail,2019,Middle Atlantic,10,,,UT
Weber State,Retail,2019,Mountain,1,303,320,UT
Weber State,Retail,2019,Mountain,5,,,UT
Weber State,Retail,2019,Mountain,10,,,UT
Weber State,Retail,2019,New England,1,0,1,UT
Weber State,Retail,2019,New England,5,,,UT
Weber State,Retail,2019,New England,10,,,UT
Weber State,Retail,2019,Pacific,1,0,7,UT
Weber State,Retail,2019,Pacific,5,,,UT
Weber State,Retail,2019,Pacific,10,,,UT
Weber State,Retail,2019,South Atlantic,1,0,13,UT
Weber State,Retail,2019,South Atlantic,5,,,UT
Weber State,Retail,2019,South Atlantic,10,,,UT
Weber State,Retail,2019,West North Central,1,0,6,UT
Weber State,Retail,2019,West North Central,5,,,UT
Weber State,Retail,2019,West North Central,10,,,UT
Weber State,Retail,2019,West South Central,1,0,5,UT
Weber State,Retail,2019,West South Central,5,,,UT
Weber State,Retail,2019,West South Central,10,,,UT
Weber State,Transportation,2010,East North Central,1,0,2,UT
Weber State,Transportation,2010,East North Central,5,0,1,UT
Weber State,Transportation,2010,East North Central,10,0,1,UT
Weber State,Transportation,2010,East South Central,1,0,0,UT
Weber State,Transportation,2010,East South Central,5,0,2,UT
Weber State,Transportation,2010,East South Central,10,0,1,UT
Weber State,Transportation,2010,Middle Atlantic,1,0,0,UT
Weber State,Transportation,2010,Middle Atlantic,5,0,1,UT
Weber State,Transportation,2010,Middle Atlantic,10,0,0,UT
Weber State,Transportation,2010,Mountain,1,60,63,UT
Weber State,Transportation,2010,Mountain,5,71,77,UT
Weber State,Transportation,2010,Mountain,10,64,68,UT
Weber State,Transportation,2010,New England,1,0,0,UT
Weber State,Transportation,2010,New England,5,0,0,UT
Weber State,Transportation,2010,New England,10,0,0,UT
Weber State,Transportation,2010,Pacific,1,0,7,UT
Weber State,Transportation,2010,Pacific,5,0,5,UT
Weber State,Transportation,2010,Pacific,10,0,13,UT
Weber State,Transportation,2010,South Atlantic,1,0,1,UT
Weber State,Transportation,2010,South Atlantic,5,0,4,UT
Weber State,Transportation,2010,South Atlantic,10,0,0,UT
Weber State,Transportation,2010,West North Central,1,0,0,UT
Weber State,Transportation,2010,West North Central,5,0,0,UT
Weber State,Transportation,2010,West North Central,10,0,2,UT
Weber State,Transportation,2010,West South Central,1,0,5,UT
Weber State,Transportation,2010,West South Central,5,0,8,UT
Weber State,Transportation,2010,West South Central,10,0,3,UT
Weber State,Transportation,2013,East North Central,1,0,0,UT
Weber State,Transportation,2013,East North Central,5,0,1,UT
Weber State,Transportation,2013,East North Central,10,,,UT
Weber State,Transportation,2013,East South Central,1,0,1,UT
Weber State,Transportation,2013,East South Central,5,0,0,UT
Weber State,Transportation,2013,East South Central,10,,,UT
Weber State,Transportation,2013,Middle Atlantic,1,0,1,UT
Weber State,Transportation,2013,Middle Atlantic,5,0,0,UT
Weber State,Transportation,2013,Middle Atlantic,10,,,UT
Weber State,Transportation,2013,Mountain,1,78,84,UT
Weber State,Transportation,2013,Mountain,5,78,78,UT
Weber State,Transportation,2013,Mountain,10,,,UT
Weber State,Transportation,2013,New England,1,0,0,UT
Weber State,Transportation,2013,New England,5,0,0,UT
Weber State,Transportation,2013,New England,10,,,UT
Weber State,Transportation,2013,Pacific,1,0,6,UT
Weber State,Transportation,2013,Pacific,5,0,5,UT
Weber State,Transportation,2013,Pacific,10,,,UT
Weber State,Transportation,2013,South Atlantic,1,0,1,UT
Weber State,Transportation,2013,South Atlantic,5,0,0,UT
Weber State,Transportation,2013,South Atlantic,10,,,UT
Weber State,Transportation,2013,West North Central,1,0,1,UT
Weber State,Transportation,2013,West North Central,5,0,0,UT
Weber State,Transportation,2013,West North Central,10,,,UT
Weber State,Transportation,2013,West South Central,1,0,3,UT
Weber State,Transportation,2013,West South Central,5,0,1,UT
Weber State,Transportation,2013,West South Central,10,,,UT
Weber State,Transportation,2016,East North Central,1,0,2,UT
Weber State,Transportation,2016,East North Central,5,0,4,UT
Weber State,Transportation,2016,East North Central,10,,,UT
Weber State,Transportation,2016,East South Central,1,0,0,UT
Weber State,Transportation,2016,East South Central,5,0,0,UT
Weber State,Transportation,2016,East South Central,10,,,UT
Weber State,Transportation,2016,Middle Atlantic,1,0,9,UT
Weber State,Transportation,2016,Middle Atlantic,5,0,3,UT
Weber State,Transportation,2016,Middle Atlantic,10,,,UT
Weber State,Transportation,2016,Mountain,1,89,99,UT
Weber State,Transportation,2016,Mountain,5,78,80,UT
Weber State,Transportation,2016,Mountain,10,,,UT
Weber State,Transportation,2016,New England,1,0,0,UT
Weber State,Transportation,2016,New England,5,0,0,UT
Weber State,Transportation,2016,New England,10,,,UT
Weber State,Transportation,2016,Pacific,1,0,5,UT
Weber State,Transportation,2016,Pacific,5,0,9,UT
Weber State,Transportation,2016,Pacific,10,,,UT
Weber State,Transportation,2016,South Atlantic,1,0,3,UT
Weber State,Transportation,2016,South Atlantic,5,0,1,UT
Weber State,Transportation,2016,South Atlantic,10,,,UT
Weber State,Transportation,2016,West North Central,1,0,0,UT
Weber State,Transportation,2016,West North Central,5,0,0,UT
Weber State,Transportation,2016,West North Central,10,,,UT
Weber State,Transportation,2016,West South Central,1,0,3,UT
Weber State,Transportation,2016,West South Central,5,0,5,UT
Weber State,Transportation,2016,West South Central,10,,,UT
Weber State,Transportation,2019,East North Central,1,0,2,UT
Weber State,Transportation,2019,East North Central,5,,,UT
Weber State,Transportation,2019,East North Central,10,,,UT
Weber State,Transportation,2019,East South Central,1,0,0,UT
Weber State,Transportation,2019,East South Central,5,,,UT
Weber State,Transportation,2019,East South Central,10,,,UT
Weber State,Transportation,2019,Middle Atlantic,1,0,1,UT
Weber State,Transportation,2019,Middle Atlantic,5,,,UT
Weber State,Transportation,2019,Middle Atlantic,10,,,UT
Weber State,Transportation,2019,Mountain,1,89,93,UT
Weber State,Transportation,2019,Mountain,5,,,UT
Weber State,Transportation,2019,Mountain,10,,,UT
Weber State,Transportation,2019,New England,1,0,0,UT
Weber State,Transportation,2019,New England,5,,,UT
Weber State,Transportation,2019,New England,10,,,UT
Weber State,Transportation,2019,Pacific,1,0,4,UT
Weber State,Transportation,2019,Pacific,5,,,UT
Weber State,Transportation,2019,Pacific,10,,,UT
Weber State,Transportation,2019,South Atlantic,1,0,3,UT
Weber State,Transportation,2019,South Atlantic,5,,,UT
Weber State,Transportation,2019,South Atlantic,10,,,UT
Weber State,Transportation,2019,West North Central,1,0,0,UT
Weber State,Transportation,2019,West North Central,5,,,UT
Weber State,Transportation,2019,West North Central,10,,,UT
Weber State,Transportation,2019,West South Central,1,0,6,UT
Weber State,Transportation,2019,West South Central,5,,,UT
Weber State,Transportation,2019,West South Central,10,,,UT
Weber State,Utilities,2010,East North Central,1,0,0,UT
Weber State,Utilities,2010,East North Central,5,0,0,UT
Weber State,Utilities,2010,East North Central,10,0,0,UT
Weber State,Utilities,2010,East South Central,1,0,0,UT
Weber State,Utilities,2010,East South Central,5,0,0,UT
Weber State,Utilities,2010,East South Central,10,0,0,UT
Weber State,Utilities,2010,Middle Atlantic,1,0,0,UT
Weber State,Utilities,2010,Middle Atlantic,5,0,0,UT
Weber State,Utilities,2010,Middle Atlantic,10,0,0,UT
Weber State,Utilities,2010,Mountain,1,4,5,UT
Weber State,Utilities,2010,Mountain,5,5,6,UT
Weber State,Utilities,2010,Mountain,10,4,4,UT
Weber State,Utilities,2010,New England,1,0,0,UT
Weber State,Utilities,2010,New England,5,0,0,UT
Weber State,Utilities,2010,New England,10,0,0,UT
Weber State,Utilities,2010,Pacific,1,0,0,UT
Weber State,Utilities,2010,Pacific,5,0,7,UT
Weber State,Utilities,2010,Pacific,10,0,1,UT
Weber State,Utilities,2010,South Atlantic,1,0,0,UT
Weber State,Utilities,2010,South Atlantic,5,0,0,UT
Weber State,Utilities,2010,South Atlantic,10,0,0,UT
Weber State,Utilities,2010,West North Central,1,0,0,UT
Weber State,Utilities,2010,West North Central,5,0,0,UT
Weber State,Utilities,2010,West North Central,10,0,0,UT
Weber State,Utilities,2010,West South Central,1,0,3,UT
Weber State,Utilities,2010,West South Central,5,0,0,UT
Weber State,Utilities,2010,West South Central,10,0,0,UT
Weber State,Utilities,2013,East North Central,1,0,0,UT
Weber State,Utilities,2013,East North Central,5,0,0,UT
Weber State,Utilities,2013,East North Central,10,,,UT
Weber State,Utilities,2013,East South Central,1,0,0,UT
Weber State,Utilities,2013,East South Central,5,0,0,UT
Weber State,Utilities,2013,East South Central,10,,,UT
Weber State,Utilities,2013,Middle Atlantic,1,0,0,UT
Weber State,Utilities,2013,Middle Atlantic,5,0,0,UT
Weber State,Utilities,2013,Middle Atlantic,10,,,UT
Weber State,Utilities,2013,Mountain,1,4,6,UT
Weber State,Utilities,2013,Mountain,5,4,5,UT
Weber State,Utilities,2013,Mountain,10,,,UT
Weber State,Utilities,2013,New England,1,0,0,UT
Weber State,Utilities,2013,New England,5,0,0,UT
Weber State,Utilities,2013,New England,10,,,UT
Weber State,Utilities,2013,Pacific,1,0,1,UT
Weber State,Utilities,2013,Pacific,5,0,0,UT
Weber State,Utilities,2013,Pacific,10,,,UT
Weber State,Utilities,2013,South Atlantic,1,0,0,UT
Weber State,Utilities,2013,South Atlantic,5,0,0,UT
Weber State,Utilities,2013,South Atlantic,10,,,UT
Weber State,Utilities,2013,West North Central,1,0,0,UT
Weber State,Utilities,2013,West North Central,5,0,0,UT
Weber State,Utilities,2013,West North Central,10,,,UT
Weber State,Utilities,2013,West South Central,1,0,0,UT
Weber State,Utilities,2013,West South Central,5,0,0,UT
Weber State,Utilities,2013,West South Central,10,,,UT
Weber State,Utilities,2016,East North Central,1,0,0,UT
Weber State,Utilities,2016,East North Central,5,0,0,UT
Weber State,Utilities,2016,East North Central,10,,,UT
Weber State,Utilities,2016,East South Central,1,0,0,UT
Weber State,Utilities,2016,East South Central,5,0,0,UT
Weber State,Utilities,2016,East South Central,10,,,UT
Weber State,Utilities,2016,Middle Atlantic,1,0,0,UT
Weber State,Utilities,2016,Middle Atlantic,5,0,0,UT
Weber State,Utilities,2016,Middle Atlantic,10,,,UT
Weber State,Utilities,2016,Mountain,1,7,7,UT
Weber State,Utilities,2016,Mountain,5,5,5,UT
Weber State,Utilities,2016,Mountain,10,,,UT
Weber State,Utilities,2016,New England,1,0,0,UT
Weber State,Utilities,2016,New England,5,0,0,UT
Weber State,Utilities,2016,New England,10,,,UT
Weber State,Utilities,2016,Pacific,1,0,0,UT
Weber State,Utilities,2016,Pacific,5,0,4,UT
Weber State,Utilities,2016,Pacific,10,,,UT
Weber State,Utilities,2016,South Atlantic,1,0,0,UT
Weber State,Utilities,2016,South Atlantic,5,0,0,UT
Weber State,Utilities,2016,South Atlantic,10,,,UT
Weber State,Utilities,2016,West North Central,1,0,0,UT
Weber State,Utilities,2016,West North Central,5,0,0,UT
Weber State,Utilities,2016,West North Central,10,,,UT
Weber State,Utilities,2016,West South Central,1,0,1,UT
Weber State,Utilities,2016,West South Central,5,0,0,UT
Weber State,Utilities,2016,West South Central,10,,,UT
Weber State,Utilities,2019,East North Central,1,0,0,UT
Weber State,Utilities,2019,East North Central,5,,,UT
Weber State,Utilities,2019,East North Central,10,,,UT
Weber State,Utilities,2019,East South Central,1,0,0,UT
Weber State,Utilities,2019,East South Central,5,,,UT
Weber State,Utilities,2019,East South Central,10,,,UT
Weber State,Utilities,2019,Middle Atlantic,1,0,0,UT
Weber State,Utilities,2019,Middle Atlantic,5,,,UT
Weber State,Utilities,2019,Middle Atlantic,10,,,UT
Weber State,Utilities,2019,Mountain,1,9,9,UT
Weber State,Utilities,2019,Mountain,5,,,UT
Weber State,Utilities,2019,Mountain,10,,,UT
Weber State,Utilities,2019,New England,1,0,0,UT
Weber State,Utilities,2019,New England,5,,,UT
Weber State,Utilities,2019,New England,10,,,UT
Weber State,Utilities,2019,Pacific,1,0,2,UT
Weber State,Utilities,2019,Pacific,5,,,UT
Weber State,Utilities,2019,Pacific,10,,,UT
Weber State,Utilities,2019,South Atlantic,1,0,0,UT
Weber State,Utilities,2019,South Atlantic,5,,,UT
Weber State,Utilities,2019,South Atlantic,10,,,UT
Weber State,Utilities,2019,West North Central,1,0,0,UT
Weber State,Utilities,2019,West North Central,5,,,UT
Weber State,Utilities,2019,West North Central,10,,,UT
Weber State,Utilities,2019,West South Central,1,0,0,UT
Weber State,Utilities,2019,West South Central,5,,,UT
Weber State,Utilities,2019,West South Central,10,,,UT
Weber State,Wholesale,2010,East North Central,1,0,1,UT
Weber State,Wholesale,2010,East North Central,5,0,4,UT
Weber State,Wholesale,2010,East North Central,10,0,9,UT
Weber State,Wholesale,2010,East South Central,1,0,0,UT
Weber State,Wholesale,2010,East South Central,5,0,0,UT
Weber State,Wholesale,2010,East South Central,10,0,0,UT
Weber State,Wholesale,2010,Middle Atlantic,1,0,0,UT
Weber State,Wholesale,2010,Middle Atlantic,5,0,0,UT
Weber State,Wholesale,2010,Middle Atlantic,10,0,5,UT
Weber State,Wholesale,2010,Mountain,1,85,91,UT
Weber State,Wholesale,2010,Mountain,5,103,113,UT
Weber State,Wholesale,2010,Mountain,10,108,114,UT
Weber State,Wholesale,2010,New England,1,0,0,UT
Weber State,Wholesale,2010,New England,5,0,0,UT
Weber State,Wholesale,2010,New England,10,0,0,UT
Weber State,Wholesale,2010,Pacific,1,0,4,UT
Weber State,Wholesale,2010,Pacific,5,0,11,UT
Weber State,Wholesale,2010,Pacific,10,0,11,UT
Weber State,Wholesale,2010,South Atlantic,1,0,0,UT
Weber State,Wholesale,2010,South Atlantic,5,0,2,UT
Weber State,Wholesale,2010,South Atlantic,10,0,6,UT
Weber State,Wholesale,2010,West North Central,1,0,0,UT
Weber State,Wholesale,2010,West North Central,5,0,0,UT
Weber State,Wholesale,2010,West North Central,10,0,0,UT
Weber State,Wholesale,2010,West South Central,1,0,3,UT
Weber State,Wholesale,2010,West South Central,5,0,4,UT
Weber State,Wholesale,2010,West South Central,10,0,7,UT
Weber State,Wholesale,2013,East North Central,1,0,4,UT
Weber State,Wholesale,2013,East North Central,5,0,2,UT
Weber State,Wholesale,2013,East North Central,10,,,UT
Weber State,Wholesale,2013,East South Central,1,0,0,UT
Weber State,Wholesale,2013,East South Central,5,0,0,UT
Weber State,Wholesale,2013,East South Central,10,,,UT
Weber State,Wholesale,2013,Middle Atlantic,1,0,1,UT
Weber State,Wholesale,2013,Middle Atlantic,5,0,0,UT
Weber State,Wholesale,2013,Middle Atlantic,10,,,UT
Weber State,Wholesale,2013,Mountain,1,127,128,UT
Weber State,Wholesale,2013,Mountain,5,101,104,UT
Weber State,Wholesale,2013,Mountain,10,,,UT
Weber State,Wholesale,2013,New England,1,0,0,UT
Weber State,Wholesale,2013,New England,5,0,0,UT
Weber State,Wholesale,2013,New England,10,,,UT
Weber State,Wholesale,2013,Pacific,1,0,7,UT
Weber State,Wholesale,2013,Pacific,5,0,5,UT
Weber State,Wholesale,2013,Pacific,10,,,UT
Weber State,Wholesale,2013,South Atlantic,1,0,2,UT
Weber State,Wholesale,2013,South Atlantic,5,0,1,UT
Weber State,Wholesale,2013,South Atlantic,10,,,UT
Weber State,Wholesale,2013,West North Central,1,0,0,UT
Weber State,Wholesale,2013,West North Central,5,0,0,UT
Weber State,Wholesale,2013,West North Central,10,,,UT
Weber State,Wholesale,2013,West South Central,1,0,4,UT
Weber State,Wholesale,2013,West South Central,5,0,2,UT
Weber State,Wholesale,2013,West South Central,10,,,UT
Weber State,Wholesale,2016,East North Central,1,0,2,UT
Weber State,Wholesale,2016,East North Central,5,0,2,UT
Weber State,Wholesale,2016,East North Central,10,,,UT
Weber State,Wholesale,2016,East South Central,1,0,1,UT
Weber State,Wholesale,2016,East South Central,5,0,0,UT
Weber State,Wholesale,2016,East South Central,10,,,UT
Weber State,Wholesale,2016,Middle Atlantic,1,0,0,UT
Weber State,Wholesale,2016,Middle Atlantic,5,0,0,UT
Weber State,Wholesale,2016,Middle Atlantic,10,,,UT
Weber State,Wholesale,2016,Mountain,1,123,135,UT
Weber State,Wholesale,2016,Mountain,5,122,128,UT
Weber State,Wholesale,2016,Mountain,10,,,UT
Weber State,Wholesale,2016,New England,1,0,0,UT
Weber State,Wholesale,2016,New England,5,0,0,UT
Weber State,Wholesale,2016,New England,10,,,UT
Weber State,Wholesale,2016,Pacific,1,0,11,UT
Weber State,Wholesale,2016,Pacific,5,0,7,UT
Weber State,Wholesale,2016,Pacific,10,,,UT
Weber State,Wholesale,2016,South Atlantic,1,0,4,UT
Weber State,Wholesale,2016,South Atlantic,5,0,0,UT
Weber State,Wholesale,2016,South Atlantic,10,,,UT
Weber State,Wholesale,2016,West North Central,1,0,1,UT
Weber State,Wholesale,2016,West North Central,5,0,0,UT
Weber State,Wholesale,2016,West North Central,10,,,UT
Weber State,Wholesale,2016,West South Central,1,0,3,UT
Weber State,Wholesale,2016,West South Central,5,0,7,UT
Weber State,Wholesale,2016,West South Central,10,,,UT
Weber State,Wholesale,2019,East North Central,1,0,4,UT
Weber State,Wholesale,2019,East North Central,5,,,UT
Weber State,Wholesale,2019,East North Central,10,,,UT
Weber State,Wholesale,2019,East South Central,1,0,0,UT
Weber State,Wholesale,2019,East South Central,5,,,UT
Weber State,Wholesale,2019,East South Central,10,,,UT
Weber State,Wholesale,2019,Middle Atlantic,1,0,1,UT
Weber State,Wholesale,2019,Middle Atlantic,5,,,UT
Weber State,Wholesale,2019,Middle Atlantic,10,,,UT
Weber State,Wholesale,2019,Mountain,1,111,115,UT
Weber State,Wholesale,2019,Mountain,5,,,UT
Weber State,Wholesale,2019,Mountain,10,,,UT
Weber State,Wholesale,2019,New England,1,0,0,UT
Weber State,Wholesale,2019,New England,5,,,UT
Weber State,Wholesale,2019,New England,10,,,UT
Weber State,Wholesale,2019,Pacific,1,0,6,UT
Weber State,Wholesale,2019,Pacific,5,,,UT
Weber State,Wholesale,2019,Pacific,10,,,UT
Weber State,Wholesale,2019,South Atlantic,1,0,2,UT
Weber State,Wholesale,2019,South Atlantic,5,,,UT
Weber State,Wholesale,2019,South Atlantic,10,,,UT
Weber State,Wholesale,2019,West North Central,1,0,0,UT
Weber State,Wholesale,2019,West North Central,5,,,UT
Weber State,Wholesale,2019,West North Central,10,,,UT
Weber State,Wholesale,2019,West South Central,1,0,3,UT
Weber State,Wholesale,2019,West South Central,5,,,UT
Weber State,Wholesale,2019,West South Central,10,,,UT
